,Unnamed: 0.1,Unnamed: 0,item,decomposition,radical
0,0,0,丩,丩,丨
1,1,1,丬,丬,丨
2,2,2,丫,⿱丷丨,丨
3,3,3,丰,⿻⿱一⿱一一丨,丨
4,4,4,丯,⿻彡丨,丨
5,5,5,丮,⿹⺄&CDP-8BF1;,丨
6,6,6,中,⿻口丨,丨
7,7,7,丱,丱,丨
8,8,8,卡,⿱⿱⺊一卜,丨
9,9,9,串,⿻⿱口口丨,丨
10,10,10,丳,⿻⿱口口&CDP-8BF5;,丨
11,11,11,卥,⿱⺊⿴囗&CDP-89D5;,丨
12,12,12,临,⿰⿰丨丨⿱&CDP-89BC;⿴囗丨,丨
13,13,13,亅,亅,亅
14,14,14,亊,亊,亅
15,15,15,事,事,亅
16,16,16,丢,⿱丿⿱⿱十一厶,丿
17,17,17,乇,⿱丿⿻㇀乚,丿
18,18,18,丸,⿻九丶,丿
19,19,19,乓,⿱丘丶,丿
20,20,20,乒,⿱丘丿,丿
21,21,21,乔,⿱⿱丿⿻一人&CDP-8BF5;,丿
22,22,22,乑,乑,丿
23,23,23,丿,丿,丿
24,24,24,乀,乀,丿
25,25,25,九,九,丿
26,26,26,乃,⿹𠄎丿,丿
27,27,27,乄,乄,丿
28,28,28,乂,⿻丿乀,丿
29,29,29,乁,乁,丿
30,30,30,乊,⿱丿丷,丿
31,31,31,久,久,丿
32,32,32,乆,⿰⿰𠃋丿乀,丿
33,33,33,么,⿱丿厶,丿
34,34,34,亇,⿱𠂊亅,丿
35,35,35,丹,丹,丿
36,36,36,乏,⿱丿⿱丶&CDP-8661;,丿
37,37,37,乌,⿹&CDP-89DE;一,丿
38,38,38,册,册,丿
39,39,39,玍,⿸丿⿱一⿱十一,丿
40,40,40,乎,乎,丿
41,41,41,乐,乐,丿
42,42,42,丘,丘,丿
43,43,43,乍,乍,丿
44,44,44,乕,⿸𠂆&CDP-89ED;,丿
45,45,45,乖,⿻⿱丿十⿰&CDP-8BC5;⿺乚丿,丿
46,46,46,乗,乗,丿
47,47,47,鳬,⿹&CDP-8CBB;几,丿
48,48,48,乘,⿻⿱丿木⿰&CDP-8BC5;⿺乚丿,丿
49,49,49,丞,⿱⿱乛⿲㇇亅&CDP-85BF;一,一
50,50,50,丟,⿱⿱一⿱十一厶,一
51,51,51,両,⿱一&CDP-8564;,一
52,52,52,丙,⿱一⿻冂人,一
53,53,53,丠,⿱⿰&CDP-8BC5;⿺乚丿一,一
54,54,54,襾,襾,一
55,55,55,一,一,一
56,56,56,丁,⿱一亅,一
57,57,57,丂,⿱一㇉,一
58,58,58,丆,⿱一丿,一
59,59,59,七,⿻㇀乚,一
60,60,60,丄,⿱丨一,一
61,61,61,丅,⿱一丨,一
62,62,62,万,⿱一&CDP-8B6C;,一
63,63,63,丌,⿱一&CDP-8BF5;,一
64,64,64,上,⿱⺊一,一
65,65,65,三,⿱一⿱一一,一
66,66,66,下,⿱一卜,一
67,67,67,与,⿹&CDP-8BBF;一,一
68,68,68,丈,丈,一
69,69,69,不,⿱一&CDP-8665;,一
70,70,70,丑,丑,一
71,71,71,丒,⿱⿹⿹𠃌丿丿一,一
72,72,72,丐,丐,一
73,73,73,丏,丏,一
74,74,74,无,⿱一尢,一
75,75,75,专,专,一
76,76,76,丛,⿱⿰人人一,一
77,77,77,东,东,一
78,78,78,且,且,一
79,79,79,丕,⿱⿱一&CDP-8665;一,一
80,80,80,世,世,一
81,81,81,丗,⿻廿丨,一
82,82,82,丝,⿱⿰&CDP-895C;&CDP-895C;一,一
83,83,83,业,⿱&CDP-85F0;一,一
84,84,84,两,⿱一&CDP-854B;,一
85,85,85,丽,⿱一⿰⿵冂丶⿵冂丶,一
86,86,86,严,⿳一&CDP-85F0;厂,一
87,87,87,丣,丣,一
88,88,88,並,⿱⿱丷一⿱&CDP-85F0;一,一
89,89,89,兩,⿱一&CDP-8C62;,一
90,90,90,丧,⿱&CDP-8A65;&CDP-8CC6;,一
91,91,91,乩,⿰⿱⺊口乚,乙
92,92,92,乫,⿱⿰⿻丿𠃌口乙,乙
93,93,93,乥,⿱⿱丿丷乙,乙
94,94,94,乮,⿱⿰𠂎卩乙,乙
95,95,95,买,⿱乛头,乙
96,96,96,乪,⿺乙田,乙
97,97,97,乯,⿱乎乙,乙
98,98,98,乭,⿱⿸⿱一丿口乙,乙
99,99,99,乛,乛,乙
100,100,100,乙,乙,乙
101,101,101,了,⿱乛亅,乙
102,102,102,乜,乜,乙
103,103,103,乞,⿱𠂉乙,乙
104,104,104,乡,乡,乙
105,105,105,习,⿹𠃌冫,乙
106,106,106,也,也,乙
107,107,107,乤,⿱⿱一卜乙,乙
108,108,108,书,书,乙
109,109,109,予,⿱龴⿱乛亅,乙
110,110,110,乧,⿱斗乙,乙
111,111,111,乬,⿱巨乙,乙
112,112,112,乲,⿱⿰冫欠乙,乙
113,113,113,乱,⿰⿱⿱丿十口乚,乙
114,114,114,乸,⿺也母,乙
115,115,115,乶,⿱⿺&CDP-86B7;丶乙,乙
116,116,116,乷,⿱⿰氵⿱小丿乙,乙
117,117,117,乴,⿱⿰扌⿸𠂆⿱一丨乙,乙
118,118,118,乽,⿱⿸耂日乙,乙
119,119,119,乼,⿱⿰氵⿱⿱丶一⿱十一乙,乙
120,120,120,乺,⿱⿰⿱丿尸⿸𠂆⿱一丨乙,乙
121,121,121,乻,⿱⿰⿱⿱丶一&CDP-8B6C;⿱人⿱丶丶乙,乙
122,122,122,乾,⿰⿱十⿱日十⿱𠂉乙,乙
123,123,123,乨,⿰⿱厶口乚,乚
124,124,124,乚,乚,乚
125,125,125,乢,⿰山乚,乚
126,126,126,乣,⿰⿰&CDP-895C;丶乚,乚
127,127,127,乳,⿰⿱⿱丿𭕄子乚,乚
128,128,128,乵,⿰⿱⿱&CDP-8BAE;一十乚,乚
129,129,129,乹,⿰⿱十⿱日十乚,乚
130,130,130,乿,⿰⿱⿱丿𭕄⿱⿰&CDP-895C;丶小乚,乚
131,131,131,亂,⿰⿳⿱丿𭕄龴⿵冂⿱厶又乚,乚
132,132,132,亃,⿰⿱米⿰⿴𠂊丶㐄乚,乚
133,133,133,亄,⿰⿳⿱十一冖豆乚,乚
134,134,134,屰,⿱⿱丷一⿻凵丨,丶
135,135,135,丶,丶,丶
136,136,136,丷,丷,丶
137,137,137,义,⿶⿻丿乀丶,丶
138,138,138,之,⿱丶&CDP-8661;,丶
139,139,139,为,为,丶
140,140,140,丼,⿴井丶,丶
141,141,141,主,⿱⿱丶一⿱十一,丶
142,142,142,鼡,⿱𭕄⿵几&CDP-8BF1;,丶
143,143,143,举,⿱⿳𭕄一八&CDP-8BF1;,丶
144,144,144,共,⿱⿱⿻十丨一八,八
145,145,145,兲,⿱⿱一⿱十一八,八
146,146,146,兴,⿳𭕄一八,八
147,147,147,八,八,八
148,148,148,公,⿱八厶,八
149,149,149,六,⿱⿱丶一八,八
150,150,150,兮,⿱八⿱一㇉,八
151,151,151,兵,⿱丘八,八
152,152,152,兌,⿱八⿱口⿰丿乚,八
153,153,153,羌,⿸⿱⿱丷一&CDP-8BF1;乚,八
154,154,154,典,⿱&CDP-89E0;八,八
155,155,155,具,⿱&CDP-8BA5;八,八
156,156,156,其,⿱&CDP-8B72;八,八
157,157,157,兺,⿱⿱八⿹𠃌丿⿰口⿻乚丿,八
158,158,158,美,⿱⿱⿱丷一⿱十一⿻一人,八
159,159,159,羗,⿷⿸⿱⿱丷一&CDP-8BF1;乚厶,八
160,160,160,羑,⿱⿱⿱丷一⿱十一久,八
161,161,161,羞,⿸⿱⿱丷一&CDP-8BF1;丑,八
162,162,162,羡,⿱⿱⿱丷一⿱十一⿰冫欠,八
163,163,163,羨,⿱⿱⿱丷一⿱十一⿰氵欠,八
164,164,164,義,⿱⿱⿱丷一⿱十一我,八
165,165,165,冀,⿱⿰&CDP-8BC5;⿺乚丿⿱田⿱⿱⿻十丨一八,八
166,166,166,匈,⿹勹⿶凵㐅,勹
167,167,167,勹,勹,勹
168,168,168,勺,⿹勹丶,勹
169,169,169,勽,⿹勹人,勹
170,170,170,勾,⿹勹厶,勹
171,171,171,勼,⿹勹九,勹
172,172,172,匁,⿻勹⿻丿乀,勹
173,173,173,勿,⿹勹&CDP-89A6;,勹
174,174,174,匂,⿹勹⿺乚丿,勹
175,175,175,勻,⿹勹⿱一一,勹
176,176,176,匀,⿹勹冫,勹
177,177,177,包,⿹勹巳,勹
178,178,178,匆,⿻⿹勹&CDP-89A6;丶,勹
179,179,179,匃,⿹勹⿺𠃊人,勹
180,180,180,匄,⿹勹⿱⿱丶一𠃊,勹
181,181,181,匇,⿹勹⿴𠂊丶,勹
182,182,182,匉,⿹勹⿻干丷,勹
183,183,183,匌,⿹勹⿱⿱人一口,勹
184,184,184,匊,⿹勹米,勹
185,185,185,匋,⿹勹缶,勹
186,186,186,匍,⿹勹⿺&CDP-86B7;丶,勹
187,187,187,匎,⿹勹⿱⿻一人⿻日乚,勹
188,188,188,匒,⿹勹⿱艹⿱⿱人一口,勹
189,189,189,匐,⿹勹⿱⿱一口田,勹
190,190,190,匓,⿹勹&CDP-8AD4;,勹
191,191,191,匏,⿰⿱⿻一人⿱一⿱一㇉⿹勹巳,勹
192,192,192,匑,⿹勹⿰身弓,勹
193,193,193,匔,⿹勹⿰身⿱口口,勹
194,194,194,匕,⿺乚丿,匕
195,195,195,北,⿰&CDP-8BC5;⿺乚丿,匕
196,196,196,匙,⿺⿱日⿱一龰⿺乚丿,匕
197,197,197,匘,⿰⿺乚丿⿱⿲𡿨𡿨𡿨⿴⿱丿囗㐅,匕
198,198,198,冰,⿰冫⿲㇇亅&CDP-85BF;,冫
199,199,199,冲,⿰冫⿻口丨,冫
200,200,200,冱,⿰冫⿱一彑,冫
201,201,201,决,⿰冫⿻𠃍⿻一人,冫
202,202,202,冴,⿰冫牙,冫
203,203,203,冫,冫,冫
204,204,204,冯,⿰冫⿹&CDP-8A77;一,冫
205,205,205,冮,⿰冫工,冫
206,206,206,冭,⿱⿻一人⿱丶丶,冫
207,207,207,冻,⿰冫东,冫
208,208,208,冹,⿰冫⿺⿸𠂇又丶,冫
209,209,209,况,⿰冫⿱口⿰丿乚,冫
210,210,210,冷,⿰冫⿱⿱人丶龴,冫
211,211,211,冺,⿰冫民,冫
212,212,212,冸,⿰冫⿱丷&CDP-8BF1;,冫
213,213,213,冶,⿰冫⿱厶口,冫
214,214,214,冿,⿰冫⿻⿻&CDP-8BAB;丨⿱一一,冫
215,215,215,净,⿰冫⿱𠂊&CDP-8BFE;,冫
216,216,216,冽,⿰冫⿰⿱一⿴𠂊丶刂,冫
217,217,217,冾,⿰冫⿱⿱人一口,冫
218,218,218,冼,⿰冫⿱⿰丿土⿰丿乚,冫
219,219,219,凂,⿰冫⿱𠂊&CDP-8BCB;,冫
220,220,220,凁,⿰冫束,冫
221,221,221,凃,⿰冫⿱⿱人一朩,冫
222,222,222,凋,⿰冫⿵⺆⿱⿱十一口,冫
223,223,223,凍,⿰冫東,冫
224,224,224,凎,⿰冫⿱人&CDP-8DE3;,冫
225,225,225,凅,⿰冫⿴囗⿱十口,冫
226,226,226,凈,⿰冫⿱⿱丿𭕄&CDP-8BFE;,冫
227,227,227,凉,⿰冫⿳⿱丶一口小,冫
228,228,228,凌,⿰冫⿳⿱十一八夂,冫
229,229,229,凊,⿰冫⿱龶月,冫
230,230,230,凄,⿰冫⿱&CDP-89E5;女,冫
231,231,231,凇,⿰冫⿰木⿱八厶,冫
232,232,232,准,⿰冫隹,冫
233,233,233,凑,⿰冫⿱⿻⿱一⿱一一人⿱一⿻一人,冫
234,234,234,飡,⿰冫⿱人⿱丶艮,冫
235,235,235,减,⿰冫⿵⿵戊一口,冫
236,236,236,凐,⿰冫⿱⿱一&CDP-86EA;⿱十一,冫
237,237,237,凔,⿰冫⿱⿱人丶⿸&CDP-89CE;口,冫
238,238,238,凓,⿰冫⿱⿱一&CDP-86EA;木,冫
239,239,239,凕,⿰冫⿱冖⿱日⿱⿱丶一八,冫
240,240,240,凖,⿱⿰冫隹十,冫
241,241,241,凒,⿰冫⿱山豆,冫
242,242,242,凗,⿰冫⿱山隹,冫
243,243,243,凛,⿰冫⿱⿱⿱丶一⿴囗口示,冫
244,244,244,凜,⿰冫⿱⿱⿱丶一⿴囗口⿱丿木,冫
245,245,245,凘,⿰冫⿰⿱&CDP-8B72;八⿸𠂆⿱一丨,冫
246,246,246,凙,⿰冫⿱罒⿱⿱十一⿱丷干,冫
247,247,247,凚,⿰冫⿱⿰木木示,冫
248,248,248,凝,⿰冫⿰⿱⿺乚丿⿱𠂉⿻一人⿱龴疋,冫
249,249,249,凞,⿰冫⿱⿲㇓臣巳灬,冫
250,250,250,凟,⿰冫⿱⿱十一⿱罒⿱目八,冫
251,251,251,卟,⿰口卜,卜
252,252,252,卜,卜,卜
253,253,253,卞,⿱丶⿱一卜,卜
254,254,254,卢,⿱⺊尸,卜
255,255,255,占,⿱⺊口,卜
256,256,256,卤,⿱⺊⿴囗㐅,卜
257,257,257,卣,⿱⺊⿴囗コ,卜
258,258,258,卦,⿰⿱⿱十一⿱十一卜,卜
259,259,259,卧,⿰臣卜,卜
260,260,260,卨,⿱⺊⿵⿱⿵冂𠃍冂口,卜
261,261,261,厌,⿸厂犬,厂
262,262,262,厍,⿸厂车,厂
263,263,263,压,⿸厂⿷⿱十一丶,厂
264,264,264,厊,⿸厂牙,厂
265,265,265,厂,厂,厂
266,266,266,历,⿸厂⿻丿𠃌,厂
267,267,267,厅,⿸厂⿱一亅,厂
268,268,268,厃,⿱𠂊厂,厂
269,269,269,厄,⿸厂㔾,厂
270,270,270,厈,⿸厂干,厂
271,271,271,厉,⿸厂⿱一&CDP-8B6C;,厂
272,272,272,厇,⿸厂⿱丿⿻㇀乚,厂
273,273,273,兏,⿸厂⿱⿱⺊一⿰丿乚,厂
274,274,274,厎,⿸厂⿱氏丶,厂
275,275,275,厐,⿸厂⿻⿺尢丶丿,厂
276,276,276,厏,⿸厂乍,厂
277,277,277,厕,⿸厂⿰贝刂,厂
278,278,278,厑,⿸厂⿰口⿻乚丿,厂
279,279,279,厒,⿸厂缶,厂
280,280,280,厓,⿸厂⿱⿱十一⿱十一,厂
281,281,281,厔,⿸厂⿱⿱一厶⿱十一,厂
282,282,282,厚,⿸厂⿱日子,厂
283,283,283,厘,⿸厂⿱&CDP-8BD9;一,厂
284,284,284,厖,⿸厂⿷⿺尢丶彡,厂
285,285,285,厙,⿸厂車,厂
286,286,286,厗,⿸厂⿱⿱&CDP-8BAE;一十,厂
287,287,287,厛,⿸厂⿰口⿸𠂆⿱一丨,厂
288,288,288,厝,⿸厂⿱⿱⿻十丨一日,厂
289,289,289,厞,⿸厂非,厂
290,290,290,原,⿸厂&CDP-8BC4;,厂
291,291,291,厜,⿸厂⿳丿&CDP-876E;一,厂
292,292,292,厠,⿸厂⿰⿱目八刂,厂
293,293,293,厩,⿸厂⿰&CDP-8B7C;旡,厂
294,294,294,厢,⿸厂⿰木目,厂
295,295,295,厡,⿸厂⿱白⿲㇇亅&CDP-85BF;,厂
296,296,296,厣,⿸⿸厂犬甲,厂
297,297,297,厨,⿸厂⿰豆寸,厂
298,298,298,厧,⿸厂⿱十⿱&CDP-8BA5;八,厂
299,299,299,厥,⿸厂⿰⿱⿱丷一⿻凵丨欠,厂
300,300,300,厤,⿸厂⿰⿱丿木⿱丿木,厂
301,301,301,厦,⿸厂⿱⿱一自夂,厂
302,302,302,厫,⿸厂⿰⿱龶&CDP-8B6C;攵,厂
303,303,303,厪,⿸厂⿱廿&CDP-8A6D;,厂
304,304,304,厯,⿸⿸厂⿰木木&CDP-8962;,厂
305,305,305,厰,⿸厂⿰⿱⺌⿵冂口攵,厂
306,306,306,厬,⿸厂⿱日⿱⿺夂卜口,厂
307,307,307,厲,⿸厂⿱艹禺,厂
308,308,308,厮,⿸厂⿰⿱&CDP-8B72;八⿸𠂆⿱一丨,厂
309,309,309,厭,⿸厂⿰⿱⿵冂⿱一一月犬,厂
310,310,310,厱,⿸厂⿳⿱人一⿰口口⿰人人,厂
311,311,311,厳,⿱𭕄⿸厂⿰⿱乛耳攵,厂
312,312,312,厴,⿸⿸厂⿰⿱⿵冂⿱一一月犬甲,厂
313,313,313,厵,⿱⿸厂&CDP-8BC4;⿰⿸厂&CDP-8BC4;⿸厂&CDP-8BC4;,厂
314,314,314,刕,⿱⿹𠃌丿⿰⿹𠃌丿⿹𠃌丿,刀
315,315,315,争,⿱𠂊&CDP-8BFE;,刀
316,316,316,刁,⿹𠃌㇀,刀
317,317,317,刀,⿹𠃌丿,刀
318,318,318,刃,⿹⿹𠃌丿丿,刀
319,319,319,刄,⿻⿹𠃌丿乀,刀
320,320,320,刅,⿰⿹⿹𠃌丿丿丶,刀
321,321,321,分,⿱八⿹𠃌丿,刀
322,322,322,切,⿰⿻㇀乚⿹𠃌丿,刀
323,323,323,刍,⿱𠂊彐,刀
324,324,324,初,⿰衤⿹𠃌丿,刀
325,325,325,龟,⿱𠂊&CDP-8BE8;,刀
326,326,326,刧,⿰⿱⿱十一厶⿹𠃌丿,刀
327,327,327,免,⿱𠂊&CDP-8BCB;,刀
328,328,328,刱,⿰井⿰⿹⿹𠃌丿丿丶,刀
329,329,329,刼,⿰⿱⿱十一厶⿹⿹𠃌丿丿,刀
330,330,330,券,⿱⿱丷⿻⿱一一人⿹𠃌丿,刀
331,331,331,兔,⿷⿱𠂊&CDP-8BCB;丶,刀
332,332,332,剏,⿰⿱丷⿱一⿻一&CDP-8BF5;⿹⿹𠃌丿丿,刀
333,333,333,剙,⿰⿱丷⿱一⿻一&CDP-8BF5;⿰⿹⿹𠃌丿丿丶,刀
334,334,334,剓,⿱⿰⿱丿木&CDP-8DC9;⿹𠃌丿,刀
335,335,335,亀,⿱𠂊&CDP-89BD;,刀
336,336,336,剱,⿰⿱⿱人一&CDP-89F4;⿹⿹𠃌丿丿,刀
337,337,337,剪,⿱⿱⿱丷一⿰月刂⿹𠃌丿,刀
338,338,338,剺,⿸⿱⿰未攵厂⿹𠃌丿,刀
339,339,339,劎,⿰⿳⿱人一⿰口口⿰人人⿹𠃌丿,刀
340,340,340,劈,⿱⿰⿸尸口⿱⿱&CDP-8BAE;一十⿹𠃌丿,刀
341,341,341,劒,⿰⿳⿱人一⿰口口⿰人人⿹⿹𠃌丿丿,刀
342,342,342,劔,⿰⿳⿱人一⿰口口⿰人人⿻⿹𠃌丿乀,刀
343,343,343,创,⿰⿱人㔾刂,刂
344,344,344,刐,⿰丹刂,刂
345,345,345,刚,⿰⿵冂㐅刂,刂
346,346,346,划,⿰⿻⿺⿻一乚丶丿刂,刂
347,347,347,刔,⿰⿻𠃍⿻一人刂,刂
348,348,348,刏,⿰⿳𠂉一乁刂,刂
349,349,349,列,⿰⿱一⿴𠂊丶刂,刂
350,350,350,刘,⿰⿱⿱丶一⿻丿乀刂,刂
351,351,351,刓,⿰⿱一⿱一⿰丿乚刂,刂
352,352,352,刎,⿰⿹勹&CDP-89A6;刂,刂
353,353,353,刑,⿰⿱一⿻一&CDP-8BF5;刂,刂
354,354,354,刖,⿰月刂,刂
355,355,355,则,⿰贝刂,刂
356,356,356,刂,刂,刂
357,357,357,刈,⿰㐅刂,刂
358,358,358,刌,⿰寸刂,刂
359,359,359,刉,⿰⿱𠂉乙刂,刂
360,360,360,刊,⿰干刂,刂
361,361,361,刋,⿰⿱丿十刂,刂
362,362,362,別,⿰⿱口&CDP-8B6C;刂,刂
363,363,363,别,⿰⿱口⿻丿𠃌刂,刂
364,364,364,刨,⿰⿹勹巳刂,刂
365,365,365,刬,⿰⿻⿻⿺⿻一乚丶丿一刂,刂
366,366,366,刟,⿰⿱⿹𠃌丿口刂,刂
367,367,367,刜,⿰⿻弓&CDP-8BF5;刂,刂
368,368,368,刦,⿰⿱⿱十一厶刂,刂
369,369,369,刭,⿰⿱ス工刂,刂
370,370,370,利,⿰⿱丿木刂,刂
371,371,371,刢,⿰⿱⿱人丶龴刂,刂
372,372,372,刡,⿰民刂,刂
373,373,373,判,⿰⿱丷&CDP-8BF1;刂,刂
374,374,374,刞,⿰且刂,刂
375,375,375,删,⿰册刂,刂
376,376,376,刪,⿰⿻⿵冂⿰丨丨一刂,刂
377,377,377,刣,⿰⿱厶口刂,刂
378,378,378,刹,⿰⿱㐅朩刂,刂
379,379,379,刾,⿰⿻⿻⿱一一人丷刂,刂
380,380,380,刺,⿰朿刂,刂
381,381,381,刴,⿰⿱⿹𠄎丿木刂,刂
382,382,382,剁,⿰⿱几木刂,刂
383,383,383,到,⿰⿱⿱一厶⿱十一刂,刂
384,384,384,刽,⿰⿱人⿱⿱一一厶刂,刂
385,385,385,刿,⿰⿱山⿴𠂊丶刂,刂
386,386,386,刮,⿰⿱⿱丿十口刂,刂
387,387,387,刯,⿰⿱一⿱日一刂,刂
388,388,388,剂,⿰⿱⿱⿱丶一⿻丿乀&CDP-8BF5;刂,刂
389,389,389,刲,⿰⿱⿱十一⿱十一刂,刂
390,390,390,刻,⿰⿳⿱丶一⿰𠃋丿人刂,刂
391,391,391,刳,⿰⿱⿻一人⿱一⿱一㇉刂,刂
392,392,392,剀,⿰⿱山己刂,刂
393,393,393,剆,⿰&CDP-8C42;刂,刂
394,394,394,刷,⿰⿸尸巾刂,刂
395,395,395,刵,⿰耳刂,刂
396,396,396,制,⿰&CDP-89EC;刂,刂
397,397,397,剎,⿰⿱㐅⿺木丶刂,刂
398,398,398,剉,⿰⿻⿱十一⿰人人刂,刂
399,399,399,剅,⿰豆刂,刂
400,400,400,剐,⿰⿱口⿻冂人刂,刂
401,401,401,剑,⿰⿳⿱人一𭕄一刂,刂
402,402,402,剄,⿰⿳一⿲𡿨𡿨𡿨工刂,刂
403,403,403,剋,⿺⿱⿱十口⿰丿乚刂,刂
404,404,404,剌,⿰束刂,刂
405,405,405,前,⿱⿱丷一⿰月刂,刂
406,406,406,剃,⿰⿱丷⿹⿻弓丨丿刂,刂
407,407,407,削,⿰⿱⺌月刂,刂
408,408,408,剈,⿰⿱口月刂,刂
409,409,409,則,⿰⿱目八刂,刂
410,410,410,剝,⿰⿱彑⿻亅&CDP-89AE;刂,刂
411,411,411,剥,⿰⿱彐⿻亅&CDP-89AE;刂,刂
412,412,412,剗,⿰⿱⿻⿺⿻一乚丶丿⿻⿺⿻一乚丶丿刂,刂
413,413,413,剒,⿰⿱⿱⿻十丨一日刂,刂
414,414,414,剟,⿰⿱⿰又又⿰又又刂,刂
415,415,415,剢,⿰⿻⿱一𧰨丶刂,刂
416,416,416,剕,⿰非刂,刂
417,417,417,剮,⿰⿵⿱⿵冂𠃍冂口刂,刂
418,418,418,剛,⿰⿵冂⿱䒑山刂,刂
419,419,419,剣,⿰⿱⿱人一&CDP-89F4;刂,刂
420,420,420,剤,⿰⿱⿱⿱丶一⿻丿乀&CDP-89C6;刂,刂
421,421,421,剧,⿰⿸尸⿱十口刂,刂
422,422,422,剞,⿰⿱⿻一人⿹⿱一亅口刂,刂
423,423,423,剖,⿰⿱⿱&CDP-8BAE;一口刂,刂
424,424,424,剘,⿰⿱&CDP-8B72;八刂,刂
425,425,425,剠,⿰⿳⿱丶一口小刂,刂
426,426,426,剡,⿰⿱⿱八人⿱八人刂,刂
427,427,427,剔,⿰⿱日⿹勹&CDP-89A6;刂,刂
428,428,428,剜,⿰⿱宀⿰⿴𠂊丶㔾刂,刂
429,429,429,剦,⿰⿱⿻一人⿻日乚刂,刂
430,430,430,剚,⿰事刂,刂
431,431,431,剶,⿰⿱彑𧰨刂,刂
432,432,432,剫,⿰⿸广⿱廿又刂,刂
433,433,433,剳,⿰⿱艹⿱⿱人一口刂,刂
434,434,434,副,⿰⿱⿱一口田刂,刂
435,435,435,剨,⿰⿱⿻⿱一⿱一一丨⿸⿱一丿口刂,刂
436,436,436,剰,⿰乗刂,刂
437,437,437,剭,⿰⿸尸⿱⿱一厶⿱十一刂,刂
438,438,438,剬,⿰⿱山⿱一⿱丿⿵冂⿰丨丨刂,刂
439,439,439,創,⿰⿱⿱人丶⿸&CDP-89CE;口刂,刂
440,440,440,割,⿰⿱⿱宀⿻⿱一⿱一一丨口刂,刂
441,441,441,剴,⿰⿱山豆刂,刂
442,442,442,剩,⿰⿻⿱丿木⿰&CDP-8BC5;⿺乚丿刂,刂
443,443,443,剷,⿰⿸⿱&CDP-8BAE;厂生刂,刂
444,444,444,剿,⿰⿱⿲𡿨𡿨𡿨⿻日木刂,刂
445,445,445,剾,⿰⿷匚⿱口⿰口口刂,刂
446,446,446,剹,⿰⿱⿰⿹𠃌冫⿹𠃌冫⿱人彡刂,刂
447,447,447,剽,⿰⿱⿱一&CDP-86EA;示刂,刂
448,448,448,剻,⿰⿱山⿰月月刂,刂
449,449,449,剼,⿰⿱⿱⿱厶⿰厶厶人彡刂,刂
450,450,450,剸,⿰⿱&CDP-8BD0;寸刂,刂
451,451,451,劀,⿰⿱⿱龴⿹⿱乛亅丿⿵冂⿱八口刂,刂
452,452,452,劃,⿰⿳&CDP-8BC6;田一刂,刂
453,453,453,劂,⿰⿸厂⿰⿱⿱丷一⿻凵丨欠刂,刂
454,454,454,劁,⿰⿱隹灬刂,刂
455,455,455,劄,⿰⿱竹⿱⿱人一口刂,刂
456,456,456,劊,⿰⿱⿱人一⿱&CDP-8B62;日刂,刂
457,457,457,劌,⿰⿱止&CDP-8CB3;刂,刂
458,458,458,劐,⿰⿱艹⿱隹又刂,刂
459,459,459,劍,⿰⿳⿱人一⿰口口⿰人人刂,刂
460,460,460,劋,⿰⿱⿱口⿰口口木刂,刂
461,461,461,劇,⿰⿸⿸⿱⺊&CDP-88E2;⿻㇀乚⿱一𧰨刂,刂
462,462,462,劆,⿰⿸广⿱⿱丷一&CDP-8CDE;刂,刂
463,463,463,劉,⿰&CDP-8D69;刂,刂
464,464,464,劏,⿰⿱⿱⿱⺌冖口田刂,刂
465,465,465,劅,⿰⿱罒⿹勹虫刂,刂
466,466,466,劑,⿰⿱&CDP-8DEB;&CDP-89C6;刂,刂
467,467,467,劓,⿰⿱自⿱田⿱一&CDP-8BF5;刂,刂
468,468,468,劕,⿰⿱⿰⿸𠂆⿱一丨⿸𠂆⿱一丨⿱目八刂,刂
469,469,469,劖,⿰⿱⿱⿱𠂊口比⿷⿱𠂊&CDP-8BCB;丶刂,刂
470,470,470,劘,⿰⿸⿸广⿰木木非刂,刂
471,471,471,劗,⿰⿱⿰⿱⿰丿土⿰丿乚⿱⿰丿土⿰丿乚⿱目八刂,刂
472,472,472,劙,⿰⿱⿱彑𧰨⿰虫虫刂,刂
473,473,473,劚,⿰⿸尸⿱⿻亅&CDP-89AE;⿱⺫⿹勹虫刂,刂
474,474,474,兊,⿱⿱八厶⿰丿乚,儿
475,475,475,光,⿱⺌⿱一⿰丿乚,儿
476,476,476,先,⿱⿰丿土⿰丿乚,儿
477,477,477,兇,⿱⿶凵㐅⿰丿乚,儿
478,478,478,兆,兆,儿
479,479,479,儿,⿰丿乚,儿
480,480,480,兀,⿱一⿰丿乚,儿
481,481,481,允,⿱厶⿰丿乚,儿
482,482,482,兂,兂,儿
483,483,483,兄,⿱口⿰丿乚,儿
484,484,484,兕,⿱凹⿰丿乚,儿
485,485,485,兎,⿱丿⿷&CDP-89B9;丶,儿
486,486,486,児,⿱⿰丨日⿰丿乚,儿
487,487,487,兓,⿰旡旡,儿
488,488,488,兒,⿱臼⿰丿乚,儿
489,489,489,兘,⿺⿱一⿱一⿰丿乚⿱厶口,儿
490,490,490,党,⿱⿱⺌冖⿱口⿰丿乚,儿
491,491,491,兜,⿱⿲&CDP-8CBD;白コ⿰丿乚,儿
492,492,492,兠,⿱⿴⿰&CDP-8BC5;⿺乚丿白⿰丿乚,儿
493,493,493,兢,⿰⿱⿱十口⿰丿乚⿱⿱十口⿰丿乚,儿
494,494,494,兤,⿺⿱⺌⿱一⿰丿乚⿸广⿳⿱⿻十丨一由八,儿
495,495,495,亘,⿱一⿱日一,二
496,496,496,亙,⿳一&CDP-8959;一,二
497,497,497,亚,⿱一⿱&CDP-85F0;一,二
498,498,498,二,⿱一一,二
499,499,499,亍,⿱一⿱一亅,二
500,500,500,亏,⿱一⿱一㇉,二
501,501,501,于,于,二
502,502,502,亐,⿱一⿻一㇉,二
503,503,503,互,⿱一彑,二
504,504,504,井,井,二
505,505,505,亓,⿱一⿱一&CDP-8BF5;,二
506,506,506,亖,⿱⿱一一⿱一一,二
507,507,507,五,⿱一𫝀,二
508,508,508,元,⿱一⿱一⿰丿乚,二
509,509,509,云,⿱⿱一一厶,二
510,510,510,亗,⿱山⿱一一,二
511,511,511,亜,亜,二
512,512,512,亟,⿱⿻⿱乛亅⿰口又一,二
513,513,513,些,⿱⿰止⿺乚丿⿱一一,二
514,514,514,亞,⿳一&CDP-88A1;一,二
515,515,515,匢,⿷匚⿹勹&CDP-89A6;,匚
516,516,516,匠,⿷匚⿸𠂆⿱一丨,匚
517,517,517,匡,⿷匚⿱一⿱十一,匚
518,518,518,匟,⿷匚⿱⿱丶一几,匚
519,519,519,匚,匚,匚
520,520,520,巨,巨,匚
521,521,521,匹,⿷匚⿰丿乚,匚
522,522,522,区,⿷匚㐅,匚
523,523,523,匞,⿷匚工,匚
524,524,524,匛,⿷匚久,匚
525,525,525,匜,⿷匚也,匚
526,526,526,匝,⿷匚巾,匚
527,527,527,匥,⿷匚⿱厶⿻一&CDP-8BF5;,匚
528,528,528,匤,⿷匚⿷⿱一⿱十一丶,匚
529,529,529,匣,⿷匚甲,匚
530,530,530,医,⿷匚⿱𠂉⿻一人,匚
531,531,531,匦,⿷匚⿰车九,匚
532,532,532,匼,⿷匚⿱⿱人一口,匚
533,533,533,匩,⿷匚⿱⿱⿻凵丨一⿱十一,匚
534,534,534,匧,⿷匚⿻⿻一人⿰人人,匚
535,535,535,匽,⿷匚⿱日女,匚
536,536,536,匨,⿷匚⿰爿⿱十一,匚
537,537,537,匪,⿷匚非,匚
538,538,538,匫,⿷匚⿱⿹勹&CDP-89A6;曰,匚
539,539,539,匿,⿷匚⿱艹⿸𠂇口,匚
540,540,540,匾,⿷匚⿸⿱丶尸⿵冂⿻十丨,匚
541,541,541,匭,⿷匚⿰車九,匚
542,542,542,匮,⿷匚⿱⿱⿻口丨一贝,匚
543,543,543,區,⿷匚⿱口⿰口口,匚
544,544,544,匬,⿷匚⿱⿱人一⿰月刂,匚
545,545,545,匯,⿷匚⿰氵隹,匚
546,546,546,匰,⿷匚⿱⿰口口&CDP-8BD9;,匚
547,547,547,匱,⿷匚⿱⿱⿻口丨一⿱目八,匚
548,548,548,匲,⿷匚⿱⿻一人⿱口⿰口口,匚
549,549,549,匳,⿷匚⿳⿱人一⿰口口⿰人人,匚
550,550,550,匴,⿷匚⿱竹⿱目⿻一&CDP-8BF5;,匚
551,551,551,匵,⿷匚⿱⿱十一⿱罒⿱目八,匚
552,552,552,匶,⿷匚⿱⿱艹隹臼,匚
553,553,553,匷,⿷匚⿱⿰目目隹,匚
554,554,554,邦,⿰⿻⿱一⿱一一丨阝,阝
555,555,555,邠,⿰⿱八⿹𠃌丿阝,阝
556,556,556,阪,⿰阝⿸𠂆又,阝
557,557,557,邨,⿰⿻丿⿻凵乚阝,阝
558,558,558,阧,⿰阝斗,阝
559,559,559,防,⿰阝⿱⿱丶一&CDP-8B6C;,阝
560,560,560,邡,⿰⿱⿱丶一&CDP-8B6C;阝,阝
561,561,561,邞,⿰⿻⿱一一人阝,阝
562,562,562,邩,⿰⿱八人阝,阝
563,563,563,阶,⿰阝⿱人&CDP-8BF5;,阝
564,564,564,阱,⿰阝井,阝
565,565,565,邟,⿰⿱⿱丶一几阝,阝
566,566,566,阬,⿰阝⿱⿱丶一几,阝
567,567,567,阥,⿰阝⿲㇇亅&CDP-85BF;,阝
568,568,568,阴,⿰阝月,阝
569,569,569,那,⿰&CDP-89FA;阝,阝
570,570,570,阫,⿰阝⿱一&CDP-8665;,阝
571,571,571,阰,⿰阝比,阝
572,572,572,阮,⿰阝⿱一⿱一⿰丿乚,阝
573,573,573,阩,⿰阝⿱丿⿻一&CDP-8BF5;,阝
574,574,574,邥,⿰冘阝,阝
575,575,575,邬,⿰⿹&CDP-89DE;一阝,阝
576,576,576,邷,⿰瓦阝,阝
577,577,577,邪,⿰牙阝,阝
578,578,578,邢,⿰⿱一⿻一&CDP-8BF5;阝,阝
579,579,579,邤,⿰⿸𠂆⿱一丨阝,阝
580,580,580,邧,⿰⿱一⿱一⿰丿乚阝,阝
581,581,581,阦,⿰阝⿱八人,阝
582,582,582,阳,⿰阝日,阝
583,583,583,阭,⿰阝⿱厶⿰丿乚,阝
584,584,584,阵,⿰阝车,阝
585,585,585,阯,⿰阝止,阝
586,586,586,阨,⿰阝⿸厂㔾,阝
587,587,587,阝,阝,阝
588,588,588,队,⿰阝人,阝
589,589,589,邓,⿰又阝,阝
590,590,590,阞,⿰阝⿻丿𠃌,阝
591,591,591,邒,⿰⿱一亅阝,阝
592,592,592,邗,⿰干阝,阝
593,593,593,邝,⿰广阝,阝
594,594,594,邙,⿰⿱⿱丶一𠃊阝,阝
595,595,595,邛,⿰工阝,阝
596,596,596,阡,⿰阝⿱丿十,阝
597,597,597,邔,⿰己阝,阝
598,598,598,邚,⿰女阝,阝
599,599,599,邖,⿰山阝,阝
600,600,600,阤,⿰阝也,阝
601,601,601,阢,⿰阝⿱一⿰丿乚,阝
602,602,602,阠,⿰阝⿹⺄十,阝
603,603,603,邜,⿰⿴𠂊丶阝,阝
604,604,604,阣,⿰阝⿱𠂉乙,阝
605,605,605,邘,⿰于阝,阝
606,606,606,邶,⿰⿰&CDP-8BC5;⿺乚丿阝,阝
607,607,607,邲,⿰⿻心丿阝,阝
608,608,608,陂,⿰阝皮,阝
609,609,609,邴,⿰⿱一⿻冂人阝,阝
610,610,610,陃,⿰阝⿱一⿻冂人,阝
611,611,611,陈,⿰阝东,阝
612,612,612,阷,⿰阝⿱一止,阝
613,613,613,阽,⿰阝⿱⺊口,阝
614,614,614,邸,⿰⿱氏丶阝,阝
615,615,615,阺,⿰阝⿱氏丶,阝
616,616,616,附,⿰阝⿰亻寸,阝
617,617,617,邯,⿰甘阝,阝
618,618,618,际,⿰阝示,阝
619,619,619,邭,⿰⿹勹口阝,阝
620,620,620,陆,⿰阝⿱&CDP-8BF1;凵,阝
621,621,621,邻,⿰⿱⿱人丶龴阝,阝
622,622,622,阾,⿰阝⿱⿱人丶龴,阝
623,623,623,陇,⿰阝⿻⿺尢丶丿,阝
624,624,624,邳,⿰⿱⿱一&CDP-8665;一阝,阝
625,625,625,邱,⿰丘阝,阝
626,626,626,阹,⿰阝⿱⿱十一厶,阝
627,627,627,邵,⿰⿱⿹𠃌丿口阝,阝
628,628,628,陀,⿰阝⿱宀⿺乚丿,阝
629,629,629,陁,⿰阝⿱𠂉也,阝
630,630,630,邰,⿰⿱厶口阝,阝
631,631,631,陉,⿰阝⿱ス工,阝
632,632,632,阻,⿰阝且,阝
633,633,633,阿,⿰阝⿹⿱一亅口,阝
634,634,634,邺,⿰⿱&CDP-85F0;一阝,阝
635,635,635,邮,⿰由阝,阝
636,636,636,阼,⿰阝乍,阝
637,637,637,邹,⿰⿱𠂊彐阝,阝
638,638,638,阸,⿰阝⿸⿱丶尸乙,阝
639,639,639,陌,⿰阝⿱一白,阝
640,640,640,郕,⿰⿵戊𠃌阝,阝
641,641,641,陊,⿰阝⿱⿴𠂊丶⿴𠂊丶,阝
642,642,642,陏,⿰阝⿸𠂇月,阝
643,643,643,邽,⿰⿱⿱十一⿱十一阝,阝
644,644,644,陒,⿰阝⿸⿱𠂊厂㔾,阝
645,645,645,郂,⿰⿳⿱丶一⿰𠃋丿人阝,阝
646,646,646,陔,⿰阝⿳⿱丶一⿰𠃋丿人,阝
647,647,647,郇,⿰⿹勹日阝,阝
648,648,648,郃,⿰⿱⿱人一口阝,阝
649,649,649,郈,⿰⿸⿸𠂆一口阝,阝
650,650,650,降,⿰阝⿱夂㐄,阝
651,651,651,郏,⿰⿻⿻⿱一一人丷阝,阝
652,652,652,郊,⿰⿱⿱丶一⿱八⿻丿乀阝,阝
653,653,653,郆,⿰⿱⿱十一口阝,阝
654,654,654,郐,⿰⿱人⿱⿱一一厶阝,阝
655,655,655,邼,⿰⿷匚⿱一⿱十一阝,阝
656,656,656,郀,⿰⿱⿻一人⿱一⿱一㇉阝,阝
657,657,657,郎,⿰&CDP-8C42;阝,阝
658,658,658,陋,⿰阝⿺𠃊⿱一⿻冂人,阝
659,659,659,郘,⿰⿱口口阝,阝
660,660,660,郍,⿰舟阝,阝
661,661,661,郱,⿰⿱丷⿱一⿻一&CDP-8BF5;阝,阝
662,662,662,邿,⿰⿱⿱十一寸阝,阝
663,663,663,陎,⿰阝朱,阝
664,664,664,陕,⿰阝⿻⿻⿱一一人丷,阝
665,665,665,限,⿰阝艮,阝
666,666,666,郄,⿰⿱㐅⿸𠂇厶阝,阝
667,667,667,郋,⿰自阝,阝
668,668,668,郉,⿰⿰干干阝,阝
669,669,669,郔,⿰⿺廴⿱丿&CDP-8960;阝,阝
670,670,670,郁,⿰⿸𠂇月阝,阝
671,671,671,郓,⿰⿱冖车阝,阝
672,672,672,邾,⿰朱阝,阝
673,673,673,陑,⿰阝⿱一⿱丿⿵冂⿰丨丨,阝
674,674,674,陓,⿰阝⿱⿻一人⿱一⿱一㇉,阝
675,675,675,郑,⿰⿱丷⿱一⿻一人阝,阝
676,676,676,郅,⿰⿱⿱一厶⿱十一阝,阝
677,677,677,郥,⿰⿱目八阝,阝
678,678,678,陛,⿰阝⿱比⿱十一,阝
679,679,679,郣,⿰⿱⿱十冖子阝,阝
680,680,680,除,⿰阝⿱⿱人一朩,阝
681,681,681,陙,⿰阝⿸厂⿱⿱一一&CDP-8CC6;,阝
682,682,682,陡,⿰阝⿱⿱十一龰,阝
683,683,683,郖,⿰豆阝,阝
684,684,684,陦,⿰阝⿸⿻⿱一⿱一一丨寸,阝
685,685,685,郛,⿰⿱⿱丿𭕄子阝,阝
686,686,686,郙,⿰⿺&CDP-86B7;丶阝,阝
687,687,687,郜,⿰⿱⿰丿土口阝,阝
688,688,688,郠,⿰⿱一&CDP-89E7;阝,阝
689,689,689,郝,⿰⿱⿱十一&CDP-8CB5;阝,阝
690,690,690,郟,⿰⿻⿻一人⿰人人阝,阝
691,691,691,郡,⿰⿸⿻&CDP-8BAB;丿口阝,阝
692,692,692,陖,⿰阝⿳厶八夂,阝
693,693,693,郞,⿰⿱丶艮阝,阝
694,694,694,郦,⿰⿱一⿰⿵冂丶⿵冂丶阝,阝
695,695,695,陧,⿰阝⿱日⿱十一,阝
696,696,696,陠,⿰阝⿺&CDP-86B7;丶,阝
697,697,697,陗,⿰阝⿱⺌月,阝
698,698,698,陞,⿰阝⿱⿱丿⿻一&CDP-8BF5;⿱十一,阝
699,699,699,陝,⿰阝⿻⿻一人⿰入入,阝
700,700,700,郚,⿰⿱⿱一𫝀口阝,阝
701,701,701,陥,⿰阝⿱𠂊⿰丨日,阝
702,702,702,陜,⿰阝⿻⿻一人⿰人人,阝
703,703,703,险,⿰阝⿳⿱人一𭕄一,阝
704,704,704,郤,⿰谷阝,阝
705,705,705,陘,⿰阝⿳一⿲𡿨𡿨𡿨工,阝
706,706,706,郗,⿰⿱㐅⿸𠂇巾阝,阝
707,707,707,院,⿰阝⿱宀⿱一⿱一⿰丿乚,阝
708,708,708,郧,⿰⿱口贝阝,阝
709,709,709,郢,⿰⿱口⿱一⿱十一阝,阝
710,710,710,陨,⿰阝⿱口贝,阝
711,711,711,陣,⿰阝車,阝
712,712,712,陟,⿰阝⿱止𣥂,阝
713,713,713,都,⿰⿸耂日阝,阝
714,714,714,部,⿰⿱⿱&CDP-8BAE;一口阝,阝
715,715,715,陲,⿰阝⿳丿&CDP-876E;一,阝
716,716,716,陳,⿰阝東,阝
717,717,717,郴,⿰⿰木木阝,阝
718,718,718,陮,⿰阝隹,阝
719,719,719,郸,⿰⿱丷&CDP-8BD9;阝,阝
720,720,720,陫,⿰阝非,阝
721,721,721,郭,⿰⿳⿱丶一口子阝,阝
722,722,722,陱,⿰阝⿹勹米,阝
723,723,723,郲,⿰⿻木⿰人人阝,阝
724,724,724,陵,⿰阝⿳⿱十一八夂,阝
725,725,725,陸,⿰阝⿱⿱⿱十一⿰丿乚⿱十一,阝
726,726,726,陯,⿰阝⿱⿱人一⿵冂⿻十丨,阝
727,727,727,郳,⿰⿱臼⿰丿乚阝,阝
728,728,728,陪,⿰阝⿱⿱&CDP-8BAE;一口,阝
729,729,729,郫,⿰⿱&CDP-89BE;十阝,阝
730,730,730,陴,⿰阝⿱&CDP-89BE;十,阝
731,731,731,陭,⿰阝⿱⿻一人⿹⿱一亅口,阝
732,732,732,郪,⿰⿱&CDP-89E5;女阝,阝
733,733,733,郬,⿰⿱龶月阝,阝
734,734,734,鄀,⿰⿱艹⿸𠂇口阝,阝
735,735,735,陹,⿰阝⿱⿱丿⿻一&CDP-8BF5;日,阝
736,736,736,郯,⿰⿱⿱八人⿱八人阝,阝
737,737,737,陶,⿰阝⿹勹缶,阝
738,738,738,陚,⿰阝⿹&CDP-8CB8;止,阝
739,739,739,陷,⿰阝⿱勹臼,阝
740,740,740,郩,⿰⿱㐅⿸𠂇月阝,阝
741,741,741,郷,⿲乡&CDP-8B7C;阝,阝
742,742,742,険,⿰阝⿱⿱人一&CDP-89F4;,阝
743,743,743,郵,⿰⿳丿&CDP-876E;一阝,阝
744,744,744,陰,⿰阝⿱⿱⿱人丶㇇⿱⿱一一厶,阝
745,745,745,郮,⿰⿵⺆⿱⿱十一口阝,阝
746,746,746,陼,⿰阝⿸耂日,阝
747,747,747,郰,⿰⿰耳又阝,阝
748,748,748,陬,⿰阝⿰耳又,阝
749,749,749,鄁,⿰⿱⿰&CDP-8BC5;⿺乚丿月阝,阝
750,750,750,隀,⿰阝重,阝
751,751,751,隊,⿰阝⿱丷⿱一𧰨,阝
752,752,752,隄,⿰阝⿱日⿱一龰,阝
753,753,753,隍,⿰阝⿱白⿱一⿱十一,阝
754,754,754,鄇,⿰⿰亻&CDP-8BC7;阝,阝
755,755,755,階,⿰阝⿱比白,阝
756,756,756,鄄,⿰⿱⿱一&CDP-86EA;⿱十一阝,阝
757,757,757,郹,⿰⿱目犬阝,阝
758,758,758,鄈,⿰⿱⿰&CDP-88D3;&CDP-88D5;⿱一⿻一人阝,阝
759,759,759,隗,⿰阝⿱⿱丿田⿺⿰丿乚厶,阝
760,760,760,隆,⿰阝⿱夂⿱一生,阝
761,761,761,郿,⿰⿸𠃜目阝,阝
762,762,762,隉,⿰阝⿱臼工,阝
763,763,763,郻,⿰⿱⿺𠃊目⿲𡿨𡿨𡿨阝,阝
764,764,764,陾,⿰阝⿱⿱一⿱丿⿵冂⿰丨丨⿻一人,阝
765,765,765,鄃,⿰⿱⿱人一⿰月刂阝,阝
766,766,766,随,⿰阝⿺辶⿸𠂇月,阝
767,767,767,隋,⿰阝&CDP-8CA9;,阝
768,768,768,鄋,⿰⿱&CDP-884F;又阝,阝
769,769,769,隇,⿰阝⿵⿵戊一女,阝
770,770,770,隈,⿰阝⿳田一&CDP-8CC6;,阝
771,771,771,陿,⿰阝⿷匚⿻⿻一人⿰人人,阝
772,772,772,鄉,⿰乡⿰&CDP-8C42;阝,阝
773,773,773,鄊,⿰乡⿰耳阝,阝
774,774,774,隁,⿰阝⿷匚⿱日女,阝
775,775,775,陽,⿰阝⿱⿱日一⿹勹&CDP-89A6;,阝
776,776,776,鄆,⿰⿱冖車阝,阝
777,777,777,隃,⿰阝⿱⿱人一⿰月刂,阝
778,778,778,隅,⿰阝禺,阝
779,779,779,郼,⿰⿳𫝀口㐄阝,阝
780,780,780,陻,⿰阝⿱⿱一&CDP-86EA;⿱十一,阝
781,781,781,隂,⿰阝⿱人⿱&CDP-884A;⿱一厶,阝
782,782,782,郾,⿰⿷匚⿱日女阝,阝
783,783,783,隐,⿰阝⿱⿱𠂊彐心,阝
784,784,784,鄅,⿰禹阝,阝
785,785,785,隌,⿰阝⿱⿱&CDP-8BAE;一日,阝
786,786,786,鄂,⿰⿱⿰口口⿱一⿱一㇉阝,阝
787,787,787,鄐,⿰⿱⿱⿱丶一⿰&CDP-895C;丶田阝,阝
788,788,788,隔,⿰阝⿳一口⿵⿵冂⿰丿乚⿱一丨,阝
789,789,789,隑,⿰阝⿱山豆,阝
790,790,790,隓,⿰阝⿱⿸𠂇工⿸𠂇工,阝
791,791,791,鄗,⿰⿳⿱丶一口⿵冂口阝,阝
792,792,792,鄚,⿰⿱艹⿱日⿻一人阝,阝
793,793,793,鄍,⿰⿱冖⿱日⿱⿱丶一八阝,阝
794,794,794,鄏,⿰⿱⿸厂⿱⿱一一&CDP-8CC6;寸阝,阝
795,795,795,鄌,⿰⿸广&CDP-8CC1;阝,阝
796,796,796,隖,⿰阝⿹&CDP-89DF;灬,阝
797,797,797,鄔,⿰⿹&CDP-89DF;灬阝,阝
798,798,798,鄕,⿲乡⿱白⿺乚丿阝,阝
799,799,799,隙,⿰阝⿱小&CDP-8CED;,阝
800,800,800,鄎,⿰⿱自心阝,阝
801,801,801,鄓,⿰⿱自犬阝,阝
802,802,802,鄖,⿰⿱口⿱目八阝,阝
803,803,803,隒,⿰阝⿱⿱丷一&CDP-8CDE;,阝
804,804,804,隕,⿰阝⿱口⿱目八,阝
805,805,805,鄑,⿰⿱⿱一⿱&CDP-85F0;一日阝,阝
806,806,806,鄒,⿰⿱&CDP-8D65;&CDP-8D65;阝,阝
807,807,807,隘,⿰阝⿱&CDP-8CF0;皿,阝
808,808,808,隞,⿰阝⿰⿱龶&CDP-8B6C;攵,阝
809,809,809,鄙,⿰⿳口十⿴囗口阝,阝
810,810,810,鄛,⿰⿱⿲𡿨𡿨𡿨⿻日木阝,阝
811,811,811,隝,⿰阝⿹&CDP-8CBB;灬,阝
812,812,812,鄜,⿰⿸&CDP-8D56;比阝,阝
813,813,813,鄠,⿰⿱⿱一⿻冂&CDP-8C41;⿱一⿱一㇉阝,阝
814,814,814,際,⿰阝⿱&CDP-8C4F;示,阝
815,815,815,鄲,⿰⿱⿰口口&CDP-8BD9;阝,阝
816,816,816,鄝,⿰⿱⿰⿹𠃌冫⿹𠃌冫⿱人彡阝,阝
817,817,817,鄤,⿰⿳日罒又阝,阝
818,818,818,鄡,⿰⿹&CDP-8CBB;木阝,阝
819,819,819,鄥,⿰⿹&CDP-8CBB;灬阝,阝
820,820,820,隡,⿰阝⿸⿱&CDP-8BAE;厂生,阝
821,821,821,隚,⿰阝⿱⿱⿱⺌冖口⿱十一,阝
822,822,822,隟,⿰阝⿱⿲𡿨𡿨𡿨⿻日木,阝
823,823,823,鄞,⿰⿱廿&CDP-8A6D;阝,阝
824,824,824,鄢,⿰⿱⿱一止&CDP-8DBF;阝,阝
825,825,825,鄘,⿰⿸广⿻⿻&CDP-8BAB;丨月阝,阝
826,826,826,隠,⿰阝⿱⿱⿱丿𭕄&CDP-8BAB;心,阝
827,827,827,鄟,⿰⿱&CDP-8BD0;寸阝,阝
828,828,828,障,⿰阝⿱⿱&CDP-8BAE;一⿱日十,阝
829,829,829,鄣,⿰⿱⿱&CDP-8BAE;一⿱日十阝,阝
830,830,830,鄪,⿰⿱⿻弓&CDP-8BF5;⿱目八阝,阝
831,831,831,鄧,⿰⿱⿰&CDP-88D3;&CDP-88D5;豆阝,阝
832,832,832,隥,⿰阝⿱⿰&CDP-88D3;&CDP-88D5;豆,阝
833,833,833,隫,⿰阝⿱⿱十⿻一&CDP-8BF5;⿱目八,阝
834,834,834,鄰,⿰⿱米⿰⿴𠂊丶㐄阝,阝
835,835,835,隣,⿰阝⿱米⿰⿴𠂊丶㐄,阝
836,836,836,鄮,⿰⿱&CDP-8C69;⿱目八阝,阝
837,837,837,鄳,⿰黽阝,阝
838,838,838,鄱,⿰⿱⿱丿米田阝,阝
839,839,839,隢,⿰阝⿱⿱⿱十一⿰⿱十一⿱十一⿱一⿰丿乚,阝
840,840,840,鄯,⿰⿱⿱⿱⿱丷一&CDP-8BF1;⿱丷一口阝,阝
841,841,841,隧,⿰阝⿺辶⿱丷⿱一𧰨,阝
842,842,842,隨,⿰阝⿺辶&CDP-8CA9;,阝
843,843,843,隤,⿰阝⿱⿱⿻口丨一⿱目八,阝
844,844,844,鄬,⿰爲阝,阝
845,845,845,鄩,⿰⿳彐&CDP-8CFA;寸阝,阝
846,846,846,鄦,⿰⿱&CDP-8BBE;灬阝,阝
847,847,847,隩,⿰阝⿱⿵&CDP-8BD6;米⿻一人,阝
848,848,848,鄭,⿰⿱⿱丷酉⿻一人阝,阝
849,849,849,鄫,⿰⿱丷⿱&CDP-8B62;日阝,阝
850,850,850,鄵,⿰⿱⿱口⿰口口木阝,阝
851,851,851,鄷,⿰⿱曲豆阝,阝
852,852,852,鄶,⿰⿱⿱人一⿱&CDP-8B62;日阝,阝
853,853,853,鄸,⿰⿳⿱艹罒冖⿴𠂊丶阝,阝
854,854,854,隦,⿰阝⿰⿸尸口⿱⿱&CDP-8BAE;一十,阝
855,855,855,險,⿰阝⿳⿱人一⿰口口⿰人人,阝
856,856,856,鄴,⿰⿱⿱&CDP-85F0;一⿱⿱丷一未阝,阝
857,857,857,隯,⿰阝⿳⿳⿱十一乛工一⿰口寸,阝
858,858,858,隮,⿰阝⿱&CDP-8DEB;&CDP-89C6;,阝
859,859,859,鄺,⿰⿸广⿳⿱⿻十丨一由八阝,阝
860,860,860,隬,⿰阝⿱一&CDP-88D6;,阝
861,861,861,隰,⿰阝⿱日⿱⿰⿰&CDP-895C;丶⿰&CDP-895C;丶灬,阝
862,862,862,隱,⿰阝⿱⿳⿱丿𭕄工彐心,阝
863,863,863,隲,⿰阝⿱⿱小丿⿹&CDP-896A;灬,阝
864,864,864,鄹,⿰⿱⿰耳又乑阝,阝
865,865,865,隭,⿰阝⿱⿱一⿻冂&CDP-8C41;⿱一⿱丿⿵冂⿰丨丨,阝
866,866,866,鄽,⿰⿸广&CDP-8DC3;阝,阝
867,867,867,隳,⿱⿰阝&CDP-8CA9;⿱人⿰小丶,阝
868,868,868,鄻,⿰⿱⿰⿻⿱一一人⿻⿱一一人車阝,阝
869,869,869,鄿,⿰⿱艹⿱⿰口口&CDP-8BD9;阝,阝
870,870,870,鄾,⿰⿱⿱&CDP-8CD4;心夂阝,阝
871,871,871,鄼,⿰⿱⿰⿻⿱一一人⿻⿱一一人⿱目八阝,阝
872,872,872,酂,⿰⿱⿰⿱⿰丿土⿰丿乚⿱⿰丿土⿰丿乚贝阝,阝
873,873,873,隴,⿰阝⿰⿱⿱&CDP-8BAE;一月&CDP-89B0;,阝
874,874,874,酀,⿰⿳廿&CDP-8D76;灬阝,阝
875,875,875,酁,⿰⿱⿱⿱𠂊口比⿷⿱𠂊&CDP-8BCB;丶阝,阝
876,876,876,酄,⿰⿱艹⿱⿰口口隹阝,阝
877,877,877,酃,⿰⿱⿱一⿻冂&CDP-8C41;⿲口口口阝,阝
878,878,878,隵,⿰阝⿰⿸⿸⿱⺊&CDP-88E2;⿻㇀乚豆⿻⿺⿻一乚丶丿,阝
879,879,879,酆,⿰⿱⿻山⿰⿻⿱一⿱一一丨⿻⿱一⿱一一丨豆阝,阝
880,880,880,酅,⿰⿱⿱山隹⿵冂⿱八口阝,阝
881,881,881,酈,⿰⿱⿰⿱一⿵冂一⿱一⿵冂一⿸&CDP-8D56;比阝,阝
882,882,882,酇,⿰⿱⿰⿱⿰丿土⿰丿乚⿱⿰丿土⿰丿乚⿱目八阝,阝
883,883,883,关,⿱丷⿱一⿻一人,丷
884,884,884,兯,⿱丷&CDP-8A60;,丷
885,885,885,兰,⿱丷⿱一⿱一一,丷
886,886,886,兑,⿱丷⿱口⿰丿乚,丷
887,887,887,兹,⿱⿱丷一⿰⿰&CDP-895C;丶⿰&CDP-895C;丶,丷
888,888,888,养,⿳⿱丷一⿻⿱一一人&CDP-8BF5;,丷
889,889,889,兼,⿱⿱丷一&CDP-8CDE;,丷
890,890,890,兽,⿳⿱丷田一口,丷
891,891,891,兾,⿱丷⿱田⿱⿱⿻十丨一八,丷
892,892,892,兿,⿳⿱丷一⿰扌⿻九丶⿱⿱一一厶,丷
893,893,893,冁,⿰⿱丷&CDP-8BD9;⿸尸&CDP-8CE5;,丷
894,894,894,凫,⿹&CDP-8964;几,几
895,895,895,凨,⿵几⿱⿱一一厶,几
896,896,896,凩,⿵几木,几
897,897,897,凪,⿵几止,几
898,898,898,几,几,几
899,899,899,凡,⿵几丶,几
900,900,900,凢,⿱丿几,几
901,901,901,凣,⿱丨几,几
902,902,902,凤,⿵几又,几
903,903,903,処,⿺夂几,几
904,904,904,凥,⿸尸几,几
905,905,905,凧,⿵几巾,几
906,906,906,凬,⿵几⿱一日,几
907,907,907,凮,⿵几⿱一白,几
908,908,908,凯,⿰⿱山己几,几
909,909,909,凭,⿱⿰亻⿱丿⿱十一几,几
910,910,910,凰,⿵几⿱白⿱一⿱十一,几
911,911,911,凲,⿵几⿱⿱丷一&CDP-8CDE;,几
912,912,912,凳,⿱⿱⿰&CDP-88D3;&CDP-88D5;豆几,几
913,913,913,凴,⿱⿰冫⿹&CDP-896A;灬几,几
914,914,914,卩,卩,卩
915,915,915,卪,⿴卩丶,卩
916,916,916,卫,⿱&CDP-8A60;一,卩
917,917,917,卬,⿰&CDP-8CBD;卩,卩
918,918,918,卯,⿰𠂎卩,卩
919,919,919,卭,⿰工卩,卩
920,920,920,印,⿰&CDP-8CAC;卩,卩
921,921,921,即,⿰&CDP-8B7C;卩,卩
922,922,922,卵,⿰⿴𠂎丶⿴卩丶,卩
923,923,923,却,⿰⿱⿱十一厶卩,卩
924,924,924,卲,⿰⿱⿹𠃌丿口卩,卩
925,925,925,卶,⿰⿱⿴𠂊丶⿴𠂊丶卩,卩
926,926,926,卹,⿰⿱丿皿卩,卩
927,927,927,卽,⿰⿱白⿺乚丿卩,卩
928,928,928,卻,⿰谷卩,卩
929,929,929,卸,⿰⿱𠂉⿻一&CDP-8960;卩,卩
930,930,930,卿,⿲𠂎&CDP-8B7C;卩,卩
931,931,931,卾,⿰⿱⿰口口⿱一⿱一㇉卩,卩
932,932,932,厁,⿱⿰⿱⿱人一朩斗卩,卩
933,933,933,厀,⿰⿱木&CDP-8D71;卩,卩
934,934,934,网,⿵冂⿰㐅㐅,冂
935,935,935,再,⿱一冉,冂
936,936,936,冂,冂,冂
937,937,937,冈,⿵冂㐅,冂
938,938,938,冃,⿵冂⿱一一,冂
939,939,939,冇,⿸𠂇冂,冂
940,940,940,内,⿻冂人,冂
941,941,941,冄,⿻冂⿱一一,冂
942,942,942,罓,⿵冂㐅,冂
943,943,943,円,円,冂
944,944,944,冊,⿻⿵冂⿰丨丨一,冂
945,945,945,冎,⿱⿵冂𠃍冂,冂
946,946,946,冋,⿵冂口,冂
947,947,947,冉,冉,冂
948,948,948,冏,⿵冂⿱八口,冂
949,949,949,冐,⿱⿵冂⿱一一月,冂
950,950,950,罔,⿵冂⿱⿱丷一⿱⿱丶一𠃊,冂
951,951,951,冒,⿱⿵冂⿱一一目,冂
952,952,952,冑,⿱由⿵冂⿱一一,冂
953,953,953,冓,⿱⿱井一冉,冂
954,954,954,冔,⿱⿵冂⿱一一⿰口于,冂
955,955,955,冕,⿱⿵冂⿱一一⿱𠂊&CDP-8BCB;,冂
956,956,956,羀,⿱⿵冂⿰㐅㐅⿱丣田,冂
957,957,957,动,⿰⿱⿱一一厶⿻丿𠃌,力
958,958,958,劤,⿰⿸𠂆⿱一丨⿻丿𠃌,力
959,959,959,劥,⿰⿱⿱丶一几⿻丿𠃌,力
960,960,960,劣,⿱⿱小丿⿻丿𠃌,力
961,961,961,劦,⿱⿻丿𠃌⿰⿻丿𠃌⿻丿𠃌,力
962,962,962,劧,⿰手⿻丿𠃌,力
963,963,963,力,⿻丿𠃌,力
964,964,964,劜,⿰⿻丿𠃌乚,力
965,965,965,办,⿻⿻丿𠃌八,力
966,966,966,劝,⿰又⿻丿𠃌,力
967,967,967,功,⿰工⿻丿𠃌,力
968,968,968,加,⿰⿻丿𠃌口,力
969,969,969,劢,⿰⿱一&CDP-8B6C;⿻丿𠃌,力
970,970,970,务,⿱夂⿻丿𠃌,力
971,971,971,助,⿰且⿻丿𠃌,力
972,972,972,劫,⿰⿱⿱十一厶⿻丿𠃌,力
973,973,973,劲,⿰⿱ス工⿻丿𠃌,力
974,974,974,劳,⿱⿱艹冖⿻丿𠃌,力
975,975,975,労,⿳𭕄冖⿻丿𠃌,力
976,976,976,励,⿰⿸厂⿱一&CDP-8B6C;⿻丿𠃌,力
977,977,977,劰,⿰白⿻丿𠃌,力
978,978,978,努,⿱⿰女又⿻丿𠃌,力
979,979,979,劬,⿰⿹勹口⿻丿𠃌,力
980,980,980,劭,⿰⿱⿹𠃌丿口⿻丿𠃌,力
981,981,981,劮,⿰⿰丿⿻⿱一一人⿻丿𠃌,力
982,982,982,劯,⿰⿸⿱一丿口⿻丿𠃌,力
983,983,983,劾,⿰⿳⿱丶一⿰𠃋丿人⿻丿𠃌,力
984,984,984,劼,⿰⿱⿱十一口⿻丿𠃌,力
985,985,985,劵,⿱⿱丷⿻⿱一一人⿻丿𠃌,力
986,986,986,劻,⿰⿷匚⿱一⿱十一⿻丿𠃌,力
987,987,987,劶,⿰⿸⿸𠂆一口⿻丿𠃌,力
988,988,988,劽,⿱⿰⿱一⿴𠂊丶刂⿻丿𠃌,力
989,989,989,勆,⿰&CDP-8C42;⿻丿𠃌,力
990,990,990,劺,⿰⿱厶牛⿻丿𠃌,力
991,991,991,势,⿱⿰扌⿻九丶⿻丿𠃌,力
992,992,992,劸,⿰⿱⿱十一⿱十一⿻丿𠃌,力
993,993,993,効,⿰⿱⿱丶一⿱八⿻丿乀⿻丿𠃌,力
994,994,994,劷,⿰⿱⿱丷一&CDP-8BF1;⿻丿𠃌,力
995,995,995,勃,⿰⿱⿱十冖子⿻丿𠃌,力
996,996,996,勅,⿰束⿻丿𠃌,力
997,997,997,勂,⿰⿱⿰丿土口⿻丿𠃌,力
998,998,998,勁,⿰⿳一⿲𡿨𡿨𡿨工⿻丿𠃌,力
999,999,999,勀,⿰⿱⿱十口⿰丿乚⿻丿𠃌,力
1000,1000,1000,勊,⿺⿱⿱十口⿰丿乚⿻丿𠃌,力
1001,1001,1001,勉,⿺⿱𠂊&CDP-8BCB;⿻丿𠃌,力
1002,1002,1002,勄,⿰⿱𠂉母⿻丿𠃌,力
1003,1003,1003,勋,⿰⿱口贝⿻丿𠃌,力
1004,1004,1004,勇,⿱⿱龴⿵冂&CDP-8BF1;⿻丿𠃌,力
1005,1005,1005,勈,⿰⿱龴⿵冂&CDP-8BF1;⿻丿𠃌,力
1006,1006,1006,勏,⿰⿱⿱&CDP-8BAE;一口⿻丿𠃌,力
1007,1007,1007,勑,⿰⿻木⿰人人⿻丿𠃌,力
1008,1008,1008,勌,⿰⿱⿱丷⿻⿱一一人㔾⿻丿𠃌,力
1009,1009,1009,勎,⿰⿱⿱⿱十一⿰丿乚⿱十一⿻丿𠃌,力
1010,1010,1010,勐,⿰⿱子皿⿻丿𠃌,力
1011,1011,1011,勍,⿰⿳⿱丶一口小⿻丿𠃌,力
1012,1012,1012,務,⿰⿱龴⿹⿱乛亅丿⿱夂⿻丿𠃌,力
1013,1013,1013,動,⿰重⿻丿𠃌,力
1014,1014,1014,勓,⿰⿱比白⿻丿𠃌,力
1015,1015,1015,勘,⿰⿱&CDP-88C8;⿷匚⿰丿乚⿻丿𠃌,力
1016,1016,1016,勒,⿰革⿻丿𠃌,力
1017,1017,1017,勔,⿰⿱⿱一丿⿴囗&CDP-89CC;⿻丿𠃌,力
1018,1018,1018,勖,⿰⿱⿵冂⿱一一目⿻丿𠃌,力
1019,1019,1019,勗,⿱日⿰且⿻丿𠃌,力
1020,1020,1020,勚,⿰⿱世贝⿻丿𠃌,力
1021,1021,1021,勞,⿱⿱⿰⿱八人⿱八人冖⿻丿𠃌,力
1022,1022,1022,募,⿱⿱艹⿱日⿻一人⿻丿𠃌,力
1023,1023,1023,勝,⿰月⿱⿱丷⿻⿱一一人⿻丿𠃌,力
1024,1024,1024,勜,⿰⿱⿱八厶⿰⿹𠃌冫⿹𠃌冫⿻丿𠃌,力
1025,1025,1025,勦,⿰⿱⿲𡿨𡿨𡿨⿻日木⿻丿𠃌,力
1026,1026,1026,勛,⿰⿱口⿱目八⿻丿𠃌,力
1027,1027,1027,勣,⿰⿱龶⿱目八⿻丿𠃌,力
1028,1028,1028,勨,⿰⿳𠂊⿴囗丨𧰨⿻丿𠃌,力
1029,1029,1029,勠,⿰⿱⿰⿹𠃌冫⿹𠃌冫⿱人彡⿻丿𠃌,力
1030,1030,1030,勡,⿰⿱⿱一&CDP-86EA;示⿻丿𠃌,力
1031,1031,1031,勧,⿰⿱𠂉⿻一隹⿻丿𠃌,力
1032,1032,1032,勤,⿰⿱廿&CDP-8A6D;⿻丿𠃌,力
1033,1033,1033,勢,⿱⿰⿱⿱⿱十一⿰丿乚⿱十一⿻九丶⿻丿𠃌,力
1034,1034,1034,勫,⿰⿱⿱丿米田⿻丿𠃌,力
1035,1035,1035,勥,⿱⿰弓⿱厶虫⿻丿𠃌,力
1036,1036,1036,勬,⿰⿱⿱丷⿻⿱一一人⿱⿰&CDP-895C;丶小⿻丿𠃌,力
1037,1037,1037,勱,⿰⿱艹禺⿻丿𠃌,力
1038,1038,1038,勪,⿰⿱⿱⿱丿⿻一人口⿵冂口⿻丿𠃌,力
1039,1039,1039,勭,⿰⿱⿱&CDP-8BAE;一⿱&CDP-8BD9;一⿻丿𠃌,力
1040,1040,1040,勩,⿰⿱世⿱目八⿻丿𠃌,力
1041,1041,1041,勯,⿰⿱⿱⿱丶一⿴囗口⿱日一⿻丿𠃌,力
1042,1042,1042,勮,⿰⿸⿸⿱⺊&CDP-88E2;⿻㇀乚⿱一𧰨⿻丿𠃌,力
1043,1043,1043,勰,⿰⿱⿻丿𠃌⿰⿻丿𠃌⿻丿𠃌⿱田心,力
1044,1044,1044,勲,⿱⿰重⿻丿𠃌灬,力
1045,1045,1045,勵,⿰⿸厂⿱艹禺⿻丿𠃌,力
1046,1046,1046,勳,⿰熏⿻丿𠃌,力
1047,1047,1047,勶,⿱⿲彳⿱⿻一厶月攵⿻丿𠃌,力
1048,1048,1048,勴,⿰⿸⿸⿱⺊&CDP-88E2;⿻㇀乚⿱田心⿻丿𠃌,力
1049,1049,1049,勸,⿰⿱艹⿱⿰口口隹⿻丿𠃌,力
1050,1050,1050,勷,⿰⿳⿱丶一&CDP-8CA3;𧘇⿻丿𠃌,力
1051,1051,1051,军,⿱冖车,冖
1052,1052,1052,农,⿻冖𧘇,冖
1053,1053,1053,冖,冖,冖
1054,1054,1054,冗,⿱冖几,冖
1055,1055,1055,冘,冘,冖
1056,1056,1056,冚,⿱冖山,冖
1057,1057,1057,写,⿱冖⿹&CDP-8BBF;一,冖
1058,1058,1058,罕,⿱⿱冖⿰丿乚干,冖
1059,1059,1059,冝,⿱冖且,冖
1060,1060,1060,冞,⿱冖米,冖
1061,1061,1061,罙,⿱⿱冖⿰丿乚木,冖
1062,1062,1062,冠,⿱冖⿺⿱一⿱一⿰丿乚寸,冖
1063,1063,1063,冟,⿱冖⿱白⿺乚丿,冖
1064,1064,1064,冦,⿱冖⿺⿱一⿱一⿰丿乚⿱⺊又,冖
1065,1065,1065,冧,⿱冖⿰木木,冖
1066,1066,1066,冥,⿱冖⿱日⿱⿱丶一八,冖
1067,1067,1067,冡,⿳冖一⿱一𧰨,冖
1068,1068,1068,冤,⿱冖⿷⿱𠂊&CDP-8BCB;丶,冖
1069,1069,1069,冢,⿱冖⿻⿱一𧰨丶,冖
1070,1070,1070,冣,⿱冖⿰耳又,冖
1071,1071,1071,冨,⿱冖⿱⿱一口田,冖
1072,1072,1072,冩,⿱冖⿱臼&CDP-8C40;,冖
1073,1073,1073,冪,⿱冖⿱⿱艹⿱日⿻一人巾,冖
1074,1074,1074,凼,⿶凵⿲㇇亅&CDP-85BF;,凵
1075,1075,1075,凵,凵,凵
1076,1076,1076,凶,⿶凵㐅,凵
1077,1077,1077,出,⿱⿻凵丨凵,凵
1078,1078,1078,击,⿱&CDP-8BF1;凵,凵
1079,1079,1079,凷,⿶凵⿱十一,凵
1080,1080,1080,凸,凸,凵
1081,1081,1081,凹,凹,凵
1082,1082,1082,函,⿶凵⿻⿱乛亅&CDP-89AE;,凵
1083,1083,1083,凾,⿶凵⿻⿱乛亅⿰口又,凵
1084,1084,1084,凿,⿶凵⿱⿱&CDP-85F0;一⿱丷干,凵
1085,1085,1085,会,⿱人⿱⿱一一厶,人
1086,1086,1086,众,⿱人⿰人人,人
1087,1087,1087,亾,⿺𠃊人,人
1088,1088,1088,仧,⿱⿱⺊一人,人
1089,1089,1089,企,⿱人止,人
1090,1090,1090,伞,⿱人&CDP-8A64;,人
1091,1091,1091,人,人,人
1092,1092,1092,个,⿱人丨,人
1093,1093,1093,亼,⿱人一,人
1094,1094,1094,亽,⿱人丶,人
1095,1095,1095,仌,⿱人人,人
1096,1096,1096,从,⿰人人,人
1097,1097,1097,仓,⿱人㔾,人
1098,1098,1098,仒,⿱人⿱丶丶,人
1099,1099,1099,介,⿱人&CDP-8BF5;,人
1100,1100,1100,今,⿱⿱人丶㇇,人
1101,1101,1101,仐,⿱人十,人
1102,1102,1102,仑,⿱人⿺乚丿,人
1103,1103,1103,以,以,人
1104,1104,1104,仄,⿸厂人,人
1105,1105,1105,仺,⿱人&CDP-89E3;,人
1106,1106,1106,令,⿱⿱人丶龴,人
1107,1107,1107,仝,⿱人工,人
1108,1108,1108,仚,⿱人山,人
1109,1109,1109,佥,⿳⿱人一𭕄一,人
1110,1110,1110,佘,⿱人示,人
1111,1111,1111,余,⿱⿱人一朩,人
1112,1112,1112,侖,⿱⿱人一⿵冂⿻十丨,人
1113,1113,1113,侌,⿱⿱⿱人丶㇇⿱⿱一一厶,人
1114,1114,1114,侴,⿱⿱人一⿰丑刂,人
1115,1115,1115,俞,⿱⿱人一⿰月刂,人
1116,1116,1116,俎,⿰⿱人人且,人
1117,1117,1117,倉,⿱⿱人丶⿸&CDP-89CE;口,人
1118,1118,1118,倝,⿰⿱十⿱日十人,人
1119,1119,1119,傘,⿱人&CDP-88A6;,人
1120,1120,1120,僉,⿳⿱人一⿰口口⿰人人,人
1121,1121,1121,僰,⿱⿰朿朿人,人
1122,1122,1122,传,⿰亻专,亻
1123,1123,1123,仯,⿰亻⿱小丿,亻
1124,1124,1124,伥,⿰亻长,亻
1125,1125,1125,伡,⿰亻车,亻
1126,1126,1126,伬,⿰亻尺,亻
1127,1127,1127,伜,⿰亻⿱九十,亻
1128,1128,1128,伧,⿰亻⿱人㔾,亻
1129,1129,1129,伄,⿰亻⿻弓丨,亻
1130,1130,1130,伅,⿰亻⿻丿⿻凵乚,亻
1131,1131,1131,仾,⿰亻⿱一彑,亻
1132,1132,1132,伔,⿰亻⿱冖几,亻
1133,1133,1133,伐,⿰亻⿻⿺⿻一乚丶丿,亻
1134,1134,1134,份,⿰亻⿱八⿹𠃌丿,亻
1135,1135,1135,伏,⿰亻犬,亻
1136,1136,1136,仹,⿰亻⿻⿱一⿱一一丨,亻
1137,1137,1137,伕,⿰亻⿻⿱一一人,亻
1138,1138,1138,仮,⿰亻⿸𠂆又,亻
1139,1139,1139,仿,⿰亻⿱⿱丶一&CDP-8B6C;,亻
1140,1140,1140,伙,⿰亻⿱八人,亻
1141,1141,1141,价,⿰亻⿱人&CDP-8BF5;,亻
1142,1142,1142,件,⿰亻牛,亻
1143,1143,1143,伎,⿰亻⿱十又,亻
1144,1144,1144,伒,⿰亻⿸𠂆⿱一丨,亻
1145,1145,1145,伉,⿰亻⿱⿱丶一几,亻
1146,1146,1146,伇,⿰亻⿱𠘧又,亻
1147,1147,1147,伃,⿰亻⿱龴⿱乛亅,亻
1148,1148,1148,伝,⿰亻⿱⿱一一厶,亻
1149,1149,1149,优,⿰亻⿺尢丶,亻
1150,1150,1150,伫,⿰亻⿱宀一,亻
1151,1151,1151,化,⿰亻⿻乚丿,亻
1152,1152,1152,仦,⿰亻小,亻
1153,1153,1153,伦,⿰亻⿱人⿺乚丿,亻
1154,1154,1154,伂,⿰亻⿻一巾,亻
1155,1155,1155,伓,⿰亻⿱一&CDP-8665;,亻
1156,1156,1156,仳,⿰亻比,亻
1157,1157,1157,伣,⿰亻见,亻
1158,1158,1158,仱,⿰亻⿱⿱人丶㇇,亻
1159,1159,1159,佢,⿰亻巨,亻
1160,1160,1160,任,⿰亻⿱丿⿱十一,亻
1161,1161,1161,伤,⿰亻⿱𠂉⿻丿𠃌,亻
1162,1162,1162,似,⿰亻以,亻
1163,1163,1163,伖,⿰亻⿸𠂇又,亻
1164,1164,1164,仼,⿰亻⿱一⿱十一,亻
1165,1165,1165,仴,⿰亻月,亻
1166,1166,1166,伟,⿰亻韦,亻
1167,1167,1167,伪,⿰亻为,亻
1168,1168,1168,伆,⿰亻⿹勹&CDP-89A6;,亻
1169,1169,1169,佤,⿰亻瓦,亻
1170,1170,1170,仵,⿰亻⿱𠂉十,亻
1171,1171,1171,伍,⿰亻⿱一𫝀,亻
1172,1172,1172,休,⿰亻木,亻
1173,1173,1173,伩,⿰亻⿱⿱丶一⿻丿乀,亻
1174,1174,1174,伨,⿰亻⿹勹冫,亻
1175,1175,1175,伈,⿰亻心,亻
1176,1176,1176,伢,⿰亻牙,亻
1177,1177,1177,伊,⿰亻⿻&CDP-8BAB;丿,亻
1178,1178,1178,仸,⿰亻⿱丿⿻一人,亻
1179,1179,1179,伛,⿰亻⿷匚㐅,亻
1180,1180,1180,仲,⿰亻⿻口丨,亻
1181,1181,1181,伀,⿰亻⿱八厶,亻
1182,1182,1182,伌,⿰亻⿸厂㔾,亻
1183,1183,1183,仰,⿰亻⿰&CDP-8CBD;卩,亻
1184,1184,1184,亻,亻,亻
1185,1185,1185,亿,⿰亻乙,亻
1186,1186,1186,仈,⿰亻八,亻
1187,1187,1187,仇,⿰亻九,亻
1188,1188,1188,仃,⿰亻⿱一亅,亻
1189,1189,1189,仏,⿰亻厶,亻
1190,1190,1190,仅,⿰亻又,亻
1191,1191,1191,仂,⿰亻⿻丿𠃌,亻
1192,1192,1192,仆,⿰亻卜,亻
1193,1193,1193,仁,⿰亻⿱一一,亻
1194,1194,1194,仍,⿰亻⿹𠄎丿,亻
1195,1195,1195,什,⿰亻十,亻
1196,1196,1196,仉,⿰亻几,亻
1197,1197,1197,仢,⿰亻⿹勹丶,亻
1198,1198,1198,仩,⿰亻⿱⺊一,亻
1199,1199,1199,代,⿰亻⿺⿻一乚丶,亻
1200,1200,1200,付,⿰亻寸,亻
1201,1201,1201,仡,⿰亻⿱𠂉乙,亻
1202,1202,1202,仠,⿰亻干,亻
1203,1203,1203,仜,⿰亻工,亻
1204,1204,1204,伋,⿰亻及,亻
1205,1205,1205,们,⿰亻门,亻
1206,1206,1206,仫,⿰亻⿱丿厶,亻
1207,1207,1207,仟,⿰亻⿱丿十,亻
1208,1208,1208,仞,⿰亻⿹⿹𠃌丿丿,亻
1209,1209,1209,仭,⿰亻⿻⿹𠃌丿乀,亻
1210,1210,1210,仕,⿰亻⿱十一,亻
1211,1211,1211,仨,⿰亻⿱一⿱一一,亻
1212,1212,1212,仛,⿰亻⿱丿⿻㇀乚,亻
1213,1213,1213,他,⿰亻也,亻
1214,1214,1214,仙,⿰亻山,亻
1215,1215,1215,仪,⿰亻⿶⿻丿乀丶,亻
1216,1216,1216,仗,⿰亻丈,亻
1217,1217,1217,仔,⿰亻子,亻
1218,1218,1218,伯,⿰亻白,亻
1219,1219,1219,伴,⿰亻⿱丷&CDP-8BF1;,亻
1220,1220,1220,佖,⿰亻⿻心丿,亻
1221,1221,1221,佈,⿰亻⿸𠂇巾,亻
1222,1222,1222,伻,⿰亻⿻干丷,亻
1223,1223,1223,佊,⿰亻皮,亻
1224,1224,1224,佨,⿰亻⿹勹巳,亻
1225,1225,1225,伺,⿰亻⿹𠃌⿱一口,亻
1226,1226,1226,佃,⿰亻田,亻
1227,1227,1227,但,⿰亻⿱日一,亻
1228,1228,1228,低,⿰亻⿱氏丶,亻
1229,1229,1229,佛,⿰亻⿻弓&CDP-8BF5;,亻
1230,1230,1230,估,⿰亻⿱十口,亻
1231,1231,1231,伽,⿰亻⿰⿻丿𠃌口,亻
1232,1232,1232,佝,⿰亻⿹勹口,亻
1233,1233,1233,何,⿰亻⿹⿱一亅口,亻
1234,1234,1234,佄,⿰亻甘,亻
1235,1235,1235,佧,⿰亻⿱⿱⺊一卜,亻
1236,1236,1236,伶,⿰亻⿱⿱人丶龴,亻
1237,1237,1237,佅,⿰亻未,亻
1238,1238,1238,伲,⿰亻⿸尸⿺乚丿,亻
1239,1239,1239,佞,⿰亻⿱⿱一一女,亻
1240,1240,1240,伮,⿰亻⿰女又,亻
1241,1241,1241,伱,⿰亻⿱人小,亻
1242,1242,1242,你,⿰亻⿱𠂊小,亻
1243,1243,1243,伾,⿰亻⿱⿱一&CDP-8665;一,亻
1244,1244,1244,伹,⿰亻且,亻
1245,1245,1245,佉,⿰亻⿱⿱十一厶,亻
1246,1246,1246,佦,⿰亻⿸⿱一丿口,亻
1247,1247,1247,伸,⿰亻申,亻
1248,1248,1248,佀,⿰亻㠯,亻
1249,1249,1249,佗,⿰亻⿱宀⿺乚丿,亻
1250,1250,1250,佟,⿰亻⿱夂⿱丶丶,亻
1251,1251,1251,体,⿰亻本,亻
1252,1252,1252,位,⿰亻⿱&CDP-8BAE;一,亻
1253,1253,1253,伭,⿰亻⿱⿱丶一⿰&CDP-895C;丶,亻
1254,1254,1254,伳,⿰亻世,亻
1255,1255,1255,佡,⿰亻⿱人山,亻
1256,1256,1256,伵,⿰亻⿴囗⿰丿乚,亻
1257,1257,1257,佚,⿰亻⿰丿⿻⿱一一人,亻
1258,1258,1258,佣,⿰亻⿵冂&CDP-8BF1;,亻
1259,1259,1259,佑,⿰亻⿸𠂇口,亻
1260,1260,1260,佒,⿰亻央,亻
1261,1261,1261,佔,⿰亻⿱⺊口,亻
1262,1262,1262,伿,⿰亻⿱口八,亻
1263,1263,1263,伷,⿰亻由,亻
1264,1264,1264,佇,⿰亻⿱宀⿱一亅,亻
1265,1265,1265,住,⿰亻⿱⿱丶一⿱十一,亻
1266,1266,1266,佋,⿰亻⿱⿹𠃌丿口,亻
1267,1267,1267,佂,⿰亻⿱一止,亻
1268,1268,1268,作,⿰亻乍,亻
1269,1269,1269,佐,⿰亻⿸𠂇工,亻
1270,1270,1270,佁,⿰亻⿱厶口,亻
1271,1271,1271,併,⿰亻⿱丷⿱一⿻一&CDP-8BF5;,亻
1272,1272,1272,佰,⿰亻⿱一白,亻
1273,1273,1273,侘,⿰亻⿱宀⿱丿⿻㇀乚,亻
1274,1274,1274,侪,⿰亻⿱⿱⿱丶一⿻丿乀&CDP-8BF5;,亻
1275,1275,1275,侙,⿰亻⿹⿺⿻一乚丶工,亻
1276,1276,1276,侈,⿰亻⿱⿴𠂊丶⿴𠂊丶,亻
1277,1277,1277,侧,⿰亻⿰贝刂,亻
1278,1278,1278,佽,⿰亻⿰冫欠,亻
1279,1279,1279,侟,⿰亻⿸&CDP-88F1;子,亻
1280,1280,1280,佌,⿰亻⿰止⿺乚丿,亻
1281,1281,1281,侢,⿰亻⿱一冉,亻
1282,1282,1282,侗,⿰亻⿵⿵冂一口,亻
1283,1283,1283,佱,⿱⿱人一⿱一止,亻
1284,1284,1284,佹,⿰亻⿸⿱𠂊厂㔾,亻
1285,1285,1285,佮,⿰亻⿱⿱人一口,亻
1286,1286,1286,供,⿰亻⿱⿱⿻十丨一八,亻
1287,1287,1287,侅,⿰亻⿳⿱丶一⿰𠃋丿人,亻
1288,1288,1288,侊,⿰亻⿱⺌⿱一⿰丿乚,亻
1289,1289,1289,佪,⿰亻⿴囗口,亻
1290,1290,1290,佸,⿰亻⿱⿱丿十口,亻
1291,1291,1291,佫,⿰亻⿱夂口,亻
1292,1292,1292,佷,⿰亻艮,亻
1293,1293,1293,佳,⿰亻⿱⿱十一⿱十一,亻
1294,1294,1294,佼,⿰亻⿱⿱丶一⿱八⿻丿乀,亻
1295,1295,1295,侥,⿰亻⿱⿻⿻一乚丿⿱一⿰丿乚,亻
1296,1296,1296,佶,⿰亻⿱⿱十一口,亻
1297,1297,1297,侭,⿰亻⿱尺⿱丶丶,亻
1298,1298,1298,侩,⿰亻⿱人⿱⿱一一厶,亻
1299,1299,1299,侉,⿰亻⿱⿻一人⿱一⿱一㇉,亻
1300,1300,1300,侃,⿰亻⿱口⿴⿰丿乚丨,亻
1301,1301,1301,來,⿻木⿰人人,亻
1302,1302,1302,例,⿰亻⿰⿱一⿴𠂊丶刂,亻
1303,1303,1303,侓,⿰亻⿻⿻&CDP-8BAB;丨⿱一一,亻
1304,1304,1304,佬,⿰亻⿸耂⿺乚丿,亻
1305,1305,1305,侣,⿰亻⿱口口,亻
1306,1306,1306,侔,⿰亻⿱厶牛,亻
1307,1307,1307,侎,⿰亻米,亻
1308,1308,1308,佲,⿰亻⿱⿴𠂊丶口,亻
1309,1309,1309,侫,⿰亻⿱⿱⿱丶一𠃊女,亻
1310,1310,1310,侬,⿰亻⿻冖𧘇,亻
1311,1311,1311,佩,⿰亻⿵几⿱一巾,亻
1312,1312,1312,侨,⿰亻⿱⿱丿⿻一人&CDP-8BF5;,亻
1313,1313,1313,佺,⿰亻⿱人⿱一⿱十一,亻
1314,1314,1314,侞,⿰亻⿰女口,亻
1315,1315,1315,侍,⿰亻⿱⿱十一寸,亻
1316,1316,1316,侁,⿰亻⿱⿰丿土⿰丿乚,亻
1317,1317,1317,使,⿰亻⿻一史,亻
1318,1318,1318,価,⿰亻⿱一&CDP-86EA;,亻
1319,1319,1319,佻,⿰亻兆,亻
1320,1320,1320,侂,⿰亻⿸广⿱丿⿻㇀乚,亻
1321,1321,1321,侹,⿰亻⿺廴⿱丿⿱十一,亻
1322,1322,1322,侤,⿰亻⿸耂⿱一㇉,亻
1323,1323,1323,侠,⿰亻⿻⿻⿱一一人丷,亻
1324,1324,1324,佭,⿰亻⿱夂㐄,亻
1325,1325,1325,俢,⿰亻⿱夂彡,亻
1326,1326,1326,侀,⿰亻⿰⿱一⿻一&CDP-8BF5;刂,亻
1327,1327,1327,侐,⿰亻⿱丿皿,亻
1328,1328,1328,侚,⿰亻⿹勹日,亻
1329,1329,1329,佯,⿰亻⿱⿱丷一&CDP-8BF1;,亻
1330,1330,1330,佾,⿰亻⿱八月,亻
1331,1331,1331,侇,⿰亻⿻⿻一人弓,亻
1332,1332,1332,侑,⿰亻⿸𠂇月,亻
1333,1333,1333,侦,⿰亻⿱⺊贝,亻
1334,1334,1334,侜,⿰亻舟,亻
1335,1335,1335,侏,⿰亻朱,亻
1336,1336,1336,佴,⿰亻耳,亻
1337,1337,1337,侕,⿰亻⿱一⿱丿⿵冂⿰丨丨,亻
1338,1338,1338,侒,⿰亻⿱宀女,亻
1339,1339,1339,依,⿰亻⿱⿱丶一𧘇,亻
1340,1340,1340,侄,⿰亻⿱⿱一厶⿱十一,亻
1341,1341,1341,便,⿰亻⿱一&CDP-89E7;,亻
1342,1342,1342,侼,⿰亻⿱⿱十冖子,亻
1343,1343,1343,保,⿰亻⿱口木,亻
1344,1344,1344,俦,⿰亻⿸⿻⿱一⿱一一丨寸,亻
1345,1345,1345,俥,⿰亻車,亻
1346,1346,1346,侱,⿰亻⿱口⿱一⿱十一,亻
1347,1347,1347,促,⿰亻⿱口龰,亻
1348,1348,1348,俤,⿰亻⿱丷⿹⿻弓丨丿,亻
1349,1349,1349,俘,⿰亻⿱⿱丿𭕄子,亻
1350,1350,1350,俌,⿰亻⿺&CDP-86B7;丶,亻
1351,1351,1351,俛,⿰亻⿱𠂊&CDP-8BCB;,亻
1352,1352,1352,俇,⿰亻⿰犭⿱一⿱十一,亻
1353,1353,1353,侯,⿰亻&CDP-8BC7;,亻
1354,1354,1354,俒,⿰亻⿱宀⿱一⿱一⿰丿乚,亻
1355,1355,1355,俭,⿰亻⿳⿱人一𭕄一,亻
1356,1356,1356,侰,⿰亻⿸⿻&CDP-8BAB;丿口,亻
1357,1357,1357,俓,⿰亻⿳一⿲𡿨𡿨𡿨工,亻
1358,1358,1358,俊,⿰亻⿳厶八夂,亻
1359,1359,1359,侷,⿰亻⿸尸⿹𠃌口,亻
1360,1360,1360,俈,⿰亻⿱⿰丿土口,亻
1361,1361,1361,俍,⿰亻⿱丶艮,亻
1362,1362,1362,俩,⿰亻⿱一&CDP-854B;,亻
1363,1363,1363,俐,⿰亻⿰⿱丿木刂,亻
1364,1364,1364,俪,⿰亻⿱一⿰⿵冂丶⿵冂丶,亻
1365,1365,1365,俫,⿰亻来,亻
1366,1366,1366,俚,⿰亻⿱&CDP-8BD9;一,亻
1367,1367,1367,侶,⿰亻⿳口丿口,亻
1368,1368,1368,侽,⿰亻⿱田⿻丿𠃌,亻
1369,1369,1369,俖,⿰亻⿱⿱一&CDP-8665;口,亻
1370,1370,1370,俜,⿰亻⿱由⿱一㇉,亻
1371,1371,1371,俔,⿰亻⿱目⿰丿乚,亻
1372,1372,1372,俏,⿰亻⿱⺌月,亻
1373,1373,1373,俅,⿰亻⿺&CDP-85DC;丶,亻
1374,1374,1374,俟,⿰亻⿱厶⿱𠂉⿻一人,亻
1375,1375,1375,侵,⿰亻⿳&CDP-8BAB;冖又,亻
1376,1376,1376,侺,⿰亻⿱山⿱⿱人丶㇇,亻
1377,1377,1377,侸,⿰亻豆,亻
1378,1378,1378,俕,⿰亻⿱宀木,亻
1379,1379,1379,俗,⿰亻谷,亻
1380,1380,1380,俬,⿰亻⿰⿱丿木厶,亻
1381,1381,1381,侻,⿰亻⿱丷⿱口⿰丿乚,亻
1382,1382,1382,俀,⿰亻⿱⿱丿𭕄女,亻
1383,1383,1383,俉,⿰亻⿱⿱一𫝀口,亻
1384,1384,1384,侮,⿰亻⿱𠂉母,亻
1385,1385,1385,俠,⿰亻⿻⿻一人⿰人人,亻
1386,1386,1386,侾,⿰亻⿸耂子,亻
1387,1387,1387,修,⿰&CDP-8B7A;⿱夂彡,亻
1388,1388,1388,係,⿰亻⿱丿⿱⿰&CDP-895C;丶小,亻
1389,1389,1389,信,⿰亻言,亻
1390,1390,1390,俆,⿰亻⿱⿱人一朩,亻
1391,1391,1391,俙,⿰亻⿱㐅⿸𠂇巾,亻
1392,1392,1392,俋,⿰亻⿱口巴,亻
1393,1393,1393,俨,⿰亻⿳一&CDP-85F0;厂,亻
1394,1394,1394,俑,⿰亻⿱龴⿵冂&CDP-8BF1;,亻
1395,1395,1395,俁,⿰亻⿺&CDP-8CD5;口,亻
1396,1396,1396,俣,⿰亻⿱口⿱一⿻一人,亻
1397,1397,1397,俧,⿰亻⿱⿱十一心,亻
1398,1398,1398,侲,⿰亻⿸厂⿱⿱一一&CDP-8CC6;,亻
1399,1399,1399,侳,⿰亻⿻⿱十一⿰人人,亻
1400,1400,1400,俄,⿰亻我,亻
1401,1401,1401,俵,⿰亻⿱龶𧘇,亻
1402,1402,1402,倸,⿰亻⿱⿱丿𭕄木,亻
1403,1403,1403,倲,⿰亻東,亻
1404,1404,1404,倃,⿰亻⿱⿺夂卜口,亻
1405,1405,1405,俻,⿰亻⿱夂田,亻
1406,1406,1406,倍,⿰亻⿱⿱&CDP-8BAE;一口,亻
1407,1407,1407,倴,⿰亻⿱⿻一人⿱十⿻一&CDP-8BF5;,亻
1408,1408,1408,倂,⿰亻⿰⿱丿干⿱丿干,亻
1409,1409,1409,俾,⿰亻⿱&CDP-89BE;十,亻
1410,1410,1410,倕,⿰亻⿳丿&CDP-876E;一,亻
1411,1411,1411,倡,⿰亻⿱日日,亻
1412,1412,1412,倘,⿰亻⿱⺌⿵冂口,亻
1413,1413,1413,俶,⿰亻⿰⿱⿱⺊一小又,亻
1414,1414,1414,倀,⿰亻⿳&CDP-884A;一&CDP-8CC6;,亻
1415,1415,1415,偖,⿰亻⿸耂日,亻
1416,1416,1416,倅,⿰亻⿱⿱⿱丶一⿰人人十,亻
1417,1417,1417,倒,⿰亻⿰⿱⿱一厶⿱十一刂,亻
1418,1418,1418,俷,⿰亻⿰月巴,亻
1419,1419,1419,俸,⿰亻⿱⿻⿱一⿱一一人&CDP-8BF1;,亻
1420,1420,1420,倣,⿰亻⿰⿱⿱丶一&CDP-8B6C;攵,亻
1421,1421,1421,俯,⿰亻⿸广⿰亻寸,亻
1422,1422,1422,倌,⿰亻⿱宀㠯,亻
1423,1423,1423,個,⿰亻⿴囗⿱十口,亻
1424,1424,1424,俰,⿰亻⿰⿱丿木口,亻
1425,1425,1425,候,⿰&CDP-8B7A;&CDP-8BC7;,亻
1426,1426,1426,倱,⿰亻⿱日比,亻
1427,1427,1427,俿,⿰亻⿸⿸⿱⺊&CDP-88E2;⿻㇀乚几,亻
1428,1428,1428,俴,⿰亻⿱⿻⿺⿻一乚丶丿⿻⿺⿻一乚丶丿,亻
1429,1429,1429,健,⿰亻⿺廴⿻⿻&CDP-8BAB;丨⿱一一,亻
1430,1430,1430,借,⿰亻⿱⿱⿻十丨一日,亻
1431,1431,1431,倢,⿰亻疌,亻
1432,1432,1432,倹,⿰亻⿱⿱人一&CDP-89F4;,亻
1433,1433,1433,倦,⿰亻⿱⿱丷⿻⿱一一人㔾,亻
1434,1434,1434,倔,⿰亻⿸尸⿱⿻凵丨凵,亻
1435,1435,1435,倞,⿰亻⿳⿱丶一口小,亻
1436,1436,1436,倶,⿰亻⿱&CDP-8BA5;八,亻
1437,1437,1437,俱,⿰亻⿱&CDP-8BA5;八,亻
1438,1438,1438,倨,⿰亻⿸尸⿱十口,亻
1439,1439,1439,倥,⿰亻⿱⿱宀八工,亻
1440,1440,1440,倆,⿰亻⿱一&CDP-8C62;,亻
1441,1441,1441,倮,⿰亻⿻日木,亻
1442,1442,1442,倈,⿰亻⿻木⿰人人,亻
1443,1443,1443,倰,⿰亻⿳⿱十一八夂,亻
1444,1444,1444,倫,⿰亻⿱⿱人一⿵冂⿻十丨,亻
1445,1445,1445,們,⿰亻⿰𠁣𠃛,亻
1446,1446,1446,倿,⿰亻⿱⿱&CDP-8BAE;一女,亻
1447,1447,1447,倪,⿰亻⿱臼⿰丿乚,亻
1448,1448,1448,倷,⿰亻⿱⿻一人示,亻
1449,1449,1449,俳,⿰亻非,亻
1450,1450,1450,倗,⿰亻⿰月月,亻
1451,1451,1451,倩,⿰亻⿱龶月,亻
1452,1452,1452,倛,⿰亻⿱&CDP-8B72;八,亻
1453,1453,1453,倾,⿰亻⿰⿺乚丿页,亻
1454,1454,1454,偌,⿰亻⿱艹⿸𠂇口,亻
1455,1455,1455,倽,⿰亻⿱人⿱⿱丿十口,亻
1456,1456,1456,倏,⿰&CDP-8B7A;⿱夂犬,亻
1457,1457,1457,倐,⿰&CDP-8B7A;⿱夂⿱八人,亻
1458,1458,1458,倠,⿰亻隹,亻
1459,1459,1459,倯,⿰亻⿰木⿱八厶,亻
1460,1460,1460,倎,⿰亻⿱&CDP-89E0;八,亻
1461,1461,1461,倓,⿰亻⿱⿱八人⿱八人,亻
1462,1462,1462,倜,⿰亻⿵⺆⿱⿱十一口,亻
1463,1463,1463,倭,⿰亻⿱⿱丿木女,亻
1464,1464,1464,倇,⿰亻⿱宀⿰⿴𠂊丶㔾,亻
1465,1465,1465,倵,⿰亻⿹&CDP-8CB8;止,亻
1466,1466,1466,俲,⿰亻⿰⿱⿱丶一⿱八⿻丿乀⿻丿𠃌,亻
1467,1467,1467,倖,⿰亻⿱⿱十一⿱丷干,亻
1468,1468,1468,俽,⿰亻⿰⿸𠂆⿱一丨欠,亻
1469,1469,1469,俹,⿰亻⿳一&CDP-88A1;一,亻
1470,1470,1470,倄,⿰亻⿱㐅⿸𠂇月,亻
1471,1471,1471,俼,⿰亻⿱⿻一厶月,亻
1472,1472,1472,倻,⿰亻⿰耳阝,亻
1473,1473,1473,偀,⿰亻⿱艹央,亻
1474,1474,1474,倚,⿰亻⿱⿻一人⿹⿱一亅口,亻
1475,1475,1475,倬,⿰亻⿱⺊⿱日十,亻
1476,1476,1476,债,⿰亻⿱龶贝,亻
1477,1477,1477,値,⿰亻⿱十&CDP-8BA5;,亻
1478,1478,1478,值,⿰亻⿱十&CDP-8BA5;,亻
1479,1479,1479,倁,⿰亻⿰⿱𠂉⿻一人口,亻
1480,1480,1480,倳,⿰亻事,亻
1481,1481,1481,倧,⿰亻⿱宀示,亻
1482,1482,1482,倊,⿰亻⿱⿱八厶心,亻
1483,1483,1483,俺,⿰亻⿱⿻一人⿻日乚,亻
1484,1484,1484,偪,⿰亻⿱⿱一口田,亻
1485,1485,1485,偡,⿰亻⿱&CDP-88C8;⿷匚⿰丿乚,亻
1486,1486,1486,偝,⿰亻⿱⿰&CDP-8BC5;⿺乚丿月,亻
1487,1487,1487,偹,⿰&CDP-8B7A;⿱夂田,亻
1488,1488,1488,偋,⿰亻⿸尸⿱丷⿱一⿻一&CDP-8BF5;,亻
1489,1489,1489,偿,⿰亻⿱⿱⺌冖⿱⿱一一厶,亻
1490,1490,1490,偛,⿰亻⿻⿱丿十臼,亻
1491,1491,1491,偁,⿰亻⿱⿱丿𭕄冉,亻
1492,1492,1492,偢,⿰亻⿰⿱丿木⿱八人,亻
1493,1493,1493,偆,⿰亻⿱⿻⿱一⿱一一人日,亻
1494,1494,1494,側,⿰亻⿰⿱目八刂,亻
1495,1495,1495,偲,⿰亻⿱田心,亻
1496,1496,1496,偳,⿰亻⿱山⿱一⿱丿⿵冂⿰丨丨,亻
1497,1497,1497,偙,⿰亻⿱&CDP-8BEC;巾,亻
1498,1498,1498,偾,⿰亻⿱⿱十⿻一&CDP-8BF5;贝,亻
1499,1499,1499,偩,⿰亻⿱𠂊⿱目八,亻
1500,1500,1500,偑,⿰亻⿵几⿱丿虫,亻
1501,1501,1501,傦,⿰亻⿱&CDP-89A9;月,亻
1502,1502,1502,偟,⿰亻⿱白⿱一⿱十一,亻
1503,1503,1503,假,⿰亻⿰&CDP-8C7A;&CDP-8C79;,亻
1504,1504,1504,偼,⿰亻⿳⺊&CDP-8BAB;龰,亻
1505,1505,1505,偈,⿰亻⿱日⿹勹⿺𠃊人,亻
1506,1506,1506,偮,⿰亻⿱口耳,亻
1507,1507,1507,傀,⿰亻⿱⿱丿田⿺⿰丿乚厶,亻
1508,1508,1508,偘,⿰亻⿱口⿰口口,亻
1509,1509,1509,偻,⿰亻⿱米女,亻
1510,1510,1510,偭,⿰亻⿱⿱一丿⿴囗&CDP-89CC;,亻
1511,1511,1511,偏,⿰亻⿸⿱丶尸⿵冂⿻十丨,亻
1512,1512,1512,偂,⿰亻⿱⿱丷一⿰月刂,亻
1513,1513,1513,偄,⿰亻⿱⿱一⿱丿⿵冂⿰丨丨⿻一人,亻
1514,1514,1514,傇,⿰亻⿱艹耳,亻
1515,1515,1515,偗,⿰亻⿱⿱小丿目,亻
1516,1516,1516,傞,⿰亻⿸⿱⿱丷一&CDP-8BF1;工,亻
1517,1517,1517,傁,⿰亻⿱&CDP-884F;又,亻
1518,1518,1518,偍,⿰亻⿱日⿱一龰,亻
1519,1519,1519,停,⿰亻⿱&CDP-8C4D;⿱一亅,亻
1520,1520,1520,偷,⿰亻⿱⿱人一⿰月刂,亻
1521,1521,1521,偸,⿰亻⿱⿱人一⿰月⿰𡿨𡿨,亻
1522,1522,1522,偒,⿰亻⿱⿱日一⿹勹&CDP-89A6;,亻
1523,1523,1523,偓,⿰亻⿸尸⿱⿱一厶⿱十一,亻
1524,1524,1524,偎,⿰亻⿳田一&CDP-8CC6;,亻
1525,1525,1525,偉,⿰亻⿳𫝀口㐄,亻
1526,1526,1526,偽,⿰亻為,亻
1527,1527,1527,偰,⿰亻⿱⿰⿻⿱一⿱一一丨⿹𠃌丿⿻一人,亻
1528,1528,1528,偞,⿰亻⿱世木,亻
1529,1529,1529,偕,⿰亻⿱比白,亻
1530,1530,1530,偱,⿰亻⿸𠂆⿱十目,亻
1531,1531,1531,偦,⿰亻⿱疋月,亻
1532,1532,1532,偐,⿰亻⿸⿱&CDP-8BAE;厂彡,亻
1533,1533,1533,偤,⿰亻⿱丷酉,亻
1534,1534,1534,偃,⿰亻⿷匚⿱日女,亻
1535,1535,1535,偠,⿰亻⿱⿱一&CDP-86EA;女,亻
1536,1536,1536,偯,⿰亻⿳⿱丶一口𧘇,亻
1537,1537,1537,偊,⿰亻禹,亻
1538,1538,1538,偫,⿰亻⿰彳⿱⿱十一寸,亻
1539,1539,1539,偅,⿰亻重,亻
1540,1540,1540,偧,⿰亻⿱⿻一人⿱⿴𠂊丶⿴𠂊丶,亻
1541,1541,1541,偵,⿰亻⿱⺊⿱目八,亻
1542,1542,1542,做,⿰亻⿰⿱十口攵,亻
1543,1543,1543,偺,⿰亻⿱⿺夂卜日,亻
1544,1544,1544,偶,⿰亻禺,亻
1545,1545,1545,偬,⿰亻⿱⿻⿹勹&CDP-89A6;丶心,亻
1546,1546,1546,偔,⿰亻⿱⿰口口⿱一⿱一㇉,亻
1547,1547,1547,偣,⿰亻⿱⿱&CDP-8BAE;一日,亻
1548,1548,1548,傍,⿰亻⿱&CDP-8BEC;⿱⿱丶一&CDP-8B6C;,亻
1549,1549,1549,備,⿰亻⿱艹⿸⿱一丿⿵冂&CDP-8BF1;,亻
1550,1550,1550,僃,⿰亻⿱艹⿹勹⿵冂&CDP-8BF1;,亻
1551,1551,1551,傡,⿰亻⿰⿱&CDP-8BAE;一⿱&CDP-8BAE;一,亻
1552,1552,1552,傧,⿰亻⿱宀⿱丘八,亻
1553,1553,1553,傗,⿰亻⿱⿱⿱丶一⿰&CDP-895C;丶田,亻
1554,1554,1554,储,⿰亻⿰讠⿸耂日,亻
1555,1555,1555,傖,⿰亻⿱⿱人丶⿸&CDP-89CE;口,亻
1556,1556,1556,偨,⿰亻⿱⿰止⿺乚丿木,亻
1557,1557,1557,傎,⿰亻⿱十⿱&CDP-8BA5;八,亻
1558,1558,1558,傣,⿰亻⿱⿻⿱一⿱一一人⿻亅&CDP-89AE;,亻
1559,1559,1559,傠,⿰亻⿰言寸,亻
1560,1560,1560,傅,⿰亻⿱⿺&CDP-86B7;丶寸,亻
1561,1561,1561,傐,⿰亻⿳⿱丶一口⿵冂口,亻
1562,1562,1562,傑,⿰亻⿱⿰⿴𠂊丶㐄木,亻
1563,1563,1563,傢,⿰亻⿱宀⿱一𧰨,亻
1564,1564,1564,傋,⿰亻⿱⿱井一冉,亻
1565,1565,1565,傕,⿰亻⿻冖隹,亻
1566,1566,1566,僆,⿰亻⿺辶車,亻
1567,1567,1567,傈,⿰亻⿱⿱一&CDP-86EA;木,亻
1568,1568,1568,傌,⿰亻⿹&CDP-896A;灬,亻
1569,1569,1569,傩,⿰亻⿰又隹,亻
1570,1570,1570,傉,⿰亻⿱⿸厂⿱⿱一一&CDP-8CC6;寸,亻
1571,1571,1571,傔,⿰亻⿱⿱丷一&CDP-8CDE;,亻
1572,1572,1572,傛,⿰亻⿱宀谷,亻
1573,1573,1573,傓,⿰亻⿸⿱丶尸⿰⿹𠃌冫⿹𠃌冫,亻
1574,1574,1574,傃,⿰亻⿱龶⿱⿰&CDP-895C;丶小,亻
1575,1575,1575,傝,⿰亻⿱日⿰⿹𠃌冫⿹𠃌冫,亻
1576,1576,1576,傏,⿰亻⿸广&CDP-8CC1;,亻
1577,1577,1577,傥,⿰亻⿱⿱⺌冖⿱口⿰丿乚,亻
1578,1578,1578,傚,⿰亻⿰⿱⿱丶一⿱八⿻丿乀攵,亻
1579,1579,1579,傄,⿰亻⿱⿻⿻一人丷目,亻
1580,1580,1580,傒,⿰亻⿱⿱丿𭕄⿱⿰&CDP-895C;丶⿻一人,亻
1581,1581,1581,傆,⿰亻⿸厂&CDP-8BC4;,亻
1582,1582,1582,傜,⿰亻⿱⿱丿𭕄缶,亻
1583,1583,1583,傊,⿰亻⿱口⿱目八,亻
1584,1584,1584,傟,⿰亻⿱⿱八厶⿰⿹𠃌冫⿹𠃌冫,亻
1585,1585,1585,傂,⿰亻⿸𠂆⿸⿸⿱⺊&CDP-88E2;⿻㇀乚几,亻
1586,1586,1586,傤,⿰亻⿹⿶⿻⿺⿻一乚丶丿十车,亻
1587,1587,1587,傲,⿰亻⿰⿱龶&CDP-8B6C;攵,亻
1588,1588,1588,傳,⿰亻⿱&CDP-8BD0;寸,亻
1589,1589,1589,傸,⿰亻⿻⿻一人⿰⿱㐅⿻丿乀⿱㐅⿻丿乀,亻
1590,1590,1590,傺,⿰亻⿱&CDP-8C4F;示,亻
1591,1591,1591,催,⿰亻⿱山隹,亻
1592,1592,1592,傪,⿰亻⿱⿱⿱厶⿰厶厶人彡,亻
1593,1593,1593,僀,⿰亻⿳&CDP-8C4B;冖巾,亻
1594,1594,1594,働,⿰亻⿰重⿻丿𠃌,亻
1595,1595,1595,僙,⿰亻⿳⿱⿻十丨一由八,亻
1596,1596,1596,傼,⿰亻&CDP-8BD3;,亻
1597,1597,1597,傹,⿰亻⿱⿱⿱&CDP-8BAE;一日⿰丿乚,亻
1598,1598,1598,像,⿰亻⿳𠂊⿴囗丨𧰨,亻
1599,1599,1599,傮,⿰亻⿱&CDP-8D61;日,亻
1600,1600,1600,僅,⿰亻⿱廿&CDP-8A6D;,亻
1601,1601,1601,傫,⿰亻⿱田⿱⿰&CDP-895C;丶小,亻
1602,1602,1602,僇,⿰亻⿱⿰⿹𠃌冫⿹𠃌冫⿱人彡,亻
1603,1603,1603,僂,⿰亻⿱&CDP-89C5;女,亻
1604,1604,1604,僈,⿰亻⿳日罒又,亻
1605,1605,1605,僄,⿰亻⿱⿱一&CDP-86EA;示,亻
1606,1606,1606,傰,⿰亻⿱山⿰月月,亻
1607,1607,1607,傶,⿰亻⿵戊⿱⿱⺊一小,亻
1608,1608,1608,傾,⿰亻⿰⿺乚丿頁,亻
1609,1609,1609,傷,⿰亻⿱𠂉⿱⿱日一⿹勹&CDP-89A6;,亻
1610,1610,1610,傻,⿰亻⿱⿱⿴⿱丿囗㐅⿰丿乚夊,亻
1611,1611,1611,傱,⿰亻⿰彳&CDP-8BB0;,亻
1612,1612,1612,僋,⿰亻⿱⿱⿱人丶㇇⿱目八,亻
1613,1613,1613,僁,⿰亻⿱⿱丿米心,亻
1614,1614,1614,僌,⿰亻⿰車攵,亻
1615,1615,1615,傿,⿰亻⿱⿱一止&CDP-8DBF;,亻
1616,1616,1616,傭,⿰亻⿸广⿻⿻&CDP-8BAB;丨月,亻
1617,1617,1617,傴,⿰亻⿷匚⿱口⿰口口,亻
1618,1618,1618,債,⿰亻⿱龶⿱目八,亻
1619,1619,1619,傽,⿰亻⿱⿱&CDP-8BAE;一⿱日十,亻
1620,1620,1620,傯,⿰亻⿱⿴⿱丿囗夂心,亻
1621,1621,1621,僠,⿰亻⿱⿱丿米田,亻
1622,1622,1622,僢,⿰亻⿱&CDP-8BB8;⿰⿴𠂊丶㐄,亻
1623,1623,1623,僝,⿰亻⿸尸⿱子⿰子子,亻
1624,1624,1624,僘,⿰亻⿰⿱⺌⿵冂口攵,亻
1625,1625,1625,僤,⿰亻⿱⿰口口&CDP-8BD9;,亻
1626,1626,1626,僜,⿰亻⿱⿰&CDP-88D3;&CDP-88D5;豆,亻
1627,1627,1627,僨,⿰亻⿱⿱十⿻一&CDP-8BF5;⿱目八,亻
1628,1628,1628,僱,⿰亻⿸⿱丶尸隹,亻
1629,1629,1629,僡,⿰亻⿱&CDP-8BD0;心,亻
1630,1630,1630,僭,⿰亻⿱⿰旡旡日,亻
1631,1631,1631,僦,⿰亻⿰⿳⿱丶一口小⿺尢丶,亻
1632,1632,1632,僬,⿰亻⿱隹灬,亻
1633,1633,1633,僥,⿰亻⿱⿱⿱十一⿰⿱十一⿱十一⿱一⿰丿乚,亻
1634,1634,1634,僒,⿰亻⿱⿱宀八⿸⿻&CDP-8BAB;丿口,亻
1635,1635,1635,儁,⿰亻⿱隹&CDP-8DDF;,亻
1636,1636,1636,僟,⿰亻⿹&CDP-8BA4;人,亻
1637,1637,1637,儆,⿰亻⿰⿱艹⿹勹口攵,亻
1638,1638,1638,儊,⿰亻⿱⿰木木疋,亻
1639,1639,1639,僚,⿰亻⿱⿱⿻⿻一人丷日小,亻
1640,1640,1640,僗,⿰亻⿱⿱⿰⿱八人⿱八人冖⿻丿𠃌,亻
1641,1641,1641,僯,⿰亻⿱米⿰⿴𠂊丶㐄,亻
1642,1642,1642,僶,⿰亻黽,亻
1643,1643,1643,僕,⿰亻⿳⿱&CDP-85F0;一⿱丷一⿻⿱一一人,亻
1644,1644,1644,僑,⿰亻⿱⿱⿱丿⿻一人口⿵冂口,亻
1645,1645,1645,僛,⿰亻⿰⿱&CDP-8B72;八欠,亻
1646,1646,1646,僐,⿰亻⿱⿱⿱⿱丷一&CDP-8BF1;⿱丷一口,亻
1647,1647,1647,僳,⿰亻⿱⿱一&CDP-86EA;米,亻
1648,1648,1648,僧,⿰亻⿱丷⿱&CDP-8B62;日,亻
1649,1649,1649,僣,⿰亻⿱⿰⿻⿱一一人⿻⿱一一人日,亻
1650,1650,1650,僓,⿰亻⿱⿱⿻口丨一⿱目八,亻
1651,1651,1651,僮,⿰亻⿱⿱&CDP-8BAE;一⿱&CDP-8BD9;一,亻
1652,1652,1652,僞,⿰亻爲,亻
1653,1653,1653,僩,⿰亻⿵⿰𠁣𠃛月,亻
1654,1654,1654,僴,⿰亻⿵⿰𠁣𠃛日,亻
1655,1655,1655,僊,⿰亻⿱⿱⿱一&CDP-86EA;⿻一人巳,亻
1656,1656,1656,僲,⿰亻⿱⿱一&CDP-86EA;⿰⿴𠂊丶㐄,亻
1657,1657,1657,僖,⿰亻⿱⿱十豆口,亻
1658,1658,1658,僷,⿰亻⿱艹⿱世木,亻
1659,1659,1659,僪,⿰亻⿱⿱龴⿹⿱乛亅丿⿵冂⿱八口,亻
1660,1660,1660,僎,⿰亻⿱⿰巳巳⿱⿱⿻十丨一八,亻
1661,1661,1661,僔,⿰亻⿱⿱丷酉寸,亻
1662,1662,1662,僫,⿰亻⿱⿳一&CDP-88A1;一心,亻
1663,1663,1663,儃,⿰亻⿱⿱⿱丶一⿴囗口⿱日一,亻
1664,1664,1664,儏,⿰亻⿱⿰⿱⺊⿴𠂊丶又米,亻
1665,1665,1665,儋,⿰亻⿸⿱𠂊厂&CDP-8CC3;,亻
1666,1666,1666,儅,⿰亻⿱⿱⿱⺌冖口田,亻
1667,1667,1667,僼,⿰亻⿱曲豆,亻
1668,1668,1668,價,⿰亻⿱⿱一&CDP-86EA;⿱目八,亻
1669,1669,1669,僵,⿰亻⿳&CDP-8D5E;&CDP-8D5E;一,亻
1670,1670,1670,儉,⿰亻⿳⿱人一⿰口口⿰人人,亻
1671,1671,1671,儌,⿰亻⿰⿱白⿱⿱丶一&CDP-8B6C;攵,亻
1672,1672,1672,僸,⿰亻⿱⿰木木示,亻
1673,1673,1673,儈,⿰亻⿱⿱人一⿱&CDP-8B62;日,亻
1674,1674,1674,儚,⿰亻⿳⿱艹罒冖⿴𠂊丶,亻
1675,1675,1675,儂,⿰亻⿱曲⿸厂⿱⿱一一&CDP-8CC6;,亻
1676,1676,1676,僻,⿰亻⿰⿸尸口⿱⿱&CDP-8BAE;一十,亻
1677,1677,1677,儙,⿰亻⿺辶⿱⿱⿻口丨一㠯,亻
1678,1678,1678,僺,⿰亻⿱⿱口⿰口口木,亻
1679,1679,1679,儍,⿰亻⿳⿶凵⿻㐅⿳丶⿰丶丶丶八夂,亻
1680,1680,1680,僿,⿰亻⿱⿳宀⿱井一八⿱十一,亻
1681,1681,1681,儇,⿰亻⿳罒⿱一口𧘇,亻
1682,1682,1682,億,⿰亻⿱⿱⿱&CDP-8BAE;一日心,亻
1683,1683,1683,儀,⿰亻⿱⿱⿱丷一⿱十一我,亻
1684,1684,1684,僽,⿰亻⿱⿰⿱丿木⿱八人心,亻
1685,1685,1685,儓,⿰亻⿳⿱⿱十一口冖⿱⿱一厶⿱十一,亻
1686,1686,1686,儛,⿰亻⿱&CDP-8BBE;⿰⿴𠂊丶㐄,亻
1687,1687,1687,儎,⿰亻⿹⿶⿻⿺⿻一乚丶丿十車,亻
1688,1688,1688,僾,⿰亻⿱&CDP-8BB8;⿱心夂,亻
1689,1689,1689,儐,⿰亻⿱&CDP-8D74;⿱目八,亻
1690,1690,1690,儕,⿰亻⿱&CDP-8DEB;&CDP-89C6;,亻
1691,1691,1691,儔,⿰亻⿳⿳⿱十一乛工一⿰口寸,亻
1692,1692,1692,儫,⿰亻⿱&CDP-8C4D;⿱一𧰨,亻
1693,1693,1693,儘,⿰亻⿱⿱⿱⿻&CDP-8BAB;丨一灬皿,亻
1694,1694,1694,儣,⿰亻⿸广⿳⿱⿻十丨一由八,亻
1695,1695,1695,儖,⿰亻⿱⿰臣&CDP-89BC;皿,亻
1696,1696,1696,儜,⿰亻⿱⿱宀⿱心皿⿱一亅,亻
1697,1697,1697,儗,⿰亻⿰⿱⿺乚丿⿱𠂉⿻一人⿱龴疋,亻
1698,1698,1698,儞,⿰亻⿱一&CDP-88D6;,亻
1699,1699,1699,儝,⿰亻⿱⿱⿰⿱八人⿱八人冖木,亻
1700,1700,1700,儒,⿰亻⿱⿱一⿻冂&CDP-8C41;⿱一⿱丿⿵冂⿰丨丨,亻
1701,1701,1701,儑,⿰亻⿱日⿱⿰⿰&CDP-895C;丶⿰&CDP-895C;丶灬,亻
1702,1702,1702,儦,⿰亻⿸⿸&CDP-8D56;比灬,亻
1703,1703,1703,儤,⿰亻⿱日⿱⿱⿱⿻十丨一八⿻亅&CDP-89AE;,亻
1704,1704,1704,償,⿰亻⿱⿱⿱⺌冖口⿱目八,亻
1705,1705,1705,儲,⿰亻⿰言⿸耂日,亻
1706,1706,1706,儠,⿰亻⿳⿲𡿨𡿨𡿨⿴囗㐅&CDP-8D46;,亻
1707,1707,1707,儡,⿰亻⿱田⿰田田,亻
1708,1708,1708,儢,⿰亻⿸⿸⿱⺊&CDP-88E2;⿻㇀乚⿱田心,亻
1709,1709,1709,儬,⿰亻⿰⿱龶月⿱目⿰丿乚,亻
1710,1710,1710,儩,⿰亻⿰⿱目八⿱日⿹勹&CDP-89A6;,亻
1711,1711,1711,儰,⿰亻⿱艹爲,亻
1712,1712,1712,儥,⿰亻⿱⿱十一⿱罒⿱目八,亻
1713,1713,1713,優,⿰亻⿱⿱&CDP-8CD4;心夂,亻
1714,1714,1714,儨,⿰亻⿱⿰⿸𠂆⿱一丨⿸𠂆⿱一丨⿱目八,亻
1715,1715,1715,儧,⿰亻⿱⿰⿻⿱一一人⿻⿱一一人⿱目八,亻
1716,1716,1716,儭,⿰亻⿰⿱⿱&CDP-8BAE;一朩⿱目⿰丿乚,亻
1717,1717,1717,儮,⿰亻⿸⿸厂⿰⿱丿木⿱丿木止,亻
1718,1718,1718,儱,⿰亻⿰⿱⿱&CDP-8BAE;一月&CDP-89B0;,亻
1719,1719,1719,儵,⿰&CDP-8B7A;⿱夂⿱&CDP-88D4;灬,亻
1720,1720,1720,儯,⿰亻⿱⿱丷⿻⿱一一人⿹&CDP-896A;灬,亻
1721,1721,1721,儳,⿰亻⿱⿱⿱𠂊口比⿷⿱𠂊&CDP-8BCB;丶,亻
1722,1722,1722,儴,⿰亻⿳⿱丶一&CDP-8CA3;𧘇,亻
1723,1723,1723,儹,⿰亻⿱⿰⿱⿰丿土⿰丿乚⿱⿰丿土⿰丿乚⿱目八,亻
1724,1724,1724,儶,⿰亻⿱⿱山隹⿵冂⿱八口,亻
1725,1725,1725,儸,⿰亻⿱罒⿰⿱⿰&CDP-895C;丶&CDP-885E;隹,亻
1726,1726,1726,儷,⿰亻⿱⿰⿱一⿵冂一⿱一⿵冂一⿸&CDP-8D56;比,亻
1727,1727,1727,儺,⿰亻⿰&CDP-8BD3;隹,亻
1728,1728,1728,儼,⿰亻⿱⿰口口⿸厂⿰⿱乛耳攵,亻
1729,1729,1729,儻,⿰亻⿱⿱⿱⺌冖口⿱&CDP-88D4;灬,亻
1730,1730,1730,儽,⿰亻⿱⿱田⿰田田⿱⿰&CDP-895C;丶小,亻
1731,1731,1731,儾,⿰亻⿳&CDP-8DDD;冖⿱&CDP-8CA3;𧘇,亻
1732,1732,1732,兦,⿺𠃊入,入
1733,1733,1733,全,⿱人⿱一⿱十一,入
1734,1734,1734,入,入,入
1735,1735,1735,內,⿻冂入,入
1736,1736,1736,兪,⿱⿱人一⿰月⿰𡿨𡿨,入
1737,1737,1737,华,⿱⿰亻⿻乚丿十,十
1738,1738,1738,卋,⿱十廿,十
1739,1739,1739,协,⿰十⿻⿻丿𠃌八,十
1740,1740,1740,十,十,十
1741,1741,1741,卄,⿻十丨,十
1742,1742,1742,千,⿱丿十,十
1743,1743,1743,卂,⿹⺄十,十
1744,1744,1744,升,⿱丿⿻一&CDP-8BF5;,十
1745,1745,1745,卅,⿻川一,十
1746,1746,1746,卍,卍,十
1747,1747,1747,卐,卐,十
1748,1748,1748,午,⿱𠂉十,十
1749,1749,1749,卆,⿱九十,十
1750,1750,1750,半,⿱丷&CDP-8BF1;,十
1751,1751,1751,卉,⿱十⿻一&CDP-8BF5;,十
1752,1752,1752,卌,卌,十
1753,1753,1753,克,⿱⿱十口⿰丿乚,十
1754,1754,1754,卑,⿱&CDP-89BE;十,十
1755,1755,1755,单,⿱丷&CDP-8BD9;,十
1756,1756,1756,卒,⿱⿱⿱丶一⿰人人十,十
1757,1757,1757,卖,⿱十⿱乛头,十
1758,1758,1758,協,⿰十⿱⿻丿𠃌⿰⿻丿𠃌⿻丿𠃌,十
1759,1759,1759,卓,⿱⺊⿱日十,十
1760,1760,1760,単,⿱𭕄&CDP-8BD9;,十
1761,1761,1761,南,⿱十&CDP-8BDC;,十
1762,1762,1762,卙,⿰⿱&CDP-88C8;⿷匚⿰丿乚十,十
1763,1763,1763,博,⿰十⿱⿺&CDP-86B7;丶寸,十
1764,1764,1764,亁,⿰⿱十⿱日干⿱𠂉乙,十
1765,1765,1765,喪,⿱&CDP-88A5;&CDP-8CC6;,十
1766,1766,1766,卛,⿱⿲⿱⿰&CDP-895C;丶小言⿱⿰&CDP-895C;丶小十,十
1767,1767,1767,厾,⿹⺄⿱⿱十一厶,厶
1768,1768,1768,厽,⿱厶⿰厶厶,厶
1769,1769,1769,厶,厶,厶
1770,1770,1770,厷,⿸𠂇厶,厶
1771,1771,1771,厸,⿰厶厶,厶
1772,1772,1772,厹,⿱九厶,厶
1773,1773,1773,厼,⿱厶小,厶
1774,1774,1774,厺,⿱⿻一人厶,厶
1775,1775,1775,去,⿱⿱十一厶,厶
1776,1776,1776,县,⿱且厶,厶
1777,1777,1777,参,⿳厶⿻一人彡,厶
1778,1778,1778,亝,⿱⿱厶⿰厶厶⿱一一,厶
1779,1779,1779,叁,⿳厶⿻一人⿱一⿱一一,厶
1780,1780,1780,叀,⿱⿻一由厶,厶
1781,1781,1781,參,⿱⿱⿱厶⿰厶厶人彡,厶
1782,1782,1782,叄,⿱⿱⿱厶⿰厶厶人⿱一⿱一一,厶
1783,1783,1783,叅,⿱⿱⿱厶⿰厶厶人⿰小丶,厶
1784,1784,1784,叆,⿰⿱⿱一一厶⿱&CDP-8BB8;⿸𠂇又,厶
1785,1785,1785,叇,⿰⿱⿱一一厶⿺辶隶,厶
1786,1786,1786,充,⿱⿻一厶⿰丿乚,亠
1787,1787,1787,产,⿱&CDP-8BAE;厂,亠
1788,1788,1788,亥,⿳⿱丶一⿰𠃋丿人,亠
1789,1789,1789,交,⿱⿱丶一⿱八⿻丿乀,亠
1790,1790,1790,亦,⿱⿱丶一&CDP-8CB5;,亠
1791,1791,1791,亡,⿱⿱丶一𠃊,亠
1792,1792,1792,亠,⿱丶一,亠
1793,1793,1793,亣,⿱丶⿱一&CDP-8BF5;,亠
1794,1794,1794,亢,⿱⿱丶一几,亠
1795,1795,1795,亨,⿳⿱丶一口⿱乛亅,亠
1796,1796,1796,亩,⿱⿱丶一田,亠
1797,1797,1797,亪,⿱⿱⿱丶一&CDP-8CB5;乁,亠
1798,1798,1798,京,⿳⿱丶一口小,亠
1799,1799,1799,享,⿳⿱丶一口子,亠
1800,1800,1800,兖,⿱⿱丶一⿱⿱八厶⿰丿乚,亠
1801,1801,1801,亰,⿱⿱丶一&CDP-8CED;,亠
1802,1802,1802,亮,⿱&CDP-8C4D;几,亠
1803,1803,1803,亭,⿱&CDP-8C4D;⿱一亅,亠
1804,1804,1804,亯,⿳⿱丶一口日,亠
1805,1805,1805,亱,⿱⿱丶一⿰亻⿱日一,亠
1806,1806,1806,兗,⿱⿱丶一⿱八⿱口⿰丿乚,亠
1807,1807,1807,亳,⿱&CDP-8C4D;⿱丿⿻㇀乚,亠
1808,1808,1808,亴,⿳&CDP-8C4D;⿱十一九,亠
1809,1809,1809,亵,⿳⿱丶一⿰扌⿻九丶𧘇,亠
1810,1810,1810,亶,⿱⿱⿱丶一⿴囗口⿱日一,亠
1811,1811,1811,亷,⿸⿱&CDP-8BAE;厂&CDP-8CDE;,亠
1812,1812,1812,亸,⿰⿳⿱丶一口子⿱丷&CDP-8BD9;,亠
1813,1813,1813,亹,⿱⿱丶一⿱⿶&CDP-8B64;⿵⿵冂一口且,亠
1814,1814,1814,匸,匸,匸
1815,1815,1815,讽,⿰讠⿵几㐅,讠
1816,1816,1816,访,⿰讠⿱⿱丶一&CDP-8B6C;,讠
1817,1817,1817,讳,⿰讠韦,讠
1818,1818,1818,讲,⿰讠井,讠
1819,1819,1819,诀,⿰讠⿻𠃍⿻一人,讠
1820,1820,1820,讵,⿰讠巨,讠
1821,1821,1821,论,⿰讠⿱人⿺乚丿,讠
1822,1822,1822,讷,⿰讠⿻冂人,讠
1823,1823,1823,设,⿰讠⿱𠘧又,讠
1824,1824,1824,讼,⿰讠⿱八厶,讠
1825,1825,1825,讻,⿰讠⿶凵㐅,讠
1826,1826,1826,许,⿰讠⿱𠂉十,讠
1827,1827,1827,讶,⿰讠牙,讠
1828,1828,1828,讹,⿰讠⿰亻⿻乚丿,讠
1829,1829,1829,讴,⿰讠⿷匚㐅,讠
1830,1830,1830,讠,讠,讠
1831,1831,1831,订,⿰讠⿱一亅,讠
1832,1832,1832,讣,⿰讠卜,讠
1833,1833,1833,计,⿰讠十,讠
1834,1834,1834,讥,⿰讠几,讠
1835,1835,1835,认,⿰讠人,讠
1836,1836,1836,讧,⿰讠工,讠
1837,1837,1837,讦,⿰讠干,讠
1838,1838,1838,记,⿰讠己,讠
1839,1839,1839,讫,⿰讠⿱𠂉乙,讠
1840,1840,1840,让,⿰讠⿱⺊一,讠
1841,1841,1841,讱,⿰讠⿹⿹𠃌丿丿,讠
1842,1842,1842,讪,⿰讠山,讠
1843,1843,1843,讬,⿰讠⿱丿⿻㇀乚,讠
1844,1844,1844,讨,⿰讠寸,讠
1845,1845,1845,训,⿰讠川,讠
1846,1846,1846,讯,⿰讠⿹⺄十,讠
1847,1847,1847,议,⿰讠⿶⿻丿乀丶,讠
1848,1848,1848,诐,⿰讠皮,讠
1849,1849,1849,词,⿰讠⿹𠃌⿱一口,讠
1850,1850,1850,诋,⿰讠⿱氏丶,讠
1851,1851,1851,诂,⿰讠⿱十口,讠
1852,1852,1852,诃,⿰讠⿹⿱一亅口,讠
1853,1853,1853,评,⿰讠⿻干丷,讠
1854,1854,1854,诎,⿰讠⿱⿻凵丨凵,讠
1855,1855,1855,识,⿰讠⿱口八,讠
1856,1856,1856,诉,⿰讠⿻⿸𠂆⿱一丨丶,讠
1857,1857,1857,诇,⿰讠⿵冂口,讠
1858,1858,1858,诌,⿰讠⿱𠂊彐,讠
1859,1859,1859,诅,⿰讠且,讠
1860,1860,1860,译,⿰讠⿱又&CDP-8BF1;,讠
1861,1861,1861,诒,⿰讠⿱厶口,讠
1862,1862,1862,诈,⿰讠乍,讠
1863,1863,1863,诏,⿰讠⿱⿹𠃌丿口,讠
1864,1864,1864,证,⿰讠⿱一止,讠
1865,1865,1865,诊,⿰讠⿱人彡,讠
1866,1866,1866,诧,⿰讠⿱宀⿱丿⿻㇀乚,讠
1867,1867,1867,诚,⿰讠⿵戊𠃌,讠
1868,1868,1868,诞,⿰讠⿺廴⿱丿&CDP-8960;,讠
1869,1869,1869,诖,⿰讠⿱⿱十一⿱十一,讠
1870,1870,1870,诡,⿰讠⿸⿱𠂊厂㔾,讠
1871,1871,1871,诟,⿰讠⿸⿸𠂆一口,讠
1872,1872,1872,该,⿰讠⿳⿱丶一⿰𠃋丿人,讠
1873,1873,1873,话,⿰讠⿱⿱丿十口,讠
1874,1874,1874,诙,⿰讠⿸𠂇⿱八人,讠
1875,1875,1875,诨,⿰讠⿱冖车,讠
1876,1876,1876,诘,⿰讠⿱⿱十一口,讠
1877,1877,1877,诓,⿰讠⿷匚⿱一⿱十一,讠
1878,1878,1878,诔,⿰讠⿻一未,讠
1879,1879,1879,诠,⿰讠⿱人⿱一⿱十一,讠
1880,1880,1880,试,⿰讠⿹⿺⿻一乚丶工,讠
1881,1881,1881,诜,⿰讠⿱⿰丿土⿰丿乚,讠
1882,1882,1882,诗,⿰讠⿱⿱十一寸,讠
1883,1883,1883,详,⿰讠⿱⿱丷一&CDP-8BF1;,讠
1884,1884,1884,询,⿰讠⿹勹日,讠
1885,1885,1885,诩,⿰讠⿰⿹𠃌冫⿹𠃌冫,讠
1886,1886,1886,诣,⿰讠⿱⿺乚丿日,讠
1887,1887,1887,诛,⿰讠朱,讠
1888,1888,1888,诤,⿰讠⿱𠂊&CDP-8BFE;,讠
1889,1889,1889,诰,⿰讠⿱⿰丿土口,讠
1890,1890,1890,诲,⿰讠⿱𠂉母,讠
1891,1891,1891,诫,⿰讠⿹⿻⿺⿻一乚丶丿⿻一&CDP-8BF5;,讠
1892,1892,1892,诳,⿰讠⿰犭⿱一⿱十一,讠
1893,1893,1893,诮,⿰讠⿱⺌月,讠
1894,1894,1894,说,⿰讠⿱丷⿱口⿰丿乚,讠
1895,1895,1895,诵,⿰讠⿱龴⿵冂&CDP-8BF1;,讠
1896,1896,1896,误,⿰讠⿱口⿱一⿻一人,讠
1897,1897,1897,诬,⿰讠⿻工⿰人人,讠
1898,1898,1898,诱,⿰讠⿱⿱丿木⿹𠄎丿,讠
1899,1899,1899,语,⿰讠⿱⿱一𫝀口,讠
1900,1900,1900,诪,⿰讠⿸⿻⿱一⿱一一丨寸,讠
1901,1901,1901,诶,⿰讠⿱厶⿱𠂉⿻一人,讠
1902,1902,1902,谄,⿰讠⿱勹臼,讠
1903,1903,1903,调,⿰讠⿵⺆⿱⿱十一口,讠
1904,1904,1904,读,⿰讠⿱十⿱乛头,讠
1905,1905,1905,诽,⿰讠非,讠
1906,1906,1906,课,⿰讠⿻日木,讠
1907,1907,1907,谅,⿰讠⿳⿱丶一口小,讠
1908,1908,1908,诺,⿰讠⿱艹⿸𠂇口,讠
1909,1909,1909,请,⿰讠⿱龶月,讠
1910,1910,1910,谁,⿰讠隹,讠
1911,1911,1911,谂,⿰讠⿱⿱⿱人丶㇇心,讠
1912,1912,1912,谉,⿰讠⿱宀申,讠
1913,1913,1913,谇,⿰讠⿱⿱⿱丶一⿰人人十,讠
1914,1914,1914,谈,⿰讠⿱⿱八人⿱八人,讠
1915,1915,1915,诿,⿰讠⿱⿱丿木女,讠
1916,1916,1916,谊,⿰讠⿱宀且,讠
1917,1917,1917,谀,⿰讠⿻臼人,讠
1918,1918,1918,诼,⿰讠⿻⿱一𧰨丶,讠
1919,1919,1919,诸,⿰讠⿸耂日,讠
1920,1920,1920,谆,⿰讠⿳⿱丶一口子,讠
1921,1921,1921,诹,⿰讠⿰耳又,讠
1922,1922,1922,谌,⿰讠⿱&CDP-88C8;⿷匚⿰丿乚,讠
1923,1923,1923,谜,⿰讠⿺辶米,讠
1924,1924,1924,谝,⿰讠⿸⿱丶尸⿵冂⿻十丨,讠
1925,1925,1925,谗,⿰讠⿱⿱𠂊&CDP-8BCB;⿱丶丶,讠
1926,1926,1926,谍,⿰讠⿱世木,讠
1927,1927,1927,谛,⿰讠⿱&CDP-8BEC;巾,讠
1928,1928,1928,谎,⿰讠⿱艹⿱⿱⿱丶一𠃊⿴⿰丿乚丨,讠
1929,1929,1929,谏,⿰讠柬,讠
1930,1930,1930,谋,⿰讠⿱甘木,讠
1931,1931,1931,谓,⿰讠⿱田月,讠
1932,1932,1932,谐,⿰讠⿱比白,讠
1933,1933,1933,谑,⿰讠⿸⿸⿱⺊&CDP-88E2;⿻㇀乚&CDP-8DC1;,讠
1934,1934,1934,谖,⿰讠⿳⿱丿𭕄一⿸𠂇又,讠
1935,1935,1935,谞,⿰讠⿱疋月,讠
1936,1936,1936,谚,⿰讠⿸⿱&CDP-8BAE;厂彡,讠
1937,1937,1937,谒,⿰讠⿱日⿹勹⿺𠃊人,讠
1938,1938,1938,谕,⿰讠⿱⿱人一⿰月刂,讠
1939,1939,1939,谘,⿰讠⿱⿰冫欠口,讠
1940,1940,1940,谙,⿰讠⿱⿱&CDP-8BAE;一日,讠
1941,1941,1941,谔,⿰讠⿱⿰口口⿱一⿱一㇉,讠
1942,1942,1942,谤,⿰讠⿱&CDP-8BEC;⿱⿱丶一&CDP-8B6C;,讠
1943,1943,1943,谠,⿰讠⿱⿱⺌冖⿱口⿰丿乚,讠
1944,1944,1944,谧,⿰讠⿱⿻心丿皿,讠
1945,1945,1945,谟,⿰讠⿱艹⿱日⿻一人,讠
1946,1946,1946,谦,⿰讠⿱⿱丷一&CDP-8CDE;,讠
1947,1947,1947,谥,⿰讠⿱&CDP-8CF0;皿,讠
1948,1948,1948,谡,⿰讠⿳田八夂,讠
1949,1949,1949,谫,⿰讠⿱⿱⿱丷一⿰月刂⿹𠃌丿,讠
1950,1950,1950,谢,⿰讠⿰身寸,讠
1951,1951,1951,谣,⿰讠⿱⿱丿𭕄缶,讠
1952,1952,1952,谨,⿰讠⿱廿&CDP-8A6D;,讠
1953,1953,1953,谬,⿰讠⿱⿰⿹𠃌冫⿹𠃌冫⿱人彡,讠
1954,1954,1954,谩,⿰讠⿳日罒又,讠
1955,1955,1955,谪,⿰讠⿱&CDP-8BAE;&CDP-8C6C;,讠
1956,1956,1956,谲,⿰讠⿱⿱龴⿹⿱乛亅丿⿵冂⿱八口,讠
1957,1957,1957,谰,⿰讠⿵门柬,讠
1958,1958,1958,谱,⿰讠⿱⿱⿱丷一⿱&CDP-85F0;一日,讠
1959,1959,1959,谯,⿰讠⿱隹灬,讠
1960,1960,1960,谭,⿰讠⿱⿱一&CDP-86EA;⿱日十,讠
1961,1961,1961,谮,⿰讠⿱⿰旡旡日,讠
1962,1962,1962,谴,⿰讠⿺辶⿱⿱⿻口丨一㠯,讠
1963,1963,1963,谳,⿰讠⿰⿱十&CDP-8BDC;犬,讠
1964,1964,1964,谵,⿰讠⿸⿱𠂊厂&CDP-8CC3;,讠
1965,1965,1965,谶,⿰讠⿹⿶⿻⿺⿻一乚丶丿⿰人人⿱非一,讠
1966,1966,1966,廷,⿺廴⿱丿⿱十一,廴
1967,1967,1967,延,⿺廴⿱丿&CDP-8960;,廴
1968,1968,1968,廴,廴,廴
1969,1969,1969,廵,⿺廴⿲𡿨𡿨𡿨,廴
1970,1970,1970,廸,⿺廴由,廴
1971,1971,1971,廹,⿺廴白,廴
1972,1972,1972,廻,⿺廴⿴囗口,廴
1973,1973,1973,建,⿺廴⿻⿻&CDP-8BAB;丨⿱一一,廴
1974,1974,1974,廼,⿺廴⿱一⿻⿰丿乚口,廴
1975,1975,1975,廽,⿺廴⿴囗&CDP-89CC;,廴
1976,1976,1976,叒,⿱又⿰又又,又
1977,1977,1977,又,又,又
1978,1978,1978,叉,⿴又丶,又
1979,1979,1979,及,及,又
1980,1980,1980,反,⿸𠂆又,又
1981,1981,1981,双,⿰又又,又
1982,1982,1982,収,⿰丩又,又
1983,1983,1983,友,⿸𠂇又,又
1984,1984,1984,叐,⿱丿⿸𠂇又,又
1985,1985,1985,发,发,又
1986,1986,1986,叏,⿱&CDP-89B3;又,又
1987,1987,1987,叓,⿱&CDP-8DDD;又,又
1988,1988,1988,变,⿱⿱⿱丶一&CDP-8CB5;又,又
1989,1989,1989,取,⿰耳又,又
1990,1990,1990,受,⿱&CDP-8BB8;又,又
1991,1991,1991,叔,⿰⿱⿱⺊一小又,又
1992,1992,1992,叕,⿱⿰又又⿰又又,又
1993,1993,1993,叚,⿰&CDP-8C7A;&CDP-8C79;,又
1994,1994,1994,叝,⿰⿱⿱十一厶⿸卩又,又
1995,1995,1995,叛,⿰⿱丷&CDP-8BF1;⿸𠂆又,又
1996,1996,1996,叜,⿱宀⿱⿱八人又,又
1997,1997,1997,叟,⿱&CDP-884F;又,又
1998,1998,1998,叙,⿰⿱⿱人一朩又,又
1999,1999,1999,叞,⿰⿸尸示又,又
2000,2000,2000,叠,⿱⿱又⿰又又⿱冖且,又
2001,2001,2001,叡,⿰⿳⿱⺊⿵冂一八⿱人目又,又
2002,2002,2002,叢,⿱⿱⿱&CDP-85F0;一⿱丷干⿰耳又,又
2003,2003,2003,芆,⿱艹⿴又丶,艹
2004,2004,2004,芏,⿱艹⿱十一,艹
2005,2005,2005,芉,⿱艹干,艹
2006,2006,2006,芐,⿱艹⿱一卜,艹
2007,2007,2007,芨,⿱艹及,艹
2008,2008,2008,芋,⿱艹于,艹
2009,2009,2009,芌,⿱艹⿱一⿱一㇉,艹
2010,2010,2010,芇,⿱艹巾,艹
2011,2011,2011,芒,⿱艹⿱⿱丶一𠃊,艹
2012,2012,2012,芃,⿱艹⿵几丶,艹
2013,2013,2013,芊,⿱艹⿱丿十,艹
2014,2014,2014,芍,⿱艹⿹勹丶,艹
2015,2015,2015,芑,⿱艹己,艹
2016,2016,2016,芕,⿱艹⿴𠂊丶,艹
2017,2017,2017,芄,⿱艹⿻九丶,艹
2018,2018,2018,芗,⿱艹乡,艹
2019,2019,2019,芎,⿱艹弓,艹
2020,2020,2020,芅,⿱艹⿺⿻一乚丶,艹
2021,2021,2021,芖,⿱艹⿻一人,艹
2022,2022,2022,芝,⿱艹⿱丶&CDP-8661;,艹
2023,2023,2023,芓,⿱艹子,艹
2024,2024,2024,艹,艹,艹
2025,2025,2025,艺,⿱艹乙,艹
2026,2026,2026,艼,⿱艹⿱一亅,艹
2027,2027,2027,节,⿱艹&CDP-8A60;,艹
2028,2028,2028,艽,⿱艹九,艹
2029,2029,2029,艻,⿱艹⿻丿𠃌,艹
2030,2030,2030,艿,⿱艹⿹𠄎丿,艹
2031,2031,2031,芁,⿱艹几,艹
2032,2032,2032,芀,⿱艹⿹𠃌丿,艹
2033,2033,2033,艾,⿱艹⿻丿乀,艹
2034,2034,2034,苄,⿱艹⿱丶⿱一卜,艹
2035,2035,2035,芘,⿱艹比,艹
2036,2036,2036,芭,⿱艹巴,艹
2037,2037,2037,苂,⿱艹⿱八人,艹
2038,2038,2038,苌,⿱艹长,艹
2039,2039,2039,苍,⿱艹⿱人㔾,艹
2040,2040,2040,苁,⿱艹⿰人人,艹
2041,2041,2041,芾,⿱艹⿻一巾,艹
2042,2042,2042,芙,⿱艹⿻⿱一一人,艹
2043,2043,2043,芣,⿱艹⿱一&CDP-8665;,艹
2044,2044,2044,芳,⿱艹⿱⿱丶一&CDP-8B6C;,艹
2045,2045,2045,芬,⿱艹⿱八⿹𠃌丿,艹
2046,2046,2046,芥,⿱艹⿱人&CDP-8BF5;,艹
2047,2047,2047,芶,⿱艹⿹勹厶,艹
2048,2048,2048,花,⿱艹⿰亻⿻乚丿,艹
2049,2049,2049,苀,⿱艹⿱⿱丶一几,艹
2050,2050,2050,芴,⿱艹⿹勹&CDP-89A6;,艹
2051,2051,2051,芵,⿱艹⿻𠃍⿻一人,艹
2052,2052,2052,芰,⿱艹⿱十又,艹
2053,2053,2053,苣,⿱艹巨,艹
2054,2054,2054,芤,⿱艹⿰子乚,艹
2055,2055,2055,苈,⿱艹⿸厂⿻丿𠃌,艹
2056,2056,2056,芦,⿱艹⿱丶尸,艹
2057,2057,2057,芲,⿳艹人⿻乚丿,艹
2058,2058,2058,芼,⿱艹⿱丿&CDP-8A43;,艹
2059,2059,2059,苉,⿱艹⿷匚⿰丿乚,艹
2060,2060,2060,芡,⿱艹欠,艹
2061,2061,2061,茾,⿱艹⿱一⿻一&CDP-8BF5;,艹
2062,2062,2062,苆,⿱艹⿰⿻㇀乚⿹𠃌丿,艹
2063,2063,2063,芞,⿱艹⿳𠂉一乁,艹
2064,2064,2064,芪,⿱艹氏,艹
2065,2065,2065,芩,⿱艹⿱⿱人丶㇇,艹
2066,2066,2066,芹,⿱艹⿸𠂆⿱一丨,艹
2067,2067,2067,芮,⿱艹⿻冂人,艹
2068,2068,2068,芢,⿱艹⿰亻⿱一一,艹
2069,2069,2069,芿,⿱艹⿰亻⿹𠄎丿,艹
2070,2070,2070,芟,⿱艹⿱𠘧又,艹
2071,2071,2071,苏,⿱艹⿻⿻丿𠃌八,艹
2072,2072,2072,芚,⿱艹⿻丿⿻凵乚,艹
2073,2073,2073,芠,⿱艹⿱⿱丶一⿻丿乀,艹
2074,2074,2074,芜,⿱艹⿱一尢,艹
2075,2075,2075,芛,⿱艹⿻&CDP-8BAB;丿,艹
2076,2076,2076,苇,⿱艹韦,艹
2077,2077,2077,苋,⿱艹见,艹
2078,2078,2078,芯,⿱艹心,艹
2079,2079,2079,芧,⿱艹⿱龴⿱乛亅,艹
2080,2080,2080,茕,⿱⿱艹冖⿹⺄十,艹
2081,2081,2081,芽,⿱艹牙,艹
2082,2082,2082,芫,⿱艹⿱一⿱一⿰丿乚,艹
2083,2083,2083,苅,⿱艹⿰㐅刂,艹
2084,2084,2084,芸,⿱艹⿱⿱一一厶,艹
2085,2085,2085,苡,⿱艹以,艹
2086,2086,2086,苃,⿱艹⿸𠂇又,艹
2087,2087,2087,苎,⿱艹⿱宀一,艹
2088,2088,2088,芷,⿱艹止,艹
2089,2089,2089,苊,⿱艹⿸厂㔾,艹
2090,2090,2090,芺,⿱艹⿱丿⿻一人,艹
2091,2091,2091,茇,⿱艹⿺⿸𠂇又丶,艹
2092,2092,2092,苝,⿱艹⿰&CDP-8BC5;⿺乚丿,艹
2093,2093,2093,苾,⿱艹⿻心丿,艹
2094,2094,2094,苞,⿱艹⿹勹巳,艹
2095,2095,2095,苯,⿱艹本,艹
2096,2096,2096,苪,⿱艹⿱一⿻冂人,艹
2097,2097,2097,茌,⿱艹⿰亻⿱十一,艹
2098,2098,2098,茐,⿱艹⿻⿹勹&CDP-89A6;丶,艹
2099,2099,2099,苵,⿱艹⿰丿⿻⿱一一人,艹
2100,2100,2100,苐,⿱艹⿹⿻弓丨丿,艹
2101,2101,2101,苖,⿱艹由,艹
2102,2102,2102,苳,⿱艹⿱夂⿱丶丶,艹
2103,2103,2103,范,⿱艹⿰氵㔾,艹
2104,2104,2104,苻,⿱艹⿰亻寸,艹
2105,2105,2105,茀,⿱艹⿻弓&CDP-8BF5;,艹
2106,2106,2106,苷,⿱艹甘,艹
2107,2107,2107,苽,⿱艹瓜,艹
2108,2108,2108,苟,⿱艹⿹勹口,艹
2109,2109,2109,苦,⿱艹⿱十口,艹
2110,2110,2110,苰,⿱艹⿰弓厶,艹
2111,2111,2111,苸,⿱艹乎,艹
2112,2112,2112,茄,⿱艹⿰⿻丿𠃌口,艹
2113,2113,2113,茎,⿱艹⿱ス工,艹
2114,2114,2114,苴,⿱艹且,艹
2115,2115,2115,苛,⿱艹⿹⿱一亅口,艹
2116,2116,2116,苙,⿱艹⿱&CDP-8BAE;一,艹
2117,2117,2117,苓,⿱艹⿱⿱人丶龴,艹
2118,2118,2118,茏,⿱艹⿻⿺尢丶丿,艹
2119,2119,2119,苗,⿱艹田,艹
2120,2120,2120,茂,⿱艹戊,艹
2121,2121,2121,茅,⿱艹⿱龴⿹⿱乛亅丿,艹
2122,2122,2122,茆,⿱艹⿰𠂎卩,艹
2123,2123,2123,苺,⿱艹母,艹
2124,2124,2124,苠,⿱艹民,艹
2125,2125,2125,茉,⿱艹末,艹
2126,2126,2126,苜,⿱艹目,艹
2127,2127,2127,苶,⿱艹⿱人小,艹
2128,2128,2128,茑,⿱艹⿹&CDP-8964;一,艹
2129,2129,2129,苧,⿱艹⿱宀⿱一亅,艹
2130,2130,2130,苨,⿱艹⿸尸⿺乚丿,艹
2131,2131,2131,苤,⿱艹⿱⿱一&CDP-8665;一,艹
2132,2132,2132,苹,⿱艹⿻干丷,艹
2133,2133,2133,苩,⿱艹白,艹
2134,2134,2134,苘,⿱艹⿵冂口,艹
2135,2135,2135,若,⿱艹⿸𠂇口,艹
2136,2136,2136,苒,⿱艹冉,艹
2137,2137,2137,苫,⿱艹⿱⺊口,艹
2138,2138,2138,苕,⿱艹⿱⿹𠃌丿口,艹
2139,2139,2139,苼,⿱艹生,艹
2140,2140,2140,苔,⿱艹⿱厶口,艹
2141,2141,2141,苿,⿱艹未,艹
2142,2142,2142,苬,⿱艹⿴囗人,艹
2143,2143,2143,苮,⿱艹⿰亻山,艹
2144,2144,2144,茓,⿱艹⿱宀八,艹
2145,2145,2145,苑,⿱艹⿰⿴𠂊丶㔾,艹
2146,2146,2146,茒,⿱艹⿰⿴𠂊丶阝,艹
2147,2147,2147,茚,⿱艹⿰&CDP-8CAC;卩,艹
2148,2148,2148,茔,⿱⿱艹冖⿱十一,艹
2149,2149,2149,苚,⿱艹⿵冂&CDP-8BF1;,艹
2150,2150,2150,苲,⿱艹乍,艹
2151,2151,2151,茋,⿱艹⿱氏丶,艹
2152,2152,2152,茊,⿱艹丘,艹
2153,2153,2153,英,⿱艹央,艹
2154,2154,2154,苭,⿱艹⿰⿰&CDP-895C;丶⿻丿𠃌,艹
2155,2155,2155,苢,⿱艹㠯,艹
2156,2156,2156,茁,⿱艹⿱⿻凵丨凵,艹
2157,2157,2157,荜,⿱艹⿱比十,艹
2158,2158,2158,荈,⿱艹⿰⿴𠂊丶㐄,艹
2159,2159,2159,茬,⿱艹⿸&CDP-88F1;⿱十一,艹
2160,2160,2160,茶,⿳艹人朩,艹
2161,2161,2161,茞,⿱艹臣,艹
2162,2162,2162,荿,⿱艹⿵戊𠃌,艹
2163,2163,2163,荎,⿱艹⿱⿱一厶⿱十一,艹
2164,2164,2164,茺,⿱艹⿱⿻一厶⿰丿乚,艹
2165,2165,2165,荝,⿱艹⿰贝刂,艹
2166,2166,2166,茦,⿱艹朿,艹
2167,2167,2167,茨,⿱艹⿰冫欠,艹
2168,2168,2168,茈,⿱艹⿰止⿺乚丿,艹
2169,2169,2169,草,⿱艹⿱日十,艹
2170,2170,2170,荡,⿱艹⿰氵𠃓,艹
2171,2171,2171,荅,⿱艹⿱⿱人一口,艹
2172,2172,2172,荬,⿱艹⿱乛头,艹
2173,2173,2173,荙,⿱艹⿺辶⿻一人,艹
2174,2174,2174,茷,⿱艹⿰亻⿻⿺⿻一乚丶丿,艹
2175,2175,2175,茯,⿱艹⿰亻犬,艹
2176,2176,2176,荂,⿱艹⿱⿻一人⿱一⿱一㇉,艹
2177,2177,2177,茪,⿱艹⿱⺌⿱一⿰丿乚,艹
2178,2178,2178,茥,⿱艹⿱⿱十一⿱十一,艹
2179,2179,2179,茛,⿱艹艮,艹
2180,2180,2180,茖,⿱艹⿱夂口,艹
2181,2181,2181,荄,⿱艹⿳⿱丶一⿰𠃋丿人,艹
2182,2182,2182,荁,⿱艹⿱一⿱日一,艹
2183,2183,2183,荟,⿱艹⿱人⿱⿱一一厶,艹
2184,2184,2184,茴,⿱艹⿴囗口,艹
2185,2185,2185,荒,⿱艹⿱⿱⿱丶一𠃊⿴⿰丿乚丨,艹
2186,2186,2186,茩,⿱艹⿸⿸𠂆一口,艹
2187,2187,2187,荭,⿱艹⿰纟工,艹
2188,2188,2188,茠,⿱艹⿰亻木,艹
2189,2189,2189,荤,⿱艹⿱冖车,艹
2190,2190,2190,荐,⿱艹⿸&CDP-88F1;子,艹
2191,2191,2191,荚,⿱艹⿻⿻⿱一一人丷,艹
2192,2192,2192,茳,⿱艹⿰氵工,艹
2193,2193,2193,茭,⿱艹⿱⿱丶一⿱八⿻丿乀,艹
2194,2194,2194,茮,⿱艹⿱⿱⺊一小,艹
2195,2195,2195,茧,⿱艹虫,艹
2196,2196,2196,茤,⿱艹⿱⿴𠂊丶⿴𠂊丶,艹
2197,2197,2197,茍,⿱艹⿹勹口,艹
2198,2198,2198,荠,⿱艹⿱⿱⿱丶一⿻丿乀&CDP-8BF5;,艹
2199,2199,2199,荩,⿱艹⿱尺⿱丶丶,艹
2200,2200,2200,荕,⿱艹⿰月⿻丿𠃌,艹
2201,2201,2201,荆,⿰⿱艹⿱一⿻一&CDP-8BF5;刂,艹
2202,2202,2202,荊,⿱艹⿰⿱一⿻一&CDP-8BF5;刂,艹
2203,2203,2203,莒,⿱艹⿱口口,艹
2204,2204,2204,茢,⿱艹⿰⿱一⿴𠂊丶刂,艹
2205,2205,2205,荦,⿱⿱艹冖牛,艹
2206,2206,2206,茘,⿱艹⿱⿹𠃌丿⿰⿹𠃌丿⿹𠃌丿,艹
2207,2207,2207,荔,⿱艹⿱⿻丿𠃌⿰⿻丿𠃌⿻丿𠃌,艹
2208,2208,2208,荖,⿱艹⿸耂⿺乚丿,艹
2209,2209,2209,茫,⿱艹⿰氵⿱⿱丶一𠃊,艹
2210,2210,2210,茗,⿱艹⿱⿴𠂊丶口,艹
2211,2211,2211,荓,⿱艹⿱丷⿱一⿻一&CDP-8BF5;,艹
2212,2212,2212,茜,⿱艹⿱一⿻⿰丿乚口,艹
2213,2213,2213,荨,⿱艹⿱彐寸,艹
2214,2214,2214,荍,⿱艹⿰丩攵,艹
2215,2215,2215,荞,⿱艹⿱⿱丿⿻一人&CDP-8BF5;,艹
2216,2216,2216,荃,⿱艹⿱人⿱一⿱十一,艹
2217,2217,2217,荛,⿱艹⿱⿻⿻一乚丿⿱一⿰丿乚,艹
2218,2218,2218,茙,⿱艹⿹⿻⿺⿻一乚丶丿𠂇,艹
2219,2219,2219,茸,⿱艹耳,艹
2220,2220,2220,荣,⿱艹⿱冖木,艹
2221,2221,2221,茹,⿱艹⿰女口,艹
2222,2222,2222,荏,⿱艹⿰亻⿱丿⿱十一,艹
2223,2223,2223,荗,⿱艹⿵戊丶,艹
2224,2224,2224,荪,⿱艹⿰子小,艹
2225,2225,2225,荑,⿱艹⿻⿻一人弓,艹
2226,2226,2226,莛,⿱艹⿺廴⿱丿⿱十一,艹
2227,2227,2227,茼,⿱艹⿵⿵冂一口,艹
2228,2228,2228,荇,⿱艹⿰彳⿱一⿱一亅,艹
2229,2229,2229,荥,⿱艹⿱冖⿲㇇亅&CDP-85BF;,艹
2230,2230,2230,荀,⿱艹⿹勹日,艹
2231,2231,2231,药,⿱艹⿰纟⿹勹丶,艹
2232,2232,2232,莚,⿱艹⿺廴⿱丿&CDP-8960;,艹
2233,2233,2233,荫,⿱艹⿰阝月,艹
2234,2234,2234,荧,⿱⿱艹冖⿱八人,艹
2235,2235,2235,茟,⿱艹⿻⿻&CDP-8BAB;丨⿱一一,艹
2236,2236,2236,茰,⿱艹&CDP-89E7;,艹
2237,2237,2237,茵,⿱艹⿴囗⿻一人,艹
2238,2238,2238,荘,⿱艹⿰丬⿱十一,艹
2239,2239,2239,茽,⿱艹⿰亻⿻口丨,艹
2240,2240,2240,荮,⿱艹⿰纟寸,艹
2241,2241,2241,茿,⿱艹⿰工⿵几丶,艹
2242,2242,2242,茱,⿱艹朱,艹
2243,2243,2243,荢,⿱艹⿱宀于,艹
2244,2244,2244,茡,⿱艹⿱宀子,艹
2245,2245,2245,茲,⿱艹⿰⿰&CDP-895C;丶⿰&CDP-895C;丶,艹
2246,2246,2246,荌,⿱艹⿱宀女,艹
2247,2247,2247,荋,⿱艹⿱一⿱丿⿵冂⿰丨丨,艹
2248,2248,2248,莈,⿱艹⿰氵⿱𠘧又,艹
2249,2249,2249,莫,⿱艹⿱日⿻一人,艹
2250,2250,2250,莯,⿱艹⿰氵木,艹
2251,2251,2251,莂,⿱艹⿰⿱口⿻丿𠃌刂,艹
2252,2252,2252,荸,⿱艹⿱⿱十冖子,艹
2253,2253,2253,荹,⿱艹⿱止𣥂,艹
2254,2254,2254,莀,⿱艹⿸厂⿱⿱一一&CDP-8CC6;,艹
2255,2255,2255,莐,⿱艹⿰氵冘,艹
2256,2256,2256,莼,⿱艹⿰纟⿻丿⿻凵乚,艹
2257,2257,2257,莗,⿱艹車,艹
2258,2258,2258,茝,⿱艹𦣞,艹
2259,2259,2259,莝,⿱艹⿻⿱十一⿰人人,艹
2260,2260,2260,莡,⿱艹⿱口龰,艹
2261,2261,2261,荻,⿱艹⿰犭⿱八人,艹
2262,2262,2262,荳,⿱艹豆,艹
2263,2263,2263,荰,⿱艹⿰木⿱十一,艹
2264,2264,2264,莩,⿱艹⿱⿱丿𭕄子,艹
2265,2265,2265,荴,⿱艹⿰扌⿻⿱一一人,艹
2266,2266,2266,莞,⿱艹⿱宀⿱一⿱一⿰丿乚,艹
2267,2267,2267,莄,⿱艹⿱一&CDP-89E7;,艹
2268,2268,2268,華,⿱艹&CDP-8BF8;,艹
2269,2269,2269,获,⿱艹⿰犭犬,艹
2270,2270,2270,莟,⿱艹⿱⿱⿱人丶㇇口,艹
2271,2271,2271,荷,⿱艹⿰亻⿹⿱一亅口,艹
2272,2272,2272,莢,⿱艹⿻⿻一人⿰人人,艹
2273,2273,2273,莭,⿱艹⿰&CDP-8B7C;卩,艹
2274,2274,2274,莖,⿱艹⿳一⿲𡿨𡿨𡿨工,艹
2275,2275,2275,莙,⿱艹⿸⿻&CDP-8BAB;丿口,艹
2276,2276,2276,莰,⿱艹⿰⿱十一欠,艹
2277,2277,2277,莲,⿱艹⿺辶车,艹
2278,2278,2278,莨,⿱艹⿱丶艮,艹
2279,2279,2279,莉,⿱艹⿰⿱丿木刂,艹
2280,2280,2280,莅,⿱艹⿰亻⿱&CDP-8BAE;一,艹
2281,2281,2281,荲,⿱艹⿱&CDP-8BD9;一,艹
2282,2282,2282,莱,⿱艹来,艹
2283,2283,2283,莓,⿱艹⿱𠂉母,艹
2284,2284,2284,莔,⿱艹⿴⿴囗⿰丿乚冂,艹
2285,2285,2285,莽,⿱⿱艹犬⿻一&CDP-8BF5;,艹
2286,2286,2286,莻,⿱⿱艹⿹𠄎丿⿰口⿻乚丿,艹
2287,2287,2287,莥,⿱艹⿰犭丑,艹
2288,2288,2288,莮,⿱艹⿱田⿻丿𠃌,艹
2289,2289,2289,莑,⿱艹⿱夂⿻⿱一⿱一一丨,艹
2290,2290,2290,莆,⿱艹⿺&CDP-86B7;丶,艹
2291,2291,2291,莍,⿱艹⿺&CDP-85DC;丶,艹
2292,2292,2292,菦,⿱艹⿺辶⿸𠂆⿱一丨,艹
2293,2293,2293,菃,⿱艹⿰氵巨,艹
2294,2294,2294,荵,⿱艹⿱⿹⿹𠃌丿丿心,艹
2295,2295,2295,莳,⿱艹⿰日寸,艹
2296,2296,2296,莦,⿱艹⿱⺌月,艹
2297,2297,2297,莘,⿱艹⿱⿱&CDP-8BAE;一十,艹
2298,2298,2298,荼,⿱艹⿱⿱人一朩,艹
2299,2299,2299,荽,⿱艹⿱⿱丿𭕄女,艹
2300,2300,2300,荾,⿱艹⿳厶八夂,艹
2301,2301,2301,莏,⿱艹⿰扌⿱小丿,艹
2302,2302,2302,莎,⿱艹⿰氵⿱小丿,艹
2303,2303,2303,莤,⿱艹酉,艹
2304,2304,2304,莌,⿱艹⿱丷⿱口⿰丿乚,艹
2305,2305,2305,莵,⿱艹⿷⿱丿&CDP-8BCB;丶,艹
2306,2306,2306,莣,⿱艹⿱⿱⿱丶一𠃊心,艹
2307,2307,2307,莬,⿱艹⿱𠂊&CDP-8BCB;,艹
2308,2308,2308,茣,⿱艹⿱口⿱一⿻一人,艹
2309,2309,2309,莁,⿱艹⿻工⿰人人,艹
2310,2310,2310,荱,⿱艹⿸尸⿱丿&CDP-8A43;,艹
2311,2311,2311,莴,⿱艹⿱口⿻冂人,艹
2312,2312,2312,莧,⿱艹⿱目⿰丿乚,艹
2313,2313,2313,莶,⿱艹⿳⿱人一𭕄一,艹
2314,2314,2314,莕,⿱艹⿱木口,艹
2315,2315,2315,莃,⿱艹⿱㐅⿸𠂇巾,艹
2316,2316,2316,荶,⿱艹⿰口⿱⿱人丶㇇,艹
2317,2317,2317,莹,⿱⿱艹冖⿷⿱一⿱十一丶,艹
2318,2318,2318,莜,⿱艹⿰&CDP-8B7A;攵,艹
2319,2319,2319,莸,⿱艹⿰犭⿺尢丶,艹
2320,2320,2320,莺,⿱⿱艹冖⿹&CDP-8964;一,艹
2321,2321,2321,莠,⿱艹⿱⿱丿木⿹𠄎丿,艹
2322,2322,2322,荺,⿱艹⿰⿱十一⿹勹冫,艹
2323,2323,2323,莊,⿱艹⿰爿⿱十一,艹
2324,2324,2324,莇,⿱艹⿰且⿻丿𠃌,艹
2325,2325,2325,莋,⿱艹⿰亻乍,艹
2326,2326,2326,莪,⿱艹我,艹
2327,2327,2327,菶,⿱艹⿱⿻⿱一⿱一一人&CDP-8BF1;,艹
2328,2328,2328,萚,⿱艹⿰扌⿱又&CDP-8BF1;,艹
2329,2329,2329,菢,⿱艹⿰扌⿹勹巳,艹
2330,2330,2330,菝,⿱艹⿰扌⿺⿸𠂇又丶,艹
2331,2331,2331,萆,⿱艹⿱&CDP-89BE;十,艹
2332,2332,2332,萞,⿳艹⿵冂人比,艹
2333,2333,2333,萡,⿱艹⿰氵白,艹
2334,2334,2334,菠,⿱艹⿰氵皮,艹
2335,2335,2335,菙,⿱艹⿳丿&CDP-876E;一,艹
2336,2336,2336,萇,⿱艹⿳&CDP-884A;一&CDP-8CC6;,艹
2337,2337,2337,菗,⿱艹⿰扌由,艹
2338,2338,2338,菖,⿱艹⿱日日,艹
2339,2339,2339,萅,⿱艹⿱⿻丿⿻凵乚日,艹
2340,2340,2340,菆,⿱艹⿰耳又,艹
2341,2341,2341,萃,⿱艹⿱⿱⿱丶一⿰人人十,艹
2342,2342,2342,菜,⿱艹⿱⿱丿𭕄木,艹
2343,2343,2343,萗,⿱艹⿱宀示,艹
2344,2344,2344,莿,⿱艹⿰朿刂,艹
2345,2345,2345,萏,⿱艹⿱勹臼,艹
2346,2346,2346,菪,⿱艹⿱宀⿸⿱一丿口,艹
2347,2347,2347,菿,⿱艹⿰⿱⿱一厶⿱十一刂,艹
2348,2348,2348,菂,⿱艹⿰白⿹勹丶,艹
2349,2349,2349,萣,⿱艹⿱宀⿱一龰,艹
2350,2350,2350,菄,⿱艹東,艹
2351,2351,2351,菧,⿱艹⿸广⿱氏丶,艹
2352,2352,2352,萉,⿱艹⿰月巴,艹
2353,2353,2353,菔,⿱艹⿰月⿸卩又,艹
2354,2354,2354,菲,⿱艹非,艹
2355,2355,2355,菓,⿱艹⿻日木,艹
2356,2356,2356,菮,⿱艹⿸广&CDP-8DE2;,艹
2357,2357,2357,菇,⿱艹⿰女⿱十口,艹
2358,2358,2358,菰,⿱艹⿰子瓜,艹
2359,2359,2359,菒,⿱艹⿱日木,艹
2360,2360,2360,萈,⿱艹⿷⿱目⿰丿乚丶,艹
2361,2361,2361,萑,⿱艹隹,艹
2362,2362,2362,菡,⿱艹⿶凵⿻⿱乛亅&CDP-89AE;,艹
2363,2363,2363,菏,⿱艹⿰氵⿹⿱一亅口,艹
2364,2364,2364,萂,⿱艹⿰⿱丿木口,艹
2365,2365,2365,萀,⿱艹⿸⿸⿱⺊&CDP-88E2;⿻㇀乚几,艹
2366,2366,2366,菨,⿱艹⿱⿱&CDP-8BAE;一女,艹
2367,2367,2367,菅,⿱艹⿱宀㠯,艹
2368,2368,2368,菺,⿱艹⿸⿱丶尸月,艹
2369,2369,2369,萛,⿱艹⿱目⿻一&CDP-8BF5;,艹
2370,2370,2370,菤,⿱艹⿱⿱丷⿻⿱一一人㔾,艹
2371,2371,2371,菌,⿱艹⿴囗⿱丿木,艹
2372,2372,2372,菊,⿱艹⿹勹米,艹
2373,2373,2373,菁,⿱艹⿱龶月,艹
2374,2374,2374,菫,⿳艹一&CDP-8A6D;,艹
2375,2375,2375,菎,⿱艹⿱日比,艹
2376,2376,2376,萝,⿱艹⿱罒⿴𠂊丶,艹
2377,2377,2377,萊,⿱艹⿻木⿰人人,艹
2378,2378,2378,蓈,⿱艹⿰&CDP-8C42;阝,艹
2379,2379,2379,菞,⿱艹⿰⿱丿木&CDP-8DC9;,艹
2380,2380,2380,菱,⿱艹⿳⿱十一八夂,艹
2381,2381,2381,菉,⿱艹⿱彐⿻亅&CDP-89AE;,艹
2382,2382,2382,菕,⿱艹⿱⿱人一⿵冂⿻十丨,艹
2383,2383,2383,菈,⿱艹⿰扌⿱&CDP-8BAE;一,艹
2384,2384,2384,菻,⿱艹⿰木木,艹
2385,2385,2385,菛,⿱艹⿰𠁣𠃛,艹
2386,2386,2386,萌,⿱艹⿰日月,艹
2387,2387,2387,莾,⿱艹⿱⿻一人⿱十⿻一&CDP-8BF5;,艹
2388,2388,2388,菍,⿱艹⿱⿱⿱人丶㇇心,艹
2389,2389,2389,萘,⿱艹⿱⿻一人示,艹
2390,2390,2390,萍,⿱艹⿰氵⿻干丷,艹
2391,2391,2391,菩,⿱艹⿱⿱&CDP-8BAE;一口,艹
2392,2392,2392,萠,⿱艹⿰月月,艹
2393,2393,2393,萢,⿱艹⿰氵⿹勹巳,艹
2394,2394,2394,菬,⿱艹⿰氵⿱⿹𠃌丿口,艹
2395,2395,2395,菣,⿱艹⿰臣又,艹
2396,2396,2396,萕,⿱艹⿱⿱⿱丶一⿻丿乀&CDP-89C6;,艹
2397,2397,2397,萁,⿱艹⿱&CDP-8B72;八,艹
2398,2398,2398,菳,⿱艹⿱人&CDP-8DE3;,艹
2399,2399,2399,萋,⿱艹⿱&CDP-89E5;女,艹
2400,2400,2400,萐,⿱艹疌,艹
2401,2401,2401,蒁,⿱艹⿺辶⿺木丶,艹
2402,2402,2402,菽,⿱艹⿰⿱⿱⺊一小又,艹
2403,2403,2403,萨,⿱艹⿰阝⿱&CDP-8BAE;厂,艹
2404,2404,2404,菘,⿱艹⿰木⿱八厶,艹
2405,2405,2405,菾,⿱艹⿱⿱一⿻一人⿰小丶,艹
2406,2406,2406,萔,⿱艹⿰扌⿱⿹𠃌丿口,艹
2407,2407,2407,萜,⿱艹⿰巾⿱⺊口,艹
2408,2408,2408,菭,⿱艹⿰氵⿱厶口,艹
2409,2409,2409,萄,⿱艹⿹勹缶,艹
2410,2410,2410,菟,⿱艹⿷⿱𠂊&CDP-8BCB;丶,艹
2411,2411,2411,菼,⿱艹⿱⿱八人⿱八人,艹
2412,2412,2412,菋,⿱艹⿰口未,艹
2413,2413,2413,萎,⿱艹⿱⿱丿木女,艹
2414,2414,2414,萵,⿱艹⿵⿱⿵冂𠃍冂口,艹
2415,2415,2415,萖,⿱艹⿱臼⿰丿乚,艹
2416,2416,2416,菀,⿱艹⿱宀⿰⿴𠂊丶㔾,艹
2417,2417,2417,菵,⿱艹⿵冂⿱⿱丷一⿱⿱丶一𠃊,艹
2418,2418,2418,萧,⿱艹肃,艹
2419,2419,2419,菥,⿱艹⿰木⿸𠂆⿱一丨,艹
2420,2420,2420,萟,⿱艹⿰⿱丿木⿻九丶,艹
2421,2421,2421,萓,⿱艹⿱宀且,艹
2422,2422,2422,萤,⿱⿱艹冖虫,艹
2423,2423,2423,营,⿱⿱艹冖⿱口口,艹
2424,2424,2424,萦,⿱⿱艹冖⿱⿰&CDP-895C;丶小,艹
2425,2425,2425,萸,⿱艹⿻臼人,艹
2426,2426,2426,菸,⿱艹⿰⿱⿱丶一&CDP-8B6C;⿱人⿱丶丶,艹
2427,2427,2427,萒,⿱艹⿱⿱丶一⿱⿱八厶⿰丿乚,艹
2428,2428,2428,菚,⿱艹⿱⿻⿺⿻一乚丶丿⿻⿺⿻一乚丶丿,艹
2429,2429,2429,著,⿱艹⿸耂日,艹
2430,2430,2430,萙,⿱艹⿰木冘,艹
2431,2431,2431,菷,⿱艹⿳彐冖巾,艹
2432,2432,2432,葮,⿱艹⿰&CDP-8CE4;⿱𠘧又,艹
2433,2433,2433,葨,⿱艹⿳田一&CDP-8CC6;,艹
2434,2434,2434,葳,⿱艹⿵⿵戊一女,艹
2435,2435,2435,菑,⿱艹⿱⿲𡿨𡿨𡿨田,艹
2436,2436,2436,菹,⿱艹⿰氵且,艹
2437,2437,2437,菴,⿱艹⿱⿻一人⿻日乚,艹
2438,2438,2438,萹,⿱艹⿸⿱丶尸⿵冂⿻十丨,艹
2439,2439,2439,葧,⿱艹⿰⿱⿱十冖子⿻丿𠃌,艹
2440,2440,2440,葆,⿱艹⿰亻⿱口木,艹
2441,2441,2441,蒢,⿱艹⿰阝⿱⿱人一朩,艹
2442,2442,2442,蒇,⿱艹⿵戊贝,艹
2443,2443,2443,萶,⿱艹⿱⿻⿱一⿱一一人日,艹
2444,2444,2444,蒫,⿱艹⿸⿱⿱丷一&CDP-8BF1;工,艹
2445,2445,2445,萴,⿱艹⿰⿱目八刂,艹
2446,2446,2446,葱,⿱艹⿱⿻⿹勹&CDP-89A6;丶心,艹
2447,2447,2447,蒂,⿱艹⿱&CDP-8BEC;巾,艹
2448,2448,2448,董,⿱艹重,艹
2449,2449,2449,葑,⿱艹⿰⿱⿱十一⿱十一寸,艹
2450,2450,2450,萯,⿱艹⿱𠂊⿱目八,艹
2451,2451,2451,葍,⿱艹⿱⿱一口田,艹
2452,2452,2452,蒄,⿱艹⿱冖⿺⿱一⿱一⿰丿乚寸,艹
2453,2453,2453,葢,⿱艹⿱⿵⿻一人丶皿,艹
2454,2454,2454,葛,⿱艹⿱日⿹勹⿺𠃊人,艹
2455,2455,2455,蓇,⿱艹⿱&CDP-89A9;月,艹
2456,2456,2456,葟,⿱艹⿱白⿱一⿱十一,艹
2457,2457,2457,葒,⿱艹⿰⿱⿰&CDP-895C;丶&CDP-885E;工,艹
2458,2458,2458,葓,⿱艹⿰氵⿱⿱⿻十丨一八,艹
2459,2459,2459,葔,⿱艹⿰亻&CDP-8BC7;,艹
2460,2460,2460,葫,⿱艹⿰⿱十口月,艹
2461,2461,2461,葷,⿱艹⿱冖車,艹
2462,2462,2462,葭,⿱艹⿰&CDP-8C7A;&CDP-8C79;,艹
2463,2463,2463,葌,⿱艹⿱女⿰女女,艹
2464,2464,2464,葁,⿱艹⿱⿱⿱丷一⿱十一女,艹
2465,2465,2465,蒋,⿱艹⿰丬⿱⿴𠂊丶寸,艹
2466,2466,2466,葪,⿱艹⿰角刂,艹
2467,2467,2467,蔇,⿱艹⿰&CDP-8B7C;旡,艹
2468,2468,2468,葰,⿱艹⿰亻⿳厶八夂,艹
2469,2469,2469,葏,⿱艹⿰氵⿻⿻&CDP-8BAB;丨⿱一一,艹
2470,2470,2470,蒉,⿱艹⿱⿱⿻口丨一贝,艹
2471,2471,2471,葵,⿱艹⿱⿰&CDP-88D3;&CDP-88D5;⿱一⿻一人,艹
2472,2472,2472,萿,⿱艹⿰氵⿱⿱丿十口,艹
2473,2473,2473,葀,⿱艹⿰扌⿱⿱丿十口,艹
2474,2474,2474,萪,⿱艹⿰⿱丿木斗,艹
2475,2475,2475,蒈,⿱艹⿱比白,艹
2476,2476,2476,萰,⿱艹柬,艹
2477,2477,2477,落,⿱艹⿰氵⿱夂口,艹
2478,2478,2478,葻,⿱艹⿵几⿱丿虫,艹
2479,2479,2479,蒌,⿱艹⿱米女,艹
2480,2480,2480,葎,⿱艹⿰彳⿻⿻&CDP-8BAB;丨⿱一一,艹
2481,2481,2481,葂,⿱艹⿺⿱𠂊&CDP-8BCB;⿻丿𠃌,艹
2482,2482,2482,萺,⿱艹⿱⿵冂⿱一一目,艹
2483,2483,2483,葿,⿱艹⿸𠃜目,艹
2484,2484,2484,蒾,⿱艹⿺辶米,艹
2485,2485,2485,葞,⿱艹⿰弓耳,艹
2486,2486,2486,萳,⿱艹⿱十&CDP-8BDC;,艹
2487,2487,2487,蒎,⿱艹⿰氵⿸𠂆&CDP-8C66;,艹
2488,2488,2488,葐,⿱艹⿱⿱八⿹𠃌丿皿,艹
2489,2489,2489,蓱,⿱艹⿰氵⿱丷⿱一⿻一&CDP-8BF5;,艹
2490,2490,2490,菐,⿳⿱&CDP-85F0;一⿱丷一⿻⿱一一人,艹
2491,2491,2491,葡,⿱艹⿹勹⿺&CDP-86B7;丶,艹
2492,2492,2492,葩,⿱艹⿰白巴,艹
2493,2493,2493,葥,⿱艹⿱⿱丷一⿰月刂,艹
2494,2494,2494,葜,⿱艹⿱⿰⿻⿱一⿱一一丨⿹𠃌丿⿻一人,艹
2495,2495,2495,萩,⿱艹⿰⿱丿木⿱八人,艹
2496,2496,2496,葲,⿱艹⿱白⿲㇇亅&CDP-85BF;,艹
2497,2497,2497,葺,⿱艹⿱口耳,艹
2498,2498,2498,葝,⿱艹⿰⿳一⿲𡿨𡿨𡿨工⿻丿𠃌,艹
2499,2499,2499,葋,⿱艹⿰月⿹勹口,艹
2500,2500,2500,葚,⿱艹⿱&CDP-88C8;⿷匚⿰丿乚,艹
2501,2501,2501,葇,⿱艹⿱⿱龴⿹⿱乛亅丿木,艹
2502,2502,2502,蒅,⿱艹⿱⿰氵九木,艹
2503,2503,2503,萷,⿱艹⿰⿱⺌月刂,艹
2504,2504,2504,葠,⿱艹⿰亻⿳&CDP-8BAB;冖又,艹
2505,2505,2505,葹,⿱艹⿰⿱⿱丶一&CDP-8B6C;⿱𠂉也,艹
2506,2506,2506,蒐,⿱艹⿱⿱丿田⿺⿰丿乚厶,艹
2507,2507,2507,蓃,⿱艹⿱&CDP-884F;又,艹
2508,2508,2508,蓚,⿱艹⿰&CDP-8B7A;⿱夂彡,艹
2509,2509,2509,葶,⿱艹⿱&CDP-8C4D;⿱一亅,艹
2510,2510,2510,葖,⿱艹⿱⿱宀八犬,艹
2511,2511,2511,蒊,⿱⿱艹⿰亻⿻乚丿⿰口⿻乚丿,艹
2512,2512,2512,萬,⿱艹禺,艹
2513,2513,2513,葦,⿱艹⿳𫝀口㐄,艹
2514,2514,2514,蒍,⿱艹為,艹
2515,2515,2515,葯,⿱艹⿰⿱⿰&CDP-895C;丶&CDP-885E;⿹勹丶,艹
2516,2516,2516,萾,⿱艹⿱⿵⿹𠄎丿又皿,艹
2517,2517,2517,蒏,⿱⿱艹冖酉,艹
2518,2518,2518,蒹,⿱艹⿱⿱丷一&CDP-8CDE;,艹
2519,2519,2519,葙,⿱艹⿰木目,艹
2520,2520,2520,萫,⿱艹⿱⿱丿木日,艹
2521,2521,2521,萱,⿱艹⿱宀⿱一⿱日一,艹
2522,2522,2522,萲,⿱艹⿳⿱丿𭕄一⿸𠂇又,艹
2523,2523,2523,蒆,⿳艹⿰工⿵几丶女,艹
2524,2524,2524,葕,⿱艹⿲彳氵⿱一⿱一亅,艹
2525,2525,2525,葈,⿱艹⿱⿱厶口木,艹
2526,2526,2526,葸,⿱艹⿱田心,艹
2527,2527,2527,葾,⿱艹⿱⿰⿴𠂊丶㔾心,艹
2528,2528,2528,葉,⿱艹⿱世木,艹
2529,2529,2529,萮,⿱艹⿱⿱人一⿰月刂,艹
2530,2530,2530,葽,⿱艹⿱⿱一&CDP-86EA;女,艹
2531,2531,2531,蒀,⿱艹⿱日皿,艹
2532,2532,2532,萭,⿱艹禹,艹
2533,2533,2533,蒃,⿱艹⿱彑𧰨,艹
2534,2534,2534,葤,⿱艹⿰⿱⿰&CDP-895C;丶&CDP-885E;寸,艹
2535,2535,2535,葴,⿱艹⿵⿵戊一口,艹
2536,2536,2536,葃,⿱艹⿰日乍,艹
2537,2537,2537,葄,⿱艹⿰月乍,艹
2538,2538,2538,葬,⿳艹⿸⿱一⿴𠂊丶⿺乚丿⿻一&CDP-8BF5;,艹
2539,2539,2539,葘,⿱艹⿱⿻⿲𡿨𡿨𡿨一田,艹
2540,2540,2540,葼,⿱艹⿳⿶凵㐅八夂,艹
2541,2541,2541,葅,⿱艹⿰⿱人人且,艹
2542,2542,2542,萻,⿱艹⿱⿱&CDP-8BAE;一日,艹
2543,2543,2543,葊,⿱艹⿱⿱⿱人一口⿻一&CDP-8BF5;,艹
2544,2544,2544,萼,⿱艹⿱⿰口口⿱一⿱一㇉,艹
2545,2545,2545,蒡,⿱艹⿱&CDP-8BEC;⿱⿱丶一&CDP-8B6C;,艹
2546,2546,2546,蓓,⿱艹⿰亻⿱⿱&CDP-8BAE;一口,艹
2547,2547,2547,蓖,⿱艹⿱⿴⿱丿囗㐅比,艹
2548,2548,2548,蓽,⿱艹⿻&CDP-87C5;一,艹
2549,2549,2549,蔀,⿱艹⿰⿱⿱&CDP-8BAE;一口阝,艹
2550,2550,2550,蔯,⿱艹⿰阝東,艹
2551,2551,2551,蒭,⿱艹⿱&CDP-8D65;&CDP-8D65;,艹
2552,2552,2552,蒓,⿱艹⿰⿱⿰&CDP-895C;丶&CDP-885E;⿻丿⿻凵乚,艹
2553,2553,2553,蓌,⿱艹⿱⿻⿱十一⿰人人夂,艹
2554,2554,2554,蓛,⿱艹⿰朿攵,艹
2555,2555,2555,蒼,⿱艹⿱⿱人丶⿸&CDP-89CE;口,艹
2556,2556,2556,蓧,⿱艹⿰&CDP-8B7A;⿱夂朩,艹
2557,2557,2557,蒧,⿵⿱艹戊⿱⺊口,艹
2558,2558,2558,蓞,⿱艹⿱⿱丿𭕄臼,艹
2559,2559,2559,蒶,⿱艹⿰⿱⿰&CDP-895C;丶&CDP-885E;⿱八⿹𠃌丿,艹
2560,2560,2560,蓕,⿱艹⿰木⿱⿱十一⿱十一,艹
2561,2561,2561,蓋,⿱艹⿱⿱⿱十一厶皿,艹
2562,2562,2562,蓘,⿱艹⿳⿱丶一⿱八厶𧘇,艹
2563,2563,2563,蒦,⿱艹⿱隹又,艹
2564,2564,2564,蒿,⿱艹⿳⿱丶一口⿵冂口,艹
2565,2565,2565,蓟,⿱艹⿰⿳𠂊田一刂,艹
2566,2566,2566,蒺,⿱艹⿸疒⿱𠂉⿻一人,艹
2567,2567,2567,蒖,⿱艹⿱十⿱&CDP-8BA5;八,艹
2568,2568,2568,蓁,⿱艹⿱⿻⿱一⿱一一人⿱丿木,艹
2569,2569,2569,蒟,⿱艹⿰⿱&CDP-8BAE;一⿹勹口,艹
2570,2570,2570,蒯,⿰⿱艹⿰月月刂,艹
2571,2571,2571,蓮,⿱艹⿺辶車,艹
2572,2572,2572,蒥,⿱艹⿱&CDP-8C69;田,艹
2573,2573,2573,蓅,⿱艹⿰氵⿱⿻一厶⿴⿰丿乚丨,艹
2574,2574,2574,蓏,⿱艹⿰瓜瓜,艹
2575,2575,2575,蒗,⿱艹⿰氵⿱丶艮,艹
2576,2576,2576,蓝,⿱艹⿱⿰⿰丨丨&CDP-89BC;皿,艹
2577,2577,2577,蒚,⿱艹⿳一口⿵⿵冂⿰丿乚⿱一丨,艹
2578,2578,2578,蒞,⿱艹⿰氵⿰亻⿱&CDP-8BAE;一,艹
2579,2579,2579,蓠,⿱艹⿱⿱⿱丶一⿶凵㐅⿻冂厶,艹
2580,2580,2580,蓤,⿱艹⿰冫⿳⿱十一八夂,艹
2581,2581,2581,蓢,⿱艹⿰&CDP-8C42;月,艹
2582,2582,2582,蒙,⿱艹⿳冖一⿱一𧰨,艹
2583,2583,2583,蓂,⿱艹⿱冖⿱日⿱⿱丶一八,艹
2584,2584,2584,蓦,⿱⿱艹⿱日⿻一人⿹&CDP-8A77;一,艹
2585,2585,2585,蓩,⿱艹⿰⿱龴⿹⿱乛亅丿⿱夂⿻丿𠃌,艹
2586,2586,2586,蒳,⿱艹⿰⿱⿰&CDP-895C;丶&CDP-885E;⿻冂人,艹
2587,2587,2587,蓜,⿱艹⿰酉己,艹
2588,2588,2588,蒰,⿱艹⿰舟⿱𠘧又,艹
2589,2589,2589,蓬,⿱艹⿺辶⿱夂⿻⿱一⿱一一丨,艹
2590,2590,2590,蒪,⿱艹⿱⿺&CDP-86B7;丶寸,艹
2591,2591,2591,蒱,⿱艹⿰扌⿺&CDP-86B7;丶,艹
2592,2592,2592,蒲,⿱艹⿰氵⿺&CDP-86B7;丶,艹
2593,2593,2593,蒨,⿱艹⿰亻⿱龶月,艹
2594,2594,2594,蒛,⿱艹⿰缶⿻𠃍⿻一人,艹
2595,2595,2595,蒻,⿱艹⿰&CDP-8CC4;&CDP-8CC4;,艹
2596,2596,2596,蓉,⿱艹⿱宀谷,艹
2597,2597,2597,蓐,⿱艹⿱⿸厂⿱⿱一一&CDP-8CC6;寸,艹
2598,2598,2598,蒘,⿱艹⿱⿰女口手,艹
2599,2599,2599,蒴,⿱艹⿰⿱⿱丷一⿻凵丨月,艹
2600,2600,2600,蒔,⿱艹⿰日⿱⿱十一寸,艹
2601,2601,2601,蔱,⿱艹⿰⿱㐅朩⿱𠘧又,艹
2602,2602,2602,蓡,⿱艹⿰氵⿳&CDP-8BAB;冖又,艹
2603,2603,2603,蒒,⿱艹⿰⿱丿㠯⿱一巾,艹
2604,2604,2604,蓍,⿱艹⿱⿸耂⿺乚丿日,艹
2605,2605,2605,蒜,⿱艹⿰示示,艹
2606,2606,2606,蓑,⿱艹⿳⿱丶一&CDP-89EF;𧘇,艹
2607,2607,2607,蓀,⿱艹⿰子⿱丿⿱⿰&CDP-895C;丶小,艹
2608,2608,2608,蓨,⿱艹⿰&CDP-8B7A;⿱夂月,艹
2609,2609,2609,蓎,⿱艹⿸广&CDP-8CC1;,艹
2610,2610,2610,蒤,⿱艹⿰氵⿱⿱人一朩,艹
2611,2611,2611,蓪,⿱艹⿺辶⿱龴⿵冂&CDP-8BF1;,艹
2612,2612,2612,蓊,⿱艹⿱⿱八厶⿰⿹𠃌冫⿹𠃌冫,艹
2613,2613,2613,蓒,⿱艹⿰車干,艹
2614,2614,2614,蒵,⿱艹⿱⿱丿𭕄⿱⿰&CDP-895C;丶⿻一人,艹
2615,2615,2615,蓆,⿱艹⿸广&CDP-8D40;,艹
2616,2616,2616,蓄,⿱艹⿱⿱⿱丶一⿰&CDP-895C;丶田,艹
2617,2617,2617,蒣,⿱艹⿰彳⿱⿱人一朩,艹
2618,2618,2618,蒠,⿱艹⿱自心,艹
2619,2619,2619,蒝,⿱艹⿸厂&CDP-8BC4;,艹
2620,2620,2620,蒬,⿱艹⿱冖⿷⿱𠂊&CDP-8BCB;丶,艹
2621,2621,2621,蓥,⿱⿱艹冖⿱人&CDP-8DE3;,艹
2622,2622,2622,蒮,⿱艹⿻冖隹,艹
2623,2623,2623,蓣,⿱艹⿰⿱龴⿱乛亅页,艹
2624,2624,2624,蒷,⿱艹⿱口⿱目八,艹
2625,2625,2625,蒑,⿱艹⿰㐆⿱𠘧又,艹
2626,2626,2626,蔭,⿱艹⿰阝⿱⿱⿱人丶㇇⿱⿱一一厶,艹
2627,2627,2627,蒕,⿱艹⿱⿴囗人皿,艹
2628,2628,2628,蓔,⿱艹⿱⿱⿱丷一⿱十一灬,艹
2629,2629,2629,蓫,⿱艹⿺辶⿱一𧰨,艹
2630,2630,2630,蒸,⿱艹⿱⿱⿱乛⿲㇇亅&CDP-85BF;一灬,艹
2631,2631,2631,蓙,⿱艹⿸广⿻⿱十一⿰人人,艹
2632,2632,2632,蒩,⿱艹⿰⿱丿木且,艹
2633,2633,2633,蓗,⿱艹⿰彳⿱⿱十一龰,艹
2634,2634,2634,蔜,⿱艹⿰⿱龶&CDP-8B6C;攵,艹
2635,2635,2635,蒽,⿱艹⿱⿴囗⿻一人心,艹
2636,2636,2636,蔈,⿱艹⿱⿱一&CDP-86EA;示,艹
2637,2637,2637,蔔,⿱艹⿹勹⿱⿱一口田,艹
2638,2638,2638,蔽,⿱艹⿰⿻丷⿻巾八攵,艹
2639,2639,2639,蓴,⿱艹⿱&CDP-8BD0;寸,艹
2640,2640,2640,蔖,⿱艹⿸⿸⿱⺊&CDP-88E2;⿻㇀乚且,艹
2641,2641,2641,蔡,⿱艹⿱&CDP-8C4F;示,艹
2642,2642,2642,蓸,⿱艹⿱&CDP-8D61;日,艹
2643,2643,2643,蔟,⿱艹⿰⿱⿱丶一&CDP-8B6C;⿱𠂉⿱𠂉⿻一人,艹
2644,2644,2644,蓯,⿱艹⿰彳&CDP-8BB0;,艹
2645,2645,2645,蔥,⿱艹⿱⿴⿱丿囗夂心,艹
2646,2646,2646,蔕,⿱艹⿳&CDP-8C4B;冖巾,艹
2647,2647,2647,蔋,⿱艹⿰氵⿰⿱⿱⺊一小又,艹
2648,2648,2648,蔐,⿱艹⿱&CDP-8BAE;&CDP-8C6C;,艹
2649,2649,2649,蔸,⿱艹⿱⿲&CDP-8CBD;白コ⿰丿乚,艹
2650,2650,2650,蔮,⿱艹⿴囗⿹⿻⿺⿻一乚丶丿⿱口一,艹
2651,2651,2651,蔉,⿱艹⿳⿱丶一⿱八口𧘇,艹
2652,2652,2652,蔧,⿱艹⿱⿰⿻⿱一⿱一一丨⿻⿱一⿱一一丨彐,艹
2653,2653,2653,蔰,⿱艹⿸⿱丶尸⿱口巴,艹
2654,2654,2654,蔛,⿱艹⿰角斗,艹
2655,2655,2655,蔒,⿱艹⿱⿸⿻&CDP-8BAB;丿口灬,艹
2656,2656,2656,蔊,⿱艹⿰⿱八人⿱日干,艹
2657,2657,2657,蓵,⿱艹⿰扌疌,艹
2658,2658,2658,蔪,⿱艹⿰車⿸𠂆⿱一丨,艹
2659,2659,2659,蔣,⿱艹⿰爿&CDP-8BC3;,艹
2660,2660,2660,蔨,⿱艹⿴囗⿱⿱丷⿻⿱一一人㔾,艹
2661,2661,2661,蓳,⿱艹⿱廿&CDP-8A6D;,艹
2662,2662,2662,蔲,⿱艹⿱宀⿺⿱一⿱一⿰丿乚攵,艹
2663,2663,2663,蔻,⿱艹⿱宀⿺⿱一⿱一⿰丿乚⿱⺊又,艹
2664,2664,2664,薖,⿱艹⿺辶⿵⿱⿵冂𠃍冂口,艹
2665,2665,2665,蔁,⿱艹⿱⿱&CDP-8BAE;一⿱日十,艹
2666,2666,2666,蕎,⿱艹⿱⿱⿱丿⿻一人口⿵冂口,艹
2667,2667,2667,蔹,⿱艹⿰⿳⿱人一𭕄一攵,艹
2668,2668,2668,蓼,⿱艹⿱⿰⿹𠃌冫⿹𠃌冫⿱人彡,艹
2669,2669,2669,蔂,⿱艹⿱田⿱⿰&CDP-895C;丶小,艹
2670,2670,2670,蔺,⿱艹⿵门隹,艹
2671,2671,2671,蔆,⿱艹⿰氵⿳⿱十一八夂,艹
2672,2672,2672,蔞,⿱艹⿱&CDP-89C5;女,艹
2673,2673,2673,蔍,⿱艹⿸&CDP-8D56;比,艹
2674,2674,2674,蓾,⿱艹⿱⺊⿴囗⿻㐅⿳丶⿰丶丶丶,艹
2675,2675,2675,蔑,⿱⿱艹罒⿵戊丶,艹
2676,2676,2676,蔄,⿱艹⿵⿰𠁣𠃛口,艹
2677,2677,2677,蔴,⿱艹⿸广⿰木木,艹
2678,2678,2678,蔓,⿱艹⿳日罒又,艹
2679,2679,2679,蔤,⿱艹⿱⿱宀⿻心丿山,艹
2680,2680,2680,蔝,⿱艹⿰目米,艹
2681,2681,2681,蔫,⿱艹⿱⿱一止&CDP-8DBF;,艹
2682,2682,2682,蔦,⿱艹⿹&CDP-8CBB;灬,艹
2683,2683,2683,蔢,⿱艹⿱⿰氵皮女,艹
2684,2684,2684,蔳,⿱艹⿰氵⿱龶月,艹
2685,2685,2685,蔷,⿱艹⿱&CDP-8A65;⿴囗口,艹
2686,2686,2686,蓲,⿱艹⿷匚⿱口⿰口口,艹
2687,2687,2687,蕖,⿱艹⿱⿰氵巨木,艹
2688,2688,2688,蔎,⿱艹⿰言⿱𠘧又,艹
2689,2689,2689,蔏,⿱艹⿱&CDP-8BAE;⿵冂⿱八口,艹
2690,2690,2690,蔘,⿱艹⿱⿱⿱厶⿰厶厶人彡,艹
2691,2691,2691,蕯,⿱艹⿰阝⿱夂⿱一生,艹
2692,2692,2692,蔌,⿱艹⿰束欠,艹
2693,2693,2693,蓷,⿱艹⿰扌隹,艹
2694,2694,2694,蔚,⿱艹⿰⿸尸示寸,艹
2695,2695,2695,蓶,⿱艹⿰口隹,艹
2696,2696,2696,薌,⿱艹⿰乡⿰&CDP-8C42;阝,艹
2697,2697,2697,箫,⿱竹肃,艹
2698,2698,2698,蓿,⿱艹⿱宀⿰亻⿱一白,艹
2699,2699,2699,蔙,⿱艹⿰⿱⿱丶一&CDP-8B6C;⿱𠂉疋,艹
2700,2700,2700,蓰,⿱艹⿰彳⿱止龰,艹
2701,2701,2701,蔅,⿱艹⿵⿰𠁣𠃛女,艹
2702,2702,2702,蓺,⿱艹⿰⿱⿱⿱十一⿰丿乚⿱十一⿻九丶,艹
2703,2703,2703,蔩,⿱艹⿱宀&CDP-8CE6;,艹
2704,2704,2704,蔗,⿱艹⿸广⿱廿灬,艹
2705,2705,2705,蔠,⿱艹⿰⿱⿰&CDP-895C;丶&CDP-885E;⿱夂⿱丶丶,艹
2706,2706,2706,蕏,⿱艹⿰犭⿸耂日,艹
2707,2707,2707,蔵,⿱艹⿵戊臣,艹
2708,2708,2708,蔶,⿱艹⿱龶⿱目八,艹
2709,2709,2709,蓻,⿱艹⿰⿱⿱十一⿱丷干⿻九丶,艹
2710,2710,2710,蓭,⿱艹⿸广⿱⿻一人⿻日乚,艹
2711,2711,2711,蔼,⿱艹⿰讠⿱日⿹勹⿺𠃊人,艹
2712,2712,2712,蕔,⿱艹⿰⿱⿱十一⿱丷干⿸卩又,艹
2713,2713,2713,蕃,⿱艹⿱⿱丿米田,艹
2714,2714,2714,蕆,⿱艹⿵戊⿱目八,艹
2715,2715,2715,蕇,⿱艹⿱⿰口口&CDP-8BD9;,艹
2716,2716,2716,蕩,⿱艹⿰氵⿱⿱日一⿹勹&CDP-89A6;,艹
2717,2717,2717,薘,⿱艹⿺辶⿱⿱十一⿱⿱丷一&CDP-8BF1;,艹
2718,2718,2718,薡,⿱艹⿶&CDP-89EE;目,艹
2719,2719,2719,蕫,⿱艹⿱⿱&CDP-8BAE;一⿱&CDP-8BD9;一,艹
2720,2720,2720,蕟,⿱艹⿱⿰&CDP-88D3;&CDP-88D5;⿰弓⿱𠘧又,艹
2721,2721,2721,蕡,⿱艹⿱⿱十⿻一&CDP-8BF5;⿱目八,艹
2722,2722,2722,蕧,⿱艹⿰彳⿳𠂉日夂,艹
2723,2723,2723,蕜,⿱艹⿱非心,艹
2724,2724,2724,蕐,⿳艹一&CDP-85A1;,艹
2725,2725,2725,蕙,⿱艹⿱&CDP-8BD0;心,艹
2726,2726,2726,蕑,⿱艹⿵⿰𠁣𠃛月,艹
2727,2727,2727,蕳,⿱艹⿵⿰𠁣𠃛日,艹
2728,2728,2728,蕉,⿱艹⿱隹灬,艹
2729,2729,2729,蕝,⿱艹⿰⿱⿰&CDP-895C;丶&CDP-885E;⿱𠂊巴,艹
2730,2730,2730,蕨,⿱艹⿸厂⿰⿱⿱丷一⿻凵丨欠,艹
2731,2731,2731,蕀,⿱艹⿰朿朿,艹
2732,2732,2732,蕺,⿱艹⿰⿱口耳⿻⿺⿻一乚丶丿,艹
2733,2733,2733,蕢,⿱艹⿱⿱⿻口丨一⿱目八,艹
2734,2734,2734,蔾,⿱艹⿱⿰⿱丿木&CDP-8DC9;木,艹
2735,2735,2735,蕌,⿱艹⿱日⿰日日,艹
2736,2736,2736,蕄,⿱艹⿵⿰𠁣𠃛心,艹
2737,2737,2737,蕒,⿱艹⿱罒⿱目八,艹
2738,2738,2738,蕁,⿱艹⿳彐&CDP-8CFA;寸,艹
2739,2739,2739,蔃,⿱艹⿰弓⿱口虫,艹
2740,2740,2740,蕲,⿱艹⿰⿱丷&CDP-8BD9;⿸𠂆⿱一丨,艹
2741,2741,2741,蕤,⿱艹⿺⿱一𧰨生,艹
2742,2742,2742,蕊,⿱艹⿱心⿰心心,艹
2743,2743,2743,蕋,⿱艹⿱止⿰止止,艹
2744,2744,2744,蕘,⿱艹⿱⿱⿱十一⿰⿱十一⿱十一⿱一⿰丿乚,艹
2745,2745,2745,蕠,⿱艹⿱⿰女口⿱⿰&CDP-895C;丶小,艹
2746,2746,2746,蕂,⿱艹⿰月⿱⿱丷⿻⿱一一人⿻丿𠃌,艹
2747,2747,2747,蕣,⿱艹⿱&CDP-8BB8;⿰⿴𠂊丶㐄,艹
2748,2748,2748,蔬,⿱艹⿰𤴔⿱⿻一厶⿴⿰丿乚丨,艹
2749,2749,2749,蕱,⿱艹⿰⿱丿木⿱⺌月,艹
2750,2750,2750,蕬,⿱艹⿰⿱⿰&CDP-895C;丶&CDP-885E;⿱⿰&CDP-895C;丶小,艹
2751,2751,2751,蕵,⿱艹⿰⿴𠂊丶⿱人⿱丶艮,艹
2752,2752,2752,蕛,⿱艹⿰⿱丿木⿱丷⿹⿻弓丨丿,艹
2753,2753,2753,蕪,⿱艹⿱&CDP-8BBE;灬,艹
2754,2754,2754,蕰,⿱艹⿰氵⿱日皿,艹
2755,2755,2755,蔿,⿱艹爲,艹
2756,2756,2756,蕸,⿱艹⿺辶⿰&CDP-8C7A;&CDP-8C79;,艹
2757,2757,2757,蕮,⿱艹⿱臼&CDP-8C40;,艹
2758,2758,2758,蕈,⿱艹⿱⿱一&CDP-86EA;⿱日十,艹
2759,2759,2759,蕦,⿱艹⿰彡頁,艹
2760,2760,2760,蕕,⿱艹⿰犭⿱丷酉,艹
2761,2761,2761,蓹,⿱艹⿰彳⿰⿱𠂉⿻一&CDP-8960;卩,艹
2762,2762,2762,薁,⿱艹⿱⿵&CDP-8BD6;米⿻一人,艹
2763,2763,2763,蕴,⿱艹⿰纟⿱日皿,艹
2764,2764,2764,蕍,⿱艹⿰氵⿱⿱人一⿰月刂,艹
2765,2765,2765,蕓,⿱艹⿱⿱一⿻冂&CDP-8C41;⿱⿱一一厶,艹
2766,2766,2766,蕥,⿱艹⿰牙隹,艹
2767,2767,2767,薄,⿱艹⿰氵⿱⿺&CDP-86B7;丶寸,艹
2768,2768,2768,薊,⿱艹⿰⿳𠂊田灬刂,艹
2769,2769,2769,薳,⿱艹⿺辶⿱⿱⿱十一口𧘇,艹
2770,2770,2770,蕞,⿱艹⿱日⿰耳又,艹
2771,2771,2771,蕚,⿳艹⿱口⿰口口⿱一⿱一㇉,艹
2772,2772,2772,蕅,⿱艹⿰氵禺,艹
2773,2773,2773,薭,⿱艹⿰⿱丿木⿱&CDP-89BE;十,艹
2774,2774,2774,薜,⿱艹⿰⿸尸口⿱⿱&CDP-8BAE;一十,艹
2775,2775,2775,薒,⿱艹⿱⿰⿱⺊⿴𠂊丶又米,艹
2776,2776,2776,薋,⿱艹⿱⿰冫欠⿱目八,艹
2777,2777,2777,薠,⿱艹⿰⿱八人頁,艹
2778,2778,2778,薣,⿱艹⿰⿱十豆⿱十又,艹
2779,2779,2779,薈,⿱艹⿱⿱人一⿱&CDP-8B62;日,艹
2780,2780,2780,薉,⿱艹⿱止&CDP-8CB3;,艹
2781,2781,2781,薃,⿱艹⿰氵⿳⿱丶一口⿵冂口,艹
2782,2782,2782,蕻,⿱艹⿰⿱&CDP-884A;⿱一厶⿱⿱⿻十丨一八,艹
2783,2783,2783,薅,⿱艹⿰女⿱⿸厂⿱⿱一一&CDP-8CC6;寸,艹
2784,2784,2784,薧,⿱艹⿱&CDP-8C4D;⿸⿱一⿴𠂊丶⿺乚丿,艹
2785,2785,2785,薨,⿱&CDP-8D60;⿸⿱一⿴𠂊丶⿺乚丿,艹
2786,2786,2786,薦,⿱艹⿸&CDP-8D56;&CDP-8DBF;,艹
2787,2787,2787,薑,⿱艹⿳&CDP-8D5E;&CDP-8D5E;一,艹
2788,2788,2788,薕,⿱艹⿸广⿱⿱丷一&CDP-8CDE;,艹
2789,2789,2789,薐,⿱艹⿰⿱丿木⿳⿱十一八夂,艹
2790,2790,2790,蕶,⿱艹⿱⿱一⿻冂&CDP-8C41;⿱⿱人丶龴,艹
2791,2791,2791,蕗,⿱艹⿰⿱口止⿱夂口,艹
2792,2792,2792,蕾,⿱艹⿱⿱一⿻冂&CDP-8C41;田,艹
2793,2793,2793,薎,⿱&CDP-8D60;⿰亻⿻⿺⿻一乚丶丿,艹
2794,2794,2794,蕽,⿱艹⿱曲⿸厂⿱⿱一一&CDP-8CC6;,艹
2795,2795,2795,薔,⿱艹⿱&CDP-8D5B;⿴囗口,艹
2796,2796,2796,薓,⿱艹⿰氵⿱⿳彐冖巾又,艹
2797,2797,2797,薥,⿱艹⿱罒⿹勹虫,艹
2798,2798,2798,薯,⿱艹⿱罒⿸耂日,艹
2799,2799,2799,薩,⿱艹⿰阝⿸⿱&CDP-8BAE;厂生,艹
2800,2800,2800,蕼,⿱艹⿰⿱&CDP-884A;⿱一厶⿻⿻&CDP-8BAB;丨⿱一一,艹
2801,2801,2801,薞,⿱艹⿰⿱一⿴𠂊丶⿱人⿱丶艮,艹
2802,2802,2802,薮,⿱艹⿰⿱米女攵,艹
2803,2803,2803,薙,⿱艹⿰⿱𠂉⿻一人隹,艹
2804,2804,2804,薚,⿱艹⿰⿱一⿴𠂊丶⿱⿱日一⿹勹&CDP-89A6;,艹
2805,2805,2805,薍,⿱艹⿰⿳⿱丿𭕄龴⿵冂⿱厶又乚,艹
2806,2806,2806,蕹,⿱艹⿱⿱丶一&CDP-8DB5;,艹
2807,2807,2807,薇,⿱艹⿰彳⿰⿳山一几攵,艹
2808,2808,2808,薢,⿱艹⿰角⿱⿹𠃌丿牛,艹
2809,2809,2809,薤,⿱艹⿰⿱一⿴𠂊丶⿱非一,艹
2810,2810,2810,薟,⿱艹⿳⿱人一⿰口口⿰人人,艹
2811,2811,2811,蕭,⿱艹肅,艹
2812,2812,2812,蕿,⿱艹⿰⿱八人⿳⿱丿𭕄一⿸𠂇又,艹
2813,2813,2813,薛,⿱艹⿰⿱丿㠯⿱⿱&CDP-8BAE;一十,艹
2814,2814,2814,薂,⿱艹⿰⿱白⿱⿱丶一&CDP-8B6C;攵,艹
2815,2815,2815,藇,⿱艹⿶&CDP-8BA8;&CDP-8BC2;,艹
2816,2816,2816,薪,⿱艹⿰⿱⿱&CDP-8BAE;一朩⿸𠂆⿱一丨,艹
2817,2817,2817,薫,⿱艹⿱重灬,艹
2818,2818,2818,薗,⿱艹⿴囗⿱⿱⿱十一口𧘇,艹
2819,2819,2819,薬,⿱艹⿱⿴&CDP-89AE;白木,艹
2820,2820,2820,薏,⿱艹⿱⿱⿱&CDP-8BAE;一日心,艹
2821,2821,2821,蕷,⿱艹⿰⿱龴⿱乛亅頁,艹
2822,2822,2822,薀,⿱艹⿰氵⿱⿴囗人皿,艹
2823,2823,2823,薽,⿱艹⿰⿱⿱一&CDP-86EA;⿱十一瓦,艹
2824,2824,2824,薝,⿱艹⿸⿱𠂊厂&CDP-8CC3;,艹
2825,2825,2825,薆,⿱艹⿱&CDP-8BB8;⿱心夂,艹
2826,2826,2826,藊,⿱艹⿰⿱丿木⿸⿱丶尸⿵冂⿻十丨,艹
2827,2827,2827,薼,⿱艹⿸⿸&CDP-8D56;比⿱十一,艹
2828,2828,2828,薵,⿱艹⿳⿳⿱十一乛工一⿰口寸,艹
2829,2829,2829,藏,⿱艹⿵⿰爿⿻⿺⿻一乚丶丿臣,艹
2830,2830,2830,藂,⿱艹⿱⿰耳又乑,艹
2831,2831,2831,藋,⿱艹⿱⿰⿹𠃌冫⿹𠃌冫隹,艹
2832,2832,2832,薱,⿱艹⿰&CDP-8BBD;寸,艹
2833,2833,2833,藡,⿱艹⿺辶⿱&CDP-8BAE;&CDP-8C6C;,艹
2834,2834,2834,藅,⿱艹⿱罒⿰言刂,艹
2835,2835,2835,藁,⿱艹⿱⿳⿱丶一口⿵冂口木,艹
2836,2836,2836,藱,⿱艹⿸疒⿱⿱丿田⿺⿰丿乚厶,艹
2837,2837,2837,藆,⿱艹⿱⿳宀⿱井一八手,艹
2838,2838,2838,薺,⿱艹⿱&CDP-8DEB;&CDP-89C6;,艹
2839,2839,2839,藎,⿱艹⿱⿱⿱⿻&CDP-8BAB;丨一灬皿,艹
2840,2840,2840,藉,⿱艹⿰⿻一未⿱⿱⿻十丨一日,艹
2841,2841,2841,藈,⿱艹⿰目⿱⿰&CDP-88D3;&CDP-88D5;⿱一⿻一人,艹
2842,2842,2842,藍,⿱艹⿱⿰臣&CDP-89BC;皿,艹
2843,2843,2843,藐,⿱艹⿰豸⿱白⿰丿乚,艹
2844,2844,2844,薶,⿱艹⿰豸⿱&CDP-8BD9;一,艹
2845,2845,2845,藌,⿱艹⿱⿱宀⿻心丿虫,艹
2846,2846,2846,薴,⿱艹⿱⿱宀⿱心皿⿱一亅,艹
2847,2847,2847,薿,⿱艹⿰⿱⿺乚丿⿱𠂉⿻一人⿱龴疋,艹
2848,2848,2848,薸,⿱艹⿰氵⿱⿱一&CDP-86EA;示,艹
2849,2849,2849,薲,⿱艹⿱&CDP-8D74;⿱目八,艹
2850,2850,2850,藑,⿱艹⿳&CDP-8CAF;目夂,艹
2851,2851,2851,藒,⿱艹⿰⿱丿木⿱日⿹勹⿺𠃊人,艹
2852,2852,2852,藄,⿱艹⿱⿱&CDP-8B72;八⿱⿰&CDP-895C;丶小,艹
2853,2853,2853,薷,⿱艹⿱⿱一⿻冂&CDP-8C41;⿱一⿱丿⿵冂⿰丨丨,艹
2854,2854,2854,藗,⿱艹⿺辶⿰束欠,艹
2855,2855,2855,藬,⿱艹⿰阝⿱⿱⿻口丨一⿱目八,艹
2856,2856,2856,薹,⿱艹⿳⿱⿱十一口冖⿱⿱一厶⿱十一,艹
2857,2857,2857,藃,⿱艹⿰⿳⿱丶一口⿵冂口欠,艹
2858,2858,2858,藓,⿱艹⿰⿳𠂊田一⿱⿱丷一&CDP-8BF1;,艹
2859,2859,2859,薰,⿱艹熏,艹
2860,2860,2860,藀,⿱艹⿱⿱⿰⿱八人⿱八人冖⿱八人,艹
2861,2861,2861,薻,⿱艹⿰氵⿱⿲𡿨𡿨𡿨⿻日木,艹
2862,2862,2862,薾,⿱艹⿱一&CDP-88D6;,艹
2863,2863,2863,藨,⿱艹⿸⿸&CDP-8D56;比灬,艹
2864,2864,2864,藣,⿱艹⿱罒⿰⿱厶⿵⺆冫⿱⿺乚丿⿺乚丿,艹
2865,2865,2865,藵,⿱艹⿱⿰亻⿱口木⿱⿱丶一𧘇,艹
2866,2866,2866,藩,⿱艹⿰氵⿱⿱丿米田,艹
2867,2867,2867,藳,⿱艹⿱⿳⿱丶一口⿵冂口⿱丿木,艹
2868,2868,2868,藧,⿱艹⿰⿱⿰&CDP-895C;丶&CDP-885E;⿳⿱丿𭕄一⿸𠂇又,艹
2869,2869,2869,藠,⿱艹⿱白⿰白白,艹
2870,2870,2870,藔,⿱艹⿱宀⿱⿱⿻⿻一人丷日小,艹
2871,2871,2871,藰,⿱艹⿰&CDP-8D69;刂,艹
2872,2872,2872,藜,⿱艹⿱⿰⿱丿木&CDP-8DC9;&CDP-8D71;,艹
2873,2873,2873,藟,⿱艹⿱田⿰田田,艹
2874,2874,2874,藞,⿱艹⿱⿸⿱一丿口⿰⿸⿱一丿口⿸⿱一丿口,艹
2875,2875,2875,藘,⿱艹⿸⿸⿱⺊&CDP-88E2;⿻㇀乚⿱田心,艹
2876,2876,2876,藦,⿱艹⿸⿸广⿰木木手,艹
2877,2877,2877,藭,⿱艹⿱⿱宀八⿰身弓,艹
2878,2878,2878,藷,⿱艹⿰言⿸耂日,艹
2879,2879,2879,藪,⿱艹⿰⿱&CDP-89C5;女攵,艹
2880,2880,2880,藫,⿱艹⿰氵⿱⿱一&CDP-86EA;⿱日十,艹
2881,2881,2881,藤,⿱艹⿰月⿱⿱丷⿻⿱一一人⿻亅&CDP-89AE;,艹
2882,2882,2882,藯,⿱艹⿱⿰⿸尸示寸心,艹
2883,2883,2883,藖,⿱艹⿱⿰臣又⿱目八,艹
2884,2884,2884,藛,⿱艹⿱宀⿱臼&CDP-8C40;,艹
2885,2885,2885,藚,⿱艹⿱⿱十一⿱罒⿱目八,艹
2886,2886,2886,藥,⿱艹⿱&CDP-8BF4;木,艹
2887,2887,2887,藙,⿱艹⿰⿱⿱&CDP-8BAE;一𧰨⿱𠘧又,艹
2888,2888,2888,藝,⿱⿱艹⿰⿱⿱⿱十一⿰丿乚⿱十一⿻九丶⿱⿱一一厶,艹
2889,2889,2889,藴,⿱艹⿰⿱⿰&CDP-895C;丶&CDP-885E;⿱日皿,艹
2890,2890,2890,藸,⿱艹⿰⿱一𧰨⿸耂日,艹
2891,2891,2891,藢,⿱艹⿰彳⿰&CDP-8DB6;攵,艹
2892,2892,2892,藲,⿱艹⿰木⿷匚⿱口⿰口口,艹
2893,2893,2893,藕,⿱艹⿰⿻一未禺,艹
2894,2894,2894,藿,⿱艹⿱⿱一⿻冂&CDP-8C41;隹,艹
2895,2895,2895,蘅,⿱艹⿲彳⿳𠂊田⿻一人⿱一⿱一亅,艹
2896,2896,2896,蘆,⿱艹⿸⿸⿱⺊&CDP-88E2;⿻㇀乚&CDP-8CF4;,艹
2897,2897,2897,藼,⿱艹⿳⿱宀⿻⿱一⿱一一丨罒心,艹
2898,2898,2898,蘐,⿱艹⿰言⿳⿱丿𭕄一⿸𠂇又,艹
2899,2899,2899,蘏,⿱艹⿰⿱⿺乚丿示頁,艹
2900,2900,2900,蘔,⿱艹⿰⿱⿺乚丿⿱丿木頁,艹
2901,2901,2901,蘎,⿱⿱艹⿱一⿻冂&CDP-8C41;⿰月巴,艹
2902,2902,2902,藾,⿱艹⿰束⿱𠂊⿱目八,艹
2903,2903,2903,藶,⿱艹⿸⿸厂⿰⿱丿木⿱丿木止,艹
2904,2904,2904,藺,⿱艹⿵⿰𠁣𠃛隹,艹
2905,2905,2905,蘢,⿱艹⿰⿱⿱&CDP-8BAE;一月&CDP-89B0;,艹
2906,2906,2906,蘉,⿳⿱艹罒冖⿰亻⿳&CDP-8BAB;冖又,艹
2907,2907,2907,蘑,⿱艹⿸⿸广⿰木木⿸⿱一丿口,艹
2908,2908,2908,蘕,⿱艹⿰⿱⿰&CDP-895C;丶&CDP-885E;⿺辶⿱夂⿻⿱一⿱一一丨,艹
2909,2909,2909,蘋,⿱艹⿰⿱止𣥂頁,艹
2910,2910,2910,蘒,⿱艹⿰⿱丿木⿱𠂊&CDP-89BD;,艹
2911,2911,2911,藮,⿱艹⿰木⿱隹灬,艹
2912,2912,2912,藽,⿱艹⿰⿱⿱&CDP-8BAE;一朩⿱目⿰丿乚,艹
2913,2913,2913,蘄,⿱艹⿰⿱⿰口口&CDP-8BD9;⿸𠂆⿱一丨,艹
2914,2914,2914,蘧,⿱艹⿺辶⿸⿸⿱⺊&CDP-88E2;⿻㇀乚⿱一𧰨,艹
2915,2915,2915,蘂,⿱艹⿱⿱心⿰心心木,艹
2916,2916,2916,蘃,⿳艹⿱止⿰止止木,艹
2917,2917,2917,蘇,⿱艹⿰⿳𠂊田灬⿱丿木,艹
2918,2918,2918,蘓,⿱艹⿰⿱丿木⿳𠂊田灬,艹
2919,2919,2919,蘈,⿱艹⿰⿱⿱丿木几頁,艹
2920,2920,2920,蘀,⿱艹⿰扌⿱罒⿱⿱十一⿱丷干,艹
2921,2921,2921,蘣,⿱艹⿰⿳⿱⿻十丨一由八⿱⿱丶一⿱十一,艹
2922,2922,2922,蘁,⿱艹⿱&CDP-8554;一,艹
2923,2923,2923,蘍,⿱艹⿰熏⿻丿𠃌,艹
2924,2924,2924,蘊,⿱艹⿰⿱⿰&CDP-895C;丶&CDP-885E;⿱⿴囗人皿,艹
2925,2925,2925,蘟,⿱艹⿰阝⿱⿳⿱丿𭕄工彐心,艹
2926,2926,2926,藻,⿱艹⿰氵⿱⿱口⿰口口木,艹
2927,2927,2927,藹,⿱艹⿰言⿱日⿹勹⿺𠃊人,艹
2928,2928,2928,蘗,⿱艹⿱⿰⿸尸口⿱⿱&CDP-8BAE;一十木,艹
2929,2929,2929,蘥,⿱艹⿳⿱人一⿲口口口⿵冂⿻十丨,艹
2930,2930,2930,蘻,⿱艹⿱⿰⿱車凵⿱𠘧又⿱⿰&CDP-895C;丶小,艹
2931,2931,2931,蘯,⿱艹⿱⿰氵⿱⿱日一⿹勹&CDP-89A6;皿,艹
2932,2932,2932,蘩,⿱艹⿱⿰⿱𠂉母攵⿱⿰&CDP-895C;丶小,艹
2933,2933,2933,蘤,⿱艹⿰白爲,艹
2934,2934,2934,蘳,⿱艹⿰⿳⿱⿻十丨一由八⿱⿱十一⿱十一,艹
2935,2935,2935,蘮,⿱艹⿱罒&CDP-8AD6;,艹
2936,2936,2936,蘜,⿱艹⿰革⿹勹米,艹
2937,2937,2937,蘝,⿱艹⿰⿳⿱人一⿰口口⿰人人欠,艹
2938,2938,2938,蘞,⿱艹⿰⿳⿱人一⿰口口⿰人人攵,艹
2939,2939,2939,蘫,⿱艹⿰氵⿱⿰臣&CDP-89BC;皿,艹
2940,2940,2940,蘭,⿱艹⿵⿰𠁣𠃛柬,艹
2941,2941,2941,蘦,⿱艹⿱⿱一⿻冂&CDP-8C41;⿲口口口,艹
2942,2942,2942,蘰,⿱艹⿰⿱⿰&CDP-895C;丶&CDP-885E;⿳日罒又,艹
2943,2943,2943,蘪,⿱艹⿸⿸&CDP-8D56;比米,艹
2944,2944,2944,蘖,⿱⿱艹⿰⿱丿㠯⿱⿱&CDP-8BAE;一十木,艹
2945,2945,2945,蘠,⿱艹⿰爿⿱&CDP-8D5B;⿴囗口,艹
2946,2946,2946,蘘,⿱艹⿳⿱丶一&CDP-8CA3;𧘇,艹
2947,2947,2947,蘶,⿱艹⿰⿱⿱丿木女⿱⿱丿田⿺⿰丿乚厶,艹
2948,2948,2948,蘚,⿱艹⿰⿳𠂊田灬⿱⿱丷一&CDP-8BF1;,艹
2949,2949,2949,蘨,⿱艹⿰⿱⿱丿𭕄缶⿱丿⿱⿰&CDP-895C;丶小,艹
2950,2950,2950,蘙,⿱艹⿱⿰⿷匚⿱𠂉⿻一人⿱𠘧又⿰⿹𠃌冫⿹𠃌冫,艹
2951,2951,2951,蘌,⿱艹⿱⿰彳⿰⿱𠂉⿻一&CDP-8960;卩示,艹
2952,2952,2952,蘛,⿱艹⿰⿱&CDP-88C8;⿷匚⿰丿乚⿱⿻一厶月,艹
2953,2953,2953,蘡,⿱艹⿱⿰⿱目八⿱目八女,艹
2954,2954,2954,蘴,⿱艹⿱⿻山⿰⿻⿱一⿱一一丨⿻⿱一⿱一一丨豆,艹
2955,2955,2955,蘬,⿱艹⿰⿱𠂤止⿳彐冖巾,艹
2956,2956,2956,蘲,⿱艹⿱⿱田⿰田田⿱十一,艹
2957,2957,2957,蘺,⿱艹⿰⿱⿱⿱丶一⿶凵㐅⿻冂厶隹,艹
2958,2958,2958,蘵,⿱艹⿰耳⿹&CDP-88A7;日,艹
2959,2959,2959,蘾,⿱艹⿰⿱十一⿳⿱丶一⿱罒&CDP-8977;𧘇,艹
2960,2960,2960,蘹,⿱艹⿰忄⿳⿱丶一⿱罒&CDP-8977;𧘇,艹
2961,2961,2961,虀,⿱艹⿱&CDP-8DEB;⿱非一,艹
2962,2962,2962,蘷,⿳艹⿳一⿲止白巳八夂,艹
2963,2963,2963,蘿,⿱艹⿱罒⿰⿱⿰&CDP-895C;丶&CDP-885E;隹,艹
2964,2964,2964,蘱,⿱艹⿰⿱米犬頁,艹
2965,2965,2965,蘽,⿱艹⿱⿱田⿰田田木,艹
2966,2966,2966,蘼,⿱艹⿸⿸广⿰木木非,艹
2967,2967,2967,蘸,⿱艹⿰酉⿱隹灬,艹
2968,2968,2968,虃,⿱艹⿰氵⿹⿶⿻⿺⿻一乚丶丿⿰人人⿱非一,艹
2969,2969,2969,虇,⿱艹⿰弓⿱艹⿱⿰口口隹,艹
2970,2970,2970,虄,⿱艹⿰虫⿱夂⿸⿱&CDP-8BAE;厂生,艹
2971,2971,2971,虅,⿱艹⿰月⿱⿱丷⿻⿱一一人⿹&CDP-896A;灬,艹
2972,2972,2972,虁,⿱艹⿱丷⿱⿳一⿲止自巳八夂,艹
2973,2973,2973,虆,⿱艹⿱⿱田⿰田田⿱⿰&CDP-895C;丶小,艹
2974,2974,2974,虂,⿱艹⿱⿱一⿻冂&CDP-8C41;⿰⿱口止⿱夂口,艹
2975,2975,2975,虈,⿱艹⿲⿱口口頁⿱口口,艹
2976,2976,2976,虉,⿱艹⿰⿳一口⿵⿵冂⿰丿乚⿱一丨⿹&CDP-8CBB;灬,艹
2977,2977,2977,虌,⿱艹⿱⿰⿻丷⿻巾八攵黽,艹
2978,2978,2978,虊,⿱艹⿱⿲⿱⿰&CDP-895C;丶小言⿱⿰&CDP-895C;丶小木,艹
2979,2979,2979,虋,⿱艹⿱⿶&CDP-8B64;⿵⿵冂一口⿱酉⿱八⿹𠃌丿,艹
2980,2980,2980,屮,⿻凵丨,屮
2981,2981,2981,屯,⿻丿⿻凵乚,屮
2982,2982,2982,彶,⿰彳及,彳
2983,2983,2983,彵,⿰彳也,彳
2984,2984,2984,彴,⿰彳⿹勹丶,彳
2985,2985,2985,彳,彳,彳
2986,2986,2986,彻,⿰彳⿰⿻㇀乚⿹𠃌丿,彳
2987,2987,2987,彷,⿰彳⿱⿱丶一&CDP-8B6C;,彳
2988,2988,2988,彺,⿰彳⿱一⿱十一,彳
2989,2989,2989,彸,⿰彳⿱八厶,彳
2990,2990,2990,役,⿰彳⿱𠘧又,彳
2991,2991,2991,彼,⿰彳皮,彳
2992,2992,2992,徂,⿰彳且,彳
2993,2993,2993,彽,⿰彳⿱氏丶,彳
2994,2994,2994,彿,⿰彳⿻弓&CDP-8BF5;,彳
2995,2995,2995,径,⿰彳⿱ス工,彳
2996,2996,2996,彾,⿰彳⿱⿱人丶龴,彳
2997,2997,2997,往,⿰彳⿱⿱丶一⿱十一,彳
2998,2998,2998,徃,⿰彳生,彳
2999,2999,2999,征,⿰彳⿱一止,彳
3000,3000,3000,徔,⿰彳⿱艹⿱丶&CDP-8661;,彳
3001,3001,3001,待,⿰彳⿱⿱十一寸,彳
3002,3002,3002,徊,⿰彳⿴囗口,彳
3003,3003,3003,後,⿰彳⿱⿰&CDP-895C;丶夂,彳
3004,3004,3004,很,⿰彳艮,彳
3005,3005,3005,律,⿰彳⿻⿻&CDP-8BAB;丨⿱一一,彳
3006,3006,3006,徍,⿰彳⿱⿱十一⿱十一,彳
3007,3007,3007,徇,⿰彳⿹勹日,彳
3008,3008,3008,徆,⿰彳⿱一⿻⿰丿乚口,彳
3009,3009,3009,徉,⿰彳⿱⿱丷一&CDP-8BF1;,彳
3010,3010,3010,徎,⿰彳⿱口⿱一⿱十一,彳
3011,3011,3011,従,⿰彳⿱丷⿱一龰,彳
3012,3012,3012,徑,⿰彳⿳一⿲𡿨𡿨𡿨工,彳
3013,3013,3013,徕,⿰彳来,彳
3014,3014,3014,徒,⿰彳⿱⿱十一龰,彳
3015,3015,3015,徐,⿰彳⿱⿱人一朩,彳
3016,3016,3016,徏,⿰彳⿱止𣥂,彳
3017,3017,3017,徘,⿰彳非,彳
3018,3018,3018,徜,⿰彳⿱⺌⿵冂口,彳
3019,3019,3019,從,⿰彳&CDP-8BB0;,彳
3020,3020,3020,徖,⿰彳⿱宀示,彳
3021,3021,3021,得,⿰彳⿱⿱日一寸,彳
3022,3022,3022,徤,⿰彳⿺廴⿻⿻&CDP-8BAB;丨⿱一一,彳
3023,3023,3023,徣,⿰彳⿱⿱⿻十丨一日,彳
3024,3024,3024,徛,⿰彳⿱⿻一人⿹⿱一亅口,彳
3025,3025,3025,徠,⿰彳⿻木⿰人人,彳
3026,3026,3026,徢,⿰彳疌,彳
3027,3027,3027,徙,⿰彳⿱止龰,彳
3028,3028,3028,徝,⿰彳⿱十&CDP-8BA5;,彳
3029,3029,3029,徟,⿰彳⿵⺆⿱⿱十一口,彳
3030,3030,3030,徧,⿰彳⿸⿱丶尸⿵冂⿻十丨,彳
3031,3031,3031,復,⿰彳⿳𠂉日夂,彳
3032,3032,3032,徨,⿰彳⿱白⿱一⿱十一,彳
3033,3033,3033,徦,⿰彳⿰&CDP-8C7A;&CDP-8C79;,彳
3034,3034,3034,徥,⿰彳⿱日⿱一龰,彳
3035,3035,3035,徚,⿰彳柬,彳
3036,3036,3036,徫,⿰彳⿳𫝀口㐄,彳
3037,3037,3037,循,⿰彳⿸𠂆⿱十目,彳
3038,3038,3038,御,⿰彳⿰⿱𠂉⿻一&CDP-8960;卩,彳
3039,3039,3039,徬,⿰彳⿱&CDP-8BEC;⿱⿱丶一&CDP-8B6C;,彳
3040,3040,3040,微,⿰彳⿰⿳山一几攵,彳
3041,3041,3041,徯,⿰彳⿱⿱丿𭕄⿱⿰&CDP-895C;丶⿻一人,彳
3042,3042,3042,徭,⿰彳⿱⿱丿𭕄缶,彳
3043,3043,3043,徰,⿰彳⿱⿱一止⿱一止,彳
3044,3044,3044,徶,⿰彳⿰⿻丷⿻巾八攵,彳
3045,3045,3045,徳,⿰彳⿳十罒心,彳
3046,3046,3046,徲,⿰彳⿸尸⿱⿻亅&CDP-89AE;牛,彳
3047,3047,3047,徱,⿰彳⿱⿱一&CDP-86EA;示,彳
3048,3048,3048,徴,⿲彳⿱⿻凵丨⿱一⿱十一攵,彳
3049,3049,3049,徹,⿲彳⿱⿻一厶月攵,彳
3050,3050,3050,德,⿰彳⿱&CDP-8BB2;心,彳
3051,3051,3051,徺,⿰彳⿱⿱⿱十一⿰⿱十一⿱十一⿱一⿰丿乚,彳
3052,3052,3052,徵,⿰彳⿰&CDP-8DB6;攵,彳
3053,3053,3053,徸,⿰彳⿱⿱&CDP-8BAE;一⿱&CDP-8BD9;一,彳
3054,3054,3054,徻,⿰彳⿱⿱人一⿱&CDP-8B62;日,彳
3055,3055,3055,徼,⿰彳⿰⿱白⿱⿱丶一&CDP-8B6C;攵,彳
3056,3056,3056,徽,⿰彳⿰&CDP-8DD1;攵,彳
3057,3057,3057,徾,⿲彳⿱山言攵,彳
3058,3058,3058,徿,⿰彳⿰⿱⿱&CDP-8BAE;一月&CDP-89B0;,彳
3059,3059,3059,忁,⿰彳⿳⿱日⿱⿻凵丨凵⿻一人⿻亅&CDP-89AE;,彳
3060,3060,3060,忀,⿰彳⿳⿱丶一&CDP-8CA3;𧘇,彳
3061,3061,3061,忂,⿰彳⿱⿰目目隹,彳
3062,3062,3062,巡,⿺辶⿲𡿨𡿨𡿨,巛
3063,3063,3063,巜,⿰𡿨𡿨,巛
3064,3064,3064,巛,⿲𡿨𡿨𡿨,巛
3065,3065,3065,巠,⿳一⿲𡿨𡿨𡿨工,巛
3066,3066,3066,巢,⿱⿲𡿨𡿨𡿨⿻日木,巛
3067,3067,3067,巣,⿱𭕄⿻日木,巛
3068,3068,3068,巤,⿳⿲𡿨𡿨𡿨⿴囗㐅&CDP-8D46;,巛
3069,3069,3069,巟,⿱⿱⿱丶一𠃊⿴⿰丿乚丨,川
3070,3070,3070,州,州,川
3071,3071,3071,川,川,川
3072,3072,3072,辿,⿺辶山,辶
3073,3073,3073,达,⿺辶⿻一人,辶
3074,3074,3074,过,⿺辶寸,辶
3075,3075,3075,迀,⿺辶干,辶
3076,3076,3076,迈,⿺辶⿱一&CDP-8B6C;,辶
3077,3077,3077,迁,⿺辶⿱丿十,辶
3078,3078,3078,迄,⿺辶⿱𠂉乙,辶
3079,3079,3079,迉,⿺辶尸,辶
3080,3080,3080,迅,⿺辶⿹⺄十,辶
3081,3081,3081,迂,⿺辶于,辶
3082,3082,3082,迃,⿺辶⿱一⿱一㇉,辶
3083,3083,3083,迆,⿺辶也,辶
3084,3084,3084,辶,辶,辶
3085,3085,3085,辷,⿺辶一,辶
3086,3086,3086,边,⿺辶⿻丿𠃌,辶
3087,3087,3087,辺,⿺辶⿹𠃌丿,辶
3088,3088,3088,辽,⿺辶⿱乛亅,辶
3089,3089,3089,辸,⿺辶⿹𠄎丿,辶
3090,3090,3090,辻,⿺辶十,辶
3091,3091,3091,込,⿺辶入,辶
3092,3092,3092,迊,⿺辶⿱一巾,辶
3093,3093,3093,迟,⿺辶尺,辶
3094,3094,3094,迏,⿺辶⿵⿻一人丶,辶
3095,3095,3095,迖,⿺辶犬,辶
3096,3096,3096,迚,⿺辶⿻口丨,辶
3097,3097,3097,返,⿺辶⿸𠂆又,辶
3098,3098,3098,还,⿺辶⿱一&CDP-8665;,辶
3099,3099,3099,迒,⿺辶⿱⿱丶一几,辶
3100,3100,3100,近,⿺辶⿸𠂆⿱一丨,辶
3101,3101,3101,进,⿺辶井,辶
3102,3102,3102,连,⿺辶车,辶
3103,3103,3103,迌,⿺辶月,辶
3104,3104,3104,迋,⿺辶⿱一⿱十一,辶
3105,3105,3105,违,⿺辶韦,辶
3106,3106,3106,迕,⿺辶⿱𠂉十,辶
3107,3107,3107,迍,⿺辶⿻丿⿻凵乚,辶
3108,3108,3108,远,⿺辶⿱一⿱一⿰丿乚,辶
3109,3109,3109,迓,⿺辶牙,辶
3110,3110,3110,迎,⿺辶⿰&CDP-8CBD;卩,辶
3111,3111,3111,运,⿺辶⿱⿱一一厶,辶
3112,3112,3112,这,⿺辶⿱⿱丶一⿻丿乀,辶
3113,3113,3113,迗,⿺辶⿱一⿻一人,辶
3114,3114,3114,迠,⿺辶⿱⺊口,辶
3115,3115,3115,迧,⿺辶申,辶
3116,3116,3116,迡,⿺辶⿸尸⿺乚丿,辶
3117,3117,3117,迭,⿺辶⿰丿⿻⿱一一人,辶
3118,3118,3118,迨,⿺辶⿱厶口,辶
3119,3119,3119,迪,⿺辶由,辶
3120,3120,3120,迦,⿺辶⿰⿻丿𠃌口,辶
3121,3121,3121,迥,⿺辶⿵冂口,辶
3122,3122,3122,迳,⿺辶⿱ス工,辶
3123,3123,3123,迲,⿺辶⿱⿱十一厶,辶
3124,3124,3124,迫,⿺辶白,辶
3125,3125,3125,述,⿺辶⿺木丶,辶
3126,3126,3126,迢,⿺辶⿱⿹𠃌丿口,辶
3127,3127,3127,迯,⿺辶⿰⿴𠂊丶卜,辶
3128,3128,3128,迤,⿺辶⿱𠂉也,辶
3129,3129,3129,迬,⿺辶⿱⿱丶一⿱十一,辶
3130,3130,3130,迮,⿺辶乍,辶
3131,3131,3131,迩,⿺辶⿱𠂊小,辶
3132,3132,3132,迱,⿺辶⿱宀⿺乚丿,辶
3133,3133,3133,迣,⿺辶世,辶
3134,3134,3134,迸,⿺辶⿱丷⿱一⿻一&CDP-8BF5;,辶
3135,3135,3135,迵,⿺辶⿵⿵冂一口,辶
3136,3136,3136,逇,⿺辶⿰⿱十一也,辶
3137,3137,3137,迴,⿺辶⿴囗口,辶
3138,3138,3138,逅,⿺辶⿸⿸𠂆一口,辶
3139,3139,3139,迼,⿺辶⿱⿱十一口,辶
3140,3140,3140,逈,⿺辶⿵&CDP-8BD6;口,辶
3141,3141,3141,迹,⿺辶⿱⿱丶一&CDP-8CB5;,辶
3142,3142,3142,迾,⿺辶⿰⿱一⿴𠂊丶刂,辶
3143,3143,3143,迷,⿺辶米,辶
3144,3144,3144,逆,⿺辶⿱⿱丷一⿻凵丨,辶
3145,3145,3145,迺,⿺辶⿱一⿻⿰丿乚口,辶
3146,3146,3146,逄,⿺辶⿱夂㐄,辶
3147,3147,3147,适,⿺辶⿱⿱丿十口,辶
3148,3148,3148,送,⿺辶⿱丷⿱一⿻一人,辶
3149,3149,3149,退,⿺辶艮,辶
3150,3150,3150,逃,⿺辶兆,辶
3151,3151,3151,选,⿺辶⿱⿰丿土⿰丿乚,辶
3152,3152,3152,迿,⿺辶⿹勹日,辶
3153,3153,3153,逊,⿺辶⿰子小,辶
3154,3154,3154,迻,⿺辶⿱⿴𠂊丶⿴𠂊丶,辶
3155,3155,3155,迶,⿺辶⿸𠂇月,辶
3156,3156,3156,追,⿺辶⿱丿㠯,辶
3157,3157,3157,逞,⿺辶⿱口⿱一⿱十一,辶
3158,3158,3158,递,⿺辶⿱丷⿹⿻弓丨丿,辶
3159,3159,3159,逓,⿺辶⿸𠂆&CDP-89ED;,辶
3160,3160,3160,逗,⿺辶豆,辶
3161,3161,3161,逢,⿺辶⿱夂⿻⿱一⿱一一丨,辶
3162,3162,3162,逧,⿺辶谷,辶
3163,3163,3163,逛,⿺辶⿰犭⿱一⿱十一,辶
3164,3164,3164,逥,⿺辶⿴囗&CDP-89CC;,辶
3165,3165,3165,逕,⿺辶⿳一⿲𡿨𡿨𡿨工,辶
3166,3166,3166,連,⿺辶車,辶
3167,3167,3167,逦,⿺辶⿱一⿰⿵冂丶⿵冂丶,辶
3168,3168,3168,逎,⿺辶酉,辶
3169,3169,3169,逑,⿺辶⿺&CDP-85DC;丶,辶
3170,3170,3170,逡,⿺辶⿳厶八夂,辶
3171,3171,3171,逝,⿺辶⿰扌⿸𠂆⿱一丨,辶
3172,3172,3172,逤,⿺辶⿰氵⿱小丿,辶
3173,3173,3173,速,⿺辶束,辶
3174,3174,3174,逖,⿺辶⿰犭⿱八人,辶
3175,3175,3175,通,⿺辶⿱龴⿵冂&CDP-8BF1;,辶
3176,3176,3176,透,⿺辶⿱⿱丿木⿹𠄎丿,辶
3177,3177,3177,途,⿺辶⿱⿱人一朩,辶
3178,3178,3178,逜,⿺辶⿱⿱一𫝀口,辶
3179,3179,3179,逍,⿺辶⿱⺌月,辶
3180,3180,3180,逌,⿺辶⿱⺊⿴囗コ,辶
3181,3181,3181,逘,⿺辶⿱厶⿱𠂉⿻一人,辶
3182,3182,3182,這,⿺辶言,辶
3183,3183,3183,逐,⿺辶⿱一𧰨,辶
3184,3184,3184,造,⿺辶⿱⿰丿土口,辶
3185,3185,3185,逩,⿺辶⿱⿻一人⿱十⿻一&CDP-8BF5;,辶
3186,3186,3186,逬,⿺辶⿰⿱丿干⿱丿干,辶
3187,3187,3187,逴,⿺辶⿱⺊⿱日十,辶
3188,3188,3188,逪,⿺辶⿱⿱⿻十丨一日,辶
3189,3189,3189,逮,⿺辶隶,辶
3190,3190,3190,逹,⿺辶⿱⿱十一⿱丷干,辶
3191,3191,3191,過,⿺辶⿵⿱⿵冂𠃍冂口,辶
3192,3192,3192,逭,⿺辶⿱宀㠯,辶
3193,3193,3193,進,⿺辶隹,辶
3194,3194,3194,逵,⿺辶⿱⿱⿱十一⿰丿乚⿱十一,辶
3195,3195,3195,逻,⿺辶⿱罒⿴𠂊丶,辶
3196,3196,3196,逨,⿺辶⿻木⿰人人,辶
3197,3197,3197,逯,⿺辶⿱彐⿻亅&CDP-89AE;,辶
3198,3198,3198,逽,⿺辶⿱艹⿸𠂇口,辶
3199,3199,3199,逷,⿺辶⿱日⿹勹&CDP-89A6;,辶
3200,3200,3200,逶,⿺辶⿱⿱丿木女,辶
3201,3201,3201,逺,⿺辶⿱⿱十一&CDP-8845;,辶
3202,3202,3202,逸,⿺辶⿷⿱𠂊&CDP-8BCB;丶,辶
3203,3203,3203,逰,⿺辶⿰扌⿱𠂉子,辶
3204,3204,3204,逳,⿺辶⿱⿻一厶月,辶
3205,3205,3205,逫,⿺辶⿱⿰又又⿰又又,辶
3206,3206,3206,週,⿺辶⿵⺆⿱⿱十一口,辶
3207,3207,3207,遍,⿺辶⿸⿱丶尸⿵冂⿻十丨,辶
3208,3208,3208,逼,⿺辶⿱⿱一口田,辶
3209,3209,3209,遄,⿺辶⿱山⿱一⿱丿⿵冂⿰丨丨,辶
3210,3210,3210,遅,⿺辶⿸尸⿱⿱丷一&CDP-8BF1;,辶
3211,3211,3211,遚,⿺辶⿱&CDP-884F;又,辶
3212,3212,3212,逿,⿺辶⿱⿱日一⿹勹&CDP-89A6;,辶
3213,3213,3213,道,⿺辶⿱⿱丷一自,辶
3214,3214,3214,達,⿺辶⿱⿱十一⿱⿱丷一&CDP-8BF1;,辶
3215,3215,3215,遁,⿺辶⿸𠂆⿱十目,辶
3216,3216,3216,遑,⿺辶⿱白⿱一⿱十一,辶
3217,3217,3217,遖,⿺辶⿱十&CDP-8BDC;,辶
3218,3218,3218,遒,⿺辶⿱丷酉,辶
3219,3219,3219,遈,⿺辶⿱日⿱一龰,辶
3220,3220,3220,遀,⿺辶&CDP-8CA9;,辶
3221,3221,3221,遂,⿺辶⿱丷⿱一𧰨,辶
3222,3222,3222,遆,⿺辶⿱&CDP-8BEC;巾,辶
3223,3223,3223,遗,⿺辶⿱⿱⿻口丨一贝,辶
3224,3224,3224,違,⿺辶⿳𫝀口㐄,辶
3225,3225,3225,遐,⿺辶⿰&CDP-8C7A;&CDP-8C79;,辶
3226,3226,3226,遊,⿺辶⿰⿱⿱丶一&CDP-8B6C;⿱𠂉子,辶
3227,3227,3227,遇,⿺辶禺,辶
3228,3228,3228,運,⿺辶⿱冖車,辶
3229,3229,3229,逾,⿺辶⿱⿱人一⿰月刂,辶
3230,3230,3230,遃,⿺辶⿸⿱&CDP-8BAE;厂彡,辶
3231,3231,3231,遉,⿺辶⿱⺊⿱目八,辶
3232,3232,3232,遌,⿺辶⿱⿰口口⿱一⿱一㇉,辶
3233,3233,3233,遏,⿺辶⿱日⿹勹⿺𠃊人,辶
3234,3234,3234,遟,⿺辶⿸尸⿱⿱&CDP-8BAE;一十,辶
3235,3235,3235,遳,⿺辶⿱艹⿻⿱十一⿰人人,辶
3236,3236,3236,遞,⿺辶⿸𠂆⿸⿸⿱⺊&CDP-88E2;⿻㇀乚几,辶
3237,3237,3237,遘,⿺辶⿱⿱井一冉,辶
3238,3238,3238,遛,⿺辶⿱&CDP-8C69;田,辶
3239,3239,3239,遤,⿺辶⿹&CDP-896A;灬,辶
3240,3240,3240,遣,⿺辶⿱⿱⿻口丨一㠯,辶
3241,3241,3241,遡,⿺辶⿰⿱⿱丷一⿻凵丨月,辶
3242,3242,3242,遝,⿺辶⿱罒&CDP-8977;,辶
3243,3243,3243,遢,⿺辶⿱日⿰⿹𠃌冫⿹𠃌冫,辶
3244,3244,3244,遜,⿺辶⿰子⿱丿⿱⿰&CDP-895C;丶小,辶
3245,3245,3245,遠,⿺辶⿱⿱⿱十一口𧘇,辶
3246,3246,3246,遙,⿺辶⿱⿱丿𭕄缶,辶
3247,3247,3247,遥,⿺辶⿱⿱丿𭕄缶,辶
3248,3248,3248,遨,⿺辶⿰⿱龶&CDP-8B6C;攵,辶
3249,3249,3249,遫,⿺辶⿰束攵,辶
3250,3250,3250,遪,⿺辶⿱⿱⿱厶⿰厶厶人彡,辶
3251,3251,3251,遰,⿺辶⿳&CDP-8C4B;冖巾,辶
3252,3252,3252,遯,⿺辶⿰月⿱一𧰨,辶
3253,3253,3253,遦,⿺辶⿱毌⿱目八,辶
3254,3254,3254,遧,⿺辶⿱⿱&CDP-8BAE;一⿱日十,辶
3255,3255,3255,遮,⿺辶⿸广⿱廿灬,辶
3256,3256,3256,遲,⿺辶⿸尸⿱⿻亅&CDP-89AE;牛,辶
3257,3257,3257,邆,⿺辶⿱⿰&CDP-88D3;&CDP-88D5;豆,辶
3258,3258,3258,遱,⿺辶⿱&CDP-89C5;女,辶
3259,3259,3259,適,⿺辶⿱&CDP-8BAE;&CDP-8C6C;,辶
3260,3260,3260,遬,⿺辶⿰束欠,辶
3261,3261,3261,遭,⿺辶⿱&CDP-8D61;日,辶
3262,3262,3262,遼,⿺辶⿱⿱⿻⿻一人丷日小,辶
3263,3263,3263,遴,⿺辶⿱米⿰⿴𠂊丶㐄,辶
3264,3264,3264,邁,⿺辶⿱艹禺,辶
3265,3265,3265,遷,⿺辶⿱⿱⿱一&CDP-86EA;⿻一人巳,辶
3266,3266,3266,遶,⿺辶⿱⿱⿱十一⿰⿱十一⿱十一⿱一⿰丿乚,辶
3267,3267,3267,選,⿺辶⿱⿰巳巳⿱⿱⿻十丨一八,辶
3268,3268,3268,遺,⿺辶⿱⿱⿻口丨一⿱目八,辶
3269,3269,3269,遹,⿺辶⿱⿱龴⿹⿱乛亅丿⿵冂⿱八口,辶
3270,3270,3270,遵,⿺辶⿱⿱丷酉寸,辶
3271,3271,3271,遻,⿺辶⿱⿰口口⿱⿱丷一⿻凵丨,辶
3272,3272,3272,避,⿺辶⿰⿸尸口⿱⿱&CDP-8BAE;一十,辶
3273,3273,3273,還,⿺辶⿳罒⿱一口𧘇,辶
3274,3274,3274,遽,⿺辶⿸⿸⿱⺊&CDP-88E2;⿻㇀乚⿱一𧰨,辶
3275,3275,3275,遾,⿺辶⿱竹⿻工⿰人人,辶
3276,3276,3276,邂,⿺辶⿰角⿱⿹𠃌丿牛,辶
3277,3277,3277,邀,⿺辶⿰⿱白⿱⿱丶一&CDP-8B6C;攵,辶
3278,3278,3278,邅,⿺辶⿱⿱⿱丶一⿴囗口⿱日一,辶
3279,3279,3279,邉,⿺辶⿳自⿱宀八口,辶
3280,3280,3280,邈,⿺辶⿰豸⿱白⿰丿乚,辶
3281,3281,3281,邃,⿺辶⿱⿱宀八⿱丷⿱一𧰨,辶
3282,3282,3282,邇,⿺辶⿱一&CDP-88D6;,辶
3283,3283,3283,邊,⿺辶⿳自⿱宀八⿱⿱丶一&CDP-8B6C;,辶
3284,3284,3284,邌,⿺辶⿱⿰⿱丿木&CDP-8DC9;&CDP-8D71;,辶
3285,3285,3285,邋,⿺辶⿳⿲𡿨𡿨𡿨⿴囗㐅&CDP-8D46;,辶
3286,3286,3286,邍,⿺辶⿱⿱夂田⿱彐⿻亅&CDP-89AE;,辶
3287,3287,3287,邎,⿺辶⿰⿱&CDP-8B5E;言⿱丿⿱⿰&CDP-895C;丶小,辶
3288,3288,3288,邏,⿺辶⿱罒⿰⿱⿰&CDP-895C;丶&CDP-885E;隹,辶
3289,3289,3289,邐,⿺辶⿱⿰⿱一⿵冂一⿱一⿵冂一⿸&CDP-8D56;比,辶
3290,3290,3290,导,⿱巳寸,寸
3291,3291,3291,寺,⿱⿱十一寸,寸
3292,3292,3292,寻,⿱彐寸,寸
3293,3293,3293,寸,寸,寸
3294,3294,3294,对,⿰又寸,寸
3295,3295,3295,対,⿰⿱⿱丶一⿻丿乀寸,寸
3296,3296,3296,寽,⿱⿱丿𭕄寸,寸
3297,3297,3297,寿,⿸⿻⿱一⿱一一丨寸,寸
3298,3298,3298,尀,⿰⿷匚口寸,寸
3299,3299,3299,封,⿰⿱⿱十一⿱十一寸,寸
3300,3300,3300,将,⿰丬⿱⿴𠂊丶寸,寸
3301,3301,3301,専,⿱⿻一由寸,寸
3302,3302,3302,尃,⿱⿺&CDP-86B7;丶寸,寸
3303,3303,3303,尅,⿺⿱⿱十口⿰丿乚寸,寸
3304,3304,3304,射,⿰身寸,寸
3305,3305,3305,將,⿰爿&CDP-8BC3;,寸
3306,3306,3306,尉,⿰⿸尸示寸,寸
3307,3307,3307,專,⿱&CDP-8BD0;寸,寸
3308,3308,3308,尌,⿰⿱十豆寸,寸
3309,3309,3309,尋,⿳彐&CDP-8CFA;寸,寸
3310,3310,3310,尊,⿱⿱丷酉寸,寸
3311,3311,3311,對,⿰&CDP-8BBD;寸,寸
3312,3312,3312,導,⿱⿺辶⿱⿱丷一自寸,寸
3313,3313,3313,夶,⿰⿻一人⿻一人,大
3314,3314,3314,夺,⿱⿻一人寸,大
3315,3315,3315,夹,⿻⿻⿱一一人丷,大
3316,3316,3316,夻,⿱⿻一人口,大
3317,3317,3317,夸,⿱⿻一人⿱一⿱一㇉,大
3318,3318,3318,夼,⿱⿻一人川,大
3319,3319,3319,夷,⿻⿻一人弓,大
3320,3320,3320,夵,⿱⿻一人小,大
3321,3321,3321,大,⿻一人,大
3322,3322,3322,夨,⿱𠃋⿻一人,大
3323,3323,3323,夫,⿻⿱一一人,大
3324,3324,3324,夬,⿻𠃍⿻一人,大
3325,3325,3325,天,⿱一⿻一人,大
3326,3326,3326,太,⿵⿻一人丶,大
3327,3327,3327,夭,⿱丿⿻一人,大
3328,3328,3328,夯,⿱⿻一人⿻丿𠃌,大
3329,3329,3329,夰,⿱⿻一人&CDP-8BF5;,大
3330,3330,3330,失,⿰丿⿻⿱一一人,大
3331,3331,3331,头,头,大
3332,3332,3332,夳,⿱⿻一人⿱一一,大
3333,3333,3333,夲,⿱⿻一人十,大
3334,3334,3334,央,央,大
3335,3335,3335,夿,⿱⿻一人巴,大
3336,3336,3336,奂,⿳𠂊冂⿻一人,大
3337,3337,3337,夾,⿻⿻一人⿰人人,大
3338,3338,3338,奆,⿱⿻一人巨,大
3339,3339,3339,奁,⿱⿻一人⿷匚㐅,大
3340,3340,3340,夽,⿱⿻一人⿱⿱一一厶,大
3341,3341,3341,奀,⿱⿱一&CDP-8665;⿻一人,大
3342,3342,3342,奔,⿱⿻一人⿱十⿻一&CDP-8BF5;,大
3343,3343,3343,奌,⿱⿱⺊口⿻一人,大
3344,3344,3344,奃,⿱⿻一人⿱氏丶,大
3345,3345,3345,奋,⿱⿻一人田,大
3346,3346,3346,奉,⿱⿻⿱一⿱一一人&CDP-8BF1;,大
3347,3347,3347,奇,⿱⿻一人⿹⿱一亅口,大
3348,3348,3348,奈,⿱⿻一人示,大
3349,3349,3349,奅,⿱⿻一人⿰𠂎卩,大
3350,3350,3350,奍,⿱⿱丷⿻⿱一一人&CDP-8BF5;,大
3351,3351,3351,奄,⿱⿻一人⿻日乚,大
3352,3352,3352,奐,⿳𠂊⿵冂八⿻一人,大
3353,3353,3353,奖,⿱⿰丬⿴𠂊丶⿻一人,大
3354,3354,3354,奎,⿱⿻一人⿱⿱十一⿱十一,大
3355,3355,3355,奒,⿱⿻一人⿳⿱丶一⿰𠃋丿人,大
3356,3356,3356,契,⿱⿰⿻⿱一⿱一一丨⿹𠃌丿⿻一人,大
3357,3357,3357,奊,⿺⿱𠃋⿻一人⿱⿱十一⿱十一,大
3358,3358,3358,奕,⿱⿱⿱丶一&CDP-8CB5;⿻一人,大
3359,3359,3359,奓,⿱⿻一人⿱⿴𠂊丶⿴𠂊丶,大
3360,3360,3360,奏,⿱⿻⿱一⿱一一人⿱一⿻一人,大
3361,3361,3361,奙,⿱厶⿱⿻一人⿻日乚,大
3362,3362,3362,套,⿱⿻一人⿱&CDP-884A;⿱一厶,大
3363,3363,3363,奚,⿱⿱丿𭕄⿱⿰&CDP-895C;丶⿻一人,大
3364,3364,3364,奘,⿱⿰爿⿱十一⿻一人,大
3365,3365,3365,奟,⿱⿻一人⿰月月,大
3366,3366,3366,奝,⿱⿻一人⿵⺆⿱⿱十一口,大
3367,3367,3367,奜,⿱非⿻一人,大
3368,3368,3368,奛,⿱⿻一人⿰日月,大
3369,3369,3369,奢,⿱⿻一人⿸耂日,大
3370,3370,3370,奞,⿱⿻一人隹,大
3371,3371,3371,奠,⿱⿱丷酉⿻一人,大
3372,3372,3372,奤,⿱⿻一人⿱⿱一丿⿴囗&CDP-89CC;,大
3373,3373,3373,奣,⿱⿱一⿻一人⿰日月,大
3374,3374,3374,奨,⿱⿰丬⿱⿴𠂊丶寸⿻一人,大
3375,3375,3375,奡,⿱⿱一自⿱⿻一人&CDP-8BF5;,大
3376,3376,3376,奥,⿱⿵&CDP-8BD6;米⿻一人,大
3377,3377,3377,奦,⿱⿰⿱龴⿹⿱乛亅丿⿱夂⿻丿𠃌⿻一人,大
3378,3378,3378,奧,⿱&CDP-8D7C;⿻一人,大
3379,3379,3379,奪,⿱⿱⿻一人隹寸,大
3380,3380,3380,奬,⿱⿰爿&CDP-8BC3;⿻一人,大
3381,3381,3381,奩,⿱⿻一人⿷匚⿱口⿰口口,大
3382,3382,3382,奭,⿻⿻一人⿰⿱一白⿱一白,大
3383,3383,3383,奫,⿱⿻一人⿰氵⿴&CDP-89CD;一,大
3384,3384,3384,奮,⿱⿱⿻一人隹田,大
3385,3385,3385,奯,⿱⿻一人⿱止&CDP-8CB3;,大
3386,3386,3386,奰,⿱⿱罒⿰罒罒⿻一人,大
3387,3387,3387,奱,⿱⿲⿱⿰&CDP-895C;丶小言⿱⿰&CDP-895C;丶小⿻一人,大
3388,3388,3388,奲,⿰⿱⿻一人⿸耂日⿱⿰口口&CDP-8BD9;,大
3389,3389,3389,飞,飞,飞
3390,3390,3390,飛,飛,飞
3391,3391,3391,飜,⿰⿱⿱丿米田飛,飞
3392,3392,3392,飝,⿱飛⿰飛飛,飞
3393,3393,3393,并,⿱丷⿱一⿻一&CDP-8BF5;,干
3394,3394,3394,幵,⿰干干,干
3395,3395,3395,年,年,干
3396,3396,3396,干,干,干
3397,3397,3397,平,⿻干丷,干
3398,3398,3398,幷,⿰⿱丿干⿱丿干,干
3399,3399,3399,幸,⿱⿱十一⿱丷干,干
3400,3400,3400,幹,⿰⿱十⿱日十⿱人干,干
3401,3401,3401,巩,⿰工⿵几丶,工
3402,3402,3402,工,工,工
3403,3403,3403,巪,⿱巨𠃍,工
3404,3404,3404,巧,⿰工⿱一㇉,工
3405,3405,3405,左,⿸𠂇工,工
3406,3406,3406,巫,⿻工⿰人人,工
3407,3407,3407,巭,⿱⿰工⿻丿𠃌⿻⿱一一人,工
3408,3408,3408,差,⿸⿱⿱丷一&CDP-8BF1;工,工
3409,3409,3409,巬,⿱⿰工几⿻⿱一一人,工
3410,3410,3410,巯,⿰⿱ス工⿱⿻一厶⿴⿰丿乚丨,工
3411,3411,3411,巰,⿰⿳一⿲𡿨𡿨𡿨工⿱⿻一厶⿴⿰丿乚丨,工
3412,3412,3412,弛,⿰弓也,弓
3413,3413,3413,弜,⿰弓弓,弓
3414,3414,3414,弚,⿱丷⿻弓丨,弓
3415,3415,3415,弙,⿰弓于,弓
3416,3416,3416,弓,弓,弓
3417,3417,3417,弔,⿻弓丨,弓
3418,3418,3418,弖,⿱弓一,弓
3419,3419,3419,引,⿰弓丨,弓
3420,3420,3420,弗,⿻弓&CDP-8BF5;,弓
3421,3421,3421,弘,⿰弓厶,弓
3422,3422,3422,弝,⿰弓巴,弓
3423,3423,3423,弟,⿱丷⿹⿻弓丨丿,弓
3424,3424,3424,弡,⿰弓巨,弓
3425,3425,3425,弞,⿰弓欠,弓
3426,3426,3426,张,⿰弓长,弓
3427,3427,3427,弨,⿰弓⿱⿹𠃌丿口,弓
3428,3428,3428,弤,⿰弓⿱氏丶,弓
3429,3429,3429,弣,⿰弓⿰亻寸,弓
3430,3430,3430,弧,⿰弓瓜,弓
3431,3431,3431,弪,⿰弓⿱ス工,弓
3432,3432,3432,弥,⿰弓⿱𠂊小,弓
3433,3433,3433,弩,⿱⿰女又弓,弓
3434,3434,3434,弢,⿰弓⿱⿻凵丨又,弓
3435,3435,3435,弦,⿰弓⿱⿱丶一⿰&CDP-895C;丶,弓
3436,3436,3436,弭,⿰弓耳,弓
3437,3437,3437,弮,⿱⿱丷⿻⿱一一人弓,弓
3438,3438,3438,弯,⿱⿱⿱丶一&CDP-8CB5;弓,弓
3439,3439,3439,弫,⿰弓臣,弓
3440,3440,3440,弲,⿰弓⿱口月,弓
3441,3441,3441,弳,⿰弓⿳一⿲𡿨𡿨𡿨工,弓
3442,3442,3442,弱,⿰&CDP-8CC4;&CDP-8CC4;,弓
3443,3443,3443,弰,⿰弓⿱⺌月,弓
3444,3444,3444,弬,⿰弓𦣝,弓
3445,3445,3445,弴,⿰弓⿳⿱丶一口子,弓
3446,3446,3446,弹,⿰弓⿱丷&CDP-8BD9;,弓
3447,3447,3447,弶,⿰弓⿳⿱丶一口小,弓
3448,3448,3448,弸,⿰弓⿰月月,弓
3449,3449,3449,強,⿰弓⿱厶虫,弓
3450,3450,3450,張,⿰弓⿳&CDP-884A;一&CDP-8CC6;,弓
3451,3451,3451,弻,⿲弓㐁弓,弓
3452,3452,3452,弼,⿲弓⿱一白弓,弓
3453,3453,3453,弾,⿰弓⿱𭕄&CDP-8BD9;,弓
3454,3454,3454,强,⿰弓⿱口虫,弓
3455,3455,3455,弽,⿰弓⿱世木,弓
3456,3456,3456,彃,⿰弓⿻&CDP-87C5;一,弓
3457,3457,3457,彂,⿱⿱&CDP-85F0;一⿰弓⿱𠂉⿻一人,弓
3458,3458,3458,彁,⿰弓⿱⿹⿱一亅口⿹⿱一亅口,弓
3459,3459,3459,彀,⿰⿱⿱⿱⿱十一冖一弓⿱𠘧又,弓
3460,3460,3460,弿,⿱⿳宀⿱井一八弓,弓
3461,3461,3461,彆,⿱⿰⿻丷⿻巾八攵弓,弓
3462,3462,3462,彉,⿰弓⿳⿱⿻十丨一由八,弓
3463,3463,3463,彅,⿰弓⿱⿱⿱丷一⿰月刂⿹𠃌丿,弓
3464,3464,3464,彄,⿰弓⿷匚⿱口⿰口口,弓
3465,3465,3465,彈,⿰弓⿱⿰口口&CDP-8BD9;,弓
3466,3466,3466,彋,⿰弓⿳罒⿱一口𧘇,弓
3467,3467,3467,彊,⿰弓⿳&CDP-8D5E;&CDP-8D5E;一,弓
3468,3468,3468,彇,⿰弓肅,弓
3469,3469,3469,彍,⿰弓⿸广⿳⿱⿻十丨一由八,弓
3470,3470,3470,彌,⿰弓⿱一&CDP-88D6;,弓
3471,3471,3471,彎,⿱⿲⿱⿰&CDP-895C;丶小言⿱⿰&CDP-895C;丶小弓,弓
3472,3472,3472,彏,⿰弓⿱⿱⿰目目隹又,弓
3473,3473,3473,异,⿱巳⿻一&CDP-8BF5;,廾
3474,3474,3474,廾,⿻一&CDP-8BF5;,廾
3475,3475,3475,开,⿱一⿻一&CDP-8BF5;,廾
3476,3476,3476,廿,廿,廾
3477,3477,3477,弁,⿱厶⿻一&CDP-8BF5;,廾
3478,3478,3478,弅,⿱⿱八⿹𠃌丿⿻一&CDP-8BF5;,廾
3479,3479,3479,弄,⿱⿱一⿱十一⿻一&CDP-8BF5;,廾
3480,3480,3480,弃,⿱⿻一厶⿻一&CDP-8BF5;,廾
3481,3481,3481,弆,⿱⿱⿱十一厶⿻一&CDP-8BF5;,廾
3482,3482,3482,弈,⿱⿱⿱丶一&CDP-8CB5;⿻一&CDP-8BF5;,廾
3483,3483,3483,弇,⿱⿱⿱人一口⿻一&CDP-8BF5;,廾
3484,3484,3484,弉,⿱⿰爿⿱十一⿻一&CDP-8BF5;,廾
3485,3485,3485,弊,⿱⿰⿻丷⿻巾八攵⿻一&CDP-8BF5;,廾
3486,3486,3486,庅,⿸广⿱丿厶,广
3487,3487,3487,庆,⿸广⿻一人,广
3488,3488,3488,庄,⿸广⿱十一,广
3489,3489,3489,广,广,广
3490,3490,3490,広,⿸广厶,广
3491,3491,3491,庀,⿸广⿺乚丿,广
3492,3492,3492,庁,⿸广⿱一亅,广
3493,3493,3493,庂,⿸广人,广
3494,3494,3494,庍,⿸广⿸𠂆⿱一丨,广
3495,3495,3495,庇,⿸广比,广
3496,3496,3496,床,⿸广木,广
3497,3497,3497,庉,⿸广⿻丿⿻凵乚,广
3498,3498,3498,庋,⿸广⿱十又,广
3499,3499,3499,庎,⿸广⿱人&CDP-8BF5;,广
3500,3500,3500,库,⿸广车,广
3501,3501,3501,庐,⿸广⿱丶尸,广
3502,3502,3502,庈,⿸广⿱⿱人丶㇇,广
3503,3503,3503,庑,⿸广⿱一尢,广
3504,3504,3504,序,⿸广⿱龴⿱乛亅,广
3505,3505,3505,应,⿸广⿱𭕄一,广
3506,3506,3506,庌,⿸广牙,广
3507,3507,3507,庒,⿸广⿷⿱十一丶,广
3508,3508,3508,底,⿸广⿱氏丶,广
3509,3509,3509,店,⿸广⿱⺊口,广
3510,3510,3510,废,⿸广发,广
3511,3511,3511,府,⿸广⿰亻寸,广
3512,3512,3512,庚,⿸广&CDP-8DE2;,广
3513,3513,3513,庙,⿸广由,广
3514,3514,3514,庞,⿸广⿻⿺尢丶丿,广
3515,3515,3515,庖,⿸广⿹勹巳,广
3516,3516,3516,庝,⿸广⿱夂⿱丶丶,广
3517,3517,3517,庘,⿸广甲,广
3518,3518,3518,庰,⿸广⿱丷⿱一⿻一&CDP-8BF5;,广
3519,3519,3519,庛,⿸广⿰止⿺乚丿,广
3520,3520,3520,度,⿸广⿱廿又,广
3521,3521,3521,庣,⿸广兆,广
3522,3522,3522,庭,⿸广⿺廴⿱丿⿱十一,广
3523,3523,3523,庠,⿸广⿱⿱丷一&CDP-8BF1;,广
3524,3524,3524,庥,⿸广⿰亻木,广
3525,3525,3525,庡,⿸广⿱⿱丶一𧘇,广
3526,3526,3526,庢,⿸广⿱⿱一厶⿱十一,广
3527,3527,3527,庤,⿸广⿱⿱十一寸,广
3528,3528,3528,庪,⿸广⿰扌⿱十又,广
3529,3529,3529,庫,⿸广車,广
3530,3530,3530,庬,⿸广⿷⿺尢丶彡,广
3531,3531,3531,庩,⿸广⿱⿱人一朩,广
3532,3532,3532,庨,⿸广⿸耂子,广
3533,3533,3533,庮,⿸广酉,广
3534,3534,3534,座,⿸广⿻⿱十一⿰人人,广
3535,3535,3535,庳,⿸广⿱&CDP-89BE;十,广
3536,3536,3536,庱,⿸广⿳⿱十一八夂,广
3537,3537,3537,庴,⿸广⿱⿱⿻十丨一日,广
3538,3538,3538,康,⿸广隶,广
3539,3539,3539,庲,⿸广⿻木⿰人人,广
3540,3540,3540,廊,⿸广⿰&CDP-8C42;阝,广
3541,3541,3541,庿,⿸广⿱艹田,广
3542,3542,3542,庼,⿸广⿰⿺乚丿页,广
3543,3543,3543,庻,⿸广⿱廿⿰人人,广
3544,3544,3544,庶,⿸广⿱廿灬,广
3545,3545,3545,庺,⿸广⿱⿱八厶木,广
3546,3546,3546,庹,⿸广⿱廿尺,广
3547,3547,3547,庸,⿸广⿻⿻&CDP-8BAB;丨月,广
3548,3548,3548,庾,⿸广⿻臼人,广
3549,3549,3549,庵,⿸广⿱⿻一人⿻日乚,广
3550,3550,3550,廁,⿸广⿰⿱目八刂,广
3551,3551,3551,廃,⿸广⿱⿰&CDP-88D3;&CDP-88D5;&CDP-89FD;,广
3552,3552,3552,廆,⿸广⿱⿱丿田⿺⿰丿乚厶,广
3553,3553,3553,廄,⿸广&CDP-8AD4;,广
3554,3554,3554,廀,⿸广⿱宀⿱⿱八人又,广
3555,3555,3555,廋,⿸广⿱&CDP-884F;又,广
3556,3556,3556,廂,⿸广⿰木目,广
3557,3557,3557,庽,⿸广禺,广
3558,3558,3558,廍,⿸广⿰⿱⿱&CDP-8BAE;一口阝,广
3559,3559,3559,廓,⿸广⿰⿳⿱丶一口子阝,广
3560,3560,3560,廉,⿸广⿱⿱丷一&CDP-8CDE;,广
3561,3561,3561,廇,⿸广⿱&CDP-8C69;田,广
3562,3562,3562,廈,⿸广⿱⿱一自夂,广
3563,3563,3563,廕,⿸广⿰阝⿱⿱⿱人丶㇇⿱⿱一一厶,广
3564,3564,3564,廌,⿸&CDP-8D56;&CDP-8DBF;,广
3565,3565,3565,廒,⿸广⿰⿱龶&CDP-8B6C;攵,广
3566,3566,3566,廅,⿸广⿱⿱⿱十一厶皿,广
3567,3567,3567,廗,⿸广⿳&CDP-8C4B;冖巾,广
3568,3568,3568,廣,⿸广⿳⿱⿻十丨一由八,广
3569,3569,3569,廏,⿸广⿰⿱白⿺乚丿⿱𠘧又,广
3570,3570,3570,廐,⿸广⿰&CDP-8B7C;旡,广
3571,3571,3571,廑,⿸广⿱廿&CDP-8A6D;,广
3572,3572,3572,廖,⿸广⿱⿰⿹𠃌冫⿹𠃌冫⿱人彡,广
3573,3573,3573,廔,⿸广⿱&CDP-89C5;女,广
3574,3574,3574,廘,⿸广⿸&CDP-8D56;比,广
3575,3575,3575,廎,⿸广⿰⿺乚丿頁,广
3576,3576,3576,廜,⿸广⿸尸⿸耂日,广
3577,3577,3577,廙,⿸广⿱田⿱⿱⿻十丨一八,广
3578,3578,3578,廛,⿸广&CDP-8DC3;,广
3579,3579,3579,廚,⿸广⿰⿱十豆寸,广
3580,3580,3580,廠,⿸广⿰⿱⺌⿵冂口攵,广
3581,3581,3581,廢,⿸广⿱⿰&CDP-88D3;&CDP-88D5;⿰弓⿱𠘧又,广
3582,3582,3582,廤,⿸⿸广車⿰口⿻乚丿,广
3583,3583,3583,廟,⿸广⿰⿱十⿱日十月,广
3584,3584,3584,廝,⿸广⿰⿱&CDP-8B72;八⿸𠂆⿱一丨,广
3585,3585,3585,廡,⿸广⿱&CDP-8BBE;灬,广
3586,3586,3586,廞,⿸广⿰⿱人&CDP-8DE3;欠,广
3587,3587,3587,廦,⿸广⿰⿸尸口⿱⿱&CDP-8BAE;一十,广
3588,3588,3588,廥,⿸广⿱⿱人一⿱&CDP-8B62;日,广
3589,3589,3589,廩,⿸广⿱⿱⿱丶一⿴囗口⿱丿木,广
3590,3590,3590,廪,⿸广⿱⿱⿱丶一⿴囗口示,广
3591,3591,3591,廧,⿸广⿱&CDP-8D5B;⿴囗口,广
3592,3592,3592,廨,⿸广⿰角⿱⿹𠃌丿牛,广
3593,3593,3593,廫,⿸广⿰月⿱⿰⿹𠃌冫⿹𠃌冫⿱人彡,广
3594,3594,3594,廭,⿸广⿰⿱丿木⿱龶⿱目八,广
3595,3595,3595,廬,⿸广⿸⿸⿱⺊&CDP-88E2;⿻㇀乚&CDP-8CF4;,广
3596,3596,3596,廰,⿸广⿰耳⿳十罒心,广
3597,3597,3597,廯,⿸广⿰⿳𠂊田灬⿱⿱丷一&CDP-8BF1;,广
3598,3598,3598,廮,⿸广⿱⿰⿱目八⿱目八女,广
3599,3599,3599,廱,⿸广⿰⿱⿲𡿨𡿨𡿨⿱口巴隹,广
3600,3600,3600,廲,⿸广⿱⿰⿱一⿵冂一⿱一⿵冂一⿸&CDP-8D56;比,广
3601,3601,3601,廳,⿸广⿰&CDP-8BD1;⿱&CDP-8BB2;心,广
3602,3602,3602,己,己,己
3603,3603,3603,已,已,己
3604,3604,3604,巻,⿱⿱丷⿻⿱一一人己,己
3605,3605,3605,巹,⿱⿱⿱乛⿲㇇亅&CDP-85BF;一己,己
3606,3606,3606,凱,⿰⿱山豆几,己
3607,3607,3607,当,⿱⺌彐,彐
3608,3608,3608,彐,彐,彐
3609,3609,3609,归,⿰&CDP-8968;彐,彐
3610,3610,3610,录,⿱彐⿻亅&CDP-89AE;,彐
3611,3611,3611,彗,⿱⿰⿻⿱一⿱一一丨⿻⿱一⿱一一丨彐,彐
3612,3612,3612,彚,⿳彐冖⿻日木,彐
3613,3613,3613,彟,⿰⿱彐寸⿱艹⿱隹又,彐
3614,3614,3614,彠,⿰⿳彐&CDP-8CFA;寸⿱艹⿱隹又,彐
3615,3615,3615,彑,彑,彑
3616,3616,3616,彔,⿱彑⿻亅&CDP-89AE;,彑
3617,3617,3617,彖,⿱彑𧰨,彑
3618,3618,3618,彘,⿱彑⿲⿺乚丿⿱𠂉⿻一人⿺乚丿,彑
3619,3619,3619,彙,⿳彑冖⿻日木,彑
3620,3620,3620,彜,⿱彑⿱⿰米⿱八⿹𠃌丿⿻一&CDP-8BF5;,彑
3621,3621,3621,彝,⿳彑⿰米⿱⿰&CDP-895C;丶小⿻一&CDP-8BF5;,彑
3622,3622,3622,帆,⿰巾⿵几丶,巾
3623,3623,3623,帇,⿻&CDP-8BAB;巾,巾
3624,3624,3624,师,⿰&CDP-8968;⿱一巾,巾
3625,3625,3625,巾,巾,巾
3626,3626,3626,币,⿱丿巾,巾
3627,3627,3627,巿,⿻一巾,巾
3628,3628,3628,帀,⿱一巾,巾
3629,3629,3629,布,⿸𠂇巾,巾
3630,3630,3630,帄,⿰巾⿱一亅,巾
3631,3631,3631,帅,⿰&CDP-8968;巾,巾
3632,3632,3632,市,⿱⿱丶一巾,巾
3633,3633,3633,帎,⿰巾冘,巾
3634,3634,3634,帉,⿰巾⿱八⿹𠃌丿,巾
3635,3635,3635,帍,⿸⿱丶尸巾,巾
3636,3636,3636,帊,⿰巾巴,巾
3637,3637,3637,帏,⿰巾韦,巾
3638,3638,3638,希,⿱㐅⿸𠂇巾,巾
3639,3639,3639,帐,⿰巾长,巾
3640,3640,3640,帋,⿱氏巾,巾
3641,3641,3641,帛,⿱白巾,巾
3642,3642,3642,帒,⿱⿰亻⿺⿻一乚丶巾,巾
3643,3643,3643,帗,⿰巾⿺⿸𠂇又丶,巾
3644,3644,3644,帘,⿱⿱宀八巾,巾
3645,3645,3645,帓,⿰巾末,巾
3646,3646,3646,帕,⿰巾白,巾
3647,3647,3647,帔,⿰巾皮,巾
3648,3648,3648,帖,⿰巾⿱⺊口,巾
3649,3649,3649,帑,⿱⿰女又巾,巾
3650,3650,3650,帚,⿳彐冖巾,巾
3651,3651,3651,帙,⿰巾⿰丿⿻⿱一一人,巾
3652,3652,3652,帜,⿰巾⿱口八,巾
3653,3653,3653,帮,⿱⿰⿻⿱一⿱一一丨阝巾,巾
3654,3654,3654,带,⿳⿻川一冖巾,巾
3655,3655,3655,帝,⿱&CDP-8BEC;巾,巾
3656,3656,3656,帣,⿱⿱丷⿻⿱一一人巾,巾
3657,3657,3657,帞,⿰巾⿱一白,巾
3658,3658,3658,帡,⿰巾⿱丷⿱一⿻一&CDP-8BF5;,巾
3659,3659,3659,帢,⿰巾⿱⿱人一口,巾
3660,3660,3660,帤,⿱⿰女口巾,巾
3661,3661,3661,帥,⿰⿱丿㠯巾,巾
3662,3662,3662,帟,⿱⿱⿱丶一&CDP-8CB5;巾,巾
3663,3663,3663,帠,⿱臼巾,巾
3664,3664,3664,帧,⿰巾⿱⺊贝,巾
3665,3665,3665,帱,⿰巾⿸⿻⿱一⿱一一丨寸,巾
3666,3666,3666,帯,⿳⿻廿丨冖巾,巾
3667,3667,3667,帰,⿰&CDP-8BEA;⿳彐冖巾,巾
3668,3668,3668,帩,⿰巾⿱⺌月,巾
3669,3669,3669,帬,⿱⿸⿻&CDP-8BAB;丿口巾,巾
3670,3670,3670,帨,⿰巾⿱丷⿱口⿰丿乚,巾
3671,3671,3671,師,⿰⿱丿㠯⿱一巾,巾
3672,3672,3672,席,⿸广&CDP-8D40;,巾
3673,3673,3673,帪,⿰巾⿸厂⿱⿱一一&CDP-8CC6;,巾
3674,3674,3674,常,⿱⿱⿱⺌冖口巾,巾
3675,3675,3675,帶,⿳&CDP-8C4B;冖巾,巾
3676,3676,3676,帼,⿰巾⿴囗⿷⿱一⿱十一丶,巾
3677,3677,3677,帴,⿰巾⿱⿻⿺⿻一乚丶丿⿻⿺⿻一乚丶丿,巾
3678,3678,3678,帲,⿰巾⿰⿱丿干⿱丿干,巾
3679,3679,3679,帺,⿰巾⿱&CDP-8B72;八,巾
3680,3680,3680,帹,⿰巾⿱⿱&CDP-8BAE;一女,巾
3681,3681,3681,帷,⿰巾隹,巾
3682,3682,3682,帵,⿰巾⿱宀⿰⿴𠂊丶㔾,巾
3683,3683,3683,帳,⿰巾⿳&CDP-884A;一&CDP-8CC6;,巾
3684,3684,3684,帾,⿰巾⿸耂日,巾
3685,3685,3685,幉,⿰巾⿱世木,巾
3686,3686,3686,帻,⿰巾⿱龶贝,巾
3687,3687,3687,幇,⿱⿰⿱⿱十一⿱十一寸巾,巾
3688,3688,3688,幅,⿰巾⿱⿱一口田,巾
3689,3689,3689,帿,⿰巾⿰亻&CDP-8BC7;,巾
3690,3690,3690,帽,⿰巾⿱⿵冂⿱一一目,巾
3691,3691,3691,幂,⿱⿱冖⿱日⿻一人巾,巾
3692,3692,3692,幈,⿰巾⿸尸⿱丷⿱一⿻一&CDP-8BF5;,巾
3693,3693,3693,幃,⿰巾⿳𫝀口㐄,巾
3694,3694,3694,幄,⿰巾⿸尸⿱⿱一厶⿱十一,巾
3695,3695,3695,幁,⿰巾頁,巾
3696,3696,3696,幆,⿰巾⿱日⿹勹⿺𠃊人,巾
3697,3697,3697,幀,⿰巾⿱⺊⿱目八,巾
3698,3698,3698,幊,⿰巾⿱工⿱目八,巾
3699,3699,3699,幌,⿰巾⿱日⿱⺌⿱一⿰丿乚,巾
3700,3700,3700,幏,⿰巾⿱宀⿱一𧰨,巾
3701,3701,3701,幎,⿰巾⿱冖⿱日⿱⿱丶一八,巾
3702,3702,3702,幕,⿱⿱艹⿱日⿻一人巾,巾
3703,3703,3703,幙,⿰巾⿱艹⿱日⿻一人,巾
3704,3704,3704,幋,⿱⿰舟⿱𠘧又巾,巾
3705,3705,3705,幐,⿰月⿱⿱丷⿻⿱一一人巾,巾
3706,3706,3706,幍,⿰巾⿱⿱丿𭕄臼,巾
3707,3707,3707,幖,⿰巾⿱⿱一&CDP-86EA;示,巾
3708,3708,3708,幣,⿱⿰⿻丷⿻巾八攵巾,巾
3709,3709,3709,幚,⿱⿰⿻⿱一⿱一一丨阝⿱白巾,巾
3710,3710,3710,幗,⿰巾⿴囗⿹⿻⿺⿻一乚丶丿⿱口一,巾
3711,3711,3711,幑,⿲彳⿱山⿱一巾攵,巾
3712,3712,3712,幔,⿰巾⿳日罒又,巾
3713,3713,3713,幓,⿰巾⿱⿱⿱厶⿰厶厶人彡,巾
3714,3714,3714,幛,⿰巾⿱⿱&CDP-8BAE;一⿱日十,巾
3715,3715,3715,幒,⿰巾⿱⿴⿱丿囗夂心,巾
3716,3716,3716,箒,⿱竹⿳彐冖巾,巾
3717,3717,3717,幘,⿰巾⿱龶⿱目八,巾
3718,3718,3718,幤,⿱⿰⿱⺌⿵冂口攵巾,巾
3719,3719,3719,幢,⿰巾⿱⿱&CDP-8BAE;一⿱&CDP-8BD9;一,巾
3720,3720,3720,幝,⿰巾⿱⿰口口&CDP-8BD9;,巾
3721,3721,3721,幩,⿰巾⿱⿱十⿻一&CDP-8BF5;⿱目八,巾
3722,3722,3722,幞,⿰巾⿳⿱&CDP-85F0;一⿱丷一⿻⿱一一人,巾
3723,3723,3723,幡,⿰巾⿱⿱丿米田,巾
3724,3724,3724,幠,⿰巾⿱&CDP-8BBE;灬,巾
3725,3725,3725,幜,⿰巾⿱日⿳⿱丶一口小,巾
3726,3726,3726,幟,⿰巾⿹&CDP-88A7;日,巾
3727,3727,3727,幥,⿰巾⿱⿱⿱⺌冖口手,巾
3728,3728,3728,幨,⿰巾⿸⿱𠂊厂&CDP-8CC3;,巾
3729,3729,3729,幯,⿰巾⿱竹⿰&CDP-8B7C;卩,巾
3730,3730,3730,幪,⿰巾⿱艹⿳冖一⿱一𧰨,巾
3731,3731,3731,幦,⿱⿰⿸尸口⿱⿱&CDP-8BAE;一十巾,巾
3732,3732,3732,幧,⿰巾⿱⿱口⿰口口木,巾
3733,3733,3733,幫,⿱⿰⿱⿱十一⿱十一寸⿱白巾,巾
3734,3734,3734,幬,⿰巾⿳⿳⿱十一乛工一⿰口寸,巾
3735,3735,3735,幭,⿰巾⿱⿱艹罒⿵戊丶,巾
3736,3736,3736,幮,⿰巾⿸广⿰⿱十豆寸,巾
3737,3737,3737,幰,⿰巾⿳⿱宀⿻⿱一⿱一一丨罒心,巾
3738,3738,3738,幱,⿰巾⿵⿰𠁣𠃛柬,巾
3739,3739,3739,吃,⿰口⿱𠂉乙,口
3740,3740,3740,吊,⿱口巾,口
3741,3741,3741,吋,⿰口寸,口
3742,3742,3742,各,⿱夂口,口
3743,3743,3743,合,⿱⿱人一口,口
3744,3744,3744,吓,⿰口⿱一卜,口
3745,3745,3745,后,⿸⿸𠂆一口,口
3746,3746,3746,叿,⿰口工,口
3747,3747,3747,吉,⿱⿱十一口,口
3748,3748,3748,吒,⿰口⿱丿⿻㇀乚,口
3749,3749,3749,吏,⿻一史,口
3750,3750,3750,吕,⿱口口,口
3751,3751,3751,吀,⿰口⿱丿十,口
3752,3752,3752,吗,⿰口⿹&CDP-8A77;一,口
3753,3753,3753,吂,⿱⿱⿱丶一𠃊口,口
3754,3754,3754,名,⿱⿴𠂊丶口,口
3755,3755,3755,同,⿵⿵冂一口,口
3756,3756,3756,吐,⿰口⿱十一,口
3757,3757,3757,向,⿵&CDP-8BD6;口,口
3758,3758,3758,吅,⿰口口,口
3759,3759,3759,吸,⿰口及,口
3760,3760,3760,吁,⿰口于,口
3761,3761,3761,吆,⿰口⿰&CDP-895C;丶,口
3762,3762,3762,吔,⿰口也,口
3763,3763,3763,吇,⿰口子,口
3764,3764,3764,吖,⿰口⿱丷丨,口
3765,3765,3765,口,口,口
3766,3766,3766,叭,⿰口八,口
3767,3767,3767,叱,⿰口⿻乚丿,口
3768,3768,3768,叺,⿰口入,口
3769,3769,3769,叼,⿰口⿹𠃌㇀,口
3770,3770,3770,叾,⿱⿱乛亅口,口
3771,3771,3771,叨,⿰口⿹𠃌丿,口
3772,3772,3772,叮,⿰口⿱一亅,口
3773,3773,3773,叧,⿱口⿹𠃌丿,口
3774,3774,3774,句,⿹勹口,口
3775,3775,3775,古,⿱十口,口
3776,3776,3776,号,⿱口⿱一㇉,口
3777,3777,3777,叫,⿰口丩,口
3778,3778,3778,叽,⿰口几,口
3779,3779,3779,可,⿹⿱一亅口,口
3780,3780,3780,叩,⿰口卩,口
3781,3781,3781,叻,⿰口⿻丿𠃌,口
3782,3782,3782,另,⿱口⿻丿𠃌,口
3783,3783,3783,叵,⿷匚口,口
3784,3784,3784,叴,⿱九口,口
3785,3785,3785,叶,⿰口十,口
3786,3786,3786,史,史,口
3787,3787,3787,司,⿹𠃌⿱一口,口
3788,3788,3788,叹,⿰口又,口
3789,3789,3789,台,⿱厶口,口
3790,3790,3790,右,⿸𠂇口,口
3791,3791,3791,召,⿱⿹𠃌丿口,口
3792,3792,3792,只,⿱口八,口
3793,3793,3793,呗,⿰口贝,口
3794,3794,3794,吥,⿰口⿱一&CDP-8665;,口
3795,3795,3795,吧,⿰口巴,口
3796,3796,3796,吡,⿰口比,口
3797,3797,3797,吹,⿰口欠,口
3798,3798,3798,呈,⿱口⿱一⿱十一,口
3799,3799,3799,吵,⿰口⿱小丿,口
3800,3800,3800,呎,⿰口尺,口
3801,3801,3801,吜,⿰口丑,口
3802,3802,3802,呆,⿱口木,口
3803,3803,3803,呔,⿰口⿵⿻一人丶,口
3804,3804,3804,吺,⿰口⿱𠘧又,口
3805,3805,3805,吨,⿰口⿻丿⿻凵乚,口
3806,3806,3806,呃,⿰口⿸厂㔾,口
3807,3807,3807,吠,⿰口犬,口
3808,3808,3808,吩,⿰口⿱八⿹𠃌丿,口
3809,3809,3809,呋,⿰口⿻⿱一一人,口
3810,3810,3810,否,⿱⿱一&CDP-8665;口,口
3811,3811,3811,呙,⿱口⿻冂人,口
3812,3812,3812,告,⿱⿰丿土口,口
3813,3813,3813,呄,⿱⿹𠄎丿⿱十口,口
3814,3814,3814,吿,⿱牛口,口
3815,3815,3815,呚,⿰口攵,口
3816,3816,3816,吙,⿰口⿱八人,口
3817,3817,3817,含,⿱⿱⿱人丶㇇口,口
3818,3818,3818,吭,⿰口⿱⿱丶一几,口
3819,3819,3819,吰,⿰口⿸𠂇厶,口
3820,3820,3820,吽,⿰口牛,口
3821,3821,3821,呍,⿰口⿱⿱一一厶,口
3822,3822,3822,吼,⿰口⿰子乚,口
3823,3823,3823,呌,⿰口斗,口
3824,3824,3824,吤,⿰口⿱人&CDP-8BF5;,口
3825,3825,3825,呁,⿰口⿹勹冫,口
3826,3826,3826,君,⿸⿻&CDP-8BAB;丿口,口
3827,3827,3827,呖,⿰口⿸厂⿻丿𠃌,口
3828,3828,3828,吝,⿱⿱⿱丶一⿻丿乀口,口
3829,3829,3829,呂,⿳口丿口,口
3830,3830,3830,呒,⿰口⿱一尢,口
3831,3831,3831,吶,⿰口⿻冂入,口
3832,3832,3832,呐,⿰口⿻冂人,口
3833,3833,3833,呛,⿰口⿱人㔾,口
3834,3834,3834,吢,⿱心口,口
3835,3835,3835,吣,⿰口心,口
3836,3836,3836,启,⿸⿱丶尸口,口
3837,3837,3837,呇,⿱⿲㇇亅&CDP-85BF;口,口
3838,3838,3838,呏,⿰口⿱丿⿻一&CDP-8BF5;,口
3839,3839,3839,吮,⿰口⿱厶⿰丿乚,口
3840,3840,3840,听,⿰口⿸𠂆⿱一丨,口
3841,3841,3841,吞,⿱⿱一⿻一人口,口
3842,3842,3842,呑,⿱⿱丿⿻一人口,口
3843,3843,3843,吳,⿺&CDP-8CD5;口,口
3844,3844,3844,吴,⿱口⿱一⿻一人,口
3845,3845,3845,吾,⿱⿱一𫝀口,口
3846,3846,3846,呉,⿳⿺𠃑口一八,口
3847,3847,3847,呅,⿰口⿱⿱丶一⿻丿乀,口
3848,3848,3848,吻,⿰口⿹勹&CDP-89A6;,口
3849,3849,3849,呜,⿰口⿹&CDP-89DE;一,口
3850,3850,3850,咓,⿰口瓦,口
3851,3851,3851,咞,⿰口⿱一⿻一&CDP-8BF5;,口
3852,3852,3852,吷,⿰口⿻𠃍⿻一人,口
3853,3853,3853,吚,⿰口⿻&CDP-8BAB;丿,口
3854,3854,3854,员,⿱口贝,口
3855,3855,3855,呓,⿰口⿱艹乙,口
3856,3856,3856,吟,⿰口⿱⿱人丶㇇,口
3857,3857,3857,呀,⿰口牙,口
3858,3858,3858,吲,⿰口⿰弓丨,口
3859,3859,3859,吱,⿰口⿱十又,口
3860,3860,3860,吪,⿰口⿰亻⿻乚丿,口
3861,3861,3861,吘,⿰口⿱𠂉十,口
3862,3862,3862,呕,⿰口⿷匚㐅,口
3863,3863,3863,咇,⿰口⿻心丿,口
3864,3864,3864,咘,⿰口⿸𠂇巾,口
3865,3865,3865,咄,⿰口⿱⿻凵丨凵,口
3866,3866,3866,呾,⿰口⿱日一,口
3867,3867,3867,咑,⿰口⿰扌⿱一亅,口
3868,3868,3868,咚,⿰口⿱夂⿱丶丶,口
3869,3869,3869,呧,⿰口⿱氏丶,口
3870,3870,3870,咐,⿰口⿰亻寸,口
3871,3871,3871,咈,⿰口⿻弓&CDP-8BF5;,口
3872,3872,3872,咖,⿰口⿰⿻丿𠃌口,口
3873,3873,3873,呷,⿰口甲,口
3874,3874,3874,咕,⿰口⿱十口,口
3875,3875,3875,呱,⿰口瓜,口
3876,3876,3876,咊,⿰口⿱丿木,口
3877,3877,3877,和,⿰⿱丿木口,口
3878,3878,3878,咍,⿰口⿱厶口,口
3879,3879,3879,呼,⿰口乎,口
3880,3880,3880,咎,⿱⿺夂卜口,口
3881,3881,3881,呟,⿰口⿱⿱丶一⿰&CDP-895C;丶,口
3882,3882,3882,咀,⿰口且,口
3883,3883,3883,咔,⿰口⿱⿱⺊一卜,口
3884,3884,3884,呤,⿰口⿱⿱人丶龴,口
3885,3885,3885,咙,⿰口⿻⿺尢丶丿,口
3886,3886,3886,呣,⿰口母,口
3887,3887,3887,命,⿱⿱人一⿰口卩,口
3888,3888,3888,黾,⿱口⿻日乚,口
3889,3889,3889,呢,⿰口⿸尸⿺乚丿,口
3890,3890,3890,呶,⿰口⿰女又,口
3891,3891,3891,咛,⿰口⿱宀⿱一亅,口
3892,3892,3892,咆,⿰口⿹勹巳,口
3893,3893,3893,呯,⿰口⿻干丷,口
3894,3894,3894,呸,⿰口⿱⿱一&CDP-8665;一,口
3895,3895,3895,呠,⿰口本,口
3896,3896,3896,咅,⿱⿱&CDP-8BAE;一口,口
3897,3897,3897,呮,⿰口⿱口八,口
3898,3898,3898,呿,⿰口⿱⿱十一厶,口
3899,3899,3899,呥,⿰口冉,口
3900,3900,3900,呩,⿰口示,口
3901,3901,3901,呻,⿰口申,口
3902,3902,3902,呞,⿰口⿹𠃌⿱一口,口
3903,3903,3903,咝,⿰口⿱⿰&CDP-895C;&CDP-895C;一,口
3904,3904,3904,呫,⿰口⿱⺊口,口
3905,3905,3905,咜,⿰口⿱宀⿺乚丿,口
3906,3906,3906,咃,⿰口⿰亻也,口
3907,3907,3907,味,⿰口未,口
3908,3908,3908,咼,⿵⿱⿵冂𠃍冂口,口
3909,3909,3909,呡,⿰口民,口
3910,3910,3910,咁,⿰口甘,口
3911,3911,3911,呺,⿰口⿱口⿱一㇉,口
3912,3912,3912,呬,⿰口⿴囗⿰丿乚,口
3913,3913,3913,呴,⿰口⿹勹口,口
3914,3914,3914,呭,⿰口世,口
3915,3915,3915,呹,⿰口⿰丿⿻⿱一一人,口
3916,3916,3916,呪,⿰口⿱口⿰丿乚,口
3917,3917,3917,咒,⿱⿰口口几,口
3918,3918,3918,周,⿵⺆⿱⿱十一口,口
3919,3919,3919,咗,⿰口⿸𠂇工,口
3920,3920,3920,咂,⿰口⿷匚巾,口
3921,3921,3921,咋,⿰口乍,口
3922,3922,3922,呝,⿰口⿸⿱丶尸乙,口
3923,3923,3923,呵,⿰口⿹⿱一亅口,口
3924,3924,3924,哎,⿰口⿱艹⿻丿乀,口
3925,3925,3925,呦,⿰口⿰⿰&CDP-895C;丶⿻丿𠃌,口
3926,3926,3926,咉,⿰口央,口
3927,3927,3927,咏,⿰口永,口
3928,3928,3928,哔,⿰口⿱比十,口
3929,3929,3929,咤,⿰口⿱宀⿱丿⿻㇀乚,口
3930,3930,3930,呲,⿰口⿰止⿺乚丿,口
3931,3931,3931,哋,⿰口⿰⿱十一也,口
3932,3932,3932,咥,⿰口⿱⿱一厶⿱十一,口
3933,3933,3933,哆,⿰口⿱⿴𠂊丶⿴𠂊丶,口
3934,3934,3934,哚,⿰口⿱几木,口
3935,3935,3935,唌,⿰口⿺廴⿱丿&CDP-8960;,口
3936,3936,3936,哞,⿰口⿱厶牛,口
3937,3937,3937,咪,⿰口米,口
3938,3938,3938,哖,⿰口年,口
3939,3939,3939,哒,⿰口⿺辶⿻一人,口
3940,3940,3940,咣,⿰口⿱⺌⿱一⿰丿乚,口
3941,3941,3941,咶,⿰口⿱⿱丿十口,口
3942,3942,3942,哏,⿰口艮,口
3943,3943,3943,咯,⿰口⿱夂口,口
3944,3944,3944,哗,⿰口⿱⿰亻⿻乚丿十,口
3945,3945,3945,哕,⿰口⿱山⿴𠂊丶,口
3946,3946,3946,咟,⿰口⿱一白,口
3947,3947,3947,咴,⿰口⿸𠂇⿱八人,口
3948,3948,3948,哈,⿰口⿱⿱人一口,口
3949,3949,3949,咳,⿰口⿳⿱丶一⿰𠃋丿人,口
3950,3950,3950,哄,⿰口⿱⿱⿻十丨一八,口
3951,3951,3951,咭,⿰口⿱⿱十一口,口
3952,3952,3952,哙,⿰口⿱人⿱⿱一一厶,口
3953,3953,3953,咵,⿰口⿱⿻一人⿱一⿱一㇉,口
3954,3954,3954,哐,⿰口⿷匚⿱一⿱十一,口
3955,3955,3955,咧,⿰口⿰⿱一⿴𠂊丶刂,口
3956,3956,3956,咾,⿰口⿸耂⿺乚丿,口
3957,3957,3957,咩,⿰口⿱⿱丷一&CDP-8BF1;,口
3958,3958,3958,哪,⿰口⿰&CDP-89FA;阝,口
3959,3959,3959,哝,⿰口⿻冖𧘇,口
3960,3960,3960,哛,⿱⿰口⿻乚丿⿱八⿹𠃌丿,口
3961,3961,3961,哌,⿰口⿸𠂆&CDP-8C66;,口
3962,3962,3962,品,⿱口⿰口口,口
3963,3963,3963,咠,⿱口耳,口
3964,3964,3964,咰,⿰口⿹勹日,口
3965,3965,3965,哂,⿰口⿱一⿻⿰丿乚口,口
3966,3966,3966,咷,⿰口兆,口
3967,3967,3967,哃,⿰口⿵⿵冂一口,口
3968,3968,3968,哇,⿰口⿱⿱十一⿱十一,口
3969,3969,3969,哘,⿰口⿰彳⿱一⿱一亅,口
3970,3970,3970,咲,⿰口⿱丷⿱一⿻一人,口
3971,3971,3971,咸,⿵⿵戊一口,口
3972,3972,3972,哓,⿰口⿱⿻⿻一乚丿⿱一⿰丿乚,口
3973,3973,3973,哅,⿰口⿹勹⿶凵㐅,口
3974,3974,3974,咻,⿰口⿰亻木,口
3975,3975,3975,响,⿰口⿵&CDP-8BD6;口,口
3976,3976,3976,咺,⿰口⿱一⿱日一,口
3977,3977,3977,哟,⿰口⿰纟⿹勹丶,口
3978,3978,3978,咽,⿰口⿴囗⿻一人,口
3979,3979,3979,咦,⿰口⿻⿻一人弓,口
3980,3980,3980,哊,⿰口⿸𠂇月,口
3981,3981,3981,咿,⿰口⿰亻⿻&CDP-8BAB;丿,口
3982,3982,3982,哑,⿰口⿱一⿱&CDP-85F0;一,口
3983,3983,3983,咬,⿰口⿱⿱丶一⿱八⿻丿乀,口
3984,3984,3984,咮,⿰口朱,口
3985,3985,3985,咫,⿺尺⿱口八,口
3986,3986,3986,咱,⿰口自,口
3987,3987,3987,哉,⿹⿶⿻⿺⿻一乚丶丿十口,口
3988,3988,3988,咨,⿱⿰冫欠口,口
3989,3989,3989,呰,⿱⿰止⿺乚丿口,口
3990,3990,3990,咢,⿱⿰口口⿱一⿱一㇉,口
3991,3991,3991,咹,⿰口⿱宀女,口
3992,3992,3992,咡,⿰口耳,口
3993,3993,3993,哀,⿳⿱丶一口𧘇,口
3994,3994,3994,唄,⿰口⿱目八,口
3995,3995,3995,唗,⿰口⿱⿱十一龰,口
3996,3996,3996,哵,⿰口⿰⿱口⿻丿𠃌刂,口
3997,3997,3997,哱,⿰口⿱⿱十冖子,口
3998,3998,3998,哺,⿰口⿺&CDP-86B7;丶,口
3999,3999,3999,哾,⿰口⿱丷⿱口⿰丿乚,口
4000,4000,4000,唇,⿸⿸厂⿱⿱一一&CDP-8CC6;口,口
4001,4001,4001,唓,⿰口車,口
4002,4002,4002,哧,⿰口⿱⿱十一&CDP-8CB5;,口
4003,4003,4003,唙,⿰口⿰犭⿱八人,口
4004,4004,4004,唞,⿰口⿰扌斗,口
4005,4005,4005,哹,⿰口⿱⿱丿𭕄子,口
4006,4006,4006,唝,⿰口⿱工贝,口
4007,4007,4007,哥,⿱⿹⿱一亅口⿹⿱一亅口,口
4008,4008,4008,哿,⿱⿰⿻丿𠃌口⿹⿱一亅口,口
4009,4009,4009,哽,⿰口⿱一&CDP-89E7;,口
4010,4010,4010,唂,⿰口谷,口
4011,4011,4011,唃,⿰口角,口
4012,4012,4012,唤,⿰口⿳𠂊冂⿻一人,口
4013,4013,4013,哠,⿰口⿱⿰丿土口,口
4014,4014,4014,唅,⿰口⿱⿱⿱人丶㇇口,口
4015,4015,4015,哬,⿰口⿰亻⿹⿱一亅口,口
4016,4016,4016,哻,⿰口⿱日干,口
4017,4017,4017,哼,⿰口⿳⿱丶一口⿱乛亅,口
4018,4018,4018,唊,⿰口⿻⿻一人⿰人人,口
4019,4019,4019,唧,⿰口⿰&CDP-8B7C;卩,口
4020,4020,4020,唟,⿱⿱⿱十一厶⿰口⿻乚丿,口
4021,4021,4021,哭,⿱⿰口口犬,口
4022,4022,4022,唎,⿰口⿰⿱丿木刂,口
4023,4023,4023,哩,⿰口⿱&CDP-8BD9;一,口
4024,4024,4024,哴,⿰口⿱丶艮,口
4025,4025,4025,哷,⿰口⿱⿱丿𭕄寸,口
4026,4026,4026,唡,⿰口⿱一&CDP-854B;,口
4027,4027,4027,哰,⿰口⿱宀牛,口
4028,4028,4028,唠,⿰口⿱⿱艹冖⿻丿𠃌,口
4029,4029,4029,唥,⿰口⿰冫⿱⿱人丶龴,口
4030,4030,4030,哢,⿰口⿱⿱一⿱十一⿻一&CDP-8BF5;,口
4031,4031,4031,哶,⿰口⿱艹干,口
4032,4032,4032,唛,⿰口⿱龶夂,口
4033,4033,4033,哤,⿰口⿷⿺尢丶彡,口
4034,4034,4034,唜,⿱末⿰口⿻乚丿,口
4035,4035,4035,哣,⿰口豆,口
4036,4036,4036,唴,⿰口⿸⿱⿱丷一&CDP-8BF1;乚,口
4037,4037,4037,唒,⿰口酉,口
4038,4038,4038,唚,⿰口⿳&CDP-8BAB;冖又,口
4039,4039,4039,唘,⿱⿰⿸⿱一丿口又口,口
4040,4040,4040,哨,⿰口⿱⺌月,口
4041,4041,4041,唦,⿰口⿰氵⿱小丿,口
4042,4042,4042,哸,⿰口⿱⿱丿𭕄女,口
4043,4043,4043,唆,⿰口⿳厶八夂,口
4044,4044,4044,唢,⿰口⿱⺌贝,口
4045,4045,4045,唐,⿸广&CDP-8CC1;,口
4046,4046,4046,唋,⿰口⿱⿱人一朩,口
4047,4047,4047,唔,⿰口⿱⿱一𫝀口,口
4048,4048,4048,唍,⿰口⿱宀⿱一⿱一⿰丿乚,口
4049,4049,4049,哯,⿰口⿱目⿰丿乚,口
4050,4050,4050,哮,⿰口⿸耂子,口
4051,4051,4051,唏,⿰口⿱㐅⿸𠂇巾,口
4052,4052,4052,員,⿱口⿱目八,口
4053,4053,4053,唁,⿰口言,口
4054,4054,4054,唈,⿰口⿱口巴,口
4055,4055,4055,唀,⿰口⿱⿱丿木⿹𠄎丿,口
4056,4056,4056,唖,⿰口亜,口
4057,4057,4057,哲,⿱⿰扌⿸𠂆⿱一丨口,口
4058,4058,4058,哳,⿰口⿰扌⿸𠂆⿱一丨,口
4059,4059,4059,唑,⿰口⿻⿱十一⿰人人,口
4060,4060,4060,唕,⿰口⿱白十,口
4061,4061,4061,唣,⿰口⿱白⿻㇀乚,口
4062,4062,4062,哫,⿰口⿱口龰,口
4063,4063,4063,唨,⿰口⿰阝且,口
4064,4064,4064,唉,⿰口⿱厶⿱𠂉⿻一人,口
4065,4065,4065,啊,⿰口⿰阝⿹⿱一亅口,口
4066,4066,4066,哦,⿰口我,口
4067,4067,4067,唾,⿰口⿳丿&CDP-876E;一,口
4068,4068,4068,啵,⿰口⿰氵皮,口
4069,4069,4069,啚,⿳口十⿴囗口,口
4070,4070,4070,啜,⿰口⿱⿰又又⿰又又,口
4071,4071,4071,唱,⿰口⿱日日,口
4072,4072,4072,啛,⿰口⿱&CDP-89E5;女,口
4073,4073,4073,啐,⿰口⿱⿱⿱丶一⿰人人十,口
4074,4074,4074,啋,⿰口⿱⿱丿𭕄木,口
4075,4075,4075,啖,⿰口⿱⿱八人⿱八人,口
4076,4076,4076,啗,⿰口⿱勹臼,口
4077,4077,4077,啶,⿰口⿱宀⿱一龰,口
4078,4078,4078,啇,⿱&CDP-8BAE;&CDP-8C6C;,口
4079,4079,4079,啲,⿰口⿰白⿹勹丶,口
4080,4080,4080,啡,⿰口非,口
4081,4081,4081,唪,⿰口⿱⿻⿱一⿱一一人&CDP-8BF1;,口
4082,4082,4082,啩,⿰口⿰⿱⿱十一⿱十一卜,口
4083,4083,4083,啯,⿰口⿴囗⿷⿱一⿱十一丶,口
4084,4084,4084,啂,⿰口⿰⿱⿱丿𭕄子乚,口
4085,4085,4085,啒,⿰口⿸尸⿱⿻凵丨凵,口
4086,4086,4086,喐,⿰口⿰⿸𠂇月阝,口
4087,4087,4087,啈,⿰口⿱⿱十一⿱丷干,口
4088,4088,4088,啝,⿰口⿰⿱丿木口,口
4089,4089,4089,唿,⿰口⿱⿹勹&CDP-89A6;心,口
4090,4090,4090,唬,⿰口⿸⿸⿱⺊&CDP-88E2;⿻㇀乚几,口
4091,4091,4091,唶,⿰口⿱⿱⿻十丨一日,口
4092,4092,4092,唫,⿰口⿱人&CDP-8DE3;,口
4093,4093,4093,啹,⿰口⿸尸⿱十口,口
4094,4094,4094,啃,⿰口⿱止月,口
4095,4095,4095,啢,⿰口⿱一&CDP-8C62;,口
4096,4096,4096,啰,⿰口⿱罒⿴𠂊丶,口
4097,4097,4097,唻,⿰口⿻木⿰人人,口
4098,4098,4098,唳,⿰口⿸⿱丶尸犬,口
4099,4099,4099,啉,⿰口⿰木木,口
4100,4100,4100,啦,⿰口⿰扌⿱&CDP-8BAE;一,口
4101,4101,4101,啷,⿰口⿰&CDP-8C42;阝,口
4102,4102,4102,喵,⿰口⿱艹田,口
4103,4103,4103,唸,⿰口⿱⿱⿱人丶㇇心,口
4104,4104,4104,啮,⿰口齿,口
4105,4105,4105,喏,⿰口⿱艹⿸𠂇口,口
4106,4106,4106,喯,⿰口⿱⿻一人⿱十⿻一&CDP-8BF5;,口
4107,4107,4107,啤,⿰口⿱&CDP-89BE;十,口
4108,4108,4108,啪,⿰口⿰扌白,口
4109,4109,4109,啌,⿰口⿱⿱宀八工,口
4110,4110,4110,啳,⿰口⿱⿱丷⿻⿱一一人㔾,口
4111,4111,4111,唭,⿰口⿱&CDP-8B72;八,口
4112,4112,4112,啨,⿰口⿱龶月,口
4113,4113,4113,啓,⿱⿰⿱丶尸攵口,口
4114,4114,4114,啔,⿱⿰⿱丶尸⿻⿺⿻一乚丶丿口,口
4115,4115,4115,啟,⿰⿸⿱丶尸口攵,口
4116,4116,4116,唰,⿰口⿰⿸尸巾刂,口
4117,4117,4117,唼,⿰口⿱⿱&CDP-8BAE;一女,口
4118,4118,4118,啑,⿰口疌,口
4119,4119,4119,啥,⿰口⿱人⿱⿱丿十口,口
4120,4120,4120,售,⿱隹口,口
4121,4121,4121,商,⿱&CDP-8BAE;⿵冂⿱八口,口
4122,4122,4122,啬,⿱&CDP-8A65;⿴囗口,口
4123,4123,4123,唺,⿰口⿱&CDP-89E0;八,口
4124,4124,4124,啕,⿰口⿹勹缶,口
4125,4125,4125,啴,⿰口⿱丷&CDP-8BD9;,口
4126,4126,4126,問,⿵⿰𠁣𠃛口,口
4127,4127,4127,唯,⿰口隹,口
4128,4128,4128,啘,⿰口⿱宀⿰⿴𠂊丶㔾,口
4129,4129,4129,喎,⿰口⿵⿱⿵冂𠃍冂口,口
4130,4130,4130,唩,⿰口⿱⿱丿木女,口
4131,4131,4131,啎,⿰⿱𠂉十⿱⿱一𫝀口,口
4132,4132,4132,啸,⿰口肃,口
4133,4133,4133,唽,⿰口⿰木⿸𠂆⿱一丨,口
4134,4134,4134,啱,⿰口⿱山⿸⿱一丿口,口
4135,4135,4135,営,⿳𭕄冖⿱口口,口
4136,4136,4136,唷,⿰口⿱⿻一厶月,口
4137,4137,4137,唹,⿰口⿰⿱⿱丶一&CDP-8B6C;⿱人⿱丶丶,口
4138,4138,4138,啞,⿰口⿳一&CDP-88A1;一,口
4139,4139,4139,啭,⿰口⿰车专,口
4140,4140,4140,啄,⿰口⿻⿱一𧰨丶,口
4141,4141,4141,啅,⿰口⿱⺊⿱日十,口
4142,4142,4142,啠,⿱⿰⿸𠂆⿱一丨⿸𠂆⿱一丨口,口
4143,4143,4143,啁,⿰口⿵⺆⿱⿱十一口,口
4144,4144,4144,啍,⿰口⿳⿱丶一口子,口
4145,4145,4145,喷,⿰口⿱⿱十⿻一&CDP-8BF5;贝,口
4146,4146,4146,啫,⿰口⿸耂日,口
4147,4147,4147,啧,⿰口⿱龶贝,口
4148,4148,4148,啀,⿰口⿸厂⿱⿱十一⿱十一,口
4149,4149,4149,唲,⿰口⿱臼⿰丿乚,口
4150,4150,4150,唵,⿰口⿱⿻一人⿻日乚,口
4151,4151,4151,喘,⿰口⿱山⿱一⿱丿⿵冂⿰丨丨,口
4152,4152,4152,啻,⿱⿱&CDP-8BEC;巾口,口
4153,4153,4153,嗏,⿰口⿳艹人朩,口
4154,4154,4154,喳,⿰口⿱木⿱日一,口
4155,4155,4155,喫,⿰口⿱⿰⿻⿱一⿱一一丨⿹𠃌丿⿻一人,口
4156,4156,4156,喰,⿰口⿱人⿱丶艮,口
4157,4157,4157,喋,⿰口⿱世木,口
4158,4158,4158,喥,⿰口⿸广⿱廿又,口
4159,4159,4159,啿,⿰口⿱&CDP-88C8;⿷匚⿰丿乚,口
4160,4160,4160,嗒,⿰口⿱艹⿱⿱人一口,口
4161,4161,4161,單,⿱⿰口口&CDP-8BD9;,口
4162,4162,4162,喚,⿰口⿳𠂊⿵冂八⿻一人,口
4163,4163,4163,喛,⿰口⿳⿱丿𭕄一⿸𠂇又,口
4164,4164,4164,喤,⿰口⿱白⿱一⿱十一,口
4165,4165,4165,喙,⿰口⿱彑𧰨,口
4166,4166,4166,喝,⿰口⿱日⿹勹⿺𠃊人,口
4167,4167,4167,喉,⿰口⿰亻&CDP-8BC7;,口
4168,4168,4168,喖,⿰口⿰木⿱十口,口
4169,4169,4169,喊,⿰口⿵⿵戊一口,口
4170,4170,4170,喼,⿰口⿱⿱𠂊彐心,口
4171,4171,4171,喈,⿰口⿱比白,口
4172,4172,4172,嗟,⿰口⿸⿱⿱丷一&CDP-8BF1;工,口
4173,4173,4173,啾,⿰口⿰⿱丿木⿱八人,口
4174,4174,4174,喞,⿰口⿰⿱白⿺乚丿卩,口
4175,4175,4175,喟,⿰口⿱田月,口
4176,4176,4176,喹,⿰口⿱⿻一人⿱⿱十一⿱十一,口
4177,4177,4177,喾,⿳𭕄冖⿱⿰丿土口,口
4178,4178,4178,喀,⿰口⿱宀⿱夂口,口
4179,4179,4179,嘅,⿰口⿰&CDP-8B7C;旡,口
4180,4180,4180,喨,⿰口⿱&CDP-8C4D;几,口
4181,4181,4181,喽,⿰口⿱米女,口
4182,4182,4182,喇,⿰口⿰束刂,口
4183,4183,4183,喱,⿰口⿸厂⿱&CDP-8BD9;一,口
4184,4184,4184,喕,⿰口⿱⿱一丿⿴囗&CDP-89CC;,口
4185,4185,4185,喃,⿰口⿱十&CDP-8BDC;,口
4186,4186,4186,喸,⿱⿺&CDP-86B7;丶⿰口⿻乚丿,口
4187,4187,4187,喬,⿱⿱⿱丿⿻一人口⿵冂口,口
4188,4188,4188,嗴,⿰口⿷⿸⿱⿱丷一&CDP-8BF1;乚厶,口
4189,4189,4189,喢,⿰口⿻⿱丿十臼,口
4190,4190,4190,善,⿱⿱⿱⿱丷一&CDP-8BF1;⿱丷一口,口
4191,4191,4191,嗖,⿰口⿱&CDP-884F;又,口
4192,4192,4192,啺,⿰口⿱⿱日一⿹勹&CDP-89A6;,口
4193,4193,4193,啼,⿰口⿱&CDP-8BEC;巾,口
4194,4194,4194,嗢,⿰口⿱日皿,口
4195,4195,4195,喂,⿰口⿳田一&CDP-8CC6;,口
4196,4196,4196,喡,⿰口⿳𫝀口㐄,口
4197,4197,4197,嗗,⿰口⿱&CDP-89A9;月,口
4198,4198,4198,喴,⿰口⿵⿵戊一女,口
4199,4199,4199,喔,⿰口⿸尸⿱⿱一厶⿱十一,口
4200,4200,4200,啣,⿰口⿰⿱𠂉⿻一&CDP-8960;卩,口
4201,4201,4201,喆,⿰⿱⿱十一口⿱⿱十一口,口
4202,4202,4202,嗶,⿰口⿻&CDP-87C5;一,口
4203,4203,4203,喧,⿰口⿱宀⿱一⿱日一,口
4204,4204,4204,喺,⿰口⿰亻⿱丿⿱⿰&CDP-895C;丶小,口
4205,4205,4205,喜,⿱⿱十豆口,口
4206,4206,4206,喣,⿱⿰口⿹勹口灬,口
4207,4207,4207,喭,⿰口⿸⿱&CDP-8BAE;厂彡,口
4208,4208,4208,喦,⿱⿱口⿰口口山,口
4209,4209,4209,喁,⿰口禺,口
4210,4210,4210,喅,⿰口⿱日⿱&CDP-8BAE;一,口
4211,4211,4211,喩,⿰口⿱⿱人一⿰月⿰𡿨𡿨,口
4212,4212,4212,喻,⿰口⿱⿱人一⿰月刂,口
4213,4213,4213,喓,⿰口⿱⿱一&CDP-86EA;女,口
4214,4214,4214,喑,⿰口⿱⿱&CDP-8BAE;一日,口
4215,4215,4215,喲,⿰口⿰⿱⿰&CDP-895C;丶&CDP-885E;⿹勹丶,口
4216,4216,4216,喗,⿰口⿱冖車,口
4217,4217,4217,喌,⿱⿰口口州,口
4218,4218,4218,喠,⿰口重,口
4219,4219,4219,喒,⿰口⿱⿺夂卜日,口
4220,4220,4220,嗞,⿰口⿱⿱丷一⿰⿰&CDP-895C;丶⿰&CDP-895C;丶,口
4221,4221,4221,啙,⿱⿰止⿺乚丿⿰口口,口
4222,4222,4222,啽,⿰口⿱⿱⿱人一口⿻一&CDP-8BF5;,口
4223,4223,4223,喍,⿰口⿱⿰止⿺乚丿木,口
4224,4224,4224,嗔,⿰口⿱十⿱&CDP-8BA5;八,口
4225,4225,4225,嗤,⿰口⿱⿱⿻凵丨一虫,口
4226,4226,4226,嗲,⿰口⿱⿱八⿻丿乀⿱⿴𠂊丶⿴𠂊丶,口
4227,4227,4227,嘟,⿰口⿰⿸耂日阝,口
4228,4228,4228,嗝,⿰口⿳一口⿵⿵冂⿰丿乚⿱一丨,口
4229,4229,4229,嗊,⿰口⿱工⿱目八,口
4230,4230,4230,嗰,⿰口⿰亻⿴囗⿱十口,口
4231,4231,4231,嘩,⿰口⿱艹&CDP-8BF8;,口
4232,4232,4232,嗐,⿰口⿱⿱宀⿻⿱一⿱一一丨口,口
4233,4233,4233,嗥,⿰口⿱白⿱⿻一人十,口
4234,4234,4234,嗃,⿰口⿳⿱丶一口⿵冂口,口
4235,4235,4235,嗀,⿰⿱⿱⿱⿱十一冖一口⿱𠘧又,口
4236,4236,4236,嗨,⿰口⿰氵⿱𠂉母,口
4237,4237,4237,嗬,⿰口⿱艹⿰亻⿹⿱一亅口,口
4238,4238,4238,嗧,⿱⿰⿻丿𠃌口⿱⿱人一⿵冂⿻十丨,口
4239,4239,4239,嗘,⿰口⿱⿱丿𭕄⿱⿰&CDP-895C;丶⿻一人,口
4240,4240,4240,嗌,⿰口⿱&CDP-8CF0;皿,口
4241,4241,4241,嗳,⿰口⿱&CDP-8BB8;⿸𠂇又,口
4242,4242,4242,嗑,⿰口⿱⿱⿱十一厶皿,口
4243,4243,4243,嗹,⿰口⿺辶車,口
4244,4244,4244,嗠,⿰⿱⿱丿𭕄子⿱夂口,口
4245,4245,4245,嗎,⿰口⿹&CDP-896A;灬,口
4246,4246,4246,嗼,⿰口⿱艹⿱日⿻一人,口
4247,4247,4247,嗯,⿰口⿱⿴囗⿻一人心,口
4248,4248,4248,嗫,⿰口⿱耳⿰又又,口
4249,4249,4249,嗱,⿰口⿱⿱⿱人一口手,口
4250,4250,4250,嗙,⿰口⿱&CDP-8BEC;⿱⿱丶一&CDP-8B6C;,口
4251,4251,4251,嗆,⿰口⿱⿱人丶⿸&CDP-89CE;口,口
4252,4252,4252,嗛,⿰口⿱⿱丷一&CDP-8CDE;,口
4253,4253,4253,嗪,⿰口⿱⿻⿱一⿱一一人⿱丿木,口
4254,4254,4254,嗕,⿰口⿱⿸厂⿱⿱一一&CDP-8CC6;寸,口
4255,4255,4255,嗜,⿰口⿱⿸耂⿺乚丿日,口
4256,4256,4256,嗦,⿰口⿱⿱十冖⿱⿰&CDP-895C;丶小,口
4257,4257,4257,嗍,⿰口⿰⿱⿱丷一⿻凵丨月,口
4258,4258,4258,嗩,⿰口⿱小⿱目八,口
4259,4259,4259,嗇,⿱&CDP-8D5B;⿴囗口,口
4260,4260,4260,嗣,⿰⿱口⿵冂⿻十丨⿹𠃌⿱一口,口
4261,4261,4261,嗉,⿰口⿱龶⿱⿰&CDP-895C;丶小,口
4262,4262,4262,嗓,⿰口⿱⿱又⿰又又木,口
4263,4263,4263,嗮,⿰口⿰日⿱一⿻⿰丿乚口,口
4264,4264,4264,嗁,⿰口⿸𠂆⿸⿸⿱⺊&CDP-88E2;⿻㇀乚几,口
4265,4265,4265,嗵,⿰口⿺辶⿱龴⿵冂&CDP-8BF1;,口
4266,4266,4266,嗡,⿰口⿱⿱八厶⿰⿹𠃌冫⿹𠃌冫,口
4267,4267,4267,嗚,⿰口⿹&CDP-89DF;灬,口
4268,4268,4268,嗋,⿰口⿱⿱⿻丿𠃌⿰⿻丿𠃌⿻丿𠃌月,口
4269,4269,4269,嗅,⿰口⿱自犬,口
4270,4270,4270,嗂,⿰口⿱⿱丿𭕄缶,口
4271,4271,4271,嗈,⿰口⿱⿲𡿨𡿨𡿨⿱口巴,口
4272,4272,4272,嗭,⿱⿱十&CDP-8BA5;⿰口⿻乚丿,口
4273,4273,4273,喿,⿱⿱口⿰口口木,口
4274,4274,4274,嗄,⿰口⿱⿱一自夂,口
4275,4275,4275,嗷,⿰口⿰⿱龶&CDP-8B6C;攵,口
4276,4276,4276,嗸,⿱⿰⿱龶&CDP-8B6C;攵口,口
4277,4277,4277,嘣,⿰口⿱山⿰月月,口
4278,4278,4278,嘗,⿱⿱⿱⺌冖口⿱⿺乚丿日,口
4279,4279,4279,嘃,⿰口⿸广⿻⿻&CDP-8BAB;丨月,口
4280,4280,4280,嘈,⿰口⿱&CDP-8D61;日,口
4281,4281,4281,噉,⿰口⿰⿱乛耳攵,口
4282,4282,4282,嘀,⿰口⿱&CDP-8BAE;&CDP-8C6C;,口
4283,4283,4283,嘚,⿰口⿰彳⿱⿱日一寸,口
4284,4284,4284,嘓,⿰口⿴囗⿹⿻⿺⿻一乚丶丿⿱口一,口
4285,4285,4285,嘎,⿰口⿱⿱一自⿻⿺⿻一乚丶丿,口
4286,4286,4286,嘏,⿰⿱十口⿰&CDP-8C7A;&CDP-8C79;,口
4287,4287,4287,嘒,⿰口⿱⿰⿻⿱一⿱一一丨⿻⿱一⿱一一丨彐,口
4288,4288,4288,噑,⿰口⿱白⿻十&CDP-89AE;,口
4289,4289,4289,嘝,⿰口⿰角斗,口
4290,4290,4290,嘑,⿰口⿸⿸⿱⺊&CDP-88E2;⿻㇀乚乎,口
4291,4291,4291,嘄,⿰口⿹&CDP-8CBB;木,口
4292,4292,4292,嘂,⿲⿱口口丩⿱口口,口
4293,4293,4293,嘦,⿱⿱口八⿱⿱一&CDP-86EA;女,口
4294,4294,4294,嘉,⿱⿱十豆⿰⿻丿𠃌口,口
4295,4295,4295,嘼,⿱&CDP-8DAE;口,口
4296,4296,4296,嘍,⿰口⿱&CDP-89C5;女,口
4297,4297,4297,嘞,⿰口⿰革⿻丿𠃌,口
4298,4298,4298,嘜,⿰口⿱⿻木⿰人人夂,口
4299,4299,4299,嘧,⿰口⿱⿱宀⿻心丿山,口
4300,4300,4300,嘛,⿰口⿸广⿰木木,口
4301,4301,4301,嘌,⿰口⿱⿱一&CDP-86EA;示,口
4302,4302,4302,嘙,⿰口⿱⿰氵皮女,口
4303,4303,4303,嘁,⿰口⿵戊⿱⿱⺊一小,口
4304,4304,4304,嘇,⿰口⿱⿱⿱厶⿰厶厶人彡,口
4305,4305,4305,嘘,⿰口⿸⿸⿱⺊&CDP-88E2;⿻㇀乚⿱&CDP-85F0;一,口
4306,4306,4306,嗽,⿰口⿰束欠,口
4307,4307,4307,嘥,⿰口⿰彳⿱止龰,口
4308,4308,4308,嗾,⿰口⿰⿱⿱丶一&CDP-8B6C;⿱𠂉⿱𠂉⿻一人,口
4309,4309,4309,嘆,⿰口&CDP-8BD3;,口
4310,4310,4310,嘡,⿰口⿱⿱⿱⺌冖口⿱十一,口
4311,4311,4311,嗿,⿰口⿱⿱⿱人丶㇇⿱目八,口
4312,4312,4312,嘋,⿰口⿰⿸耂子攵,口
4313,4313,4313,嘨,⿰口粛,口
4314,4314,4314,嘕,⿰口⿱⿱一止&CDP-8DBF;,口
4315,4315,4315,嘐,⿰口⿱⿰⿹𠃌冫⿹𠃌冫⿱人彡,口
4316,4316,4316,嘢,⿰口⿰⿱&CDP-8BD9;一⿱龴⿱乛亅,口
4317,4317,4317,嘤,⿰口⿱⿰贝贝女,口
4318,4318,4318,嗻,⿰口⿸广⿱廿灬,口
4319,4319,4319,嗺,⿰口⿱山隹,口
4320,4320,4320,嘖,⿰口⿱龶⿱目八,口
4321,4321,4321,嘊,⿰口⿱山⿸厂⿱⿱十一⿱十一,口
4322,4322,4322,嘔,⿰口⿷匚⿱口⿰口口,口
4323,4323,4323,嘬,⿰口⿱日⿰耳又,口
4324,4324,4324,噇,⿰口⿱⿱&CDP-8BAE;一⿱&CDP-8BD9;一,口
4325,4325,4325,嘲,⿰口⿰⿱十⿱日十月,口
4326,4326,4326,噄,⿰口⿱⿰⿻⿱一⿱一一丨⿹𠃌丿⿱⿰&CDP-895C;丶小,口
4327,4327,4327,噈,⿰口⿰⿳⿱丶一口小⿺尢丶,口
4328,4328,4328,噌,⿰口⿱丷⿱&CDP-8B62;日,口
4329,4329,4329,嘾,⿰口⿱⿱一&CDP-86EA;⿱日十,口
4330,4330,4330,噵,⿱⿺辶⿱⿱丷一自口,口
4331,4331,4331,噠,⿰口⿺辶⿱⿱十一⿱⿱丷一&CDP-8BF1;,口
4332,4332,4332,噔,⿰口⿱⿰&CDP-88D3;&CDP-88D5;豆,口
4333,4333,4333,噃,⿰口⿱⿱丿米田,口
4334,4334,4334,嘸,⿰口⿱&CDP-8BBE;灬,口
4335,4335,4335,噶,⿰口⿱艹⿱日⿹勹⿺𠃊人,口
4336,4336,4336,嘠,⿰口⿱&CDP-8CD4;⿻⿺⿻一乚丶丿,口
4337,4337,4337,噅,⿰口爲,口
4338,4338,4338,噕,⿱爲口,口
4339,4339,4339,嘷,⿰口⿱自⿻十&CDP-89AE;,口
4340,4340,4340,嘿,⿰口⿱&CDP-88D4;灬,口
4341,4341,4341,噍,⿰口⿱隹灬,口
4342,4342,4342,噊,⿰口⿱⿱龴⿹⿱乛亅丿⿵冂⿱八口,口
4343,4343,4343,噘,⿰口⿸厂⿰⿱⿱丷一⿻凵丨欠,口
4344,4344,4344,嘰,⿰口⿹&CDP-8BA4;人,口
4345,4345,4345,嘳,⿰口⿱⿱⿻口丨一⿱目八,口
4346,4346,4346,噒,⿰口⿱米⿰⿴𠂊丶㐄,口
4347,4347,4347,嘹,⿰口⿱⿱⿻⿻一人丷日小,口
4348,4348,4348,嘮,⿰口⿱⿱⿰⿱八人⿱八人冖⿻丿𠃌,口
4349,4349,4349,噜,⿰口⿱⿳𠂊田一日,口
4350,4350,4350,嘪,⿰口⿱罒⿱目八,口
4351,4351,4351,噛,⿰口⿱止⿶凵米,口
4352,4352,4352,噴,⿰口⿱⿱十⿻一&CDP-8BF5;⿱目八,口
4353,4353,4353,嘭,⿰口⿰⿱十豆彡,口
4354,4354,4354,噗,⿰口⿳⿱&CDP-85F0;一⿱丷一⿻⿱一一人,口
4355,4355,4355,嘺,⿰口⿱⿱⿱丿⿻一人口⿵冂口,口
4356,4356,4356,噐,⿳⿰口口工⿰口口,口
4357,4357,4357,噙,⿰口⿱人⿱⿱⿱丶一⿶凵㐅⿻冂厶,口
4358,4358,4358,嘫,⿰口⿱&CDP-8BB5;灬,口
4359,4359,4359,噎,⿰口⿳⿱十一冖豆,口
4360,4360,4360,嘶,⿰口⿰⿱&CDP-8B72;八⿸𠂆⿱一丨,口
4361,4361,4361,噝,⿰口⿰⿱⿰&CDP-895C;丶&CDP-885E;⿱⿰&CDP-895C;丶小,口
4362,4362,4362,嘽,⿰口⿱⿰口口&CDP-8BD9;,口
4363,4363,4363,噋,⿰口⿰⿳⿱丶一口子攵,口
4364,4364,4364,噧,⿰口⿱艹禺,口
4365,4365,4365,嘵,⿰口⿱⿱⿱十一⿰⿱十一⿱十一⿱一⿰丿乚,口
4366,4366,4366,噀,⿰口⿱⿰巳巳⿱⿱⿻十丨一八,口
4367,4367,4367,噚,⿰口⿳彐&CDP-8CFA;寸,口
4368,4368,4368,嘻,⿰口⿱⿱十豆口,口
4369,4369,4369,噏,⿰口⿱⿱⿱人一口⿰⿹𠃌冫⿹𠃌冫,口
4370,4370,4370,噓,⿰口⿸⿸⿱⺊&CDP-88E2;⿻㇀乚&CDP-8D6B;,口
4371,4371,4371,噖,⿰口⿱⿰⿱一⿱十一⿱一⿱十一⿱⿱人丶㇇,口
4372,4372,4372,噢,⿰口⿱⿵&CDP-8BD6;米⿻一人,口
4373,4373,4373,嘱,⿰口⿸尸禹,口
4374,4374,4374,噆,⿰口⿱⿰旡旡日,口
4375,4375,4375,噂,⿰口⿱⿱丷酉寸,口
4376,4376,4376,噁,⿰口⿱⿳一&CDP-88A1;一心,口
4377,4377,4377,噹,⿰口⿱⿱⿱⺌冖口田,口
4378,4378,4378,噸,⿰口⿰⿻丿⿻凵乚頁,口
4379,4379,4379,嚄,⿰口⿱艹⿱隹又,口
4380,4380,4380,嚆,⿰口⿱艹⿳⿱丶一口⿵冂口,口
4381,4381,4381,噭,⿰口⿰⿱白⿱⿱丶一&CDP-8B6C;攵,口
4382,4382,4382,噱,⿰口⿸⿸⿱⺊&CDP-88E2;⿻㇀乚⿱一𧰨,口
4383,4383,4383,噤,⿰口⿱⿰木木示,口
4384,4384,4384,噲,⿰口⿱⿱人一⿱&CDP-8B62;日,口
4385,4385,4385,噥,⿰口⿱曲⿸厂⿱⿱一一&CDP-8CC6;,口
4386,4386,4386,噼,⿰口⿰⿸尸口⿱⿱&CDP-8BAE;一十,口
4387,4387,4387,器,⿳⿰口口犬⿰口口,口
4388,4388,4388,噬,⿰口⿱竹⿻工⿰人人,口
4389,4389,4389,噻,⿰口⿱⿳宀⿱井一八⿱十一,口
4390,4390,4390,嚃,⿰口⿺辶⿱罒&CDP-8977;,口
4391,4391,4391,嘯,⿰口肅,口
4392,4392,4392,噷,⿰口⿰⿱⿱&CDP-8BAE;一日欠,口
4393,4393,4393,噺,⿰口⿰⿱⿱&CDP-8BAE;一朩⿸𠂆⿱一丨,口
4394,4394,4394,噮,⿰口⿳罒⿱一口𧘇,口
4395,4395,4395,噦,⿰口⿱止&CDP-8CB3;,口
4396,4396,4396,噟,⿸⿸广⿰亻隹口,口
4397,4397,4397,噰,⿰口⿱⿱丶一&CDP-8DB5;,口
4398,4398,4398,噞,⿰口⿳⿱人一⿰口口⿰人人,口
4399,4399,4399,噳,⿰口⿸⿸⿱⺊&CDP-88E2;⿻㇀乚⿱口⿱一⿻一人,口
4400,4400,4400,噣,⿰口⿱罒⿹勹虫,口
4401,4401,4401,噡,⿰口⿸⿱𠂊厂&CDP-8CC3;,口
4402,4402,4402,嘴,⿰口⿱⿰止⿺乚丿角,口
4403,4403,4403,噪,⿰口⿱⿱口⿰口口木,口
4404,4404,4404,噫,⿰口⿱⿱⿱&CDP-8BAE;一日心,口
4405,4405,4405,噩,⿱&CDP-8554;一,口
4406,4406,4406,噯,⿰口⿱&CDP-8BB8;⿱心夂,口
4407,4407,4407,嚐,⿰口⿱⿱⿱⺌冖口⿱⿺乚丿日,口
4408,4408,4408,嚓,⿰口⿱宀⿱&CDP-8C4F;示,口
4409,4409,4409,嚉,⿰口⿰&CDP-8BBD;寸,口
4410,4410,4410,嚁,⿰口⿱⿰⿹𠃌冫⿹𠃌冫隹,口
4411,4411,4411,嚎,⿰口⿱&CDP-8C4D;⿱一𧰨,口
4412,4412,4412,嚇,⿰口⿰⿱⿱十一&CDP-8CB5;⿱⿱十一&CDP-8CB5;,口
4413,4413,4413,嚝,⿰口⿸广⿳⿱⿻十丨一由八,口
4414,4414,4414,嚌,⿰口⿱&CDP-8DEB;&CDP-89C6;,口
4415,4415,4415,嚍,⿰口⿱⿱⿱⿻&CDP-8BAB;丨一灬皿,口
4416,4416,4416,嚂,⿰口⿱⿰臣&CDP-89BC;皿,口
4417,4417,4417,嚒,⿰口⿸⿸广⿰木木⿰&CDP-895C;丶,口
4418,4418,4418,嚀,⿰口⿱⿱宀⿱心皿⿱一亅,口
4419,4419,4419,噽,⿰⿱⿱十豆口⿱⿱一&CDP-8665;一,口
4420,4420,4420,嚅,⿰口⿱⿱一⿻冂&CDP-8C41;⿱一⿱丿⿵冂⿰丨丨,口
4421,4421,4421,嚏,⿰口⿳⿱十冖田疋,口
4422,4422,4422,嚮,⿱⿰乡⿰&CDP-8C42;阝⿵&CDP-8BD6;口,口
4423,4423,4423,嚊,⿰口⿱自⿱田⿱一&CDP-8BF5;,口
4424,4424,4424,嚑,⿰口熏,口
4425,4425,4425,嚈,⿰口⿸厂⿰⿱⿵冂⿱一一月犬,口
4426,4426,4426,噾,⿰口⿱⿱宀八⿱⿱&CDP-8BAE;一日,口
4427,4427,4427,嚋,⿰口⿳⿳⿱十一乛工一⿰口寸,口
4428,4428,4428,噿,⿰口⿱⿰⿹𠃌冫⿹𠃌冫⿱⿱⿱丶一⿰人人十,口
4429,4429,4429,嚗,⿰口⿱日⿱⿱⿱⿻十丨一八⿻亅&CDP-89AE;,口
4430,4430,4430,嚖,⿰口⿱⿱⿰⿻⿱一⿱一一丨⿻⿱一⿱一一丨彐心,口
4431,4431,4431,嚛,⿰口⿱&CDP-8BF4;木,口
4432,4432,4432,嚠,⿰口⿰&CDP-8D69;刂,口
4433,4433,4433,嚟,⿰口⿱⿰⿱丿木&CDP-8DC9;&CDP-8D71;,口
4434,4434,4434,嚕,⿰口⿱⿳𠂊田灬日,口
4435,4435,4435,嚜,⿰口⿱⿱&CDP-88D4;灬⿱十一,口
4436,4436,4436,嚤,⿰口⿸⿸广⿰木木手,口
4437,4437,4437,嚙,⿰口⿱止⿶凵⿳⿰人人一⿰人人,口
4438,4438,4438,嚢,⿳&CDP-8DDD;冖⿳八⿱井一𧘇,口
4439,4439,4439,嚔,⿰口⿳⿱十冖田⿱厶龰,口
4440,4440,4440,嚡,⿰口⿰革⿱⿱十一⿱十一,口
4441,4441,4441,嚚,⿳⿰口口臣⿰口口,口
4442,4442,4442,嚘,⿰口⿱⿱&CDP-8CD4;心夂,口
4443,4443,4443,嚞,⿱⿱⿱十一口⿰⿱⿱十一口⿱⿱十一口,口
4444,4444,4444,嚣,⿳⿰口口页⿰口口,口
4445,4445,4445,嚫,⿰口⿰⿱⿱&CDP-8BAE;一朩⿱目⿰丿乚,口
4446,4446,4446,嚪,⿰口⿵⿰𠁣𠃛⿱勹臼,口
4447,4447,4447,嚯,⿰口⿱⿱一⿻冂&CDP-8C41;隹,口
4448,4448,4448,嚦,⿰口⿸⿸厂⿰⿱丿木⿱丿木止,口
4449,4449,4449,嚨,⿰口⿰⿱⿱&CDP-8BAE;一月&CDP-89B0;,口
4450,4450,4450,嚧,⿰口⿸⿸⿱⺊&CDP-88E2;⿻㇀乚&CDP-8CF4;,口
4451,4451,4451,嚰,⿰口⿸⿸广⿰木木⿸⿱一丿口,口
4452,4452,4452,嚬,⿰口⿰⿱止𣥂頁,口
4453,4453,4453,嚩,⿰口⿰⿱⿰&CDP-895C;丶&CDP-885E;⿱⿺&CDP-86B7;丶寸,口
4454,4454,4454,嚭,⿰⿱⿱十豆口⿱⿱一&CDP-8665;口,口
4455,4455,4455,嚥,⿰口⿳廿&CDP-8D76;灬,口
4456,4456,4456,嚴,⿱⿰口口⿸厂⿰⿱乛耳攵,口
4457,4457,4457,嚽,⿰口⿱⿰⿱龶&CDP-8B6C;攵⿱目八,口
4458,4458,4458,嚵,⿰口⿱⿱⿱𠂊口比⿷⿱𠂊&CDP-8BCB;丶,口
4459,4459,4459,嚺,⿰口⿺辶⿱罒⿱丷⿱一𧰨,口
4460,4460,4460,嚲,⿰⿳⿱丶一口子⿱⿰口口&CDP-8BD9;,口
4461,4461,4461,嚸,⿰口⿰⿱&CDP-88D4;灬⿱⺊口,口
4462,4462,4462,嚿,⿰口⿱⿱艹隹臼,口
4463,4463,4463,嚾,⿰口⿱艹⿱⿰口口隹,口
4464,4464,4464,嚼,⿰口⿳⿱丿𭕄罒⿰&CDP-8B7C;寸,口
4465,4465,4465,嚳,⿱⿶&CDP-8B64;⿱㐅⿻丿乀⿱⿰丿土口,口
4466,4466,4466,嚹,⿰口⿰缶⿸⿸⿱⺊&CDP-88E2;⿻㇀乚乎,口
4467,4467,4467,嚷,⿰口⿳⿱丶一&CDP-8CA3;𧘇,口
4468,4468,4468,嚱,⿰口⿰⿸⿸⿱⺊&CDP-88E2;⿻㇀乚豆⿻⿺⿻一乚丶丿,口
4469,4469,4469,嚶,⿰口⿱⿰⿱目八⿱目八女,口
4470,4470,4470,囆,⿰口⿱⿱艹禺虫,口
4471,4471,4471,囇,⿰口⿱⿰⿱一⿵冂一⿱一⿵冂一⿸&CDP-8D56;比,口
4472,4472,4472,囄,⿰口⿰⿱⿱⿱丶一⿶凵㐅⿻冂厶隹,口
4473,4473,4473,囁,⿰口⿱耳⿰耳耳,口
4474,4474,4474,嚻,⿲⿱口口頁⿱口口,口
4475,4475,4475,囂,⿳⿰口口頁⿰口口,口
4476,4476,4476,囈,⿰口⿱⿱艹⿰⿱⿱⿱十一⿰丿乚⿱十一⿻九丶⿱⿱一一厶,口
4477,4477,4477,囀,⿰口⿰車⿱&CDP-8BD0;寸,口
4478,4478,4478,囃,⿰口⿰&CDP-8D4F;隹,口
4479,4479,4479,囅,⿰⿱⿰口口&CDP-8BD9;⿸尸&CDP-8CE5;,口
4480,4480,4480,囉,⿰口⿱罒⿰⿱⿰&CDP-895C;丶&CDP-885E;隹,口
4481,4481,4481,囊,⿳&CDP-8DDD;冖⿱&CDP-8CA3;𧘇,口
4482,4482,4482,囌,⿰口⿱艹⿰⿳𠂊田灬⿱丿木,口
4483,4483,4483,囋,⿰口⿱⿰⿱⿰丿土⿰丿乚⿱⿰丿土⿰丿乚⿱目八,口
4484,4484,4484,囎,⿰口⿰⿱目八⿱丷⿱&CDP-8B62;日,口
4485,4485,4485,囏,⿰&CDP-8BD3;⿱⿱十豆口,口
4486,4486,4486,囒,⿰口⿱艹⿵⿰𠁣𠃛柬,口
4487,4487,4487,囐,⿰口⿰⿸⿸⿱⺊&CDP-88E2;⿻㇀乚⿳一口⿵⿵冂⿰丿乚⿱一丨犬,口
4488,4488,4488,囓,⿰口⿱⿰⿻⿱一⿱一一丨⿹𠃌丿⿱止⿶凵⿳⿰人人一⿰人人,口
4489,4489,4489,囕,⿰口⿱&CDP-8D50;⿱目⿰丿乚,口
4490,4490,4490,囍,⿰⿱⿱十豆口⿱⿱十豆口,口
4491,4491,4491,囑,⿰口⿸尸⿱⿻亅&CDP-89AE;⿱⺫⿹勹虫,口
4492,4492,4492,囔,⿰口⿳&CDP-8DDD;冖⿱&CDP-8CA3;𧘇,口
4493,4493,4493,囖,⿰口⿱竹⿱罒⿰⿱⿰&CDP-895C;丶&CDP-885E;隹,口
4494,4494,4494,驰,⿰⿹&CDP-8A77;一也,马
4495,4495,4495,驮,⿰⿹&CDP-8A77;一⿻一人,马
4496,4496,4496,驯,⿰⿹&CDP-8A77;一川,马
4497,4497,4497,马,⿹&CDP-8A77;一,马
4498,4498,4498,驭,⿰⿹&CDP-8A77;一又,马
4499,4499,4499,驳,⿰⿹&CDP-8A77;一⿱㐅⿻丿乀,马
4500,4500,4500,驴,⿰⿹&CDP-8A77;一⿱丶尸,马
4501,4501,4501,驱,⿰⿹&CDP-8A77;一⿷匚㐅,马
4502,4502,4502,驲,⿰⿹&CDP-8A77;一日,马
4503,4503,4503,骀,⿰⿹&CDP-8A77;一⿱厶口,马
4504,4504,4504,驸,⿰⿹&CDP-8A77;一⿰亻寸,马
4505,4505,4505,驾,⿱⿰⿻丿𠃌口⿹&CDP-8A77;一,马
4506,4506,4506,驹,⿰⿹&CDP-8A77;一⿹勹口,马
4507,4507,4507,驽,⿱⿰女又⿹&CDP-8A77;一,马
4508,4508,4508,驶,⿰⿹&CDP-8A77;一史,马
4509,4509,4509,驷,⿰⿹&CDP-8A77;一⿴囗⿰丿乚,马
4510,4510,4510,驼,⿰⿹&CDP-8A77;一⿱宀⿺乚丿,马
4511,4511,4511,驿,⿰⿹&CDP-8A77;一⿱又&CDP-8BF1;,马
4512,4512,4512,驻,⿰⿹&CDP-8A77;一⿱⿱丶一⿱十一,马
4513,4513,4513,驺,⿰⿹&CDP-8A77;一⿱𠂊彐,马
4514,4514,4514,驵,⿰⿹&CDP-8A77;一且,马
4515,4515,4515,骉,⿱⿹&CDP-8A77;一⿰⿹&CDP-8A77;一⿹&CDP-8A77;一,马
4516,4516,4516,骂,⿱⿰口口⿹&CDP-8A77;一,马
4517,4517,4517,骅,⿰⿹&CDP-8A77;一⿱⿰亻⿻乚丿十,马
4518,4518,4518,骇,⿰⿹&CDP-8A77;一⿳⿱丶一⿰𠃋丿人,马
4519,4519,4519,骄,⿰⿹&CDP-8A77;一⿱⿱丿⿻一人&CDP-8BF5;,马
4520,4520,4520,骆,⿰⿹&CDP-8A77;一⿱夂口,马
4521,4521,4521,骈,⿰⿹&CDP-8A77;一⿱丷⿱一⿻一&CDP-8BF5;,马
4522,4522,4522,骁,⿰⿹&CDP-8A77;一⿱⿻⿻一乚丿⿱一⿰丿乚,马
4523,4523,4523,骃,⿰⿹&CDP-8A77;一⿴囗⿻一人,马
4524,4524,4524,骋,⿰⿹&CDP-8A77;一⿱由⿱一㇉,马
4525,4525,4525,骏,⿰⿹&CDP-8A77;一⿳厶八夂,马
4526,4526,4526,骊,⿰⿹&CDP-8A77;一⿱一⿰⿵冂丶⿵冂丶,马
4527,4527,4527,骎,⿰⿹&CDP-8A77;一⿳&CDP-8BAB;冖又,马
4528,4528,4528,骍,⿰⿹&CDP-8A77;一⿱⿱&CDP-8BAE;一十,马
4529,4529,4529,验,⿰⿹&CDP-8A77;一⿳⿱人一𭕄一,马
4530,4530,4530,骖,⿰⿹&CDP-8A77;一⿳厶⿻一人彡,马
4531,4531,4531,骒,⿰⿹&CDP-8A77;一⿻日木,马
4532,4532,4532,骐,⿰⿹&CDP-8A77;一⿱&CDP-8B72;八,马
4533,4533,4533,骑,⿰⿹&CDP-8A77;一⿱⿻一人⿹⿱一亅口,马
4534,4534,4534,骕,⿰⿹&CDP-8A77;一肃,马
4535,4535,4535,骓,⿰⿹&CDP-8A77;一隹,马
4536,4536,4536,骔,⿰⿹&CDP-8A77;一⿱宀示,马
4537,4537,4537,骙,⿰⿹&CDP-8A77;一⿱⿰&CDP-88D3;&CDP-88D5;⿱一⿻一人,马
4538,4538,4538,骗,⿰⿹&CDP-8A77;一⿸⿱丶尸⿵冂⿻十丨,马
4539,4539,4539,骚,⿰⿹&CDP-8A77;一⿱⿴又丶虫,马
4540,4540,4540,骛,⿱⿰⿱龴⿹⿱乛亅丿攵⿹&CDP-8A77;一,马
4541,4541,4541,骘,⿱⿰阝⿱止𣥂⿹&CDP-8A77;一,马
4542,4542,4542,骝,⿰⿹&CDP-8A77;一⿱&CDP-8C69;田,马
4543,4543,4543,骞,⿱⿳宀⿱井一八⿹&CDP-8A77;一,马
4544,4544,4544,骟,⿰⿹&CDP-8A77;一⿸⿱丶尸⿰⿹𠃌冫⿹𠃌冫,马
4545,4545,4545,骜,⿱⿰⿱龶&CDP-8B6C;攵⿹&CDP-8A77;一,马
4546,4546,4546,骠,⿰⿹&CDP-8A77;一⿱⿱一&CDP-86EA;示,马
4547,4547,4547,骢,⿰⿹&CDP-8A77;一⿱⿴⿱丿囗夂心,马
4548,4548,4548,骡,⿰⿹&CDP-8A77;一⿱田⿱⿰&CDP-895C;丶小,马
4549,4549,4549,骣,⿰⿹&CDP-8A77;一⿸尸⿱子⿰子子,马
4550,4550,4550,骤,⿰⿹&CDP-8A77;一⿱⿰耳又乑,马
4551,4551,4551,骥,⿰⿹&CDP-8A77;一⿱⿰&CDP-8BC5;⿺乚丿⿱田⿱⿱⿻十丨一八,马
4552,4552,4552,骦,⿰⿹&CDP-8A77;一⿱⿱一⿻冂&CDP-8C41;⿰木目,马
4553,4553,4553,骧,⿰⿹&CDP-8A77;一⿳⿱丶一&CDP-8CA3;𧘇,马
4554,4554,4554,闭,⿵门才,门
4555,4555,4555,闯,⿵门⿹&CDP-8A77;一,门
4556,4556,4556,闬,⿵门干,门
4557,4557,4557,问,⿵门口,门
4558,4558,4558,闫,⿵门⿱一⿱一一,门
4559,4559,4559,门,门,门
4560,4560,4560,闩,⿵门一,门
4561,4561,4561,闪,⿵门人,门
4562,4562,4562,闳,⿵门⿸𠂇厶,门
4563,4563,4563,间,⿵门日,门
4564,4564,4564,闶,⿵门⿱⿱丶一几,门
4565,4565,4565,闷,⿵门心,门
4566,4566,4566,闵,⿵门⿱⿱丶一⿻丿乀,门
4567,4567,4567,闰,⿵门⿱一⿱十一,门
4568,4568,4568,闱,⿵门韦,门
4569,4569,4569,闲,⿵门木,门
4570,4570,4570,闹,⿵门⿱⿱丶一巾,门
4571,4571,4571,闸,⿵门甲,门
4572,4572,4572,阀,⿵门⿰亻⿻⿺⿻一乚丶丿,门
4573,4573,4573,闺,⿵门⿱⿱十一⿱十一,门
4574,4574,4574,阁,⿵门⿱夂口,门
4575,4575,4575,阂,⿵门⿳⿱丶一⿰𠃋丿人,门
4576,4576,4576,闿,⿵门⿱山己,门
4577,4577,4577,闾,⿵门⿱口口,门
4578,4578,4578,闽,⿵门虫,门
4579,4579,4579,闼,⿵门⿺辶⿻一人,门
4580,4580,4580,闻,⿵门耳,门
4581,4581,4581,阄,⿵门⿱𠂊&CDP-8BE8;,门
4582,4582,4582,阃,⿵门⿴囗木,门
4583,4583,4583,阆,⿵门⿱丶艮,门
4584,4584,4584,阅,⿵门⿱丷⿱口⿰丿乚,门
4585,4585,4585,阊,⿵门⿱日日,门
4586,4586,4586,阐,⿵门⿱丷&CDP-8BD9;,门
4587,4587,4587,阇,⿵门⿸耂日,门
4588,4588,4588,阍,⿵门⿱氏日,门
4589,4589,4589,阌,⿵门⿱&CDP-8BB8;又,门
4590,4590,4590,阋,⿵门⿱臼⿰丿乚,门
4591,4591,4591,阎,⿵门⿱勹臼,门
4592,4592,4592,阈,⿵门⿹⿻⿺⿻一乚丶丿⿱口一,门
4593,4593,4593,阉,⿵门⿱⿻一人⿻日乚,门
4594,4594,4594,阏,⿵门⿰⿱⿱丶一&CDP-8B6C;⿱人⿱丶丶,门
4595,4595,4595,阓,⿵门⿱⿱⿻口丨一贝,门
4596,4596,4596,阔,⿵门⿰氵⿱⿱丿十口,门
4597,4597,4597,阑,⿵门柬,门
4598,4598,4598,阕,⿵门⿱⿰&CDP-88D3;&CDP-88D5;⿱一⿻一人,门
4599,4599,4599,阒,⿵门⿱目犬,门
4600,4600,4600,阖,⿵门⿱⿱⿱十一厶皿,门
4601,4601,4601,阙,⿵门⿰⿱⿱丷一⿻凵丨欠,门
4602,4602,4602,阗,⿵门⿱十⿱&CDP-8BA5;八,门
4603,4603,4603,阘,⿵门⿱日⿰⿹𠃌冫⿹𠃌冫,门
4604,4604,4604,阚,⿵门⿰⿱乛耳攵,门
4605,4605,4605,阛,⿵门⿳罒⿱一口𧘇,门
4606,4606,4606,宆,⿱宀弓,宀
4607,4607,4607,守,⿱宀寸,宀
4608,4608,4608,宇,⿱宀于,宀
4609,4609,4609,宅,⿱宀⿱丿⿻㇀乚,宀
4610,4610,4610,安,⿱宀女,宀
4611,4611,4611,宀,宀,宀
4612,4612,4612,宄,⿱宀九,宀
4613,4613,4613,宁,⿱宀⿱一亅,宀
4614,4614,4614,宂,⿱宀几,宀
4615,4615,4615,它,⿱宀⿺乚丿,宀
4616,4616,4616,宏,⿱宀⿸𠂇厶,宀
4617,4617,4617,宑,⿱宀井,宀
4618,4618,4618,宍,⿱宀⿱⿱丶一八,宀
4619,4619,4619,宋,⿱宀木,宀
4620,4620,4620,宊,⿱宀犬,宀
4621,4621,4621,完,⿱宀⿱一⿱一⿰丿乚,宀
4622,4622,4622,宐,⿱宀彑,宀
4623,4623,4623,宒,⿱宀⿱丿&CDP-8A43;,宀
4624,4624,4624,宎,⿱宀⿱丿⿻一人,宀
4625,4625,4625,宝,⿱宀⿷⿱一⿱十一丶,宀
4626,4626,4626,宠,⿱宀⿻⿺尢丶丿,宀
4627,4627,4627,宕,⿱宀⿸⿱一丿口,宀
4628,4628,4628,定,⿱宀⿱一龰,宀
4629,4629,4629,官,⿱宀㠯,宀
4630,4630,4630,宖,⿱宀⿰弓厶,宀
4631,4631,4631,宓,⿱宀⿻心丿,宀
4632,4632,4632,实,⿱宀头,宀
4633,4633,4633,実,⿱宀⿻⿱一⿱一一人,宀
4634,4634,4634,审,⿱宀申,宀
4635,4635,4635,宛,⿱宀⿰⿴𠂊丶㔾,宀
4636,4636,4636,宜,⿱宀且,宀
4637,4637,4637,宙,⿱宀由,宀
4638,4638,4638,宔,⿱宀⿱⿱丶一⿱十一,宀
4639,4639,4639,宗,⿱宀示,宀
4640,4640,4640,宬,⿱宀⿵戊𠃌,宀
4641,4641,4641,宫,⿱宀⿱口口,宀
4642,4642,4642,宦,⿱宀臣,宀
4643,4643,4643,客,⿱宀⿱夂口,宀
4644,4644,4644,室,⿱宀⿱⿱一厶⿱十一,宀
4645,4645,4645,宩,⿱宀米,宀
4646,4646,4646,宨,⿱宀兆,宀
4647,4647,4647,宪,⿱宀⿱⿰丿土⿰丿乚,宀
4648,4648,4648,宣,⿱宀⿱一⿱日一,宀
4649,4649,4649,宥,⿱宀⿸𠂇月,宀
4650,4650,4650,宾,⿱宀⿱丘八,宀
4651,4651,4651,宲,⿱宀⿱口木,宀
4652,4652,4652,宸,⿱宀⿸厂⿱⿱一一&CDP-8CC6;,宀
4653,4653,4653,宷,⿱宀⿱丿米,宀
4654,4654,4654,宮,⿱宀⿳口丿口,宀
4655,4655,4655,家,⿱宀⿱一𧰨,宀
4656,4656,4656,宺,⿱宀⿱口𥘅,宀
4657,4657,4657,害,⿱⿱宀⿻⿱一⿱一一丨口,宀
4658,4658,4658,宽,⿱宀⿱艹见,宀
4659,4659,4659,宼,⿱宀⿺⿱一⿱一⿰丿乚女,宀
4660,4660,4660,宻,⿳宀&CDP-85A7;山,宀
4661,4661,4661,宭,⿱宀⿸⿻&CDP-8BAB;丿口,宀
4662,4662,4662,容,⿱宀谷,宀
4663,4663,4663,宯,⿱宀⿸耂子,宀
4664,4664,4664,宵,⿱宀⿱⺌月,宀
4665,4665,4665,宴,⿱宀⿱日女,宀
4666,4666,4666,宧,⿱宀𦣞,宀
4667,4667,4667,宱,⿱宀⿰亻乍,宀
4668,4668,4668,宰,⿱宀⿱⿱&CDP-8BAE;一十,宀
4669,4669,4669,寀,⿱宀⿱⿱丿𭕄木,宀
4670,4670,4670,寉,⿱宀隹,宀
4671,4671,4671,寂,⿱宀⿰⿱⿱⺊一小又,宀
4672,4672,4672,寄,⿱宀⿱⿻一人⿹⿱一亅口,宀
4673,4673,4673,寇,⿱宀⿺⿱一⿱一⿰丿乚⿱⺊又,宀
4674,4674,4674,密,⿱⿱宀⿻心丿山,宀
4675,4675,4675,寈,⿱宀⿱龶月,宀
4676,4676,4676,宿,⿱宀⿰亻⿱一白,宀
4677,4677,4677,寃,⿱宀⿷⿱𠂊&CDP-8BCB;丶,宀
4678,4678,4678,寅,⿱宀&CDP-8CE6;,宀
4679,4679,4679,寁,⿱宀疌,宀
4680,4680,4680,寎,⿱宀⿰爿⿱一⿻冂人,宀
4681,4681,4681,富,⿱宀⿱⿱一口田,宀
4682,4682,4682,寏,⿱宀⿳𠂊⿵冂八⿻一人,宀
4683,4683,4683,寒,⿱⿳宀⿱井一八⿱丶丶,宀
4684,4684,4684,寋,⿱⿳宀⿱井一八㔾,宀
4685,4685,4685,寐,⿱宀⿰爿未,宀
4686,4686,4686,寍,⿱宀⿱心皿,宀
4687,4687,4687,寕,⿱⿱宀一⿳丿罒⿱一亅,宀
4688,4688,4688,寑,⿱宀⿰亻⿳&CDP-8BAB;冖又,宀
4689,4689,4689,寔,⿱宀⿱日⿱一龰,宀
4690,4690,4690,寓,⿱宀禺,宀
4691,4691,4691,寊,⿱宀⿱⺊⿱目八,宀
4692,4692,4692,寚,⿳宀⿱一⿱十一缶,宀
4693,4693,4693,寖,⿱宀⿰氵⿳&CDP-8BAB;冖又,宀
4694,4694,4694,寛,⿱宀⿱艹⿱目⿰丿乚,宀
4695,4695,4695,寞,⿱宀⿱艹⿱日⿻一人,宀
4696,4696,4696,寜,⿱⿱宀⿱心皿亅,宀
4697,4697,4697,寗,⿱⿱宀⿻心丿冉,宀
4698,4698,4698,寝,⿱宀⿰丬⿳&CDP-8BAB;冖又,宀
4699,4699,4699,寙,⿱宀⿰瓜瓜,宀
4700,4700,4700,寘,⿱宀⿱十⿱&CDP-8BA5;八,宀
4701,4701,4701,察,⿱宀⿱&CDP-8C4F;示,宀
4702,4702,4702,寡,⿳宀&CDP-8DE0;⿱八⿹𠃌丿,宀
4703,4703,4703,寣,⿱宀⿰爿言,宀
4704,4704,4704,寠,⿱宀⿱&CDP-89C5;女,宀
4705,4705,4705,寬,⿱宀⿱艹⿷⿱目⿰丿乚丶,宀
4706,4706,4706,寥,⿱宀⿱⿰⿹𠃌冫⿹𠃌冫⿱人彡,宀
4707,4707,4707,寧,⿱⿱宀⿱心皿⿱一亅,宀
4708,4708,4708,寢,⿱宀⿰爿⿳&CDP-8BAB;冖又,宀
4709,4709,4709,實,⿱宀⿱毌⿱目八,宀
4710,4710,4710,寤,⿱宀⿰爿⿱⿱一𫝀口,宀
4711,4711,4711,寨,⿱⿳宀⿱井一八木,宀
4712,4712,4712,寭,⿱宀⿱&CDP-8BD0;心,宀
4713,4713,4713,寯,⿱宀⿱隹&CDP-8DDF;,宀
4714,4714,4714,寮,⿱宀⿱⿱⿻⿻一人丷日小,宀
4715,4715,4715,審,⿱宀⿱⿱丿米田,宀
4716,4716,4716,寪,⿱宀爲,宀
4717,4717,4717,寫,⿱宀⿱臼&CDP-8C40;,宀
4718,4718,4718,寰,⿱宀⿳罒⿱一口𧘇,宀
4719,4719,4719,寱,⿱宀⿰爿⿱自木,宀
4720,4720,4720,寲,⿱宀⿰⿱⿺乚丿⿱𠂉⿻一人⿱龴疋,宀
4721,4721,4721,寳,⿳宀⿰⿱一⿱十一⿱𠂊小⿱目八,宀
4722,4722,4722,寵,⿱宀⿰⿱⿱&CDP-8BAE;一月&CDP-89B0;,宀
4723,4723,4723,寶,⿱⿱宀⿰⿱一⿱十一缶⿱目八,宀
4724,4724,4724,寴,⿱宀⿰⿱⿱&CDP-8BAE;一朩⿱目⿰丿乚,宀
4725,4725,4725,寷,⿱宀⿱⿻山⿰⿻⿱一⿱一一丨⿻⿱一⿱一一丨豆,宀
4726,4726,4726,奼,⿰女⿱丿⿻㇀乚,女
4727,4727,4727,奿,⿺⿻九丶女,女
4728,4728,4728,妇,⿰女彐,女
4729,4729,4729,妃,⿰女己,女
4730,4730,4730,奸,⿰女干,女
4731,4731,4731,好,⿰女子,女
4732,4732,4732,妅,⿰女工,女
4733,4733,4733,奺,⿰女久,女
4734,4734,4734,妀,⿰己女,女
4735,4735,4735,妈,⿰女⿹&CDP-8A77;一,女
4736,4736,4736,奻,⿰女女,女
4737,4737,4737,奷,⿰女⿱丿十,女
4738,4738,4738,如,⿰女口,女
4739,4739,4739,妁,⿰女⿹勹丶,女
4740,4740,4740,她,⿰女也,女
4741,4741,4741,妄,⿱⿱⿱丶一𠃊女,女
4742,4742,4742,奾,⿰女山,女
4743,4743,4743,妆,⿰丬女,女
4744,4744,4744,女,女,女
4745,4745,4745,奵,⿰女⿱一亅,女
4746,4746,4746,奴,⿰女又,女
4747,4747,4747,奶,⿰女⿹𠄎丿,女
4748,4748,4748,妣,⿰女比,女
4749,4749,4749,妛,⿱⿱⿻凵丨一女,女
4750,4750,4750,妒,⿰女⿱丶尸,女
4751,4751,4751,妉,⿰女冘,女
4752,4752,4752,姂,⿰女⿱丿⿱丶&CDP-8661;,女
4753,4753,4753,妨,⿰女⿱⿱丶一&CDP-8B6C;,女
4754,4754,4754,妢,⿰女⿱八⿹𠃌丿,女
4755,4755,4755,妦,⿰女⿻⿱一⿱一一丨,女
4756,4756,4756,妋,⿰女⿻⿱一一人,女
4757,4757,4757,妚,⿰女⿱一&CDP-8665;,女
4758,4758,4758,妫,⿰女为,女
4759,4759,4759,妎,⿰女⿱人&CDP-8BF5;,女
4760,4760,4760,妓,⿰女⿱十又,女
4761,4761,4761,妗,⿰女⿱⿱人丶㇇,女
4762,4762,4762,妌,⿰女井,女
4763,4763,4763,姖,⿰女巨,女
4764,4764,4764,妔,⿰女⿱⿱丶一几,女
4765,4765,4765,妙,⿰女⿱小丿,女
4766,4766,4766,妞,⿰女丑,女
4767,4767,4767,妠,⿰女⿻冂人,女
4768,4768,4768,妑,⿰女巴,女
4769,4769,4769,妊,⿰女⿱丿⿱十一,女
4770,4770,4770,姒,⿰女以,女
4771,4771,4771,妥,⿱⿱丿𭕄女,女
4772,4772,4772,妧,⿰女⿱一⿱一⿰丿乚,女
4773,4773,4773,妏,⿰女⿱⿱丶一⿻丿乀,女
4774,4774,4774,妩,⿰女⿱一尢,女
4775,4775,4775,妡,⿰女⿸𠂆⿱一丨,女
4776,4776,4776,妐,⿰女⿱八厶,女
4777,4777,4777,妾,⿱⿱&CDP-8BAE;一女,女
4778,4778,4778,妜,⿰女⿻𠃍⿻一人,女
4779,4779,4779,妟,⿱日女,女
4780,4780,4780,妍,⿰女⿱一⿻一&CDP-8BF5;,女
4781,4781,4781,妤,⿰女⿱龴⿱乛亅,女
4782,4782,4782,妘,⿰女⿱⿱一一厶,女
4783,4783,4783,妖,⿰女⿱丿⿻一人,女
4784,4784,4784,妪,⿰女⿷匚㐅,女
4785,4785,4785,妝,⿰爿女,女
4786,4786,4786,妕,⿰女⿻口丨,女
4787,4787,4787,姉,⿰女⿻一巾,女
4788,4788,4788,姊,⿰女⿹&CDP-87C2;丿,女
4789,4789,4789,姅,⿰女⿱丷&CDP-8BF1;,女
4790,4790,4790,妭,⿰女⿺⿸𠂇又丶,女
4791,4791,4791,妼,⿰女⿻心丿,女
4792,4792,4792,妲,⿰女⿱日一,女
4793,4793,4793,妬,⿰女⿸⿱一丿口,女
4794,4794,4794,姇,⿱⿰亻寸女,女
4795,4795,4795,姏,⿰女甘,女
4796,4796,4796,姑,⿰女⿱十口,女
4797,4797,4797,姀,⿰女⿱丿木,女
4798,4798,4798,姐,⿰女且,女
4799,4799,4799,姈,⿰女⿱⿱人丶龴,女
4800,4800,4800,姆,⿰女母,女
4801,4801,4801,妹,⿰女未,女
4802,4802,4802,姄,⿰女民,女
4803,4803,4803,妺,⿰女末,女
4804,4804,4804,妮,⿰女⿸尸⿺乚丿,女
4805,4805,4805,妳,⿰女⿱𠂊小,女
4806,4806,4806,妻,⿱&CDP-89E5;女,女
4807,4807,4807,姌,⿰女冉,女
4808,4808,4808,姍,⿰女⿻⿵冂⿰丨丨一,女
4809,4809,4809,姗,⿰女册,女
4810,4810,4810,妽,⿰女申,女
4811,4811,4811,始,⿰女⿱厶口,女
4812,4812,4812,妵,⿰女⿱⿱丶一⿱十一,女
4813,4813,4813,委,⿱⿱丿木女,女
4814,4814,4814,妶,⿰女⿱⿱丶一⿰&CDP-895C;丶,女
4815,4815,4815,姓,⿰女生,女
4816,4816,4816,姁,⿰女⿹勹口,女
4817,4817,4817,妴,⿱⿰⿴𠂊丶㔾女,女
4818,4818,4818,姎,⿰女央,女
4819,4819,4819,妯,⿰女由,女
4820,4820,4820,妱,⿰女⿱⿹𠃌丿口,女
4821,4821,4821,姃,⿰女⿱一止,女
4822,4822,4822,妸,⿰女⿹⿱一亅口,女
4823,4823,4823,妿,⿱⿰⿻丿𠃌口女,女
4824,4824,4824,妰,⿰女乍,女
4825,4825,4825,妷,⿰女⿰丿⿻⿱一一人,女
4826,4826,4826,姹,⿰女⿱宀⿱丿⿻㇀乚,女
4827,4827,4827,娍,⿰女⿵戊𠃌,女
4828,4828,4828,姩,⿰女年,女
4829,4829,4829,姙,⿰女⿰亻⿱丿⿱十一,女
4830,4830,4830,姛,⿰女⿵⿵冂一口,女
4831,4831,4831,姯,⿰女⿱⺌⿱一⿰丿乚,女
4832,4832,4832,姽,⿰女⿸⿱𠂊厂㔾,女
4833,4833,4833,姤,⿰女⿸⿸𠂆一口,女
4834,4834,4834,姟,⿰女⿳⿱丶一⿰𠃋丿人,女
4835,4835,4835,姡,⿰女⿱⿱丿十口,女
4836,4836,4836,姮,⿰女⿱一⿱日一,女
4837,4837,4837,娂,⿰女⿱⿱⿻十丨一八,女
4838,4838,4838,姦,⿱女⿰女女,女
4839,4839,4839,姧,⿰⿱女女干,女
4840,4840,4840,姜,⿱⿱⿱丷一⿱十一女,女
4841,4841,4841,姣,⿰女⿱⿱丶一⿱八⿻丿乀,女
4842,4842,4842,娇,⿰女⿱⿱丿⿻一人&CDP-8BF5;,女
4843,4843,4843,姢,⿰女⿱厶⿵⺆冫,女
4844,4844,4844,婙,⿰女⿱𠂊&CDP-8BFE;,女
4845,4845,4845,姞,⿰女⿱⿱十一口,女
4846,4846,4846,姰,⿰女⿹勹日,女
4847,4847,4847,姱,⿰女⿱⿻一人⿱一⿱一㇉,女
4848,4848,4848,姴,⿱⿰⿱一⿴𠂊丶刂女,女
4849,4849,4849,娈,⿱⿱⿱丶一&CDP-8CB5;女,女
4850,4850,4850,娄,⿱米女,女
4851,4851,4851,姥,⿰女⿸耂⿺乚丿,女
4852,4852,4852,姳,⿰女⿱⿴𠂊丶口,女
4853,4853,4853,娜,⿰女⿰&CDP-89FA;阝,女
4854,4854,4854,姵,⿰女⿵几⿱一巾,女
4855,4855,4855,姘,⿰女⿱丷⿱一⿻一&CDP-8BF5;,女
4856,4856,4856,姾,⿰女⿱人⿱一⿱十一,女
4857,4857,4857,娆,⿰女⿱⿻⿻一乚丿⿱一⿰丿乚,女
4858,4858,4858,姼,⿰女⿱⿴𠂊丶⿴𠂊丶,女
4859,4859,4859,姺,⿰女⿱⿰丿土⿰丿乚,女
4860,4860,4860,姝,⿰女朱,女
4861,4861,4861,娰,⿰女⿰亻以,女
4862,4862,4862,娀,⿰女⿹⿻⿺⿻一乚丶丿𠂇,女
4863,4863,4863,娗,⿰女⿺廴⿱丿⿱十一,女
4864,4864,4864,娃,⿰女⿱⿱十一⿱十一,女
4865,4865,4865,威,⿵⿵戊一女,女
4866,4866,4866,姭,⿱⿱⿻丿𠃌⿰⿻丿𠃌⿻丿𠃌女,女
4867,4867,4867,姠,⿰女⿵&CDP-8BD6;口,女
4868,4868,4868,娅,⿰女⿱一⿱&CDP-85F0;一,女
4869,4869,4869,姲,⿰女⿱宀女,女
4870,4870,4870,姸,⿰女⿰干干,女
4871,4871,4871,娫,⿰女⿺廴⿱丿&CDP-8960;,女
4872,4872,4872,姚,⿰女兆,女
4873,4873,4873,姨,⿰女⿻⿻一人弓,女
4874,4874,4874,姷,⿰女⿸𠂇月,女
4875,4875,4875,姻,⿰女⿴囗⿻一人,女
4876,4876,4876,姪,⿰女⿱⿱一厶⿱十一,女
4877,4877,4877,姫,⿰女臣,女
4878,4878,4878,姕,⿱⿰止⿺乚丿女,女
4879,4879,4879,姿,⿱⿰冫欠女,女
4880,4880,4880,姶,⿰女⿱⿱人一口,女
4881,4881,4881,娕,⿰女束,女
4882,4882,4882,娖,⿰女⿱口龰,女
4883,4883,4883,娣,⿰女⿱丷⿹⿻弓丨丿,女
4884,4884,4884,娐,⿰女⿱⿱丿𭕄子,女
4885,4885,4885,婲,⿰女⿱艹⿰亻⿻乚丿,女
4886,4886,4886,娢,⿰女⿱⿱⿱人丶㇇口,女
4887,4887,4887,娟,⿰女⿱口月,女
4888,4888,4888,姬,⿰女𦣞,女
4889,4889,4889,娔,⿰女⿱⿱十口⿰丿乚,女
4890,4890,4890,娳,⿰女⿰⿱丿木刂,女
4891,4891,4891,娌,⿰女⿱&CDP-8BD9;一,女
4892,4892,4892,娩,⿰女⿱𠂊&CDP-8BCB;,女
4893,4893,4893,娏,⿰女⿷⿺尢丶彡,女
4894,4894,4894,娨,⿰女⿱日干,女
4895,4895,4895,娘,⿰女⿱丶艮,女
4896,4896,4896,娚,⿰女⿱田⿻丿𠃌,女
4897,4897,4897,娞,⿰女⿱⿱丿𭕄女,女
4898,4898,4898,娉,⿰女⿱由⿱一㇉,女
4899,4899,4899,娦,⿰女⿱丘八,女
4900,4900,4900,娝,⿰女⿱⿱一&CDP-8665;口,女
4901,4901,4901,娋,⿰女⿱⺌月,女
4902,4902,4902,娠,⿰女⿸厂⿱⿱一一&CDP-8CC6;,女
4903,4903,4903,娑,⿱⿰氵⿱小丿女,女
4904,4904,4904,娧,⿰女⿱丷⿱口⿰丿乚,女
4905,4905,4905,娪,⿰女⿱⿱一𫝀口,女
4906,4906,4906,娲,⿰女⿱口⿻冂人,女
4907,4907,4907,娓,⿰女⿸尸⿱丿&CDP-8A43;,女
4908,4908,4908,娒,⿰女⿱𠂉母,女
4909,4909,4909,娊,⿰女⿱目⿰丿乚,女
4910,4910,4910,娴,⿰女⿵门木,女
4911,4911,4911,娎,⿱⿰扌⿸𠂆⿱一丨女,女
4912,4912,4912,娙,⿰女⿳一⿲𡿨𡿨𡿨工,女
4913,4913,4913,娮,⿰女言,女
4914,4914,4914,娛,⿰女⿺&CDP-8CD5;口,女
4915,4915,4915,娯,⿰女⿳⿺𠃑口一八,女
4916,4916,4916,娱,⿰女⿱口⿱一⿻一人,女
4917,4917,4917,娤,⿱⿰爿⿱十一女,女
4918,4918,4918,娡,⿰女⿱⿱十一心,女
4919,4919,4919,娥,⿰女我,女
4920,4920,4920,娭,⿰女⿱厶⿱𠂉⿻一人,女
4921,4921,4921,娿,⿱⿰阝⿹⿱一亅口女,女
4922,4922,4922,婀,⿰女⿰阝⿹⿱一亅口,女
4923,4923,4923,婗,⿰女⿱臼⿰丿乚,女
4924,4924,4924,婊,⿰女⿱龶𧘇,女
4925,4925,4925,婢,⿰女⿱&CDP-89BE;十,女
4926,4926,4926,婥,⿰女⿱⺊⿱日十,女
4927,4927,4927,婼,⿰女⿱艹⿸𠂇口,女
4928,4928,4928,婵,⿰女⿱丷&CDP-8BD9;,女
4929,4929,4929,娼,⿰女⿱日日,女
4930,4930,4930,婃,⿰女⿱宀示,女
4931,4931,4931,婇,⿰女⿱⿱丿𭕄木,女
4932,4932,4932,婝,⿰女⿱宀⿱一龰,女
4933,4933,4933,婰,⿰女⿱&CDP-89E0;八,女
4934,4934,4934,娻,⿰女東,女
4935,4935,4935,婏,⿰女⿷⿱𠂊&CDP-8BCB;丶,女
4936,4936,4936,婦,⿰女⿳彐冖巾,女
4937,4937,4937,婓,⿱非女,女
4938,4938,4938,婔,⿰女非,女
4939,4939,4939,婳,⿰女⿱一⿶凵田,女
4940,4940,4940,婎,⿰女隹,女
4941,4941,4941,婟,⿰女⿴囗⿱十口,女
4942,4942,4942,婫,⿰女⿱日比,女
4943,4943,4943,婚,⿰女⿱氏日,女
4944,4944,4944,婕,⿰女疌,女
4945,4945,4945,媎,⿰女⿸耂日,女
4946,4946,4946,婧,⿰女⿱龶月,女
4947,4947,4947,婅,⿰女⿹勹米,女
4948,4948,4948,婛,⿰女⿳⿱丶一口小,女
4949,4949,4949,娵,⿰女⿰耳又,女
4950,4950,4950,婮,⿰女⿸尸⿱十口,女
4951,4951,4951,婡,⿰女⿻木⿰人人,女
4952,4952,4952,婪,⿱⿰木木女,女
4953,4953,4953,嫏,⿰女⿰&CDP-8C42;阝,女
4954,4954,4954,婯,⿱⿰⿱一⿵冂一⿱一⿵冂一女,女
4955,4955,4955,婈,⿰女⿳⿱十一八夂,女
4956,4956,4956,婁,⿱&CDP-89C5;女,女
4957,4957,4957,娽,⿰女⿱彐⿻亅&CDP-89AE;,女
4958,4958,4958,婨,⿰女⿱⿱人一⿵冂⿻十丨,女
4959,4959,4959,婂,⿰女⿱白巾,女
4960,4960,4960,媌,⿰女⿱艹田,女
4961,4961,4961,婆,⿱⿰氵皮女,女
4962,4962,4962,婄,⿰女⿱⿱&CDP-8BAE;一口,女
4963,4963,4963,婜,⿱⿰臣又女,女
4964,4964,4964,婘,⿰女⿱⿱丷⿻⿱一一人㔾,女
4965,4965,4965,娸,⿰女⿱&CDP-8B72;八,女
4966,4966,4966,婍,⿰女⿱⿻一人⿹⿱一亅口,女
4967,4967,4967,娶,⿱⿰耳又女,女
4968,4968,4968,婶,⿰女⿱宀申,女
4969,4969,4969,婌,⿰女⿰⿱⿱⺊一小又,女
4970,4970,4970,婖,⿰女⿱⿱一⿻一人⿰小丶,女
4971,4971,4971,婒,⿰女⿱⿱八人⿱八人,女
4972,4972,4972,媧,⿰女⿵⿱⿵冂𠃍冂口,女
4973,4973,4973,婠,⿰女⿱宀㠯,女
4974,4974,4974,婉,⿰女⿱宀⿰⿴𠂊丶㔾,女
4975,4975,4975,婐,⿰女⿻日木,女
4976,4976,4976,婑,⿰女⿱⿱丿木女,女
4977,4977,4977,娬,⿰女⿹&CDP-8CB8;止,女
4978,4978,4978,娹,⿰女⿰弓⿱⿱丶一⿰&CDP-895C;丶,女
4979,4979,4979,婱,⿱⿰弓⿱⿱丶一⿰&CDP-895C;丶女,女
4980,4980,4980,婋,⿰女⿸⿸⿱⺊&CDP-88E2;⿻㇀乚几,女
4981,4981,4981,婞,⿰女⿱⿱十一⿱丷干,女
4982,4982,4982,婭,⿰女⿳一&CDP-88A1;一,女
4983,4983,4983,婬,⿰女⿱⿱丿𭕄⿱丿⿱十一,女
4984,4984,4984,婴,⿱⿰贝贝女,女
4985,4985,4985,媖,⿰女⿱艹央,女
4986,4986,4986,娷,⿰女⿳丿&CDP-876E;一,女
4987,4987,4987,娺,⿰女⿱⿰又又⿰又又,女
4988,4988,4988,婤,⿰女⿵⺆⿱⿱十一口,女
4989,4989,4989,婩,⿰女⿱山⿸厂干,女
4990,4990,4990,娾,⿰女⿸厂⿱⿱十一⿱十一,女
4991,4991,4991,媬,⿰女⿰亻⿱口木,女
4992,4992,4992,媋,⿰女⿱⿻⿱一⿱一一人日,女
4993,4993,4993,媨,⿰女⿱丷酉,女
4994,4994,4994,媏,⿰女⿱山⿱一⿱丿⿵冂⿰丨丨,女
4995,4995,4995,媠,⿰女&CDP-8CA9;,女
4996,4996,4996,婸,⿰女⿱⿱日一⿹勹&CDP-89A6;,女
4997,4997,4997,媂,⿰女⿱&CDP-8BEC;巾,女
4998,4998,4998,媅,⿰女⿱&CDP-88C8;⿷匚⿰丿乚,女
4999,4999,4999,媍,⿰女⿱𠂊⿱目八,女
5000,5000,5000,媯,⿰女為,女
5001,5001,5001,媓,⿰女⿱白⿱一⿱十一,女
5002,5002,5002,媈,⿰女⿱冖車,女
5003,5003,5003,媩,⿰女⿰⿱十口月,女
5004,5004,5004,媫,⿰女⿳⺊&CDP-8BAB;龰,女
5005,5005,5005,媘,⿰女⿱比白,女
5006,5006,5006,嫅,⿰女⿸⿱⿱丷一&CDP-8BF1;工,女
5007,5007,5007,婽,⿰女⿰&CDP-8C7A;&CDP-8C79;,女
5008,5008,5008,媿,⿰女⿱⿱丿田⿺⿰丿乚厶,女
5009,5009,5009,媡,⿰女柬,女
5010,5010,5010,媔,⿰女⿱⿱一丿⿴囗&CDP-89CC;,女
5011,5011,5011,媢,⿰女⿱⿵冂⿱一一目,女
5012,5012,5012,媚,⿰女⿸𠃜目,女
5013,5013,5013,媒,⿰女⿱甘木,女
5014,5014,5014,媄,⿰女⿱⿱⿱丷一⿱十一⿻一人,女
5015,5015,5015,婻,⿰女⿱十&CDP-8BDC;,女
5016,5016,5016,媥,⿰女⿸⿱丶尸⿵冂⿻十丨,女
5017,5017,5017,媊,⿰女⿱⿱丷一⿰月刂,女
5018,5018,5018,媝,⿱⿰⿱丿木⿱八人女,女
5019,5019,5019,媇,⿰女⿱⿱&CDP-8BAE;一朩,女
5020,5020,5020,媆,⿰女⿱⿱一⿱丿⿵冂⿰丨丨⿻一人,女
5021,5021,5021,媶,⿰女⿱艹耳,女
5022,5022,5022,媃,⿰女⿱⿱龴⿹⿱乛亅丿木,女
5023,5023,5023,媣,⿰女⿱⿰氵九木,女
5024,5024,5024,媤,⿰女⿱田心,女
5025,5025,5025,嫂,⿰女⿱&CDP-884F;又,女
5026,5026,5026,媞,⿰女⿱日⿱一龰,女
5027,5027,5027,婷,⿰女⿱&CDP-8C4D;⿱一亅,女
5028,5028,5028,婾,⿰女⿱⿱人一⿰月⿰𡿨𡿨,女
5029,5029,5029,媮,⿰女⿱⿱人一⿰月刂,女
5030,5030,5030,媦,⿰女⿱田月,女
5031,5031,5031,媁,⿰女⿳𫝀口㐄,女
5032,5032,5032,媉,⿰女⿸尸⿱⿱一厶⿱十一,女
5033,5033,5033,婺,⿱⿰⿱龴⿹⿱乛亅丿攵女,女
5034,5034,5034,媙,⿰女⿵⿵戊一女,女
5035,5035,5035,媟,⿰女⿱世木,女
5036,5036,5036,媗,⿰女⿱宀⿱一⿱日一,女
5037,5037,5037,婿,⿰女⿱疋月,女
5038,5038,5038,媭,⿱⿰彡页女,女
5039,5039,5039,媛,⿰女⿳⿱丿𭕄一⿸𠂇又,女
5040,5040,5040,媀,⿰女禺,女
5041,5041,5041,婣,⿰女⿴&CDP-89CD;一,女
5042,5042,5042,婹,⿰女⿱⿱一&CDP-86EA;女,女
5043,5043,5043,媑,⿰女重,女
5044,5044,5044,媜,⿰女⿱⺊⿱目八,女
5045,5045,5045,媕,⿰女⿱⿱⿱人一口⿻一&CDP-8BF5;,女
5046,5046,5046,媪,⿰女⿱日皿,女
5047,5047,5047,嫑,⿱⿱一&CDP-8665;⿱⿱一&CDP-86EA;女,女
5048,5048,5048,媰,⿰女⿱&CDP-8D65;&CDP-8D65;,女
5049,5049,5049,媸,⿰女⿱⿱⿻凵丨一虫,女
5050,5050,5050,媾,⿰女⿱⿱井一冉,女
5051,5051,5051,嬅,⿰女⿱艹&CDP-8BF8;,女
5052,5052,5052,嫁,⿰女⿱宀⿱一𧰨,女
5053,5053,5053,嫉,⿰女⿸疒⿱𠂉⿻一人,女
5054,5054,5054,嫃,⿰女⿱十⿱&CDP-8BA5;八,女
5055,5055,5055,嫯,⿱⿰⿱龶&CDP-8B6C;攵女,女
5056,5056,5056,媹,⿰女⿱&CDP-8C69;田,女
5057,5057,5057,嫇,⿰女⿱冖⿱日⿱⿱丶一八,女
5058,5058,5058,嫫,⿰女⿱艹⿱日⿻一人,女
5059,5059,5059,媽,⿰女⿹&CDP-896A;灬,女
5060,5060,5060,媺,⿰女⿰⿳山一几攵,女
5061,5061,5061,嫋,⿰女⿰&CDP-8CC4;&CDP-8CC4;,女
5062,5062,5062,嫟,⿰女⿷匚⿱艹⿸𠂇口,女
5063,5063,5063,嫐,⿲女⿱田⿻丿𠃌女,女
5064,5064,5064,媻,⿱⿰舟⿱𠘧又女,女
5065,5065,5065,嫎,⿰女⿱&CDP-8BEC;⿱⿱丶一&CDP-8B6C;,女
5066,5066,5066,媲,⿰女⿱⿴⿱丿囗㐅比,女
5067,5067,5067,嫓,⿰女⿱&CDP-8CAF;比,女
5068,5068,5068,嫔,⿰女⿱宀⿱丘八,女
5069,5069,5069,嫀,⿰女⿱⿻⿱一⿱一一人⿱丿木,女
5070,5070,5070,嫆,⿰女⿱宀谷,女
5071,5071,5071,媷,⿰女⿱⿸厂⿱⿱一一&CDP-8CC6;寸,女
5072,5072,5072,嫊,⿰女⿱龶⿱⿰&CDP-895C;丶小,女
5073,5073,5073,嫍,⿰女⿱⿱丿𭕄臼,女
5074,5074,5074,嫌,⿰女⿱⿱丷一&CDP-8CDE;,女
5075,5075,5075,媳,⿰女⿱自心,女
5076,5076,5076,媴,⿰女⿱⿱⿱十一口𧘇,女
5077,5077,5077,嫄,⿰女⿸厂&CDP-8BC4;,女
5078,5078,5078,媱,⿰女⿱⿱丿𭕄缶,女
5079,5079,5079,媵,⿰月⿱⿱丷⿻⿱一一人女,女
5080,5080,5080,媐,⿱⿰𦣞巳女,女
5081,5081,5081,嫈,⿱⿱⿰⿱八人⿱八人冖女,女
5082,5082,5082,嫒,⿰女⿱&CDP-8BB8;⿸𠂇又,女
5083,5083,5083,媼,⿰女⿱⿴囗人皿,女
5084,5084,5084,嫦,⿰女⿱⿱⿱⺌冖口巾,女
5085,5085,5085,嫡,⿰女⿱&CDP-8BAE;&CDP-8C6C;,女
5086,5086,5086,嫢,⿱⿰⿻⿱一一人⿱目⿰丿乚女,女
5087,5087,5087,嫭,⿰女⿸⿸⿱⺊&CDP-88E2;⿻㇀乚乎,女
5088,5088,5088,嫮,⿰女⿱⿱一⿻冂&CDP-8C41;⿱一⿱一㇉,女
5089,5089,5089,嫨,⿰女&CDP-8BD3;,女
5090,5090,5090,嫤,⿰女⿱廿&CDP-8A6D;,女
5091,5091,5091,嫝,⿰女⿸广隶,女
5092,5092,5092,嫬,⿰女⿸广⿱廿灬,女
5093,5093,5093,嫪,⿰女⿱⿰⿹𠃌冫⿹𠃌冫⿱人彡,女
5094,5094,5094,嫘,⿰女⿱田⿱⿰&CDP-895C;丶小,女
5095,5095,5095,嫠,⿸⿱⿰未攵厂女,女
5096,5096,5096,嫹,⿰女⿳⿱⿻十丨一由八,女
5097,5097,5097,嫚,⿰女⿳日罒又,女
5098,5098,5098,嫲,⿰女⿸广⿰木木,女
5099,5099,5099,嫩,⿰女⿰束攵,女
5100,5100,5100,嫰,⿰女⿰束欠,女
5101,5101,5101,嫖,⿰女⿱⿱一&CDP-86EA;示,女
5102,5102,5102,嫳,⿱⿰⿻丷⿻巾八攵女,女
5103,5103,5103,嫱,⿰女⿱&CDP-8A65;⿴囗口,女
5104,5104,5104,嫷,⿰女⿰阝&CDP-8CA9;,女
5105,5105,5105,嫙,⿰女⿰⿱⿱丶一&CDP-8B6C;⿱𠂉疋,女
5106,5106,5106,嫕,⿰女⿱⿷匚⿱𠂉⿻一人心,女
5107,5107,5107,嫗,⿰女⿷匚⿱口⿰口口,女
5108,5108,5108,嫣,⿰女⿱⿱一止&CDP-8DBF;,女
5109,5109,5109,嫛,⿱⿰⿷匚⿱𠂉⿻一人⿱𠘧又女,女
5110,5110,5110,嫞,⿰女⿸广⿻⿻&CDP-8BAB;丨月,女
5111,5111,5111,嫥,⿰女⿱&CDP-8BD0;寸,女
5112,5112,5112,嫜,⿰女⿱⿱&CDP-8BAE;一⿱日十,女
5113,5113,5113,嫧,⿰女⿱龶⿱目八,女
5114,5114,5114,嬋,⿰女⿱⿰口口&CDP-8BD9;,女
5115,5115,5115,嬁,⿰女⿱⿰&CDP-88D3;&CDP-88D5;豆,女
5116,5116,5116,嬞,⿰女⿱艹重,女
5117,5117,5117,嬎,⿰女⿺⿱𠂊&CDP-8BCB;生,女
5118,5118,5118,嬏,⿰女⿱⿱丿米田,女
5119,5119,5119,嬀,⿰女爲,女
5120,5120,5120,嫴,⿰女⿱⿱十口⿱⿱&CDP-8BAE;一十,女
5121,5121,5121,嫿,⿰女⿳&CDP-8BC6;田一,女
5122,5122,5122,嬌,⿰女⿱⿱⿱丿⿻一人口⿵冂口,女
5123,5123,5123,嬇,⿰女⿱⿱⿻口丨一⿱目八,女
5124,5124,5124,嫾,⿰女⿱米⿰⿴𠂊丶㐄,女
5125,5125,5125,嫽,⿰女⿱⿱⿻⿻一人丷日小,女
5126,5126,5126,嫼,⿰女⿱&CDP-88D4;灬,女
5127,5127,5127,嬍,⿰女⿰&CDP-8DB6;攵,女
5128,5128,5128,嫶,⿰女⿱隹灬,女
5129,5129,5129,嬈,⿰女⿱⿱⿱十一⿰⿱十一⿱十一⿱一⿰丿乚,女
5130,5130,5130,嬘,⿰女⿺辶⿱丷⿱一𧰨,女
5131,5131,5131,嫵,⿰女⿱&CDP-8BBE;灬,女
5132,5132,5132,嫺,⿰女⿵⿰𠁣𠃛月,女
5133,5133,5133,嫻,⿰女⿵⿰𠁣𠃛木,女
5134,5134,5134,嬆,⿰女⿱⿱⿱人一口⿰⿹𠃌冫⿹𠃌冫,女
5135,5135,5135,嬉,⿰女⿱⿱十豆口,女
5136,5136,5136,嬃,⿱⿰彡頁女,女
5137,5137,5137,嬊,⿳廿&CDP-8D76;女,女
5138,5138,5138,嬄,⿰女⿳⿱十一冖豆,女
5139,5139,5139,嬂,⿰女⿹&CDP-88A7;日,女
5140,5140,5140,嬑,⿰女⿱⿱⿱&CDP-8BAE;一日心,女
5141,5141,5141,嫸,⿰女⿱⿱⿱⿱丷一&CDP-8BF1;⿱丷一口,女
5142,5142,5142,嬖,⿱⿰⿸尸口⿱⿱&CDP-8BAE;一十女,女
5143,5143,5143,嬨,⿰女⿱⿱⿱丷一⿰⿰&CDP-895C;丶⿰&CDP-895C;丶心,女
5144,5144,5144,嬠,⿰女⿱⿱口⿰口口木,女
5145,5145,5145,嬔,⿰女⿺⿷⿱𠂊&CDP-8BCB;丶生,女
5146,5146,5146,嬛,⿰女⿳罒⿱一口𧘇,女
5147,5147,5147,嬒,⿰女⿱⿱人一⿱&CDP-8B62;日,女
5148,5148,5148,嬓,⿰女⿰⿱白⿱⿱丶一&CDP-8B6C;攵,女
5149,5149,5149,嬚,⿰女⿸广⿱⿱丷一&CDP-8CDE;,女
5150,5150,5150,嬢,⿰女⿳⿱⿱丶一八⿱井一𧘇,女
5151,5151,5151,嬝,⿰女⿹&CDP-8CBB;⿱⿱丶一𧘇,女
5152,5152,5152,嬙,⿰女⿱&CDP-8D5B;⿴囗口,女
5153,5153,5153,嬗,⿰女⿱⿱⿱丶一⿴囗口⿱日一,女
5154,5154,5154,嬕,⿰女⿱罒⿱⿱十一⿱丷干,女
5155,5155,5155,嬐,⿰女⿳⿱人一⿰口口⿰人人,女
5156,5156,5156,嬜,⿱⿰⿱⿱&CDP-8BAE;一日欠女,女
5157,5157,5157,嬳,⿰女⿱艹⿱隹又,女
5158,5158,5158,嬴,⿱⿱⿱⿱丶一𠃊口⿲月女⿵几丶,女
5159,5159,5159,嬩,⿰女⿶&CDP-8BA8;&CDP-8BC2;,女
5160,5160,5160,嬟,⿰女⿱⿱⿱丷一⿱十一我,女
5161,5161,5161,嬡,⿰女⿱&CDP-8BB8;⿱心夂,女
5162,5162,5162,嬦,⿰女⿳⿳⿱十一乛工一⿰口寸,女
5163,5163,5163,嬧,⿰女⿱⿱⿱⿻&CDP-8BAB;丨一灬皿,女
5164,5164,5164,嬶,⿰女⿱自⿱田⿱一&CDP-8BF5;,女
5165,5165,5165,嬵,⿰女⿰⿱⿰&CDP-895C;丶&CDP-885E;⿱白巾,女
5166,5166,5166,嬤,⿰女⿸⿸广⿰木木⿰&CDP-895C;丶,女
5167,5167,5167,嬷,⿰女⿸⿸广⿰木木⿱丿厶,女
5168,5168,5168,嬲,⿲⿱田⿻丿𠃌女⿱田⿻丿𠃌,女
5169,5169,5169,嬺,⿰女⿱⿷匚⿱艹⿸𠂇口心,女
5170,5170,5170,嬣,⿰女⿱⿱宀⿱心皿⿱一亅,女
5171,5171,5171,嬭,⿰女⿱一&CDP-88D6;,女
5172,5172,5172,嬪,⿰女⿱&CDP-8D74;⿱目八,女
5173,5173,5173,嬱,⿱⿰氵⿰車⿸𠂆⿱一丨女,女
5174,5174,5174,嬫,⿰女⿱⿱⿰⿱八人⿱八人冖木,女
5175,5175,5175,嬬,⿰女⿱⿱一⿻冂&CDP-8C41;⿱一⿱丿⿵冂⿰丨丨,女
5176,5176,5176,嬥,⿰女⿱⿰⿹𠃌冫⿹𠃌冫隹,女
5177,5177,5177,嬯,⿰女⿳⿱⿱十一口冖⿱⿱一厶⿱十一,女
5178,5178,5178,嬮,⿸⿸厂⿰⿱⿵冂⿱一一月犬女,女
5179,5179,5179,嬰,⿱⿰⿱目八⿱目八女,女
5180,5180,5180,嬻,⿰女⿱⿱十一⿱罒⿱目八,女
5181,5181,5181,嬼,⿰女⿰&CDP-8D69;刂,女
5182,5182,5182,嬸,⿰女⿱宀⿱⿱丿米田,女
5183,5183,5183,嬾,⿰女⿰束頁,女
5184,5184,5184,嬹,⿰女⿶&CDP-8BA8;⿵⿵冂一口,女
5185,5185,5185,嬽,⿰女⿱&CDP-8AEB;⿻一人,女
5186,5186,5186,嬿,⿰女⿳廿&CDP-8D76;灬,女
5187,5187,5187,孉,⿰女⿱艹⿱⿰口口隹,女
5188,5188,5188,孂,⿰女⿳竹艮皿,女
5189,5189,5189,孁,⿱⿱⿱一⿻冂&CDP-8C41;⿲口口口女,女
5190,5190,5190,孄,⿰女⿵⿰𠁣𠃛柬,女
5191,5191,5191,孃,⿰女⿳⿱丶一&CDP-8CA3;𧘇,女
5192,5192,5192,孀,⿰女⿱⿱一⿻冂&CDP-8C41;⿰木目,女
5193,5193,5193,孅,⿰女⿹⿶⿻⿺⿻一乚丶丿⿰人人⿱非一,女
5194,5194,5194,孆,⿰女⿱⿰⿱目八⿱目八女,女
5195,5195,5195,孇,⿰女⿱⿰隹隹又,女
5196,5196,5196,孈,⿰女⿱⿱山隹⿵冂⿱八口,女
5197,5197,5197,孌,⿱⿲⿱⿰&CDP-895C;丶小言⿱⿰&CDP-895C;丶小女,女
5198,5198,5198,孋,⿰女⿱⿰⿱一⿵冂一⿱一⿵冂一⿸&CDP-8D56;比,女
5199,5199,5199,孊,⿰女⿸⿸广⿰木木非,女
5200,5200,5200,孍,⿰女⿱⿰口口⿸厂⿰⿱乛耳攵,女
5201,5201,5201,孏,⿰女⿱艹⿵⿰𠁣𠃛柬,女
5202,5202,5202,孎,⿰女⿸尸⿱⿻亅&CDP-89AE;⿱⺫⿹勹虫,女
5203,5203,5203,犲,⿰犭才,犭
5204,5204,5204,犷,⿰犭广,犭
5205,5205,5205,犵,⿰犭⿱𠂉乙,犭
5206,5206,5206,犱,⿰犭⿻九丶,犭
5207,5207,5207,犸,⿰犭⿹&CDP-8A77;一,犭
5208,5208,5208,犳,⿰犭⿹勹丶,犭
5209,5209,5209,犴,⿰犭干,犭
5210,5210,5210,犭,犭,犭
5211,5211,5211,犯,⿰犭㔾,犭
5212,5212,5212,犰,⿰犭九,犭
5213,5213,5213,狈,⿰犭贝,犭
5214,5214,5214,狄,⿰犭⿱八人,犭
5215,5215,5215,犿,⿰犭⿱丶⿱一卜,犭
5216,5216,5216,犼,⿰犭⿰子乚,犭
5217,5217,5217,狂,⿰犭⿱一⿱十一,犭
5218,5218,5218,狅,⿰犭⿱丿⿱十一,犭
5219,5219,5219,犺,⿰犭⿱⿱丶一几,犭
5220,5220,5220,狇,⿰犭木,犭
5221,5221,5221,狃,⿰犭丑,犭
5222,5222,5222,犻,⿰犭⿻一巾,犭
5223,5223,5223,犽,⿰犭牙,犭
5224,5224,5224,犾,⿰犭犬,犭
5225,5225,5225,犹,⿰犭⿺尢丶,犭
5226,5226,5226,狁,⿰犭⿱厶⿰丿乚,犭
5227,5227,5227,狆,⿰犭⿻口丨,犭
5228,5228,5228,狛,⿰犭白,犭
5229,5229,5229,狚,⿰犭⿱日一,犭
5230,5230,5230,狒,⿰犭⿻弓&CDP-8BF5;,犭
5231,5231,5231,狗,⿰犭⿹勹口,犭
5232,5232,5232,狐,⿰犭瓜,犭
5233,5233,5233,狙,⿰犭且,犭
5234,5234,5234,狜,⿰犭⿱十口,犭
5235,5235,5235,狑,⿰犭⿱⿱人丶龴,犭
5236,5236,5236,狞,⿰犭⿱宀⿱一亅,犭
5237,5237,5237,狔,⿰犭⿸尸⿺乚丿,犭
5238,5238,5238,狍,⿰犭⿹勹巳,犭
5239,5239,5239,狉,⿰犭⿱⿱一&CDP-8665;一,犭
5240,5240,5240,狓,⿰犭皮,犭
5241,5241,5241,狌,⿰犭生,犭
5242,5242,5242,狏,⿰犭⿱𠂉也,犭
5243,5243,5243,狎,⿰犭甲,犭
5244,5244,5244,狝,⿰犭⿱𠂊小,犭
5245,5245,5245,狘,⿰犭戉,犭
5246,5246,5246,狋,⿰犭示,犭
5247,5247,5247,狖,⿰犭⿱宀八,犭
5248,5248,5248,狕,⿰犭⿰⿰&CDP-895C;丶⿻丿𠃌,犭
5249,5249,5249,狨,⿰犭⿹⿻⿺⿻一乚丶丿𠂇,犭
5250,5250,5250,独,⿰犭虫,犭
5251,5251,5251,狟,⿰犭⿱一⿱日一,犭
5252,5252,5252,狢,⿰犭⿱夂口,犭
5253,5253,5253,狠,⿰犭艮,犭
5254,5254,5254,狤,⿰犭⿱⿱十一口,犭
5255,5255,5255,狡,⿰犭⿱⿱丶一⿱八⿻丿乀,犭
5256,5256,5256,狯,⿰犭⿱人⿱⿱一一厶,犭
5257,5257,5257,狫,⿰犭⿸耂⿺乚丿,犭
5258,5258,5258,狩,⿰犭⿱宀寸,犭
5259,5259,5259,狦,⿰犭⿻⿵冂⿰丨丨⿱一一,犭
5260,5260,5260,狮,⿰犭⿰&CDP-8968;⿱一巾,犭
5261,5261,5261,狲,⿰犭⿰子小,犭
5262,5262,5262,狧,⿰犭⿱⿱丿十口,犭
5263,5263,5263,狪,⿰犭⿵⿵冂一口,犭
5264,5264,5264,狭,⿰犭⿻⿻⿱一一人丷,犭
5265,5265,5265,狥,⿰犭⿹勹日,犭
5266,5266,5266,狿,⿰犭⿺廴⿱丿&CDP-8960;,犭
5267,5267,5267,狱,⿲犭讠犬,犭
5268,5268,5268,狣,⿰犭兆,犭
5269,5269,5269,狰,⿰犭⿱𠂊&CDP-8BFE;,犭
5270,5270,5270,狽,⿰犭⿱目八,犭
5271,5271,5271,狴,⿰犭⿱比⿱十一,犭
5272,5272,5272,猂,⿰犭⿱日干,犭
5273,5273,5273,狷,⿰犭⿱口月,犭
5274,5274,5274,狼,⿰犭⿱丶艮,犭
5275,5275,5275,猁,⿰犭⿰⿱丿木刂,犭
5276,5276,5276,狸,⿰犭⿱&CDP-8BD9;一,犭
5277,5277,5277,狵,⿰犭⿷⿺尢丶彡,犭
5278,5278,5278,猐,⿰犭⿸⿱⿱丷一&CDP-8BF1;乚,犭
5279,5279,5279,猀,⿰犭⿰氵⿱小丿,犭
5280,5280,5280,狻,⿰犭⿳厶八夂,犭
5281,5281,5281,狹,⿰犭⿻⿻一人⿰人人,犭
5282,5282,5282,猃,⿰犭⿳⿱人一𭕄一,犭
5283,5283,5283,狶,⿰犭⿱㐅⿸𠂇巾,犭
5284,5284,5284,狺,⿰犭言,犭
5285,5285,5285,狳,⿰犭⿱⿱人一朩,犭
5286,5286,5286,狾,⿰犭⿰扌⿸𠂆⿱一丨,犭
5287,5287,5287,猫,⿰犭⿱艹田,犭
5288,5288,5288,猈,⿰犭⿱&CDP-89BE;十,犭
5289,5289,5289,猠,⿰犭⿱&CDP-89E0;八,犭
5290,5290,5290,猖,⿰犭⿱日日,犭
5291,5291,5291,猝,⿰犭⿱⿱⿱丶一⿰人人十,犭
5292,5292,5292,猜,⿰犭⿱龶月,犭
5293,5293,5293,猓,⿰犭⿻日木,犭
5294,5294,5294,猏,⿰犭⿸⿱丶尸月,犭
5295,5295,5295,猄,⿰犭⿳⿱丶一口小,犭
5296,5296,5296,猑,⿰犭⿱日比,犭
5297,5297,5297,猎,⿰犭⿱⿱⿻十丨一日,犭
5298,5298,5298,猟,⿰犭⿱𭕄⿵几&CDP-8BF1;,犭
5299,5299,5299,猡,⿰犭⿱罒⿴𠂊丶,犭
5300,5300,5300,猍,⿰犭⿻木⿰人人,犭
5301,5301,5301,猕,⿰犭⿰弓⿱𠂊小,犭
5302,5302,5302,猛,⿰犭⿱子皿,犭
5303,5303,5303,猊,⿰犭⿱臼⿰丿乚,犭
5304,5304,5304,猅,⿰犭非,犭
5305,5305,5305,猉,⿰犭⿱&CDP-8B72;八,犭
5306,5306,5306,猞,⿰犭⿱人⿱⿱丿十口,犭
5307,5307,5307,猧,⿰犭⿵⿱⿵冂𠃍冂口,犭
5308,5308,5308,猇,⿰犭⿸⿸⿱⺊&CDP-88E2;⿻㇀乚几,犭
5309,5309,5309,猚,⿰犭隹,犭
5310,5310,5310,猗,⿰犭⿱⿻一人⿹⿱一亅口,犭
5311,5311,5311,猘,⿰犭⿰&CDP-89EC;刂,犭
5312,5312,5312,猙,⿰犭⿱⿱丿𭕄&CDP-8BFE;,犭
5313,5313,5313,猪,⿰犭⿸耂日,犭
5314,5314,5314,猔,⿰犭⿱宀示,犭
5315,5315,5315,猵,⿰犭⿸⿱丶尸⿵冂⿻十丨,犭
5316,5316,5316,猭,⿰犭⿱彑𧰨,犭
5317,5317,5317,猹,⿰犭⿱木⿱日一,犭
5318,5318,5318,猦,⿰犭⿵几⿱丿虫,犭
5319,5319,5319,猤,⿰犭⿱⿰&CDP-88D3;&CDP-88D5;⿱一⿻一人,犭
5320,5320,5320,猾,⿰犭⿱&CDP-89A9;月,犭
5321,5321,5321,猲,⿰犭⿱日⿹勹⿺𠃊人,犭
5322,5322,5322,猴,⿰犭⿰亻&CDP-8BC7;,犭
5323,5323,5323,猢,⿰犭⿰⿱十口月,犭
5324,5324,5324,猳,⿰犭⿰&CDP-8C7A;&CDP-8C79;,犭
5325,5325,5325,猸,⿰犭⿸𠃜目,犭
5326,5326,5326,猱,⿰犭⿱⿱龴⿹⿱乛亅丿木,犭
5327,5327,5327,獇,⿰犭⿷⿸⿱⿱丷一&CDP-8BF1;乚厶,犭
5328,5328,5328,獀,⿰犭⿱&CDP-884F;又,犭
5329,5329,5329,猯,⿰犭⿱山⿱一⿱丿⿵冂⿰丨丨,犭
5330,5330,5330,猬,⿰犭⿱田月,犭
5331,5331,5331,猥,⿰犭⿳田一&CDP-8CC6;,犭
5332,5332,5332,猩,⿰犭⿱日生,犭
5333,5333,5333,猨,⿰犭⿳⿱丿𭕄一⿸𠂇又,犭
5334,5334,5334,猰,⿰犭⿱⿰⿻⿱一⿱一一丨⿹𠃌丿⿻一人,犭
5335,5335,5335,猶,⿰犭⿱丷酉,犭
5336,5336,5336,猣,⿰犭⿳⿶凵㐅八夂,犭
5337,5337,5337,猼,⿰犭⿱⿺&CDP-86B7;丶寸,犭
5338,5338,5338,獊,⿰犭⿱⿱人丶⿸&CDP-89CE;口,犭
5339,5339,5339,獂,⿰犭⿸厂&CDP-8BC4;,犭
5340,5340,5340,獆,⿰犭⿱白⿱⿻一人十,犭
5341,5341,5341,猽,⿰犭⿱冖⿱日⿱⿱丶一八,犭
5342,5342,5342,獏,⿰犭⿱艹⿱日⿻一人,犭
5343,5343,5343,獁,⿰犭⿹&CDP-896A;灬,犭
5344,5344,5344,獅,⿰犭⿰⿱丿㠯⿱一巾,犭
5345,5345,5345,猻,⿰犭⿰子⿱丿⿱⿰&CDP-895C;丶小,犭
5346,5346,5346,猿,⿰犭⿱⿱⿱十一口𧘇,犭
5347,5347,5347,猺,⿰犭⿱⿱丿𭕄缶,犭
5348,5348,5348,獈,⿰犭⿱&CDP-8CF0;皿,犭
5349,5349,5349,獉,⿰犭⿱⿻⿱一⿱一一人⿱丿木,犭
5350,5350,5350,獓,⿰犭⿰⿱龶&CDP-8B6C;攵,犭
5351,5351,5351,獙,⿰犭⿰⿻丷⿻巾八攵,犭
5352,5352,5352,獑,⿰犭⿰車⿸𠂆⿱一丨,犭
5353,5353,5353,獕,⿰犭⿱山隹,犭
5354,5354,5354,獚,⿰犭⿳⿱⿻十丨一由八,犭
5355,5355,5355,獔,⿰犭⿱白⿻十&CDP-89AE;,犭
5356,5356,5356,獍,⿰犭⿱⿱⿱&CDP-8BAE;一日⿰丿乚,犭
5357,5357,5357,獐,⿰犭⿱⿱&CDP-8BAE;一⿱日十,犭
5358,5358,5358,獌,⿰犭⿳日罒又,犭
5359,5359,5359,獡,⿰犭⿱臼&CDP-8C40;,犭
5360,5360,5360,獄,⿲犭言犬,犭
5361,5361,5361,獤,⿰犭⿰⿳⿱丶一口子攵,犭
5362,5362,5362,獖,⿰犭⿱⿱十⿻一&CDP-8BF5;⿱目八,犭
5363,5363,5363,獦,⿰犭⿱艹⿱日⿹勹⿺𠃊人,犭
5364,5364,5364,獋,⿰犭⿱自⿻十&CDP-89AE;,犭
5365,5365,5365,獗,⿰犭⿸厂⿰⿱⿱丷一⿻凵丨欠,犭
5366,5366,5366,獜,⿰犭⿱米⿰⿴𠂊丶㐄,犭
5367,5367,5367,獠,⿰犭⿱⿱⿻⿻一人丷日小,犭
5368,5368,5368,獛,⿰犭⿳⿱&CDP-85F0;一⿱丷一⿻⿱一一人,犭
5369,5369,5369,獞,⿰犭⿱⿱&CDP-8BAE;一⿱&CDP-8BD9;一,犭
5370,5370,5370,獢,⿰犭⿱⿱⿱丿⿻一人口⿵冂口,犭
5371,5371,5371,獝,⿰犭⿱⿱龴⿹⿱乛亅丿⿵冂⿱八口,犭
5372,5372,5372,獟,⿰犭⿱⿱⿱十一⿰⿱十一⿱十一⿱一⿰丿乚,犭
5373,5373,5373,獨,⿰犭⿱罒⿹勹虫,犭
5374,5374,5374,獩,⿰犭⿱止&CDP-8CB3;,犭
5375,5375,5375,獲,⿰犭⿱艹⿱隹又,犭
5376,5376,5376,獥,⿰犭⿰⿱白⿱⿱丶一&CDP-8B6C;攵,犭
5377,5377,5377,獧,⿰犭⿳罒⿱一口𧘇,犭
5378,5378,5378,獪,⿰犭⿱⿱人一⿱&CDP-8B62;日,犭
5379,5379,5379,獴,⿰犭⿱艹⿳冖一⿱一𧰨,犭
5380,5380,5380,獭,⿰犭⿰束⿱𠂊贝,犭
5381,5381,5381,獬,⿰犭⿰角⿱⿹𠃌丿牛,犭
5382,5382,5382,獫,⿰犭⿳⿱人一⿰口口⿰人人,犭
5383,5383,5383,獱,⿰犭⿱&CDP-8D74;⿱目八,犭
5384,5384,5384,獷,⿰犭⿸广⿳⿱⿻十丨一由八,犭
5385,5385,5385,獰,⿰犭⿱⿱宀⿱心皿⿱一亅,犭
5386,5386,5386,獳,⿰犭⿱⿱一⿻冂&CDP-8C41;⿱一⿱丿⿵冂⿰丨丨,犭
5387,5387,5387,獮,⿰犭⿱一&CDP-88D6;,犭
5388,5388,5388,獯,⿰犭熏,犭
5389,5389,5389,獵,⿰犭⿳⿲𡿨𡿨𡿨⿴囗㐅&CDP-8D46;,犭
5390,5390,5390,獶,⿰犭⿱⿱&CDP-8CD4;心夂,犭
5391,5391,5391,獹,⿰犭⿸⿸⿱⺊&CDP-88E2;⿻㇀乚&CDP-8CF4;,犭
5392,5392,5392,獺,⿰犭⿰束⿱𠂊⿱目八,犭
5393,5393,5393,獾,⿰犭⿱艹⿱⿰口口隹,犭
5394,5394,5394,獼,⿰犭⿰弓⿱一&CDP-88D6;,犭
5395,5395,5395,獽,⿰犭⿳⿱丶一&CDP-8CA3;𧘇,犭
5396,5396,5396,玀,⿰犭⿱罒⿰⿱⿰&CDP-895C;丶&CDP-885E;隹,犭
5397,5397,5397,獿,⿰犭⿱⿳一⿲止自巳八夂,犭
5398,5398,5398,玂,⿰犭⿱艹⿰⿱⿰口口&CDP-8BD9;⿸𠂆⿱一丨,犭
5399,5399,5399,玁,⿰犭⿱⿰口口⿸厂⿰⿱乛耳攵,犭
5400,5400,5400,玃,⿰犭⿱⿱⿰目目隹又,犭
5401,5401,5401,岀,⿱山山,山
5402,5402,5402,屽,⿰山干,山
5403,5403,5403,屸,⿰山工,山
5404,5404,5404,岌,⿱山及,山
5405,5405,5405,屹,⿰山⿱𠂉乙,山
5406,5406,5406,屺,⿰山己,山
5407,5407,5407,岂,⿱山己,山
5408,5408,5408,屻,⿰山⿹⿹𠃌丿丿,山
5409,5409,5409,屾,⿰山山,山
5410,5410,5410,岁,⿱山⿴𠂊丶,山
5411,5411,5411,屼,⿰山⿱一⿰丿乚,山
5412,5412,5412,岃,⿱山⿹⿹𠃌丿丿,山
5413,5413,5413,屿,⿰山⿹&CDP-8BBF;一,山
5414,5414,5414,岋,⿰山及,山
5415,5415,5415,山,山,山
5416,5416,5416,屲,⿱丿山,山
5417,5417,5417,屶,⿱山⿹𠃌丿,山
5418,5418,5418,屷,⿰山⿹𠄎丿,山
5419,5419,5419,屴,⿱山⿻丿𠃌,山
5420,5420,5420,屳,⿱入山,山
5421,5421,5421,屵,⿱山厂,山
5422,5422,5422,岜,⿱山巴,山
5423,5423,5423,岅,⿰山⿸𠂆又,山
5424,5424,5424,岔,⿱⿱八⿹𠃌丿山,山
5425,5425,5425,岑,⿱山⿱⿱人丶㇇,山
5426,5426,5426,岛,⿹&CDP-8964;山,山
5427,5427,5427,岎,⿰山⿱八⿹𠃌丿,山
5428,5428,5428,岗,⿱山⿵冂㐅,山
5429,5429,5429,岕,⿱山⿱人&CDP-8BF5;,山
5430,5430,5430,岊,⿱巴山,山
5431,5431,5431,岠,⿰山巨,山
5432,5432,5432,岚,⿱山⿵几㐅,山
5433,5433,5433,岒,⿰山⿱⿱人丶㇇,山
5434,5434,5434,岍,⿰山⿱一⿻一&CDP-8BF5;,山
5435,5435,5435,岐,⿰山⿱十又,山
5436,5436,5436,岓,⿰山⿸𠂆⿱一丨,山
5437,5437,5437,岖,⿰山⿷匚㐅,山
5438,5438,5438,岏,⿰山⿱一⿱一⿰丿乚,山
5439,5439,5439,岉,⿰山⿹勹&CDP-89A6;,山
5440,5440,5440,岘,⿰山见,山
5441,5441,5441,岙,⿱⿱丿⿻一人山,山
5442,5442,5442,岇,⿱山⿰&CDP-8CBD;卩,山
5443,5443,5443,岄,⿰山月,山
5444,5444,5444,岈,⿰山牙,山
5445,5445,5445,岆,⿰山⿱丿⿻一人,山
5446,5446,5446,峅,⿰山⿱厶⿻一&CDP-8BF5;,山
5447,5447,5447,岱,⿱⿰亻⿺⿻一乚丶山,山
5448,5448,5448,岻,⿰山⿱氏丶,山
5449,5449,5449,岽,⿱山东,山
5450,5450,5450,岪,⿱山⿻弓&CDP-8BF5;,山
5451,5451,5451,岡,⿵冂⿱䒑山,山
5452,5452,5452,岣,⿰山⿹勹口,山
5453,5453,5453,岵,⿰山⿱十口,山
5454,5454,5454,岬,⿰山甲,山
5455,5455,5455,岨,⿰山且,山
5456,5456,5456,岲,⿰山⿱口⿰丿乚,山
5457,5457,5457,岿,⿱山⿰&CDP-8968;彐,山
5458,5458,5458,岢,⿱山⿹⿱一亅口,山
5459,5459,5459,岦,⿱山⿱&CDP-8BAE;一,山
5460,5460,5460,岭,⿰山⿱⿱人丶龴,山
5461,5461,5461,岺,⿱山⿱⿱人丶龴,山
5462,5462,5462,岷,⿰山民,山
5463,5463,5463,峁,⿱山⿰𠂎卩,山
5464,5464,5464,岼,⿰山⿻干丷,山
5465,5465,5465,岶,⿰山白,山
5466,5466,5466,岯,⿰山⿱⿱一&CDP-8665;一,山
5467,5467,5467,岥,⿰山皮,山
5468,5468,5468,岴,⿰山丘,山
5469,5469,5469,岧,⿱山⿱⿹𠃌丿口,山
5470,5470,5470,岹,⿰山⿱⿹𠃌丿口,山
5471,5471,5471,岮,⿰山⿱宀⿺乚丿,山
5472,5472,5472,峂,⿰山⿱夂⿱丶丶,山
5473,5473,5473,峀,⿱山由,山
5474,5474,5474,岫,⿰山由,山
5475,5475,5475,岤,⿰山⿱宀八,山
5476,5476,5476,峃,⿳𭕄冖山,山
5477,5477,5477,岳,⿱丘山,山
5478,5478,5478,岩,⿱山⿸⿱一丿口,山
5479,5479,5479,峄,⿰山⿱又&CDP-8BF1;,山
5480,5480,5480,岝,⿱山乍,山
5481,5481,5481,岞,⿰山乍,山
5482,5482,5482,岾,⿰山⿱⺊口,山
5483,5483,5483,岸,⿱山⿸厂干,山
5484,5484,5484,岰,⿰山⿰⿰&CDP-895C;丶⿻丿𠃌,山
5485,5485,5485,岟,⿰山央,山
5486,5486,5486,峸,⿰山⿵戊𠃌,山
5487,5487,5487,峌,⿰山⿱⿱一厶⿱十一,山
5488,5488,5488,峒,⿰山⿵⿵冂一口,山
5489,5489,5489,峊,⿱⿱丿㠯山,山
5490,5490,5490,峜,⿱山⿱人止,山
5491,5491,5491,峐,⿰山⿳⿱丶一⿰𠃋丿人,山
5492,5492,5492,峘,⿰山⿱一⿱日一,山
5493,5493,5493,峆,⿰山⿱⿱人一口,山
5494,5494,5494,峤,⿰山⿱⿱丿⿻一人&CDP-8BF5;,山
5495,5495,5495,峧,⿰山⿱⿱丶一⿱八⿻丿乀,山
5496,5496,5496,峇,⿱山⿱⿱人一口,山
5497,5497,5497,峦,⿱⿱⿱丶一&CDP-8CB5;山,山
5498,5498,5498,峈,⿰山⿱夂口,山
5499,5499,5499,峍,⿰山⿻⿻&CDP-8BAB;丨⿱一一,山
5500,5500,5500,峛,⿱山⿰⿱一⿴𠂊丶刂,山
5501,5501,5501,峢,⿰山⿰⿱一⿴𠂊丶刂,山
5502,5502,5502,峚,⿱山⿱⿻一人⿱十一,山
5503,5503,5503,峔,⿰山⿸耂⿺乚丿,山
5504,5504,5504,峠,⿰山⿱⿱⺊一⿱一卜,山
5505,5505,5505,峑,⿱山⿱人⿱一⿱十一,山
5506,5506,5506,峙,⿰山⿱⿱十一寸,山
5507,5507,5507,峕,⿱山⿱⿱丶一日,山
5508,5508,5508,峝,⿱山⿵⿵冂一口,山
5509,5509,5509,峗,⿰山⿸⿱𠂊厂㔾,山
5510,5510,5510,峞,⿱山⿸⿱𠂊厂㔾,山
5511,5511,5511,峡,⿰山⿻⿻⿱一一人丷,山
5512,5512,5512,峫,⿰山⿰牙阝,山
5513,5513,5513,峋,⿰山⿹勹日,山
5514,5514,5514,峣,⿰山⿱⿻⿻一乚丿⿱一⿰丿乚,山
5515,5515,5515,峓,⿰山⿻⿻一人弓,山
5516,5516,5516,峟,⿱山⿸𠂇月,山
5517,5517,5517,峥,⿰山⿱𠂊&CDP-8BFE;,山
5518,5518,5518,峉,⿱山⿱夂口,山
5519,5519,5519,峏,⿰山⿱一⿱丿⿵冂⿰丨丨,山
5520,5520,5520,峖,⿰山⿱宀女,山
5521,5521,5521,峎,⿱山艮,山
5522,5522,5522,峬,⿰山⿺&CDP-86B7;丶,山
5523,5523,5523,島,⿹&CDP-8CBB;山,山
5524,5524,5524,峯,⿱山⿱夂⿻⿱一⿱一一丨,山
5525,5525,5525,峰,⿰山⿱夂⿻⿱一⿱一一丨,山
5526,5526,5526,峼,⿰山⿱⿰丿土口,山
5527,5527,5527,峺,⿰山⿱一&CDP-89E7;,山
5528,5528,5528,崋,⿱山&CDP-8BF8;,山
5529,5529,5529,峻,⿰山⿳厶八夂,山
5530,5530,5530,崁,⿱山⿰⿱十一欠,山
5531,5531,5531,崀,⿱山⿱丶艮,山
5532,5532,5532,崂,⿰山⿱⿱艹冖⿻丿𠃌,山
5533,5533,5533,崃,⿰山来,山
5534,5534,5534,峲,⿱山⿰⿱丿木刂,山
5535,5535,5535,峱,⿰犭⿱丑山,山
5536,5536,5536,峭,⿰山⿱⺌月,山
5537,5537,5537,崅,⿰山角,山
5538,5538,5538,峮,⿰山⿸⿻&CDP-8BAB;丿口,山
5539,5539,5539,峵,⿰山⿱宀⿸𠂇厶,山
5540,5540,5540,峷,⿱山⿱⿱&CDP-8BAE;一十,山
5541,5541,5541,峹,⿱⿱⿱人一朩山,山
5542,5542,5542,峿,⿰山⿱⿱一𫝀口,山
5543,5543,5543,峴,⿰山⿱目⿰丿乚,山
5544,5544,5544,峽,⿰山⿻⿻一人⿰人人,山
5545,5545,5545,崄,⿰山⿳⿱人一𭕄一,山
5546,5546,5546,峾,⿱⿰氵⿸𠂆⿱一丨山,山
5547,5547,5547,峪,⿰山谷,山
5548,5548,5548,峳,⿱山⿰&CDP-8B7A;攵,山
5549,5549,5549,峨,⿰山我,山
5550,5550,5550,峩,⿱山我,山
5551,5551,5551,崩,⿱山⿰月月,山
5552,5552,5552,崇,⿱山⿱宀示,山
5553,5553,5553,崈,⿱⿱宀示山,山
5554,5554,5554,崔,⿱山隹,山
5555,5555,5555,崜,⿰山⿳丿&CDP-876E;一,山
5556,5556,5556,崬,⿱山東,山
5557,5557,5557,崠,⿰山東,山
5558,5558,5558,崞,⿰山⿳⿱丶一口子,山
5559,5559,5559,崓,⿰山⿴囗⿱十口,山
5560,5560,5560,崮,⿱山⿴囗⿱十口,山
5561,5561,5561,崗,⿱山⿵冂⿱䒑山,山
5562,5562,5562,崡,⿰山⿶凵⿻⿱乛亅&CDP-89AE;,山
5563,5563,5563,崨,⿰山疌,山
5564,5564,5564,崛,⿰山⿸尸⿱⿻凵丨凵,山
5565,5565,5565,崫,⿱山⿸尸⿱⿻凵丨凵,山
5566,5566,5566,崌,⿰山⿸尸⿱十口,山
5567,5567,5567,崆,⿰山⿱⿱宀八工,山
5568,5568,5568,崐,⿰山⿱日比,山
5569,5569,5569,崑,⿱山⿱日比,山
5570,5570,5570,崍,⿰山⿻木⿰人人,山
5571,5571,5571,崊,⿰山⿰木木,山
5572,5572,5572,崚,⿰山⿳⿱十一八夂,山
5573,5573,5573,崘,⿰山⿱⿱人一⿵冂⿻十丨,山
5574,5574,5574,崙,⿱山⿱⿱人一⿵冂⿻十丨,山
5575,5575,5575,崏,⿰山⿱氏日,山
5576,5576,5576,崥,⿰山⿱&CDP-89BE;十,山
5577,5577,5577,崎,⿰山⿱⿻一人⿹⿱一亅口,山
5578,5578,5578,崧,⿱山⿰木⿱八厶,山
5579,5579,5579,崉,⿰山⿱⿲㇇亅&CDP-85BF;日,山
5580,5580,5580,崣,⿱山⿱⿱丿木女,山
5581,5581,5581,崤,⿰山⿱㐅⿸𠂇月,山
5582,5582,5582,崕,⿰山⿸厂⿱⿱十一⿱十一,山
5583,5583,5583,崖,⿱山⿸厂⿱⿱十一⿱十一,山
5584,5584,5584,崟,⿱山⿱人&CDP-8DE3;,山
5585,5585,5585,崯,⿰山⿱人&CDP-8DE3;,山
5586,5586,5586,崦,⿰山⿱⿻一人⿻日乚,山
5587,5587,5587,崝,⿰山⿱龶月,山
5588,5588,5588,崢,⿰山⿱⿱丿𭕄&CDP-8BFE;,山
5589,5589,5589,崭,⿱山⿰车⿸𠂆⿱一丨,山
5590,5590,5590,崷,⿰山⿱丷酉,山
5591,5591,5591,嵔,⿱山⿳田一&CDP-8CC6;,山
5592,5592,5592,崒,⿱山⿱⿱⿱丶一⿰人人十,山
5593,5593,5593,崪,⿰山⿱⿱⿱丶一⿰人人十,山
5594,5594,5594,崰,⿰山⿱⿲𡿨𡿨𡿨田,山
5595,5595,5595,嵖,⿰山⿱木⿱日一,山
5596,5596,5596,嵯,⿰山⿸⿱⿱丷一&CDP-8BF1;工,山
5597,5597,5597,嵳,⿱山⿸⿱⿱丷一&CDP-8BF1;工,山
5598,5598,5598,崶,⿱山⿰⿱⿱十一⿱十一寸,山
5599,5599,5599,嵈,⿰山⿳⿱丿𭕄一⿸𠂇又,山
5600,5600,5600,崲,⿰山⿱白⿱一⿱十一,山
5601,5601,5601,嵅,⿱山⿵⿵戊一口,山
5602,5602,5602,嵆,⿱⿰⿱丿木⿺尢丶山,山
5603,5603,5603,嵇,⿰⿱丿木⿱⿺尢丶山,山
5604,5604,5604,嵙,⿱山⿰⿱丿木斗,山
5605,5605,5605,嵁,⿰山⿱&CDP-88C8;⿷匚⿰丿乚,山
5606,5606,5606,嵑,⿰山⿱日⿹勹⿺𠃊人,山
5607,5607,5607,嵐,⿱山⿵几⿱丿虫,山
5608,5608,5608,嵝,⿰山⿱米女,山
5609,5609,5609,嵂,⿱山⿰彳⿻⿻&CDP-8BAB;丨⿱一一,山
5610,5610,5610,嵋,⿰山⿸𠃜目,山
5611,5611,5611,嵄,⿰山⿱⿱⿱丷一⿱十一⿻一人,山
5612,5612,5612,嵜,⿱山⿱&CDP-8BAE;⿹⿱一亅口,山
5613,5613,5613,嵌,⿱山⿰甘欠,山
5614,5614,5614,嵚,⿱山⿰钅欠,山
5615,5615,5615,嵘,⿰山⿱艹⿱冖木,山
5616,5616,5616,崼,⿰山⿱日⿱一龰,山
5617,5617,5617,嵗,⿱山&CDP-8CB3;,山
5618,5618,5618,崹,⿰山⿱&CDP-8BEC;巾,山
5619,5619,5619,嵉,⿰山⿱&CDP-8C4D;⿱一亅,山
5620,5620,5620,嵬,⿱山⿱⿱丿田⿺⿰丿乚厶,山
5621,5621,5621,嵍,⿱⿰⿱龴⿹⿱乛亅丿攵山,山
5622,5622,5622,崴,⿱山⿵⿵戊一女,山
5623,5623,5623,嵒,⿱⿱口⿰口口山,山
5624,5624,5624,嵓,⿱山⿱口⿰口口,山
5625,5625,5625,崵,⿰山⿱⿱日一⿹勹&CDP-89A6;,山
5626,5626,5626,崸,⿰山頁,山
5627,5627,5627,崳,⿰山⿱⿱人一⿰月刂,山
5628,5628,5628,嵎,⿰山禺,山
5629,5629,5629,嵛,⿱山⿱⿱人一⿰月刂,山
5630,5630,5630,嵃,⿰山⿸⿱&CDP-8BAE;厂彡,山
5631,5631,5631,崾,⿰山⿱⿱一&CDP-86EA;女,山
5632,5632,5632,崺,⿱山⿰⿱⿱丶一&CDP-8B6C;⿱𠂉也,山
5633,5633,5633,崻,⿰山⿰彳⿱⿱十一寸,山
5634,5634,5634,嵀,⿱山⿰木⿱⿱丶一⿱十一,山
5635,5635,5635,崱,⿱山⿰⿱目八刂,山
5636,5636,5636,嵫,⿰山⿱⿱丷一⿰⿰&CDP-895C;丶⿰&CDP-895C;丶,山
5637,5637,5637,嵏,⿱山⿳⿶凵㐅八夂,山
5638,5638,5638,嵕,⿰山⿳⿶凵㐅八夂,山
5639,5639,5639,崽,⿱山⿱田心,山
5640,5640,5640,崿,⿰山⿱⿰口口⿱一⿱一㇉,山
5641,5641,5641,嵭,⿰山⿱&CDP-8BEC;⿱⿱丶一&CDP-8B6C;,山
5642,5642,5642,嵟,⿸⿱山厂隹,山
5643,5643,5643,嵢,⿰山⿱⿱人丶⿸&CDP-89CE;口,山
5644,5644,5644,嵮,⿰山⿱十⿱&CDP-8BA5;八,山
5645,5645,5645,嵣,⿰山⿸广&CDP-8CC1;,山
5646,5646,5646,嵥,⿰山⿱⿰⿴𠂊丶㐄木,山
5647,5647,5647,嵴,⿰山⿱&CDP-88D2;月,山
5648,5648,5648,嵪,⿰山⿳⿱丶一口⿵冂口,山
5649,5649,5649,嵦,⿰山⿱山豆,山
5650,5650,5650,嵧,⿰山⿱&CDP-8C69;田,山
5651,5651,5651,嵲,⿰山⿱自木,山
5652,5652,5652,嵰,⿰山⿱⿱丷一&CDP-8CDE;,山
5653,5653,5653,嵶,⿰山⿰&CDP-8CC4;&CDP-8CC4;,山
5654,5654,5654,嵤,⿱⿱⿰⿱八人⿱八人冖山,山
5655,5655,5655,嵵,⿱山⿰日⿱⿱十一寸,山
5656,5656,5656,嵊,⿰山⿻⿱丿木⿰&CDP-8BC5;⿺乚丿,山
5657,5657,5657,嵩,⿱山⿳⿱丶一口⿵冂口,山
5658,5658,5658,嵞,⿱⿱⿱人一朩⿰山山,山
5659,5659,5659,嵨,⿰山⿹&CDP-89DF;灬,山
5660,5660,5660,嵡,⿱山⿱⿱八厶⿰⿹𠃌冫⿹𠃌冫,山
5661,5661,5661,嵠,⿰山⿱⿱丿𭕄⿱⿰&CDP-895C;丶⿻一人,山
5662,5662,5662,嵱,⿰山⿱宀谷,山
5663,5663,5663,嶅,⿱⿰⿱龶&CDP-8B6C;攵山,山
5664,5664,5664,嶆,⿰山⿱&CDP-8D61;日,山
5665,5665,5665,嵾,⿱山⿱⿱⿱厶⿰厶厶人彡,山
5666,5666,5666,嵽,⿰山⿳&CDP-8C4B;冖巾,山
5667,5667,5667,嶋,⿰山⿹&CDP-8CBB;灬,山
5668,5668,5668,嶌,⿱山⿹&CDP-8CBB;灬,山
5669,5669,5669,嵿,⿱山⿰⿱一亅頁,山
5670,5670,5670,嵻,⿰山⿸广隶,山
5671,5671,5671,嵺,⿰山⿱⿰⿹𠃌冫⿹𠃌冫⿱人彡,山
5672,5672,5672,嶐,⿱山⿰阝⿱夂⿱一生,山
5673,5673,5673,嶁,⿰山⿱&CDP-89C5;女,山
5674,5674,5674,嶈,⿱山⿰爿&CDP-8BC3;,山
5675,5675,5675,嶇,⿰山⿷匚⿱口⿰口口,山
5676,5676,5676,嵷,⿰山⿰彳&CDP-8BB0;,山
5677,5677,5677,嶞,⿱⿰阝&CDP-8CA9;山,山
5678,5678,5678,嶀,⿰山⿱⿱一⿻冂&CDP-8C41;⿱一⿱一㇉,山
5679,5679,5679,嶉,⿱山⿰口隹,山
5680,5680,5680,嶑,⿰山⿳𠂊⿴囗丨𧰨,山
5681,5681,5681,嶍,⿰山⿱⿰⿹𠃌冫⿹𠃌冫白,山
5682,5682,5682,嶎,⿱山⿰⿸尸示寸,山
5683,5683,5683,嵼,⿰山⿸⿱&CDP-8BAE;厂生,山
5684,5684,5684,嶂,⿰山⿱⿱&CDP-8BAE;一⿱日十,山
5685,5685,5685,嶃,⿰山⿰車⿸𠂆⿱一丨,山
5686,5686,5686,嶄,⿱山⿰車⿸𠂆⿱一丨,山
5687,5687,5687,嶊,⿱山⿰扌隹,山
5688,5688,5688,嵸,⿱山⿰彳&CDP-8BB0;,山
5689,5689,5689,嶓,⿰山⿱⿱丿米田,山
5690,5690,5690,嶒,⿰山⿱丷⿱&CDP-8B62;日,山
5691,5691,5691,嶝,⿰山⿱⿰&CDP-88D3;&CDP-88D5;豆,山
5692,5692,5692,嶲,⿱山⿱隹&CDP-8DDF;,山
5693,5693,5693,嵹,⿱山⿰弓⿱口虫,山
5694,5694,5694,嶠,⿰山⿱⿱⿱丿⿻一人口⿵冂口,山
5695,5695,5695,嶕,⿰山⿱隹灬,山
5696,5696,5696,嶣,⿱山⿱隹灬,山
5697,5697,5697,嶡,⿱山⿸厂⿰⿱⿱丷一⿻凵丨欠,山
5698,5698,5698,嶥,⿰山⿸厂⿰⿱⿱丷一⿻凵丨欠,山
5699,5699,5699,嶯,⿱山⿰⿱口耳⿻⿺⿻一乚丶丿,山
5700,5700,5700,嶱,⿰山⿱艹⿱日⿹勹⿺𠃊人,山
5701,5701,5701,嶚,⿱山⿱⿱⿻⿻一人丷日小,山
5702,5702,5702,嶛,⿰山⿱⿱⿻⿻一人丷日小,山
5703,5703,5703,嶗,⿰山⿱⿱⿰⿱八人⿱八人冖⿻丿𠃌,山
5704,5704,5704,嶙,⿰山⿱米⿰⿴𠂊丶㐄,山
5705,5705,5705,嶏,⿸⿱山厂⿰酉己,山
5706,5706,5706,嶜,⿱山⿱⿰旡旡日,山
5707,5707,5707,嶔,⿱山⿰⿱人&CDP-8DE3;欠,山
5708,5708,5708,嶢,⿰山⿱⿱⿱十一⿰⿱十一⿱十一⿱一⿰丿乚,山
5709,5709,5709,嶤,⿱山⿱⿱⿱十一⿰⿱十一⿱十一⿱一⿰丿乚,山
5710,5710,5710,嶖,⿰山⿱⿱⿱人一口⿰⿹𠃌冫⿹𠃌冫,山
5711,5711,5711,嶘,⿱山⿰木⿱⿻⿺⿻一乚丶丿⿻⿺⿻一乚丶丿,山
5712,5712,5712,嶧,⿰山⿱罒⿱⿱十一⿱丷干,山
5713,5713,5713,嶟,⿰山⿱⿱丷酉寸,山
5714,5714,5714,嶴,⿱⿱⿵&CDP-8BD6;米⿻一人山,山
5715,5715,5715,嶳,⿳山⿱一𧰨⿰⿱十一⿱十一,山
5716,5716,5716,嶭,⿱山⿰⿱丿㠯⿱⿱&CDP-8BAE;一十,山
5717,5717,5717,嶩,⿰山⿱曲⿸厂⿱⿱一一&CDP-8CC6;,山
5718,5718,5718,嶶,⿱山⿰彳⿰⿳山一几攵,山
5719,5719,5719,嶰,⿰山⿰角⿱⿹𠃌丿牛,山
5720,5720,5720,嶮,⿰山⿳⿱人一⿰口口⿰人人,山
5721,5721,5721,嶨,⿱⿶&CDP-8B64;⿱㐅⿻丿乀山,山
5722,5722,5722,嶪,⿱山⿱⿱&CDP-85F0;一⿱⿱丷一未,山
5723,5723,5723,嶫,⿰山⿱⿱&CDP-85F0;一⿱⿱丷一未,山
5724,5724,5724,嶬,⿰山⿱⿱⿱丷一⿱十一我,山
5725,5725,5725,嶼,⿰山⿶&CDP-8BA8;&CDP-8BC2;,山
5726,5726,5726,嶦,⿰山⿸⿱𠂊厂&CDP-8CC3;,山
5727,5727,5727,嶵,⿰山⿱罒非,山
5728,5728,5728,嶹,⿰山⿳⿳⿱十一乛工一⿰口寸,山
5729,5729,5729,嶻,⿱山⿹⿶⿻⿺⿻一乚丶丿十隹,山
5730,5730,5730,巁,⿰山⿸厂⿱艹禺,山
5731,5731,5731,嶺,⿱山⿰⿱⿱人丶龴頁,山
5732,5732,5732,嶷,⿱山⿰⿱⿺乚丿⿱𠂉⿻一人⿱龴疋,山
5733,5733,5733,嶿,⿰山⿱⿱一⿻冂&CDP-8C41;⿱一⿱丿⿵冂⿰丨丨,山
5734,5734,5734,嶸,⿰山⿱⿱⿰⿱八人⿱八人冖木,山
5735,5735,5735,嶽,⿱山⿲犭言犬,山
5736,5736,5736,嶾,⿰山⿱⿳⿱丿𭕄工彐心,山
5737,5737,5737,巀,⿱山⿰⿱小隹⿻⿺⿻一乚丶丿,山
5738,5738,5738,巂,⿱⿱山隹⿵冂⿱八口,山
5739,5739,5739,巅,⿱山⿰⿱十⿱&CDP-8BA5;八页,山
5740,5740,5740,巉,⿰山⿱⿱⿱𠂊口比⿷⿱𠂊&CDP-8BCB;丶,山
5741,5741,5741,巃,⿱山⿰⿱⿱&CDP-8BAE;一月&CDP-89B0;,山
5742,5742,5742,巄,⿰山⿰⿱⿱&CDP-8BAE;一月&CDP-89B0;,山
5743,5743,5743,巌,⿱山⿱𭕄⿸厂⿰⿱乛耳攵,山
5744,5744,5744,巆,⿰山⿱⿱⿰⿱八人⿱八人冖⿳口丿口,山
5745,5745,5745,巈,⿱山⿰革⿹勹米,山
5746,5746,5746,巏,⿰山⿱艹⿱⿰口口隹,山
5747,5747,5747,巍,⿱山⿰⿱⿱丿木女⿱⿱丿田⿺⿰丿乚厶,山
5748,5748,5748,巇,⿰山⿰⿸⿸⿱⺊&CDP-88E2;⿻㇀乚豆⿻⿺⿻一乚丶丿,山
5749,5749,5749,巊,⿰山⿱⿰⿱目八⿱目八女,山
5750,5750,5750,巐,⿱山⿰⿳⿱丶一口⿵冂口⿱日⿱丿⿻一&CDP-8BF5;,山
5751,5751,5751,巋,⿱山⿰⿱𠂤止⿳彐冖巾,山
5752,5752,5752,巑,⿰山⿱⿰⿱⿰丿土⿰丿乚⿱⿰丿土⿰丿乚⿱目八,山
5753,5753,5753,巓,⿱山⿰⿳⿺乚丿⿺𠃊目八頁,山
5754,5754,5754,巔,⿱山⿰⿱十⿱&CDP-8BA5;八頁,山
5755,5755,5755,巒,⿱⿲⿱⿰&CDP-895C;丶小言⿱⿰&CDP-895C;丶小山,山
5756,5756,5756,巕,⿰山⿱⿱艹⿰⿱丿㠯⿱⿱&CDP-8BAE;一十女,山
5757,5757,5757,巎,⿰山⿱⿳一⿲止自巳八夂,山
5758,5758,5758,巖,⿱山⿱⿰口口⿸厂⿰⿱乛耳攵,山
5759,5759,5759,巗,⿰山⿱⿰口口⿸厂⿰⿱乛耳攵,山
5760,5760,5760,巚,⿱山⿰⿸⿸⿱⺊&CDP-88E2;⿻㇀乚⿳一口⿵⿵冂⿰丿乚⿱一丨犬,山
5761,5761,5761,巘,⿰山⿰⿸⿸⿱⺊&CDP-88E2;⿻㇀乚⿳一口⿵⿵冂⿰丿乚⿱一丨犬,山
5762,5762,5762,巙,⿰山⿱丷⿱⿳一⿲止自巳八夂,山
5763,5763,5763,彡,彡,彡
5764,5764,5764,彤,⿰丹彡,彡
5765,5765,5765,彣,⿺⿱⿱丶一⿻丿乀彡,彡
5766,5766,5766,形,⿰⿱一⿻一&CDP-8BF5;彡,彡
5767,5767,5767,彥,⿱⿱⿱丶一⿻丿乀&CDP-8D5A;,彡
5768,5768,5768,彦,⿸⿱&CDP-8BAE;厂彡,彡
5769,5769,5769,彨,⿰⿱一⿰⿵冂丶⿵冂丶彡,彡
5770,5770,5770,彧,⿻⿹⿻⿺⿻一乚丶丿⿱口一&CDP-89A6;,彡
5771,5771,5771,彪,⿺⿸⿸⿱⺊&CDP-88E2;⿻㇀乚几彡,彡
5772,5772,5772,彬,⿰⿰木木彡,彡
5773,5773,5773,彩,⿰⿱⿱丿𭕄木彡,彡
5774,5774,5774,彫,⿰⿵⺆⿱⿱十一口彡,彡
5775,5775,5775,彭,⿰⿱十豆彡,彡
5776,5776,5776,彮,⿰⿱宀谷彡,彡
5777,5777,5777,彯,⿰⿱⿱一&CDP-86EA;示彡,彡
5778,5778,5778,彰,⿰⿱⿱&CDP-8BAE;一⿱日十彡,彡
5779,5779,5779,影,⿰⿱日⿳⿱丶一口小彡,彡
5780,5780,5780,篸,⿱竹⿱⿱⿱厶⿰厶厶人彡,彡
5781,5781,5781,彲,⿰⿱⿰⿱一⿵冂一⿱一⿵冂一⿸&CDP-8D56;比彡,彡
5782,5782,5782,尽,⿱尺⿱丶丶,尸
5783,5783,5783,尸,尸,尸
5784,5784,5784,尺,尺,尸
5785,5785,5785,尹,⿻&CDP-8BAB;丿,尸
5786,5786,5786,尻,⿸尸九,尸
5787,5787,5787,尼,⿸尸⿺乚丿,尸
5788,5788,5788,层,⿸尸⿱⿱一一厶,尸
5789,5789,5789,局,⿸尸⿹𠃌口,尸
5790,5790,5790,尿,⿸尸⿲㇇亅&CDP-85BF;,尸
5791,5791,5791,屁,⿸尸比,尸
5792,5792,5792,尾,⿸尸⿱丿&CDP-8A43;,尸
5793,5793,5793,屃,⿸尸贝,尸
5794,5794,5794,屄,⿸尸⿱宀八,尸
5795,5795,5795,屆,⿸尸⿶凵⿱十一,尸
5796,5796,5796,届,⿸尸由,尸
5797,5797,5797,居,⿸尸⿱十口,尸
5798,5798,5798,屈,⿸尸⿱⿻凵丨凵,尸
5799,5799,5799,屇,⿸尸田,尸
5800,5800,5800,屉,⿸尸世,尸
5801,5801,5801,屏,⿸尸⿱丷⿱一⿻一&CDP-8BF5;,尸
5802,5802,5802,屌,⿸尸⿱口巾,尸
5803,5803,5803,屍,⿸尸⿸⿱一⿴𠂊丶⿺乚丿,尸
5804,5804,5804,屎,⿸尸米,尸
5805,5805,5805,屋,⿸尸⿱⿱一厶⿱十一,尸
5806,5806,5806,屐,⿸尸⿰彳⿱十又,尸
5807,5807,5807,屘,⿺⿸尸⿱丿&CDP-8A43;子,尸
5808,5808,5808,屔,⿰丘⿸尸⿺乚丿,尸
5809,5809,5809,屗,⿺⿸尸⿱丿&CDP-8A43;寸,尸
5810,5810,5810,屑,⿸尸⿱⺌月,尸
5811,5811,5811,屓,⿸尸⿱目八,尸
5812,5812,5812,屖,⿸尸⿱⿱&CDP-8BAE;一十,尸
5813,5813,5813,屒,⿸尸⿸厂⿱⿱一一&CDP-8CC6;,尸
5814,5814,5814,展,⿸尸&CDP-8CE5;,尸
5815,5815,5815,屙,⿸尸⿰阝⿹⿱一亅口,尸
5816,5816,5816,屝,⿸尸非,尸
5817,5817,5817,屚,⿸尸⿱一⿻冂&CDP-8C41;,尸
5818,5818,5818,屛,⿸尸⿰⿱丿干⿱丿干,尸
5819,5819,5819,屜,⿸尸⿰彳世,尸
5820,5820,5820,屠,⿸尸⿸耂日,尸
5821,5821,5821,屡,⿸尸⿱米女,尸
5822,5822,5822,属,⿸尸禹,尸
5823,5823,5823,屟,⿸尸⿱世木,尸
5824,5824,5824,屢,⿸尸⿱&CDP-89C5;女,尸
5825,5825,5825,屣,⿸尸⿰彳⿱止龰,尸
5826,5826,5826,層,⿸尸⿱丷⿱&CDP-8B62;日,尸
5827,5827,5827,屦,⿸尸⿰彳⿱米女,尸
5828,5828,5828,履,⿸尸⿰彳⿳𠂉日夂,尸
5829,5829,5829,屧,⿸尸⿰彳⿱世木,尸
5830,5830,5830,屨,⿸尸⿰彳⿱&CDP-89C5;女,尸
5831,5831,5831,屩,⿸尸⿰彳⿱⿱⿱丿⿻一人口⿵冂口,尸
5832,5832,5832,屪,⿸尸⿱宀⿱⿱⿻⿻一人丷日小,尸
5833,5833,5833,屫,⿸尸⿰爿⿱⿱⿱丿⿻一人口⿵冂口,尸
5834,5834,5834,屬,⿸尸⿱⿻亅&CDP-89AE;⿱⺫⿹勹虫,尸
5835,5835,5835,屭,⿸尸⿱⿱目八⿰⿱目八⿱目八,尸
5836,5836,5836,饦,⿰饣⿱丿⿻㇀乚,饣
5837,5837,5837,饧,⿰饣𠃓,饣
5838,5838,5838,饣,饣,饣
5839,5839,5839,饤,⿰饣⿱一亅,饣
5840,5840,5840,饥,⿰饣几,饣
5841,5841,5841,饬,⿰饣⿱𠂉⿻丿𠃌,饣
5842,5842,5842,饭,⿰饣⿸𠂆又,饣
5843,5843,5843,饪,⿰饣⿱丿⿱十一,饣
5844,5844,5844,饨,⿰饣⿻丿⿻凵乚,饣
5845,5845,5845,饩,⿰饣⿳𠂉一乁,饣
5846,5846,5846,饮,⿰饣欠,饣
5847,5847,5847,饫,⿰饣⿱丿⿻一人,饣
5848,5848,5848,饱,⿰饣⿹勹巳,饣
5849,5849,5849,饳,⿰饣⿱⿻凵丨凵,饣
5850,5850,5850,饯,⿰饣⿻⿻⿺⿻一乚丶丿一,饣
5851,5851,5851,饰,⿰饣⿱𠂉巾,饣
5852,5852,5852,饲,⿰饣⿹𠃌⿱一口,饣
5853,5853,5853,饴,⿰饣⿱厶口,饣
5854,5854,5854,饼,⿰饣⿱丷⿱一⿻一&CDP-8BF5;,饣
5855,5855,5855,饹,⿰饣⿱夂口,饣
5856,5856,5856,饸,⿰饣⿱⿱人一口,饣
5857,5857,5857,饺,⿰饣⿱⿱丶一⿱八⿻丿乀,饣
5858,5858,5858,饶,⿰饣⿱⿻⿻一乚丿⿱一⿰丿乚,饣
5859,5859,5859,饷,⿰饣⿵&CDP-8BD6;口,饣
5860,5860,5860,饻,⿰饣⿱⿱丶一𧘇,饣
5861,5861,5861,饵,⿰饣耳,饣
5862,5862,5862,饽,⿰饣⿱⿱十冖子,饣
5863,5863,5863,饾,⿰饣豆,饣
5864,5864,5864,馂,⿰饣⿳厶八夂,饣
5865,5865,5865,馁,⿰饣⿱⿱丿𭕄女,饣
5866,5866,5866,馀,⿰饣⿱⿱人一朩,饣
5867,5867,5867,饿,⿰饣我,饣
5868,5868,5868,馆,⿰饣⿱宀㠯,饣
5869,5869,5869,馃,⿰饣⿻日木,饣
5870,5870,5870,馄,⿰饣⿱日比,饣
5871,5871,5871,馅,⿰饣⿱勹臼,饣
5872,5872,5872,馋,⿰饣⿱⿱𠂊&CDP-8BCB;⿱丶丶,饣
5873,5873,5873,馇,⿰饣⿱木⿱日一,饣
5874,5874,5874,馉,⿰饣⿱&CDP-89A9;月,饣
5875,5875,5875,馈,⿰饣⿱⿱⿻口丨一贝,饣
5876,5876,5876,馊,⿰饣⿱&CDP-884F;又,饣
5877,5877,5877,馎,⿰饣⿱⿺&CDP-86B7;丶寸,饣
5878,5878,5878,馏,⿰饣⿱&CDP-8C69;田,饣
5879,5879,5879,馍,⿰饣⿱艹⿱日⿻一人,饣
5880,5880,5880,馐,⿰饣⿸⿱⿱丷一&CDP-8BF1;丑,饣
5881,5881,5881,馌,⿰饣⿱⿱⿱十一厶皿,饣
5882,5882,5882,馑,⿰饣⿱廿&CDP-8A6D;,饣
5883,5883,5883,馒,⿰饣⿳日罒又,饣
5884,5884,5884,馓,⿰饣⿰&CDP-8CEC;攵,饣
5885,5885,5885,馔,⿰饣⿱⿰巳巳⿱⿱⿻十丨一八,饣
5886,5886,5886,馕,⿰饣⿳&CDP-8DDD;冖⿱&CDP-8CA3;𧘇,饣
5887,5887,5887,壮,⿰丬⿱十一,士
5888,5888,5888,士,⿱十一,士
5889,5889,5889,壬,⿱丿⿱十一,士
5890,5890,5890,壭,⿱⿱十一&CDP-8A60;,士
5891,5891,5891,壳,⿱⿱十一⿱冖几,士
5892,5892,5892,売,⿱⿱十一⿱冖⿰丿乚,士
5893,5893,5893,声,⿱⿱十一𠃜,士
5894,5894,5894,壱,⿳⿱十一冖⿺乚丿,士
5895,5895,5895,壯,⿰爿⿱十一,士
5896,5896,5896,壵,⿱⿱十一⿰⿱十一⿱十一,士
5897,5897,5897,壴,⿱十豆,士
5898,5898,5898,壶,⿳⿱十一冖⿱&CDP-85F0;一,士
5899,5899,5899,壷,⿱⿱十一&CDP-8A49;,士
5900,5900,5900,壸,⿳⿱十一冖⿱一⿱&CDP-85F0;一,士
5901,5901,5901,壺,⿱⿱十一&CDP-8DE8;,士
5902,5902,5902,壻,⿰⿱十一⿱疋月,士
5903,5903,5903,壹,⿳⿱十一冖豆,士
5904,5904,5904,壼,⿳⿱十一冖⿳一&CDP-88A1;一,士
5905,5905,5905,壾,⿰⿱十豆巨,士
5906,5906,5906,壽,⿳⿳⿱十一乛工一⿰口寸,士
5907,5907,5907,夀,⿱&CDP-8A4E;⿰口寸,士
5908,5908,5908,壿,⿰⿱十一⿱⿱丷酉寸,士
5909,5909,5909,夁,⿱⿱十一⿱罒⿴囗⿱十口,士
5910,5910,5910,扠,⿰扌⿴又丶,扌
5911,5911,5911,扱,⿰扌及,扌
5912,5912,5912,扚,⿰扌⿹勹丶,扌
5913,5913,5913,扥,⿰扌&CDP-8AF0;,扌
5914,5914,5914,扛,⿰扌工,扌
5915,5915,5915,扢,⿰扌⿱𠂉乙,扌
5916,5916,5916,扞,⿰扌干,扌
5917,5917,5917,扩,⿰扌广,扌
5918,5918,5918,扣,⿰扌口,扌
5919,5919,5919,扝,⿰扌⿱一⿱一㇉,扌
5920,5920,5920,扜,⿰扌于,扌
5921,5921,5921,扒,⿰扌八,扌
5922,5922,5922,扪,⿰扌门,扌
5923,5923,5923,扦,⿰扌⿱丿十,扌
5924,5924,5924,扨,⿰扌⿹⿹𠃌丿丿,扌
5925,5925,5925,扟,⿰扌⿹⺄十,扌
5926,5926,5926,扫,⿰扌彐,扌
5927,5927,5927,托,⿰扌⿱丿⿻㇀乚,扌
5928,5928,5928,扡,⿰扌也,扌
5929,5929,5929,扤,⿰扌⿱一⿰丿乚,扌
5930,5930,5930,扬,⿰扌𠃓,扌
5931,5931,5931,扙,⿰扌丈,扌
5932,5932,5932,执,⿰扌⿻九丶,扌
5933,5933,5933,扗,⿰扌⿱十一,扌
5934,5934,5934,才,才,扌
5935,5935,5935,扌,扌,扌
5936,5936,5936,扎,⿰扌乚,扌
5937,5937,5937,打,⿰扌⿱一亅,扌
5938,5938,5938,払,⿰扌厶,扌
5939,5939,5939,扐,⿰扌⿻丿𠃌,扌
5940,5940,5940,扑,⿰扌卜,扌
5941,5941,5941,扏,⿰扌九,扌
5942,5942,5942,扖,⿰扌入,扌
5943,5943,5943,扔,⿰扌⿹𠄎丿,扌
5944,5944,5944,抃,⿰扌⿱丶⿱一卜,扌
5945,5945,5945,把,⿰扌巴,扌
5946,5946,5946,扮,⿰扌⿱八⿹𠃌丿,扌
5947,5947,5947,报,⿰扌⿸卩又,扌
5948,5948,5948,扷,⿰扌⿱丿⿻一人,扌
5949,5949,5949,扳,⿰扌⿸𠂆又,扌
5950,5950,5950,抜,⿰扌⿸𠂇又,扌
5951,5951,5951,抄,⿰扌⿱小丿,扌
5952,5952,5952,扯,⿰扌止,扌
5953,5953,5953,扽,⿰扌⿻丿⿻凵乚,扌
5954,5954,5954,抌,⿰扌冘,扌
5955,5955,5955,抖,⿰扌斗,扌
5956,5956,5956,扶,⿰扌⿻⿱一一人,扌
5957,5957,5957,抚,⿰扌⿱一尢,扌
5958,5958,5958,护,⿰扌⿱丶尸,扌
5959,5959,5959,抇,⿰扌日,扌
5960,5960,5960,扴,⿰扌⿱人&CDP-8BF5;,扌
5961,5961,5961,抸,⿰扌⿱丿⿱丶&CDP-8661;,扌
5962,5962,5962,抉,⿰扌⿻𠃍⿻一人,扌
5963,5963,5963,技,⿰扌⿱十又,扌
5964,5964,5964,拒,⿰扌巨,扌
5965,5965,5965,抅,⿰扌⿹勹厶,扌
5966,5966,5966,抂,⿰扌⿱一⿱十一,扌
5967,5967,5967,抗,⿰扌⿱⿱丶一几,扌
5968,5968,5968,抠,⿰扌⿷匚㐅,扌
5969,5969,5969,抡,⿰扌⿱人⿺乚丿,扌
5970,5970,5970,扭,⿰扌丑,扌
5971,5971,5971,抐,⿰扌⿻冂人,扌
5972,5972,5972,拟,⿰扌以,扌
5973,5973,5973,抔,⿰扌⿱一&CDP-8665;,扌
5974,5974,5974,抙,⿰扌手,扌
5975,5975,5975,抛,⿰扌⿺九⿻丿𠃌,扌
5976,5976,5976,拋,⿰扌⿺尢⿻丿𠃌,扌
5977,5977,5977,批,⿰扌比,扌
5978,5978,5978,扲,⿰扌⿱⿱人丶㇇,扌
5979,5979,5979,抢,⿰扌⿱人㔾,扌
5980,5980,5980,抋,⿰扌心,扌
5981,5981,5981,扰,⿰扌⿺尢丶,扌
5982,5982,5982,折,⿰扌⿸𠂆⿱一丨,扌
5983,5983,5983,抒,⿰扌⿱龴⿱乛亅,扌
5984,5984,5984,抟,⿰扌专,扌
5985,5985,5985,投,⿰扌⿱𠘧又,扌
5986,5986,5986,抏,⿰扌⿱一⿱一⿰丿乚,扌
5987,5987,5987,抆,⿰扌⿱⿱丶一⿻丿乀,扌
5988,5988,5988,扸,⿰扌片,扌
5989,5989,5989,抣,⿰扌⿹勹冫,扌
5990,5990,5990,抈,⿰扌月,扌
5991,5991,5991,抑,⿰扌⿰&CDP-8CBD;卩,扌
5992,5992,5992,扵,⿰扌⿱人⿱丶丶,扌
5993,5993,5993,抁,⿰扌⿱厶⿰丿乚,扌
5994,5994,5994,抎,⿰扌⿱⿱一一厶,扌
5995,5995,5995,択,⿰扌尺,扌
5996,5996,5996,抓,⿰扌爪,扌
5997,5997,5997,扻,⿰扌欠,扌
5998,5998,5998,抍,⿰扌⿱丿⿻一&CDP-8BF5;,扌
5999,5999,5999,找,⿰扌⿻⿺⿻一乚丶丿,扌
6000,6000,6000,扺,⿰扌氏,扌
6001,6001,6001,扼,⿰扌⿸厂㔾,扌
6002,6002,6002,抝,⿰扌⿰⿰&CDP-895C;丶𠃌,扌
6003,6003,6003,拝,⿰扌&CDP-8CE7;,扌
6004,6004,6004,拌,⿰扌⿱丷&CDP-8BF1;,扌
6005,6005,6005,抱,⿰扌⿹勹巳,扌
6006,6006,6006,拔,⿰扌⿺⿸𠂇又丶,扌
6007,6007,6007,拨,⿰扌发,扌
6008,6008,6008,抦,⿰扌⿱一⿻冂人,扌
6009,6009,6009,抶,⿰扌⿰丿⿻⿱一一人,扌
6010,6010,6010,抻,⿰扌申,扌
6011,6011,6011,抽,⿰扌由,扌
6012,6012,6012,拆,⿰扌⿻⿸𠂆⿱一丨丶,扌
6013,6013,6013,担,⿰扌⿱日一,扌
6014,6014,6014,抵,⿰扌⿱氏丶,扌
6015,6015,6015,拞,⿰扌丘,扌
6016,6016,6016,拂,⿰扌⿻弓&CDP-8BF5;,扌
6017,6017,6017,拊,⿰扌⿰亻寸,扌
6018,6018,6018,拐,⿰扌⿱口⿻丿𠃌,扌
6019,6019,6019,抲,⿰扌⿹⿱一亅口,扌
6020,6020,6020,拁,⿰扌⿰⿻丿𠃌口,扌
6021,6021,6021,拣,⿰扌𫠣,扌
6022,6022,6022,拠,⿰扌⿺夂几,扌
6023,6023,6023,拘,⿰扌⿹勹口,扌
6024,6024,6024,拡,⿰扌⿸广厶,扌
6025,6025,6025,拉,⿰扌⿱&CDP-8BAE;一,扌
6026,6026,6026,拦,⿰扌⿱丷⿱一⿱一一,扌
6027,6027,6027,拎,⿰扌⿱⿱人丶龴,扌
6028,6028,6028,拢,⿰扌⿻⿺尢丶丿,扌
6029,6029,6029,抺,⿰扌未,扌
6030,6030,6030,抹,⿰扌末,扌
6031,6031,6031,抿,⿰扌民,扌
6032,6032,6032,拇,⿰扌母,扌
6033,6033,6033,拈,⿰扌⿱⺊口,扌
6034,6034,6034,抩,⿰扌冉,扌
6035,6035,6035,拧,⿰扌⿱宀⿱一亅,扌
6036,6036,6036,抳,⿰扌⿸尸⿺乚丿,扌
6037,6037,6037,拚,⿰扌⿱厶⿻一&CDP-8BF5;,扌
6038,6038,6038,拍,⿰扌白,扌
6039,6039,6039,抨,⿰扌⿻干丷,扌
6040,6040,6040,披,⿰扌皮,扌
6041,6041,6041,抷,⿰扌⿱⿱一&CDP-8665;一,扌
6042,6042,6042,抪,⿰扌⿸𠂇巾,扌
6043,6043,6043,拤,⿰扌⿱⿱⺊一卜,扌
6044,6044,6044,拑,⿰扌甘,扌
6045,6045,6045,抾,⿰扌⿱⿱十一厶,扌
6046,6046,6046,拕,⿰扌⿱宀⿺乚丿,扌
6047,6047,6047,拖,⿰扌⿱𠂉也,扌
6048,6048,6048,拓,⿰扌⿸⿱一丿口,扌
6049,6049,6049,抬,⿰扌⿱厶口,扌
6050,6050,6050,抴,⿰扌世,扌
6051,6051,6051,押,⿰扌甲,扌
6052,6052,6052,抰,⿰扌央,扌
6053,6053,6053,拀,⿰扌⿱口⿰丿乚,扌
6054,6054,6054,抯,⿰扌且,扌
6055,6055,6055,招,⿰扌⿱⿹𠃌丿口,扌
6056,6056,6056,抮,⿰扌⿱人彡,扌
6057,6057,6057,拃,⿰扌乍,扌
6058,6058,6058,抧,⿰扌⿱口八,扌
6059,6059,6059,拄,⿰扌⿱⿱丶一⿱十一,扌
6060,6060,6060,择,⿰扌⿱又&CDP-8BF1;,扌
6061,6061,6061,拗,⿰扌⿰⿰&CDP-895C;丶⿻丿𠃌,扌
6062,6062,6062,拥,⿰扌⿵冂&CDP-8BF1;,扌
6063,6063,6063,抭,⿰扌⿱宀几,扌
6064,6064,6064,拙,⿰扌⿱⿻凵丨凵,扌
6065,6065,6065,挷,⿰扌⿰⿻⿱一⿱一一丨阝,扌
6066,6066,6066,挀,⿰扌⿸𠂆&CDP-8C66;,扌
6067,6067,6067,持,⿰扌⿱⿱十一寸,扌
6068,6068,6068,拺,⿰扌朿,扌
6069,6069,6069,拵,⿰扌⿸&CDP-88F1;子,扌
6070,6070,6070,挕,⿰扌耳,扌
6071,6071,6071,挅,⿰扌⿱⿹𠄎丿木,扌
6072,6072,6072,挆,⿰扌⿱几木,扌
6073,6073,6073,挡,⿰扌⿱⺌彐,扌
6074,6074,6074,拻,⿰扌⿸𠂇⿱八人,扌
6075,6075,6075,挥,⿰扌⿱冖车,扌
6076,6076,6076,挏,⿰扌⿵⿵冂一口,扌
6077,6077,6077,挂,⿰扌⿱⿱十一⿱十一,扌
6078,6078,6078,挌,⿰扌⿱夂口,扌
6079,6079,6079,拱,⿰扌⿱⿱⿻十丨一八,扌
6080,6080,6080,拫,⿰扌艮,扌
6081,6081,6081,挍,⿰扌⿱⿱丶一⿱八⿻丿乀,扌
6082,6082,6082,拮,⿰扌⿱⿱十一口,扌
6083,6083,6083,挢,⿰扌⿱⿱丿⿻一人&CDP-8BF5;,扌
6084,6084,6084,挗,⿰扌⿻⿻一人弓,扌
6085,6085,6085,挤,⿰扌⿱⿱⿱丶一⿻丿乀&CDP-8BF5;,扌
6086,6086,6086,挎,⿰扌⿱⿻一人⿱一⿱一㇉,扌
6087,6087,6087,括,⿰扌⿱⿱丿十口,扌
6088,6088,6088,挄,⿰扌⿱⺌⿱一⿰丿乚,扌
6089,6089,6089,拷,⿰扌⿸耂⿱一㇉,扌
6090,6090,6090,挒,⿰扌⿰⿱一⿴𠂊丶刂,扌
6091,6091,6091,挘,⿰扌⿱⿱小丿⿻丿𠃌,扌
6092,6092,6092,挔,⿰扌⿱⿱丶一𧘇,扌
6093,6093,6093,捛,⿰扌⿱口口,扌
6094,6094,6094,挪,⿰扌⿰&CDP-89FA;阝,扌
6095,6095,6095,挠,⿰扌⿱⿻⿻一乚丿⿱一⿰丿乚,扌
6096,6096,6096,挊,⿰扌⿱⿱⺊一⿱一卜,扌
6097,6097,6097,拰,⿰扌⿰亻⿱丿⿱十一,扌
6098,6098,6098,拼,⿰扌⿱丷⿱一⿻一&CDP-8BF5;,扌
6099,6099,6099,拪,⿰扌⿱一⿻⿰丿乚口,扌
6100,6100,6100,拴,⿰扌⿱人⿱一⿱十一,扌
6101,6101,6101,拾,⿰扌⿱⿱人一口,扌
6102,6102,6102,拭,⿰扌⿹⿺⿻一乚丶工,扌
6103,6103,6103,挻,⿰扌⿺廴⿱丿&CDP-8960;,扌
6104,6104,6104,挑,⿰扌兆,扌
6105,6105,6105,挞,⿰扌⿺辶⿻一人,扌
6106,6106,6106,挺,⿰扌⿺廴⿱丿⿱十一,扌
6107,6107,6107,挖,⿰扌⿱⿱宀八乙,扌
6108,6108,6108,挝,⿰扌⿺辶寸,扌
6109,6109,6109,挦,⿰扌⿱彐寸,扌
6110,6110,6110,拹,⿰扌⿱⿻丿𠃌⿰⿻丿𠃌⿻丿𠃌,扌
6111,6111,6111,挟,⿰扌⿻⿻⿱一一人丷,扌
6112,6112,6112,挜,⿰扌⿱一⿱&CDP-85F0;一,扌
6113,6113,6113,拽,⿰扌曳,扌
6114,6114,6114,捓,⿰扌⿰牙阝,扌
6115,6115,6115,拸,⿰扌⿱⿴𠂊丶⿴𠂊丶,扌
6116,6116,6116,挧,⿰扌⿰⿹𠃌冫⿹𠃌冫,扌
6117,6117,6117,挋,⿰扌臣,扌
6118,6118,6118,挣,⿰扌⿱𠂊&CDP-8BFE;,扌
6119,6119,6119,挃,⿰扌⿱⿱一厶⿱十一,扌
6120,6120,6120,挓,⿰扌⿱宀⿱丿⿻㇀乚,扌
6121,6121,6121,拯,⿰扌⿱⿱乛⿲㇇亅&CDP-85BF;一,扌
6122,6122,6122,指,⿰扌⿱⿺乚丿日,扌
6123,6123,6123,拶,⿰扌⿱⿲𡿨𡿨𡿨⿴𠂊丶,扌
6124,6124,6124,按,⿰扌⿱宀女,扌
6125,6125,6125,挶,⿰扌⿸尸⿹𠃌口,扌
6126,6126,6126,挬,⿰扌⿱⿱十冖子,扌
6127,6127,6127,捗,⿰扌⿱止𣥂,扌
6128,6128,6128,捌,⿰扌⿰⿱口⿻丿𠃌刂,扌
6129,6129,6129,捠,⿰扌⿱丘八,扌
6130,6130,6130,捕,⿰扌⿺&CDP-86B7;丶,扌
6131,6131,6131,挰,⿰扌⿱口⿱一⿱十一,扌
6132,6132,6132,挿,⿰扌⿻⿱丿十日,扌
6133,6133,6133,挫,⿰扌⿻⿱十一⿰人人,扌
6134,6134,6134,捣,⿰扌⿹&CDP-8964;山,扌
6135,6135,6135,挭,⿰扌⿱一&CDP-89E7;,扌
6136,6136,6136,换,⿰扌⿳𠂊冂⿻一人,扌
6137,6137,6137,捇,⿰扌⿱⿱十一&CDP-8CB5;,扌
6138,6138,6138,捍,⿰扌⿱日干,扌
6139,6139,6139,挸,⿰扌⿱目⿰丿乚,扌
6140,6140,6140,捡,⿰扌⿳⿱人一𭕄一,扌
6141,6141,6141,捁,⿰扌⿱⿰丿土口,扌
6142,6142,6142,捔,⿰扌角,扌
6143,6143,6143,捐,⿰扌⿱口月,扌
6144,6144,6144,揤,⿰扌⿰&CDP-8B7C;卩,扌
6145,6145,6145,捃,⿰扌⿸⿻&CDP-8BAB;丿口,扌
6146,6146,6146,捄,⿰扌⿺&CDP-85DC;丶,扌
6147,6147,6147,挳,⿰扌⿳一⿲𡿨𡿨𡿨工,扌
6148,6148,6148,捆,⿰扌⿴囗木,扌
6149,6149,6149,捞,⿰扌⿱⿱艹冖⿻丿𠃌,扌
6150,6150,6150,捋,⿰扌⿱⿱丿𭕄寸,扌
6151,6151,6151,挴,⿰扌⿱𠂉母,扌
6152,6152,6152,捏,⿰扌⿱日⿱十一,扌
6153,6153,6153,挵,⿰扌⿱⿱一⿱十一⿻一&CDP-8BF5;,扌
6154,6154,6154,捀,⿰扌⿱夂⿻⿱一⿱一一丨,扌
6155,6155,6155,捊,⿰扌⿱⿱丿𭕄子,扌
6156,6156,6156,挼,⿰扌⿱⿱丿𭕄女,扌
6157,6157,6157,捎,⿰扌⿱⺌月,扌
6158,6158,6158,捒,⿰扌束,扌
6159,6159,6159,挱,⿰扌⿰氵⿱小丿,扌
6160,6160,6160,捜,⿰扌⿱申又,扌
6161,6161,6161,损,⿰扌⿱口贝,扌
6162,6162,6162,挩,⿰扌⿱八⿱口⿰丿乚,扌
6163,6163,6163,捝,⿰扌⿱丷⿱口⿰丿乚,扌
6164,6164,6164,捈,⿰扌⿱⿱人一朩,扌
6165,6165,6165,挮,⿰扌⿱丷⿹⿻弓丨丿,扌
6166,6166,6166,捅,⿰扌⿱龴⿵冂&CDP-8BF1;,扌
6167,6167,6167,捤,⿰扌⿸尸⿱丿&CDP-8A43;,扌
6168,6168,6168,捖,⿰扌⿱宀⿱一⿱一⿰丿乚,扌
6169,6169,6169,挽,⿰扌⿱𠂊&CDP-8BCB;,扌
6170,6170,6170,捂,⿰扌⿱⿱一𫝀口,扌
6171,6171,6171,挾,⿰扌⿻⿻一人⿰人人,扌
6172,6172,6172,捙,⿰扌車,扌
6173,6173,6173,挹,⿰扌⿱口巴,扌
6174,6174,6174,捉,⿰扌⿱口龰,扌
6175,6175,6175,振,⿰扌⿸厂⿱⿱一一&CDP-8CC6;,扌
6176,6176,6176,捚,⿰扌⿱&CDP-8BD9;一,扌
6177,6177,6177,捘,⿰扌⿳厶八夂,扌
6178,6178,6178,挨,⿰扌⿱厶⿱𠂉⿻一人,扌
6179,6179,6179,掁,⿰扌⿳&CDP-884A;一&CDP-8CC6;,扌
6180,6180,6180,推,⿰扌隹,扌
6181,6181,6181,捹,⿰扌⿱⿻一人⿱十⿻一&CDP-8BF5;,扌
6182,6182,6182,掤,⿰扌⿰月月,扌
6183,6183,6183,捭,⿰扌⿱&CDP-89BE;十,扌
6184,6184,6184,捶,⿰扌⿳丿&CDP-876E;一,扌
6185,6185,6185,捵,⿰扌⿱&CDP-89E0;八,扌
6186,6186,6186,措,⿰扌⿱⿱⿻十丨一日,扌
6187,6187,6187,掺,⿰扌⿳厶⿻一人彡,扌
6188,6188,6188,採,⿰扌⿱⿱丿𭕄木,扌
6189,6189,6189,掉,⿰扌⿱⺊⿱日十,扌
6190,6190,6190,掂,⿰扌⿸广⿱⺊口,扌
6191,6191,6191,掇,⿰扌⿱⿰又又⿰又又,扌
6192,6192,6192,捯,⿰扌⿰⿱⿱一厶⿱十一刂,扌
6193,6193,6193,掸,⿰扌⿱丷&CDP-8BD9;,扌
6194,6194,6194,掋,⿰扌⿸广⿱氏丶,扌
6195,6195,6195,捬,⿰扌⿸广⿰亻寸,扌
6196,6196,6196,掛,⿰扌⿰⿱⿱十一⿱十一卜,扌
6197,6197,6197,掼,⿰扌⿱毌贝,扌
6198,6198,6198,掴,⿰扌⿴囗⿷⿱一⿱十一丶,扌
6199,6199,6199,掆,⿰扌⿵冂⿱䒑山,扌
6200,6200,6200,掝,⿰扌⿹⿻⿺⿻一乚丶丿⿱口一,扌
6201,6201,6201,掍,⿰扌⿱日比,扌
6202,6202,6202,掶,⿰扌⿸广&CDP-8DE2;,扌
6203,6203,6203,捷,⿰扌疌,扌
6204,6204,6204,接,⿰扌⿱⿱&CDP-8BAE;一女,扌
6205,6205,6205,掲,⿰扌⿱日⿹勹⿺乚丿,扌
6206,6206,6206,掘,⿰扌⿸尸⿱⿻凵丨凵,扌
6207,6207,6207,捲,⿰扌⿱⿱丷⿻⿱一一人㔾,扌
6208,6208,6208,据,⿰扌⿸尸⿱十口,扌
6209,6209,6209,掬,⿰扌⿹勹米,扌
6210,6210,6210,掎,⿰扌⿱⿻一人⿹⿱一亅口,扌
6211,6211,6211,掯,⿰扌⿱止月,扌
6212,6212,6212,控,⿰扌⿱⿱宀八工,扌
6213,6213,6213,捩,⿰扌⿸⿱丶尸犬,扌
6214,6214,6214,掚,⿰扌⿱一&CDP-8C62;,扌
6215,6215,6215,掕,⿰扌⿳⿱十一八夂,扌
6216,6216,6216,掠,⿰扌⿳⿱丶一口小,扌
6217,6217,6217,掄,⿰扌⿱⿱人一⿵冂⿻十丨,扌
6218,6218,6218,掳,⿰扌⿸⿸⿱⺊&CDP-88E2;⿻㇀乚⿻丿𠃌,扌
6219,6219,6219,掵,⿰扌⿱⿱人一⿰口卩,扌
6220,6220,6220,描,⿰扌⿱艹田,扌
6221,6221,6221,捫,⿰扌⿰𠁣𠃛,扌
6222,6222,6222,捪,⿰扌⿱氏日,扌
6223,6223,6223,掹,⿰扌⿱子皿,扌
6224,6224,6224,捻,⿰扌⿱⿱⿱人丶㇇心,扌
6225,6225,6225,掿,⿰扌⿱艹⿸𠂇口,扌
6226,6226,6226,捺,⿰扌⿱⿻一人示,扌
6227,6227,6227,掜,⿰扌⿱臼⿰丿乚,扌
6228,6228,6228,排,⿰扌非,扌
6229,6229,6229,掽,⿰扌⿱⿱丷一⿱&CDP-85F0;一,扌
6230,6230,6230,掊,⿰扌⿱⿱&CDP-8BAE;一口,扌
6231,6231,6231,捧,⿰扌⿱⿻⿱一⿱一一人&CDP-8BF1;,扌
6232,6232,6232,掮,⿰扌⿸⿱丶尸月,扌
6233,6233,6233,揵,⿰扌⿺廴⿻⿻&CDP-8BAB;丨⿱一一,扌
6234,6234,6234,掐,⿰扌⿱勹臼,扌
6235,6235,6235,掅,⿰扌⿱龶月,扌
6236,6236,6236,掑,⿰扌⿱&CDP-8B72;八,扌
6237,6237,6237,捦,⿰扌⿱人&CDP-8DE3;,扌
6238,6238,6238,捿,⿰扌⿱&CDP-89E5;女,扌
6239,6239,6239,捼,⿰扌⿱⿱丿木女,扌
6240,6240,6240,掞,⿰扌⿱⿱八人⿱八人,扌
6241,6241,6241,授,⿰扌⿱&CDP-8BB8;又,扌
6242,6242,6242,捨,⿰扌⿱人⿱⿱丿十口,扌
6243,6243,6243,掓,⿰扌⿰⿱⿱⺊一小又,扌
6244,6244,6244,掻,⿰扌⿱又虫,扌
6245,6245,6245,掃,⿰扌⿳彐冖巾,扌
6246,6246,6246,掭,⿰扌⿱⿱一⿻一人⿰小丶,扌
6247,6247,6247,探,⿰扌⿱⿱冖⿰丿乚木,扌
6248,6248,6248,掦,⿰扌⿱日⿹勹&CDP-89A6;,扌
6249,6249,6249,掏,⿰扌⿹勹缶,扌
6250,6250,6250,捸,⿰扌隶,扌
6251,6251,6251,捥,⿰扌⿱宀⿰⿴𠂊丶㔾,扌
6252,6252,6252,捾,⿰扌⿱宀㠯,扌
6253,6253,6253,捰,⿰扌⿻日木,扌
6254,6254,6254,掀,⿰扌⿰⿸𠂆⿱一丨欠,扌
6255,6255,6255,捳,⿰扌⿱丘山,扌
6256,6256,6256,掗,⿰扌⿳一&CDP-88A1;一,扌
6257,6257,6257,掖,⿰扌⿱⿱丶一⿰亻&CDP-89F3;,扌
6258,6258,6258,揶,⿰扌⿰耳阝,扌
6259,6259,6259,掩,⿰扌⿱⿻一人⿻日乚,扌
6260,6260,6260,掷,⿰扌⿰⿱丷⿱一⿻一人阝,扌
6261,6261,6261,掙,⿰扌⿱⿱丿𭕄&CDP-8BFE;,扌
6262,6262,6262,掟,⿰扌⿱宀⿱一龰,扌
6263,6263,6263,捽,⿰扌⿱⿱⿱丶一⿰人人十,扌
6264,6264,6264,揙,⿰扌⿸⿱丶尸⿵冂⿻十丨,扌
6265,6265,6265,揣,⿰扌⿱山⿱一⿱丿⿵冂⿰丨丨,扌
6266,6266,6266,揻,⿰扌⿵⿵戊一女,扌
6267,6267,6267,捑,⿰扌⿺⿱𠃋⿻一人日,扌
6268,6268,6268,掫,⿰扌⿰耳又,扌
6269,6269,6269,捴,⿰扌⿱⿱八厶心,扌
6270,6270,6270,捱,⿰扌⿸厂⿱⿱十一⿱十一,扌
6271,6271,6271,揼,⿰扌⿱⿸⿱一丿口⿲㇇亅&CDP-85BF;,扌
6272,6272,6272,摒,⿰扌⿸尸⿱丷⿱一⿻一&CDP-8BF5;,扌
6273,6273,6273,揹,⿰扌⿱⿰&CDP-8BC5;⿺乚丿月,扌
6274,6274,6274,搥,⿰扌⿺辶⿱丿㠯,扌
6275,6275,6275,搽,⿰扌⿳艹人朩,扌
6276,6276,6276,揨,⿰扌⿱&CDP-8C4D;⿱一亅,扌
6277,6277,6277,揰,⿰扌重,扌
6278,6278,6278,插,⿰扌⿻⿱丿十臼,扌
6279,6279,6279,揷,⿰扌⿻⿱丿十日,扌
6280,6280,6280,搀,⿰扌⿱⿱𠂊&CDP-8BCB;⿱丶丶,扌
6281,6281,6281,搓,⿰扌⿸⿱⿱丷一&CDP-8BF1;工,扌
6282,6282,6282,揲,⿰扌⿱世木,扌
6283,6283,6283,揥,⿰扌⿱&CDP-8BEC;巾,扌
6284,6284,6284,搭,⿰扌⿱艹⿱⿱人一口,扌
6285,6285,6285,提,⿰扌⿱日⿱一龰,扌
6286,6286,6286,摡,⿰扌⿰&CDP-8B7C;旡,扌
6287,6287,6287,揯,⿰扌⿰忄⿳一&CDP-8959;一,扌
6288,6288,6288,搄,⿰扌⿰忄⿱一⿱日一,扌
6289,6289,6289,搁,⿰扌⿵门⿱夂口,扌
6290,6290,6290,換,⿰扌⿳𠂊⿵冂八⿻一人,扌
6291,6291,6291,揘,⿰扌⿱白⿱一⿱十一,扌
6292,6292,6292,揮,⿰扌⿱冖車,扌
6293,6293,6293,搰,⿰扌⿱&CDP-89A9;月,扌
6294,6294,6294,揈,⿰扌⿹勹言,扌
6295,6295,6295,揭,⿰扌⿱日⿹勹⿺𠃊人,扌
6296,6296,6296,揂,⿰扌⿱丷酉,扌
6297,6297,6297,揪,⿰扌⿰⿱丿木⿱八人,扌
6298,6298,6298,揀,⿰扌柬,扌
6299,6299,6299,揃,⿰扌⿱⿱丷一⿰月刂,扌
6300,6300,6300,搅,⿰扌⿳𭕄冖见,扌
6301,6301,6301,揆,⿰扌⿱⿰&CDP-88D3;&CDP-88D5;⿱一⿻一人,扌
6302,6302,6302,揢,⿰扌⿱宀⿱夂口,扌
6303,6303,6303,揩,⿰扌⿱比白,扌
6304,6304,6304,揦,⿰扌⿰束刂,扌
6305,6305,6305,揽,⿰扌⿱⿰⿰丨丨&CDP-89BC;见,扌
6306,6306,6306,搂,⿰扌⿱米女,扌
6307,6307,6307,揑,⿰扌⿱臼工,扌
6308,6308,6308,揇,⿰扌⿱十&CDP-8BDC;,扌
6309,6309,6309,揊,⿰扌⿱⿱一口田,扌
6310,6310,6310,揿,⿰扌⿰钅欠,扌
6311,6311,6311,搑,⿰扌⿱艹耳,扌
6312,6312,6312,揉,⿰扌⿱⿱龴⿹⿱乛亅丿木,扌
6313,6313,6313,揓,⿰扌⿰⿱⿱丶一&CDP-8B6C;⿱𠂉也,扌
6314,6314,6314,揌,⿰扌⿱田心,扌
6315,6315,6315,搔,⿰扌⿱⿴又丶虫,扌
6316,6316,6316,搜,⿰扌⿱&CDP-884F;又,扌
6317,6317,6317,揬,⿰扌⿱⿱宀八犬,扌
6318,6318,6318,揾,⿰扌⿱日皿,扌
6319,6319,6319,握,⿰扌⿸尸⿱⿱一厶⿱十一,扌
6320,6320,6320,揋,⿰扌⿳田一&CDP-8CC6;,扌
6321,6321,6321,揕,⿰扌⿱&CDP-88C8;⿷匚⿰丿乚,扌
6322,6322,6322,搊,⿰扌⿱&CDP-8D65;&CDP-8D65;,扌
6323,6323,6323,揳,⿰扌⿱⿰⿻⿱一⿱一一丨⿹𠃌丿⿻一人,扌
6324,6324,6324,揎,⿰扌⿱宀⿱一⿱日一,扌
6325,6325,6325,揗,⿰扌⿸𠂆⿱十目,扌
6326,6326,6326,揟,⿰扌⿱疋月,扌
6327,6327,6327,掾,⿰扌⿱彑𧰨,扌
6328,6328,6328,援,⿰扌⿳⿱丿𭕄一⿸𠂇又,扌
6329,6329,6329,揠,⿰扌⿷匚⿱日女,扌
6330,6330,6330,揚,⿰扌⿱⿱日一⿹勹&CDP-89A6;,扌
6331,6331,6331,揺,⿰扌⿱⿱丿𭕄⿶凵干,扌
6332,6332,6332,揄,⿰扌⿱⿱人一⿰月刂,扌
6333,6333,6333,揖,⿰扌⿱口耳,扌
6334,6334,6334,揜,⿰扌⿱⿱⿱人一口⿻一&CDP-8BF5;,扌
6335,6335,6335,揸,⿰扌⿱木⿱日一,扌
6336,6336,6336,揁,⿰扌⿱⺊⿱目八,扌
6337,6337,6337,揍,⿰扌⿱⿻⿱一⿱一一人⿱一⿻一人,扌
6338,6338,6338,揝,⿰扌⿱⿺夂卜日,扌
6339,6339,6339,揔,⿰扌⿱⿻⿹勹&CDP-89A6;丶心,扌
6340,6340,6340,搃,⿰扌⿱⿱丷口心,扌
6341,6341,6341,揞,⿰扌⿱⿱&CDP-8BAE;一日,扌
6342,6342,6342,搒,⿰扌⿱&CDP-8BEC;⿱⿱丶一&CDP-8B6C;,扌
6343,6343,6343,摈,⿰扌⿱宀⿱丘八,扌
6344,6344,6344,搏,⿰扌⿱⿺&CDP-86B7;丶寸,扌
6345,6345,6345,搬,⿰扌⿰舟⿱𠘧又,扌
6346,6346,6346,摆,⿰扌⿱罒⿱⿱十一厶,扌
6347,6347,6347,搋,⿰扌⿸𠂆⿸⿸⿱⺊&CDP-88E2;⿻㇀乚几,扌
6348,6348,6348,搐,⿰扌⿱⿱⿱丶一⿰&CDP-895C;丶田,扌
6349,6349,6349,摛,⿰扌⿱⿱⿱丶一⿶凵㐅⿻冂厶,扌
6350,6350,6350,搗,⿰扌⿹&CDP-8CBB;山,扌
6351,6351,6351,摓,⿰扌⿺辶⿱夂⿻⿱一⿱一一丨,扌
6352,6352,6352,搆,⿰扌⿱⿱井一冉,扌
6353,6353,6353,摃,⿰扌⿱工⿱目八,扌
6354,6354,6354,搞,⿰扌⿳⿱丶一口⿵冂口,扌
6355,6355,6355,撶,⿰扌⿱艹&CDP-8BF8;,扌
6356,6356,6356,搳,⿰扌⿱⿱宀⿻⿱一⿱一一丨口,扌
6357,6357,6357,搩,⿰扌⿱⿰⿴𠂊丶㐄木,扌
6358,6358,6358,搛,⿰扌⿱⿱丷一&CDP-8CDE;,扌
6359,6359,6359,搢,⿰扌⿱⿱一⿱&CDP-85F0;一日,扌
6360,6360,6360,搕,⿰扌⿱⿱⿱十一厶皿,扌
6361,6361,6361,摙,⿰扌⿺辶車,扌
6362,6362,6362,搮,⿰扌⿱⿱一&CDP-86EA;木,扌
6363,6363,6363,搚,⿰扌⿱⿱⿻丿𠃌⿰⿻丿𠃌⿻丿𠃌月,扌
6364,6364,6364,搣,⿰扌⿵⿵戊一⿱八人,扌
6365,6365,6365,摸,⿰扌⿱艹⿱日⿻一人,扌
6366,6366,6366,搦,⿰扌⿰&CDP-8CC4;&CDP-8CC4;,扌
6367,6367,6367,搙,⿰扌⿱⿸厂⿱⿱一一&CDP-8CC6;寸,扌
6368,6368,6368,搶,⿰扌⿱⿱人丶⿸&CDP-89CE;口,扌
6369,6369,6369,搝,⿰扌⿱自犬,扌
6370,6370,6370,搼,⿰扌⿱⿱丷⿻⿱一一人手,扌
6371,6371,6371,搉,⿰扌⿻冖隹,扌
6372,6372,6372,搇,⿰扌⿱⿱⿱人丶㇇⿱⿱丶一𧘇,扌
6373,6373,6373,搈,⿰扌⿱宀谷,扌
6374,6374,6374,搠,⿰扌⿰⿱⿱丷一⿻凵丨月,扌
6375,6375,6375,摂,⿰扌⿱耳&CDP-89AE;,扌
6376,6376,6376,摄,⿰扌⿱耳⿰又又,扌
6377,6377,6377,搧,⿰扌⿸⿱丶尸⿰⿹𠃌冫⿹𠃌冫,扌
6378,6378,6378,摅,⿰扌⿸⿸⿱⺊&CDP-88E2;⿻㇀乚心,扌
6379,6379,6379,摋,⿰扌⿰⿱㐅朩⿱𠘧又,扌
6380,6380,6380,摉,⿰扌⿳宀⿱八人⿴𠂊丶,扌
6381,6381,6381,搎,⿰扌⿰子⿱丿⿱⿰&CDP-895C;丶小,扌
6382,6382,6382,搡,⿰扌⿱⿱又⿰又又木,扌
6383,6383,6383,損,⿰扌⿱口⿱目八,扌
6384,6384,6384,搷,⿰扌⿱十⿱&CDP-8BA5;八,扌
6385,6385,6385,搨,⿰扌⿱日⿰⿹𠃌冫⿹𠃌冫,扌
6386,6386,6386,搪,⿰扌⿸广&CDP-8CC1;,扌
6387,6387,6387,摊,⿰扌⿰又隹,扌
6388,6388,6388,搯,⿰扌⿱⿱丿𭕄臼,扌
6389,6389,6389,搵,⿰扌⿱⿴囗人皿,扌
6390,6390,6390,搲,⿰扌⿱⿱宀八瓜,扌
6391,6391,6391,摀,⿰扌⿹&CDP-89DF;灬,扌
6392,6392,6392,携,⿰扌⿱隹⿹𠄎丿,扌
6393,6393,6393,搟,⿰扌⿰車干,扌
6394,6394,6394,搖,⿰扌⿱⿱丿𭕄缶,扌
6395,6395,6395,摇,⿰扌⿱⿱丿𭕄缶,扌
6396,6396,6396,搾,⿰扌⿱⿱宀八乍,扌
6397,6397,6397,搱,⿰扌⿸尸⿱⿱&CDP-8BAE;一十,扌
6398,6398,6398,搸,⿰扌⿱⿻⿱一⿱一一人⿱丿木,扌
6399,6399,6399,搘,⿰扌⿱⿸耂⿺乚丿日,扌
6400,6400,6400,搌,⿰扌⿸尸&CDP-8CE5;,扌
6401,6401,6401,搤,⿰扌⿱&CDP-8CF0;皿,扌
6402,6402,6402,搹,⿰扌⿳一口⿵⿵冂⿰丿乚⿱一丨,扌
6403,6403,6403,摁,⿰扌⿱⿴囗⿻一人心,扌
6404,6404,6404,摽,⿰扌⿱⿱一&CDP-86EA;示,扌
6405,6405,6405,摐,⿰扌⿰彳&CDP-8BB0;,扌
6406,6406,6406,摲,⿰扌⿰車⿸𠂆⿱一丨,扌
6407,6407,6407,摻,⿰扌⿱⿱⿱厶⿰厶厶人彡,扌
6408,6408,6408,摚,⿰扌⿱⿱⿱⺌冖口⿱十一,扌
6409,6409,6409,撦,⿰扌⿱⿻一人⿸耂日,扌
6410,6410,6410,摏,⿰扌⿱⿻⿱一⿱一一人臼,扌
6411,6411,6411,摴,⿰扌⿱⿱一⿻冂&CDP-8C41;⿱一⿱一㇉,扌
6412,6412,6412,摌,⿰扌⿸⿱&CDP-8BAE;厂生,扌
6413,6413,6413,摧,⿰扌⿱山隹,扌
6414,6414,6414,摕,⿰扌⿳&CDP-8C4B;冖巾,扌
6415,6415,6415,摜,⿰扌⿱毌⿱目八,扌
6416,6416,6416,摑,⿰扌⿴囗⿹⿻⿺⿻一乚丶丿⿱口一,扌
6417,6417,6417,摫,⿰扌⿰⿻⿱一一人⿱目⿰丿乚,扌
6418,6418,6418,摦,⿰扌⿰⿱⿻一人⿱一⿱一㇉瓜,扌
6419,6419,6419,撖,⿰扌⿰⿱乛耳攵,扌
6420,6420,6420,撗,⿰扌⿳⿱⿻十丨一由八,扌
6421,6421,6421,摢,⿰扌⿸⿸⿱⺊&CDP-88E2;⿻㇀乚乎,扌
6422,6422,6422,摪,⿰扌⿰爿&CDP-8BC3;,扌
6423,6423,6423,摎,⿰扌⿱⿰⿹𠃌冫⿹𠃌冫⿱人彡,扌
6424,6424,6424,摷,⿰扌⿱⿲𡿨𡿨𡿨⿻日木,扌
6425,6425,6425,摼,⿰扌⿱⿰臣又⿱十一,扌
6426,6426,6426,摳,⿰扌⿷匚⿱口⿰口口,扌
6427,6427,6427,撛,⿰扌⿱米⿰⿴𠂊丶㐄,扌
6428,6428,6428,撂,⿰扌⿱田⿱夂口,扌
6429,6429,6429,摞,⿰扌⿱田⿱⿰&CDP-895C;丶小,扌
6430,6430,6430,摝,⿰扌⿸&CDP-8D56;比,扌
6431,6431,6431,摟,⿰扌⿱&CDP-89C5;女,扌
6432,6432,6432,摱,⿰扌⿳日罒又,扌
6433,6433,6433,撇,⿰扌⿰⿻丷⿻巾八攵,扌
6434,6434,6434,撁,⿰扌⿱&CDP-89FE;牛,扌
6435,6435,6435,摤,⿰扌⿻⿻一人⿰⿱㐅⿻丿乀⿱㐅⿻丿乀,扌
6436,6436,6436,摖,⿰扌⿱&CDP-8C4F;示,扌
6437,6437,6437,摔,⿰扌⿱⿻⿱⿱丶一⿰&CDP-895C;丶&CDP-89AE;十,扌
6438,6438,6438,摍,⿰扌⿱宀⿰亻⿱一白,扌
6439,6439,6439,摵,⿰扌⿵戊⿱⿱⺊一小,扌
6440,6440,6440,摗,⿰扌⿰束欠,扌
6441,6441,6441,摶,⿰扌⿱&CDP-8BD0;寸,扌
6442,6442,6442,摥,⿰扌⿱𠂉⿱⿱日一⿹勹&CDP-89A6;,扌
6443,6443,6443,撱,⿰扌⿰阝&CDP-8CA9;,扌
6444,6444,6444,摿,⿰扌⿱人⿱⿱&CDP-8BAE;一日,扌
6445,6445,6445,撄,⿰扌⿱⿰贝贝女,扌
6446,6446,6446,摬,⿰扌⿱⿱⿱&CDP-8BAE;一日⿰丿乚,扌
6447,6447,6447,撯,⿰扌⿸⿱⿱丷一&CDP-8BF1;目,扌
6448,6448,6448,擆,⿰扌⿱艹⿸耂日,扌
6449,6449,6449,撾,⿰扌⿺辶⿵⿱⿵冂𠃍冂口,扌
6450,6450,6450,摺,⿰扌⿱⿰⿹𠃌冫⿹𠃌冫白,扌
6451,6451,6451,摭,⿰扌⿸广⿱廿灬,扌
6452,6452,6452,摣,⿰扌⿸⿸⿱⺊&CDP-88E2;⿻㇀乚且,扌
6453,6453,6453,摘,⿰扌⿱&CDP-8BAE;&CDP-8C6C;,扌
6454,6454,6454,摠,⿰扌⿱⿴⿱丿囗夂心,扌
6455,6455,6455,撪,⿰扌⿳厶⿻一人車,扌
6456,6456,6456,撥,⿰扌⿱⿰&CDP-88D3;&CDP-88D5;⿰弓⿱𠘧又,扌
6457,6457,6457,播,⿰扌⿱⿱丿米田,扌
6458,6458,6458,撤,⿲扌⿱⿻一厶月攵,扌
6459,6459,6459,撐,⿰扌⿱⿱⿱⺌冖口牙,扌
6460,6460,6460,撑,⿰扌⿱⿱⿱⺌冖口手,扌
6461,6461,6461,撺,⿰扌⿱⿱宀八⿻⿱口口丨,扌
6462,6462,6462,撮,⿰扌⿱日⿰耳又,扌
6463,6463,6463,撡,⿰扌⿱⿱⿱厶⿰厶厶人⿰小丶,扌
6464,6464,6464,撘,⿰扌⿱竹⿱⿱人一口,扌
6465,6465,6465,撴,⿰扌⿰⿳⿱丶一口子攵,扌
6466,6466,6466,撣,⿰扌⿱⿰口口&CDP-8BD9;,扌
6467,6467,6467,撢,⿰扌⿱⿱一&CDP-86EA;⿱日十,扌
6468,6468,6468,撫,⿰扌⿱&CDP-8BBE;灬,扌
6469,6469,6469,撌,⿰扌⿱⿱⿻口丨一⿱目八,扌
6470,6470,6470,撝,⿰扌爲,扌
6471,6471,6471,撔,⿰扌⿱日⿳⿱丶一口小,扌
6472,6472,6472,摾,⿰扌⿰弓⿱口虫,扌
6473,6473,6473,擑,⿰扌⿰⿱口耳⿻⿺⿻一乚丶丿,扌
6474,6474,6474,撟,⿰扌⿱⿱⿱丿⿻一人口⿵冂口,扌
6475,6475,6475,撹,⿰扌⿳𭕄冖⿱目⿰丿乚,扌
6476,6476,6476,撅,⿰扌⿸厂⿰⿱⿱丷一⿻凵丨欠,扌
6477,6477,6477,撧,⿰扌⿰⿱⿰&CDP-895C;丶&CDP-885E;&CDP-8CEA;,扌
6478,6478,6478,撠,⿰扌⿰⿱十⿱日十⿻⿺⿻一乚丶丿,扌
6479,6479,6479,撩,⿰扌⿱⿱⿻⿻一人丷日小,扌
6480,6480,6480,撈,⿰扌⿱⿱⿰⿱八人⿱八人冖⿻丿𠃌,扌
6481,6481,6481,撸,⿰扌⿱⿳𠂊田一日,扌
6482,6482,6482,撚,⿰扌⿱&CDP-8BB5;灬,扌
6483,6483,6483,撵,⿰扌⿱⿰⿻⿱一一人⿻⿱一一人车,扌
6484,6484,6484,撓,⿰扌⿱⿱⿱十一⿰⿱十一⿱十一⿱一⿰丿乚,扌
6485,6485,6485,撲,⿰扌⿳⿱&CDP-85F0;一⿱丷一⿻⿱一一人,扌
6486,6486,6486,撬,⿰扌⿱⿱丿&CDP-8A43;⿰⿱丿&CDP-8A43;⿱丿&CDP-8A43;,扌
6487,6487,6487,擖,⿰扌⿱艹⿱日⿹勹⿺𠃊人,扌
6488,6488,6488,撳,⿰扌⿰⿱人&CDP-8DE3;欠,扌
6489,6489,6489,擒,⿰扌⿱人⿱⿱⿱丶一⿶凵㐅⿻冂厶,扌
6490,6490,6490,擏,⿰扌⿰⿱艹⿹勹口攵,扌
6491,6491,6491,撋,⿰扌⿵⿰𠁣𠃛⿱一⿱十一,扌
6492,6492,6492,撕,⿰扌⿰⿱&CDP-8B72;八⿸𠂆⿱一丨,扌
6493,6493,6493,撒,⿰扌⿰&CDP-8CEC;攵,扌
6494,6494,6494,撻,⿰扌⿺辶⿱⿱十一⿱⿱丷一&CDP-8BF1;,扌
6495,6495,6495,撊,⿰扌⿵⿰𠁣𠃛月,扌
6496,6496,6496,撏,⿰扌⿳彐&CDP-8CFA;寸,扌
6497,6497,6497,撷,⿰扌⿰⿱⿱十一口页,扌
6498,6498,6498,擕,⿰扌⿱隹&CDP-8DDF;,扌
6499,6499,6499,撨,⿰扌⿱隹灬,扌
6500,6500,6500,擛,⿰扌⿱艹⿱世木,扌
6501,6501,6501,撎,⿰扌⿳⿱十一冖豆,扌
6502,6502,6502,撰,⿰扌⿱⿰巳巳⿱⿱⿻十丨一八,扌
6503,6503,6503,撞,⿰扌⿱⿱&CDP-8BAE;一⿱&CDP-8BD9;一,扌
6504,6504,6504,摨,⿰扌⿸尸⿱⿻亅&CDP-89AE;牛,扌
6505,6505,6505,撜,⿰扌⿱⿰&CDP-88D3;&CDP-88D5;豆,扌
6506,6506,6506,撍,⿰扌⿱⿰旡旡日,扌
6507,6507,6507,撙,⿰扌⿱⿱丷酉寸,扌
6508,6508,6508,擉,⿰扌⿱罒⿹勹虫,扌
6509,6509,6509,操,⿰扌⿱⿱口⿰口口木,扌
6510,6510,6510,擔,⿰扌⿸⿱𠂊厂&CDP-8CC3;,扌
6511,6511,6511,擋,⿰扌⿱⿱⿱⺌冖口田,扌
6512,6512,6512,擀,⿰扌⿰⿱十⿱日十⿱人干,扌
6513,6513,6513,擐,⿰扌⿳罒⿱一口𧘇,扌
6514,6514,6514,擭,⿰扌⿱艹⿱隹又,扌
6515,6515,6515,撼,⿰扌⿱⿵⿵戊一口心,扌
6516,6516,6516,撿,⿰扌⿳⿱人一⿰口口⿰人人,扌
6517,6517,6517,據,⿰扌⿸⿸⿱⺊&CDP-88E2;⿻㇀乚⿱一𧰨,扌
6518,6518,6518,擓,⿰扌⿷匚⿰氵隹,扌
6519,6519,6519,擂,⿰扌⿱⿱一⿻冂&CDP-8C41;田,扌
6520,6520,6520,擄,⿰扌⿸⿸⿱⺊&CDP-88E2;⿻㇀乚⿱田⿻丿𠃌,扌
6521,6521,6521,擝,⿰扌⿱⿰日月皿,扌
6522,6522,6522,擃,⿰扌⿱曲⿸厂⿱⿱一一&CDP-8CC6;,扌
6523,6523,6523,擗,⿰扌⿰⿸尸口⿱⿱&CDP-8BAE;一十,扌
6524,6524,6524,擈,⿰扌⿱⿱&CDP-85F0;一⿱⿱丷一未,扌
6525,6525,6525,撽,⿰扌⿰⿱白⿱⿱丶一&CDP-8B6C;攵,扌
6526,6526,6526,擅,⿰扌⿱⿱⿱丶一⿴囗口⿱日一,扌
6527,6527,6527,擌,⿰扌⿱竹⿻⿻一人⿰人人,扌
6528,6528,6528,擞,⿰扌⿰⿱米女攵,扌
6529,6529,6529,擁,⿰扌⿱⿱丶一&CDP-8DB5;,扌
6530,6530,6530,擳,⿰扌⿱竹⿰&CDP-8B7C;卩,扌
6531,6531,6531,擇,⿰扌⿱罒⿱⿱十一⿱丷干,扌
6532,6532,6532,擙,⿰扌⿱&CDP-8D7C;⿻一人,扌
6533,6533,6533,擜,⿰扌⿰⿱十&CDP-8BDC;犬,扌
6534,6534,6534,擯,⿰扌⿱&CDP-8D74;⿱目八,扌
6535,6535,6535,擦,⿰扌⿱宀⿱&CDP-8C4F;示,扌
6536,6536,6536,攃,⿰扌⿱艹⿱&CDP-8C4F;示,扌
6537,6537,6537,擣,⿰扌⿳⿳⿱十一乛工一⿰口寸,扌
6538,6538,6538,擱,⿰扌⿵⿰𠁣𠃛⿱夂口,扌
6539,6539,6539,擮,⿰扌⿹⿶⿻⿺⿻一乚丶丿十隹,扌
6540,6540,6540,擠,⿰扌⿱&CDP-8DEB;&CDP-89C6;,扌
6541,6541,6541,擴,⿰扌⿸广⿳⿱⿻十丨一由八,扌
6542,6542,6542,擟,⿰扌⿱一&CDP-88D6;,扌
6543,6543,6543,擰,⿰扌⿱⿱宀⿱心皿⿱一亅,扌
6544,6544,6544,擬,⿰扌⿰⿱⿺乚丿⿱𠂉⿻一人⿱龴疋,扌
6545,6545,6545,擩,⿰扌⿱⿱一⿻冂&CDP-8C41;⿱一⿱丿⿵冂⿰丨丨,扌
6546,6546,6546,擿,⿰扌⿺辶⿱&CDP-8BAE;&CDP-8C6C;,扌
6547,6547,6547,擡,⿰扌⿳⿱⿱十一口冖⿱⿱一厶⿱十一,扌
6548,6548,6548,擤,⿰扌⿱自⿱田⿱一&CDP-8BF5;,扌
6549,6549,6549,擫,⿰扌⿸厂⿰⿱⿵冂⿱一一月犬,扌
6550,6550,6550,擨,⿰扌⿰⿸𠂆⿸⿸⿱⺊&CDP-88E2;⿻㇀乚几欠,扌
6551,6551,6551,攁,⿰扌⿱⿱⿱丷一⿱十一⿱人⿱丶艮,扌
6552,6552,6552,擢,⿰扌⿱⿰⿹𠃌冫⿹𠃌冫隹,扌
6553,6553,6553,擲,⿰扌⿰⿱⿱丷酉⿻一人阝,扌
6554,6554,6554,擺,⿰扌⿱罒⿰⿱厶⿵⺆冫⿱⿺乚丿⿺乚丿,扌
6555,6555,6555,擶,⿰扌⿱竹⿱⿱丷一⿰月刂,扌
6556,6556,6556,擸,⿰扌⿳⿲𡿨𡿨𡿨⿴囗㐅&CDP-8D46;,扌
6557,6557,6557,攂,⿰扌⿱田⿰田田,扌
6558,6558,6558,擽,⿰扌⿱&CDP-8BF4;木,扌
6559,6559,6559,擼,⿰扌⿱⿳𠂊田灬日,扌
6560,6560,6560,擵,⿰扌⿸⿸广⿰木木手,扌
6561,6561,6561,攆,⿰扌⿱⿰⿻⿱一一人⿻⿱一一人車,扌
6562,6562,6562,擾,⿰扌⿱⿱&CDP-8CD4;心夂,扌
6563,6563,6563,攄,⿰扌⿸⿸⿱⺊&CDP-88E2;⿻㇀乚⿱田心,扌
6564,6564,6564,擻,⿰扌⿰⿱&CDP-89C5;女攵,扌
6565,6565,6565,擹,⿰扌⿰&CDP-8BD3;欠,扌
6566,6566,6566,擷,⿰扌⿰⿱⿱十一口頁,扌
6567,6567,6567,攅,⿰扌⿱⿰⿻⿱一一人⿻⿱一一人⿱目八,扌
6568,6568,6568,攒,⿰扌⿱⿰⿱⿰丿土⿰丿乚⿱⿰丿土⿰丿乚贝,扌
6569,6569,6569,攌,⿰扌⿴囗⿳罒⿱一口𧘇,扌
6570,6570,6570,攉,⿰扌⿱⿱一⿻冂&CDP-8C41;隹,扌
6571,6571,6571,攈,⿰扌⿸⿸&CDP-8D56;比⿱丿木,扌
6572,6572,6572,攋,⿰扌⿰束⿱𠂊⿱目八,扌
6573,6573,6573,攊,⿰扌⿸⿸厂⿰⿱丿木⿱丿木止,扌
6574,6574,6574,攎,⿰扌⿸⿸⿱⺊&CDP-88E2;⿻㇀乚&CDP-8CF4;,扌
6575,6575,6575,攏,⿰扌⿰⿱⿱&CDP-8BAE;一月&CDP-89B0;,扌
6576,6576,6576,攐,⿰扌⿱⿳宀⿱井一八⿱⿱丶一𧘇,扌
6577,6577,6577,攑,⿰扌⿱⿶&CDP-8BA8;&CDP-8BC2;&CDP-8BF1;,扌
6578,6578,6578,攚,⿰扌⿱⿱⿰⿱八人⿱八人冖⿳口丿口,扌
6579,6579,6579,攇,⿰扌⿳⿱宀⿻⿱一⿱一一丨罒心,扌
6580,6580,6580,攍,⿰扌⿱⿱⿱⿱丶一𠃊口⿲月女⿵几丶,扌
6581,6581,6581,攙,⿰扌⿱⿱⿱𠂊口比⿷⿱𠂊&CDP-8BCB;丶,扌
6582,6582,6582,攔,⿰扌⿵⿰𠁣𠃛柬,扌
6583,6583,6583,攗,⿰扌⿸⿸&CDP-8D56;比米,扌
6584,6584,6584,攓,⿰扌⿱⿳宀⿱井一八⿱口龰,扌
6585,6585,6585,攘,⿰扌⿳⿱丶一&CDP-8CA3;𧘇,扌
6586,6586,6586,攕,⿰扌⿹⿶⿻⿺⿻一乚丶丿⿰人人⿱非一,扌
6587,6587,6587,攖,⿰扌⿱⿰⿱目八⿱目八女,扌
6588,6588,6588,攡,⿰扌⿰⿱⿱⿱丶一⿶凵㐅⿻冂厶隹,扌
6589,6589,6589,攛,⿰扌⿱⿱宀八⿱臼&CDP-8D46;,扌
6590,6590,6590,攝,⿰扌⿱耳⿰耳耳,扌
6591,6591,6591,攜,⿰扌⿱⿱山隹⿵冂⿱八口,扌
6592,6592,6592,攧,⿰扌⿰⿱十⿱&CDP-8BA5;八頁,扌
6593,6593,6593,攟,⿰扌⿸⿸&CDP-8D56;比⿴囗⿱丿木,扌
6594,6594,6594,攞,⿰扌⿱罒⿰⿱⿰&CDP-895C;丶&CDP-885E;隹,扌
6595,6595,6595,攦,⿰扌⿱⿰⿱一⿵冂一⿱一⿵冂一⿸&CDP-8D56;比,扌
6596,6596,6596,攠,⿰扌⿸⿸广⿰木木非,扌
6597,6597,6597,攤,⿰扌⿰&CDP-8BD3;隹,扌
6598,6598,6598,攢,⿰扌⿱⿰⿱⿰丿土⿰丿乚⿱⿰丿土⿰丿乚⿱目八,扌
6599,6599,6599,攩,⿰扌⿱⿱⿱⺌冖口⿱&CDP-88D4;灬,扌
6600,6600,6600,攪,⿰扌⿱⿶&CDP-8B64;⿱㐅⿻丿乀⿱目⿰丿乚,扌
6601,6601,6601,攫,⿰扌⿱⿱⿰目目隹又,扌
6602,6602,6602,攨,⿰扌⿳⿱宀八瓜⿰瓜瓜,扌
6603,6603,6603,攥,⿰扌⿱⿳竹目⿻一人⿱⿰&CDP-895C;丶小,扌
6604,6604,6604,攭,⿰扌⿱⿱彑𧰨⿰虫虫,扌
6605,6605,6605,攬,⿰扌⿱&CDP-8D50;⿱目⿰丿乚,扌
6606,6606,6606,攮,⿰扌⿳&CDP-8DDD;冖⿱&CDP-8CA3;𧘇,扌
6607,6607,6607,汌,⿰氵川,氵
6608,6608,6608,汊,⿰氵⿴又丶,氵
6609,6609,6609,池,⿰氵也,氵
6610,6610,6610,汏,⿰氵⿻一人,氵
6611,6611,6611,汎,⿰氵⿵几丶,氵
6612,6612,6612,汗,⿰氵干,氵
6613,6613,6613,江,⿰氵工,氵
6614,6614,6614,汣,⿰氵久,氵
6615,6615,6615,汲,⿰氵及,氵
6616,6616,6616,汒,⿰氵⿱⿱丶一𠃊,氵
6617,6617,6617,汓,⿰氵子,氵
6618,6618,6618,汘,⿰氵⿱丿十,氵
6619,6619,6619,汔,⿰氵⿱𠂉乙,氵
6620,6620,6620,汝,⿰氵女,氵
6621,6621,6621,汕,⿰氵山,氵
6622,6622,6622,汤,⿰氵𠃓,氵
6623,6623,6623,汜,⿰氵巳,氵
6624,6624,6624,汢,⿰氵⿱十一,氵
6625,6625,6625,汑,⿰氵⿱丿⿻㇀乚,氵
6626,6626,6626,汍,⿰氵⿻九丶,氵
6627,6627,6627,汙,⿰氵于,氵
6628,6628,6628,汚,⿰氵⿱一⿻一㇉,氵
6629,6629,6629,污,⿰氵⿱一⿱一㇉,氵
6630,6630,6630,汛,⿰氵⿹⺄十,氵
6631,6631,6631,汐,⿰氵⿴𠂊丶,氵
6632,6632,6632,汋,⿰氵⿹勹丶,氵
6633,6633,6633,汷,⿰氵夂,氵
6634,6634,6634,氵,氵,氵
6635,6635,6635,汈,⿰氵⿹𠃌㇀,氵
6636,6636,6636,氾,⿰氵㔾,氵
6637,6637,6637,氿,⿰氵九,氵
6638,6638,6638,汇,⿰氵匚,氵
6639,6639,6639,汉,⿰氵又,氵
6640,6640,6640,氻,⿰氵⿻丿𠃌,氵
6641,6641,6641,汅,⿰氵⿱一㇉,氵
6642,6642,6642,汃,⿰氵八,氵
6643,6643,6643,汀,⿰氵⿱一亅,氵
6644,6644,6644,汁,⿰氵十,氵
6645,6645,6645,汄,⿰氵人,氵
6646,6646,6646,汳,⿰氵⿸𠂆又,氵
6647,6647,6647,汴,⿰氵⿱丶⿱一卜,氵
6648,6648,6648,沘,⿰氵比,氵
6649,6649,6649,沉,⿰氵⿱冖几,氵
6650,6650,6650,沖,⿰氵⿻口丨,氵
6651,6651,6651,沧,⿰氵⿱人㔾,氵
6652,6652,6652,沌,⿰氵⿻丿⿻凵乚,氵
6653,6653,6653,泛,⿰氵⿱丿⿱丶&CDP-8661;,氵
6654,6654,6654,汾,⿰氵⿱八⿹𠃌丿,氵
6655,6655,6655,沨,⿰氵⿵几㐅,氵
6656,6656,6656,汸,⿰氵⿱⿱丶一&CDP-8B6C;,氵
6657,6657,6657,沣,⿰氵⿻⿱一⿱一一丨,氵
6658,6658,6658,汵,⿰氵⿱⿱人丶㇇,氵
6659,6659,6659,沟,⿰氵⿹勹厶,氵
6660,6660,6660,汩,⿰氵曰,氵
6661,6661,6661,沎,⿰氵⿰亻⿻乚丿,氵
6662,6662,6662,沆,⿰氵⿱⿱丶一几,氵
6663,6663,6663,汯,⿰氵⿸𠂇厶,氵
6664,6664,6664,沍,⿰氵⿱一彑,氵
6665,6665,6665,沪,⿰氵⿱丶尸,氵
6666,6666,6666,汻,⿰氵⿱𠂉十,氵
6667,6667,6667,決,⿰氵⿻𠃍⿻一人,氵
6668,6668,6668,洰,⿰氵巨,氵
6669,6669,6669,汮,⿰氵⿹勹冫,氵
6670,6670,6670,泲,⿰氵⿹&CDP-87C2;丿,氵
6671,6671,6671,汫,⿰氵井,氵
6672,6672,6672,泐,⿰氵⿰阝⿻丿𠃌,氵
6673,6673,6673,沥,⿰氵⿸厂⿻丿𠃌,氵
6674,6674,6674,沦,⿰氵⿱人⿺乚丿,氵
6675,6675,6675,沔,⿰氵丏,氵
6676,6676,6676,沒,⿰氵&CDP-8BA1;,氵
6677,6677,6677,没,⿰氵⿱𠘧又,氵
6678,6678,6678,汶,⿰氵⿱⿱丶一⿻丿乀,氵
6679,6679,6679,汨,⿰氵日,氵
6680,6680,6680,沕,⿰氵⿹勹&CDP-89A6;,氵
6681,6681,6681,沐,⿰氵木,氵
6682,6682,6682,汼,⿰氵牛,氵
6683,6683,6683,沑,⿰氵丑,氵
6684,6684,6684,沠,⿰氵爪,氵
6685,6685,6685,沜,⿰氵片,氵
6686,6686,6686,沛,⿰氵⿻一巾,氵
6687,6687,6687,汧,⿰氵⿱一⿻一&CDP-8BF5;,氵
6688,6688,6688,汽,⿰氵⿳𠂉一乁,氵
6689,6689,6689,沁,⿰氵心,氵
6690,6690,6690,沏,⿰氵⿰⿻㇀乚⿹𠃌丿,氵
6691,6691,6691,汭,⿰氵⿻冂人,氵
6692,6692,6692,沙,⿰氵⿱小丿,氵
6693,6693,6693,沈,⿰氵冘,氵
6694,6694,6694,泤,⿰氵以,氵
6695,6695,6695,汱,⿰氵犬,氵
6696,6696,6696,汰,⿰氵⿵⿻一人丶,氵
6697,6697,6697,沩,⿰氵为,氵
6698,6698,6698,沃,⿰氵⿱丿⿻一人,氵
6699,6699,6699,汪,⿰氵⿱一⿱十一,氵
6700,6700,6700,汹,⿰氵⿶凵㐅,氵
6701,6701,6701,汿,⿰氵⿱龴⿱乛亅,氵
6702,6702,6702,泅,⿰氵⿴囗人,氵
6703,6703,6703,泈,⿰氵⿱夂⿱丶丶,氵
6704,6704,6704,沅,⿰氵⿱一⿱一⿰丿乚,氵
6705,6705,6705,沂,⿰氵⿸𠂆⿱一丨,氵
6706,6706,6706,沋,⿰氵⿺尢丶,氵
6707,6707,6707,沄,⿰氵⿱⿱一一厶,氵
6708,6708,6708,沇,⿰氵⿱厶⿰丿乚,氵
6709,6709,6709,汥,⿰氵⿱十又,氵
6710,6710,6710,汦,⿰氵氏,氵
6711,6711,6711,沚,⿰氵止,氵
6712,6712,6712,沢,⿰氵尺,氵
6713,6713,6713,沞,⿰氵⿱一巾,氵
6714,6714,6714,沤,⿰氵⿷匚㐅,氵
6715,6715,6715,泌,⿰氵⿻心丿,氵
6716,6716,6716,泊,⿰氵白,氵
6717,6717,6717,泍,⿰氵本,氵
6718,6718,6718,波,⿰氵皮,氵
6719,6719,6719,泏,⿰氵⿱⿻凵丨凵,氵
6720,6720,6720,泟,⿰氵⿱一止,氵
6721,6721,6721,沲,⿰氵⿱𠂉也,氵
6722,6722,6722,泹,⿰氵⿱日一,氵
6723,6723,6723,沸,⿰氵⿻弓&CDP-8BF5;,氵
6724,6724,6724,泭,⿰氵⿰亻寸,氵
6725,6725,6725,沷,⿰氵⿺⿸𠂇又丶,氵
6726,6726,6726,法,⿰氵⿱⿱十一厶,氵
6727,6727,6727,泔,⿰氵甘,氵
6728,6728,6728,沽,⿰氵⿱十口,氵
6729,6729,6729,泒,⿰氵瓜,氵
6730,6730,6730,泋,⿰氵⿱十⿻一&CDP-8BF5;,氵
6731,6731,6731,河,⿰氵⿹⿱一亅口,氵
6732,6732,6732,泓,⿰氵⿰弓厶,氵
6733,6733,6733,泘,⿰氵乎,氵
6734,6734,6734,泇,⿰氵⿰⿻丿𠃌口,氵
6735,6735,6735,浅,⿰氵⿻⿻⿺⿻一乚丶丿一,氵
6736,6736,6736,泂,⿰氵⿵冂口,氵
6737,6737,6737,泬,⿰氵⿱宀八,氵
6738,6738,6738,沮,⿰氵且,氵
6739,6739,6739,泦,⿰氵⿸尸九,氵
6740,6740,6740,泾,⿰氵⿱ス工,氵
6741,6741,6741,泃,⿰氵⿹勹口,氵
6742,6742,6742,況,⿰氵⿱口⿰丿乚,氵
6743,6743,6743,泺,⿰氵乐,氵
6744,6744,6744,泪,⿰氵目,氵
6745,6745,6745,沴,⿰氵⿱人彡,氵
6746,6746,6746,泠,⿰氵⿱⿱人丶龴,氵
6747,6747,6747,泷,⿰氵⿻⿺尢丶丿,氵
6748,6748,6748,泸,⿰氵⿱⺊尸,氵
6749,6749,6749,沬,⿰氵未,氵
6750,6750,6750,沫,⿰氵末,氵
6751,6751,6751,泖,⿰氵⿰𠂎卩,氵
6752,6752,6752,沵,⿰氵⿱𠂊小,氵
6753,6753,6753,泯,⿰氵民,氵
6754,6754,6754,泞,⿰氵⿱宀⿱一亅,氵
6755,6755,6755,泥,⿰氵⿸尸⿺乚丿,氵
6756,6756,6756,泮,⿰氵⿱丷&CDP-8BF1;,氵
6757,6757,6757,泡,⿰氵⿹勹巳,氵
6758,6758,6758,泙,⿰氵⿻干丷,氵
6759,6759,6759,泼,⿰氵发,氵
6760,6760,6760,泣,⿰氵⿱&CDP-8BAE;一,氵
6761,6761,6761,沭,⿰氵⿺木丶,氵
6762,6762,6762,泩,⿰氵生,氵
6763,6763,6763,泗,⿰氵⿴囗⿰丿乚,氵
6764,6764,6764,泝,⿰氵⿻⿸𠂆⿱一丨丶,氵
6765,6765,6765,泀,⿰氵⿹𠃌⿱一口,氵
6766,6766,6766,沺,⿰氵田,氵
6767,6767,6767,沱,⿰氵⿱宀⿺乚丿,氵
6768,6768,6768,沰,⿰氵⿸⿱一丿口,氵
6769,6769,6769,泄,⿰氵世,氵
6770,6770,6770,泻,⿰氵⿱冖⿹&CDP-8BBF;一,氵
6771,6771,6771,泫,⿰氵⿱⿱丶一⿰&CDP-895C;丶,氵
6772,6772,6772,泧,⿰氵戉,氵
6773,6773,6773,沿,⿰氵⿱几口,氵
6774,6774,6774,泆,⿰氵⿰丿⿻⿱一一人,氵
6775,6775,6775,沶,⿰氵示,氵
6776,6776,6776,油,⿰氵由,氵
6777,6777,6777,泱,⿰氵央,氵
6778,6778,6778,注,⿰氵⿱⿱丶一⿱十一,氵
6779,6779,6779,沾,⿰氵⿱⺊口,氵
6780,6780,6780,泜,⿰氵⿱氏丶,氵
6781,6781,6781,沼,⿰氵⿱⿹𠃌丿口,氵
6782,6782,6782,泎,⿰氵乍,氵
6783,6783,6783,泽,⿰氵⿱又&CDP-8BF1;,氵
6784,6784,6784,泑,⿰氵⿰⿰&CDP-895C;丶⿻丿𠃌,氵
6785,6785,6785,泳,⿰氵永,氵
6786,6786,6786,治,⿰氵⿱厶口,氵
6787,6787,6787,洆,⿰氵⿱⿱乛⿲㇇亅&CDP-85BF;一,氵
6788,6788,6788,浐,⿰氵⿱&CDP-8BAE;厂,氵
6789,6789,6789,测,⿰氵⿰贝刂,氵
6790,6790,6790,泚,⿰氵⿰止⿺乚丿,氵
6791,6791,6791,洃,⿰氵⿸𠂇⿱八人,氵
6792,6792,6792,洣,⿰氵米,氵
6793,6793,6793,洞,⿰氵⿵⿵冂一口,氵
6794,6794,6794,浌,⿰氵⿰亻⿻⿺⿻一乚丶丿,氵
6795,6795,6795,洑,⿰氵⿰亻犬,氵
6796,6796,6796,洸,⿰氵⿱⺌⿱一⿰丿乚,氵
6797,6797,6797,洹,⿰氵⿱一⿱日一,氵
6798,6798,6798,浍,⿰氵⿱人⿱⿱一一厶,氵
6799,6799,6799,洄,⿰氵⿴囗口,氵
6800,6800,6800,活,⿰氵⿱⿱丿十口,氵
6801,6801,6801,洉,⿰氵⿸⿸𠂆一口,氵
6802,6802,6802,洪,⿰氵⿱⿱⿻十丨一八,氵
6803,6803,6803,浑,⿰氵⿱冖车,氵
6804,6804,6804,浔,⿰氵⿱彐寸,氵
6805,6805,6805,浒,⿰氵⿰讠⿱𠂉十,氵
6806,6806,6806,洊,⿰氵⿸&CDP-88F1;子,氵
6807,6807,6807,洚,⿰氵⿱夂㐄,氵
6808,6808,6808,洁,⿰氵⿱⿱十一口,氵
6809,6809,6809,浃,⿰氵⿻⿻⿱一一人丷,氵
6810,6810,6810,浇,⿰氵⿱⿻⿻一乚丿⿱一⿰丿乚,氵
6811,6811,6811,洎,⿰氵自,氵
6812,6812,6812,济,⿰氵⿱⿱⿱丶一⿻丿乀&CDP-8BF5;,氵
6813,6813,6813,浕,⿰氵⿱尺⿱丶丶,氵
6814,6814,6814,浄,⿰氵⿱𠂊&CDP-8BFE;,氵
6815,6815,6815,津,⿰氵⿻⿻&CDP-8BAB;丨⿱一一,氵
6816,6816,6816,洭,⿰氵⿷匚⿱一⿱十一,氵
6817,6817,6817,洘,⿰氵⿸耂⿱一㇉,氵
6818,6818,6818,洌,⿰氵⿰⿱一⿴𠂊丶刂,氵
6819,6819,6819,浏,⿰⿰氵⿱⿱丶一⿻丿乀刂,氵
6820,6820,6820,洛,⿰氵⿱夂口,氵
6821,6821,6821,洡,⿰氵⿻一未,氵
6822,6822,6822,洺,⿰氵⿱⿴𠂊丶口,氵
6823,6823,6823,浓,⿰氵⿻冖𧘇,氵
6824,6824,6824,洀,⿰氵舟,氵
6825,6825,6825,洴,⿰氵⿱丷⿱一⿻一&CDP-8BF5;,氵
6826,6826,6826,洦,⿰氵⿱一白,氵
6827,6827,6827,派,⿰氵⿸𠂆&CDP-8C66;,氵
6828,6828,6828,洽,⿰氵⿱⿱人一口,氵
6829,6829,6829,洤,⿰氵⿱人⿱一⿱十一,氵
6830,6830,6830,浀,⿰氵曲,氵
6831,6831,6831,洳,⿰氵⿰女口,氵
6832,6832,6832,浉,⿰氵⿰&CDP-8968;⿱一巾,氵
6833,6833,6833,洓,⿰氵朿,氵
6834,6834,6834,洠,⿰氵⿱厶牛,氵
6835,6835,6835,洬,⿰氵⿵几⿱一⿴𠂊丶,氵
6836,6836,6836,洒,⿰氵⿱一⿻⿰丿乚口,氵
6837,6837,6837,洮,⿰氵兆,氵
6838,6838,6838,洟,⿰氵⿻⿻一人弓,氵
6839,6839,6839,涏,⿰氵⿺廴⿱丿⿱十一,氵
6840,6840,6840,洈,⿰氵⿸⿱𠂊厂㔾,氵
6841,6841,6841,洼,⿰氵⿱⿱十一⿱十一,氵
6842,6842,6842,洧,⿰氵⿸𠂇月,氵
6843,6843,6843,洿,⿰氵⿱⿻一人⿱一⿱一㇉,氵
6844,6844,6844,涎,⿰氵⿺廴⿱丿&CDP-8960;,氵
6845,6845,6845,洨,⿰氵⿱⿱丶一⿱八⿻丿乀,氵
6846,6846,6846,洩,⿰氵曳,氵
6847,6847,6847,洶,⿰氵⿹勹⿶凵㐅,氵
6848,6848,6848,洐,⿰氵⿰彳⿱一⿱一亅,氵
6849,6849,6849,洫,⿰氵⿱丿皿,氵
6850,6850,6850,洵,⿰氵⿹勹日,氵
6851,6851,6851,洗,⿰氵⿱⿰丿土⿰丿乚,氵
6852,6852,6852,洂,⿰氵⿱⿱丶一&CDP-8CB5;,氵
6853,6853,6853,洋,⿰氵⿱⿱丷一&CDP-8BF1;,氵
6854,6854,6854,浂,⿰氵⿱丷⿱一⿻一人,氵
6855,6855,6855,洕,⿰氵⿱八月,氵
6856,6856,6856,泿,⿰氵艮,氵
6857,6857,6857,洢,⿰氵⿰亻⿻&CDP-8BAB;丿,氵
6858,6858,6858,洇,⿰氵⿴囗⿻一人,氵
6859,6859,6859,浊,⿰氵虫,氵
6860,6860,6860,洷,⿰氵⿱⿱一厶⿱十一,氵
6861,6861,6861,浈,⿰氵⿱⺊贝,氵
6862,6862,6862,洲,⿰氵州,氵
6863,6863,6863,洙,⿰氵朱,氵
6864,6864,6864,洔,⿰氵⿱⿱十一寸,氵
6865,6865,6865,洅,⿰氵⿱一冉,氵
6866,6866,6866,洝,⿰氵⿱宀女,氵
6867,6867,6867,洏,⿰氵⿱一⿱丿⿵冂⿰丨丨,氵
6868,6868,6868,洱,⿰氵耳,氵
6869,6869,6869,浹,⿰氵⿻⿻一人⿰人人,氵
6870,6870,6870,涇,⿰氵⿳一⿲𡿨𡿨𡿨工,氵
6871,6871,6871,浡,⿰氵⿱⿱十冖子,氵
6872,6872,6872,浜,⿰氵⿱丘八,氵
6873,6873,6873,浱,⿰氵⿸厂⿱⿱一一&CDP-8CC6;,氵
6874,6874,6874,浾,⿰氵⿱⿱十一&CDP-8CB5;,氵
6875,6875,6875,浺,⿰氵⿰忄⿻口丨,氵
6876,6876,6876,涌,⿰氵⿱龴⿵冂&CDP-8BF1;,氵
6877,6877,6877,涔,⿰氵⿱山⿱⿱人丶㇇,氵
6878,6878,6878,涤,⿰氵⿱夂朩,氵
6879,6879,6879,浢,⿰氵豆,氵
6880,6880,6880,浲,⿰氵⿱夂⿻⿱一⿱一一丨,氵
6881,6881,6881,浮,⿰氵⿱⿱丿𭕄子,氵
6882,6882,6882,淓,⿰氵⿱艹⿱⿱丶一&CDP-8B6C;,氵
6883,6883,6883,涡,⿰氵⿱口⿻冂人,氵
6884,6884,6884,浭,⿰氵⿱一&CDP-89E7;,氵
6885,6885,6885,浣,⿰氵⿱宀⿱一⿱一⿰丿乚,氵
6886,6886,6886,涣,⿰氵⿳𠂊冂⿻一人,氵
6887,6887,6887,涆,⿰氵⿰日干,氵
6888,6888,6888,浩,⿰氵⿱⿰丿土口,氵
6889,6889,6889,浛,⿰氵⿱⿱⿱人丶㇇口,氵
6890,6890,6890,浤,⿰氵⿱宀⿸𠂇厶,氵
6891,6891,6891,涥,⿰氵⿳⿱丶一口⿱乛亅,氵
6892,6892,6892,海,⿰氵⿱𠂉母,氵
6893,6893,6893,浫,⿰氵⿱⿱冖⿰丿乚干,氵
6894,6894,6894,涧,⿰氵⿵门日,氵
6895,6895,6895,浻,⿰氵⿵冂⿱八口,氵
6896,6896,6896,涓,⿰氵⿱口月,氵
6897,6897,6897,浸,⿰氵⿳&CDP-8BAB;冖又,氵
6898,6898,6898,浚,⿰氵⿳厶八夂,氵
6899,6899,6899,涃,⿰氵⿴囗木,氵
6900,6900,6900,涟,⿰氵⿺辶车,氵
6901,6901,6901,浖,⿰氵⿱⿱丿𭕄寸,氵
6902,6902,6902,流,⿰氵⿱⿻一厶⿴⿰丿乚丨,氵
6903,6903,6903,浪,⿰氵⿱丶艮,氵
6904,6904,6904,浶,⿰氵⿱宀牛,氵
6905,6905,6905,涝,⿰氵⿱⿱艹冖⿻丿𠃌,氵
6906,6906,6906,涙,⿰氵⿸⿱丶尸⿻一人,氵
6907,6907,6907,涖,⿰氵⿰亻⿱&CDP-8BAE;一,氵
6908,6908,6908,浰,⿰氵⿰⿱丿木刂,氵
6909,6909,6909,涞,⿰氵来,氵
6910,6910,6910,浨,⿰氵⿱宀木,氵
6911,6911,6911,浬,⿰氵⿱&CDP-8BD9;一,氵
6912,6912,6912,浝,⿰氵⿷⿺尢丶彡,氵
6913,6913,6913,浼,⿰氵⿱𠂊&CDP-8BCB;,氵
6914,6914,6914,涅,⿰氵⿱日⿱十一,氵
6915,6915,6915,涊,⿰氵⿱⿹⿹𠃌丿丿心,氵
6916,6916,6916,浿,⿰氵⿱目八,氵
6917,6917,6917,涄,⿰氵⿱由⿱一㇉,氵
6918,6918,6918,浦,⿰氵⿺&CDP-86B7;丶,氵
6919,6919,6919,浗,⿰氵⿺&CDP-85DC;丶,氵
6920,6920,6920,润,⿰氵⿵门⿱一⿱十一,氵
6921,6921,6921,涗,⿰氵⿱八⿱口⿰丿乚,氵
6922,6922,6922,涚,⿰氵⿱丷⿱口⿰丿乚,氵
6923,6923,6923,涉,⿰氵⿱止𣥂,氵
6924,6924,6924,涁,⿰氵⿰木彡,氵
6925,6925,6925,浽,⿰氵⿱⿱丿𭕄女,氵
6926,6926,6926,涩,⿰氵⿱⿹⿹𠃌丿丿止,氵
6927,6927,6927,洍,⿰氵𦣞,氵
6928,6928,6928,涘,⿰氵⿱厶⿱𠂉⿻一人,氵
6929,6929,6929,涑,⿰氵束,氵
6930,6930,6930,涜,⿰氵⿱⿱十一⿱冖⿰丿乚,氵
6931,6931,6931,涕,⿰氵⿱丷⿹⿻弓丨丿,氵
6932,6932,6932,浵,⿰氵⿰丹彡,氵
6933,6933,6933,涂,⿰氵⿱⿱人一朩,氵
6934,6934,6934,涛,⿰氵⿸⿻⿱一⿱一一丨寸,氵
6935,6935,6935,涋,⿰氵⿱宀犬,氵
6936,6936,6936,涒,⿰氵⿸⿻&CDP-8BAB;丿口,氵
6937,6937,6937,涠,⿰氵⿴囗韦,氵
6938,6938,6938,洖,⿰氵⿱口⿱一⿻一人,氵
6939,6939,6939,浯,⿰氵⿱⿱一𫝀口,氵
6940,6940,6940,浘,⿰氵⿸尸⿱丿&CDP-8A43;,氵
6941,6941,6941,涀,⿰氵⿱目⿰丿乚,氵
6942,6942,6942,涍,⿰氵⿸耂子,氵
6943,6943,6943,消,⿰氵⿱⺌月,氵
6944,6944,6944,浠,⿰氵⿱㐅⿸𠂇巾,氵
6945,6945,6945,浥,⿰氵⿱口巴,氵
6946,6946,6946,浳,⿰氵⿱⿺⿻一乚丶月,氵
6947,6947,6947,浴,⿰氵谷,氵
6948,6948,6948,涢,⿰氵⿱口贝,氵
6949,6949,6949,浟,⿰氵⿰&CDP-8B7A;攵,氵
6950,6950,6950,浧,⿰氵⿱口⿱一⿱十一,氵
6951,6951,6951,浞,⿰氵⿱口龰,氵
6952,6952,6952,涨,⿰氵⿰弓长,氵
6953,6953,6953,浙,⿰氵⿰扌⿸𠂆⿱一丨,氵
6954,6954,6954,淽,⿰氵⿱艹止,氵
6955,6955,6955,涐,⿰氵我,氵
6956,6956,6956,淲,⿰氵⿸⿸⿱⺊&CDP-88E2;⿻㇀乚几,氵
6957,6957,6957,渒,⿰氵⿱&CDP-89BE;十,氵
6958,6958,6958,涶,⿰氵⿳丿&CDP-876E;一,氵
6959,6959,6959,涿,⿰氵⿻⿱一𧰨丶,氵
6960,6960,6960,湴,⿰氵⿱⿱丷一⿱&CDP-85F0;一,氵
6961,6961,6961,渀,⿰氵⿱⿻一人⿱十⿻一&CDP-8BF5;,氵
6962,6962,6962,淿,⿰氵⿱白巾,氵
6963,6963,6963,涰,⿰氵⿱⿰又又⿰又又,氵
6964,6964,6964,淳,⿰氵⿳⿱丶一口子,氵
6965,6965,6965,淐,⿰氵⿱日日,氵
6966,6966,6966,淬,⿰氵⿱⿱⿱丶一⿰人人十,氵
6967,6967,6967,淙,⿰氵⿱宀示,氵
6968,6968,6968,淀,⿰氵⿱宀⿱一龰,氵
6969,6969,6969,淡,⿰氵⿱⿱八人⿱八人,氵
6970,6970,6970,淂,⿰氵⿱⿱日一寸,氵
6971,6971,6971,渎,⿰氵⿱十⿱乛头,氵
6972,6972,6972,涷,⿰氵東,氵
6973,6973,6973,淝,⿰氵⿰月巴,氵
6974,6974,6974,涪,⿰氵⿱⿱&CDP-8BAE;一口,氵
6975,6975,6975,渄,⿰氵非,氵
6976,6976,6976,涫,⿰氵⿱宀㠯,氵
6977,6977,6977,淉,⿰氵⿻日木,氵
6978,6978,6978,淦,⿰氵⿱人&CDP-8DE3;,氵
6979,6979,6979,淈,⿰氵⿸尸⿱⿻凵丨凵,氵
6980,6980,6980,淮,⿰氵隹,氵
6981,6981,6981,淏,⿰氵⿱日⿱一⿻一人,氵
6982,6982,6982,涵,⿰氵⿶凵⿻⿱乛亅&CDP-89AE;,氵
6983,6983,6983,涸,⿰氵⿴囗⿱十口,氵
6984,6984,6984,渮,⿰氵⿱艹⿹⿱一亅口,氵
6985,6985,6985,混,⿰氵⿱日比,氵
6986,6986,6986,淴,⿰氵⿱⿹勹&CDP-89A6;心,氵
6987,6987,6987,涽,⿰氵⿱氏日,氵
6988,6988,6988,渐,⿰氵⿰车⿸𠂆⿱一丨,氵
6989,6989,6989,湕,⿰氵⿺廴⿻⿻&CDP-8BAB;丨⿱一一,氵
6990,6990,6990,淃,⿰氵⿱⿱丷⿻⿱一一人㔾,氵
6991,6991,6991,済,⿰氵⿱⿱⿱丶一⿻丿乀&CDP-89C6;,氵
6992,6992,6992,淨,⿰氵⿱⿱丿𭕄&CDP-8BFE;,氵
6993,6993,6993,淗,⿰氵⿹勹米,氵
6994,6994,6994,涺,⿰氵⿸尸⿱十口,氵
6995,6995,6995,渇,⿰氵⿱日⿹勹⿺乚丿,氵
6996,6996,6996,涳,⿰氵⿱⿱宀八工,氵
6997,6997,6997,涼,⿰氵⿳⿱丶一口小,氵
6998,6998,6998,淶,⿰氵⿻木⿰人人,氵
6999,6999,6999,淚,⿰氵⿸⿱丶尸犬,氵
7000,7000,7000,淋,⿰氵⿰木木,氵
7001,7001,7001,淩,⿰氵⿳⿱十一八夂,氵
7002,7002,7002,淕,⿰氵⿱⿱⿱十一⿰丿乚⿱十一,氵
7003,7003,7003,淥,⿰氵⿱彑⿻亅&CDP-89AE;,氵
7004,7004,7004,渌,⿰氵⿱彐⿻亅&CDP-89AE;,氵
7005,7005,7005,淪,⿰氵⿱⿱人一⿵冂⿻十丨,氵
7006,7006,7006,渑,⿰氵⿱口⿻日乚,氵
7007,7007,7007,渵,⿰氵⿱艹田,氵
7008,7008,7008,淧,⿰氵⿱宀⿻心丿,氵
7009,7009,7009,淰,⿰氵⿱⿱⿱人丶㇇心,氵
7010,7010,7010,淖,⿰氵⿱⺊⿱日十,氵
7011,7011,7011,淣,⿰氵⿱臼⿰丿乚,氵
7012,7012,7012,淠,⿰氵⿱田⿱一&CDP-8BF5;,氵
7013,7013,7013,淜,⿰氵⿰月月,氵
7014,7014,7014,淎,⿰氵⿱⿻⿱一⿱一一人&CDP-8BF1;,氵
7015,7015,7015,淁,⿰氵⿱⿱&CDP-8BAE;一女,氵
7016,7016,7016,淺,⿰氵⿱⿻⿺⿻一乚丶丿⿻⿺⿻一乚丶丿,氵
7017,7017,7017,淇,⿰氵⿱&CDP-8B72;八,氵
7018,7018,7018,淭,⿰氵⿸⿱丶尸木,氵
7019,7019,7019,渠,⿱⿰氵巨木,氵
7020,7020,7020,淒,⿰氵⿱&CDP-89E5;女,氵
7021,7021,7021,淸,⿰氵⿱龶円,氵
7022,7022,7022,清,⿰氵⿱龶月,氵
7023,7023,7023,渃,⿰氵⿱艹⿸𠂇口,氵
7024,7024,7024,涮,⿰氵⿰⿸尸巾刂,氵
7025,7025,7025,涻,⿰氵⿱人⿱⿱丿十口,氵
7026,7026,7026,渉,⿰氵⿱止⿱小丿,氵
7027,7027,7027,渗,⿰氵⿳厶⿻一人彡,氵
7028,7028,7028,涭,⿰氵⿱&CDP-8BB8;又,氵
7029,7029,7029,深,⿰氵⿱⿱冖⿰丿乚木,氵
7030,7030,7030,渖,⿰氵⿱宀申,氵
7031,7031,7031,淑,⿰氵⿰⿱⿱⺊一小又,氵
7032,7032,7032,渋,⿰氵⿱止&CDP-89AE;,氵
7033,7033,7033,淞,⿰氵⿰木⿱八厶,氵
7034,7034,7034,添,⿰氵⿱⿱一⿻一人⿰小丶,氵
7035,7035,7035,淟,⿰氵⿱&CDP-89E0;八,氵
7036,7036,7036,涾,⿰氵⿱⿲㇇亅&CDP-85BF;日,氵
7037,7037,7037,淘,⿰氵⿹勹缶,氵
7038,7038,7038,淌,⿰氵⿱⺌⿵冂口,氵
7039,7039,7039,渂,⿰氵⿱日⿱⿱丶一⿻丿乀,氵
7040,7040,7040,涴,⿰氵⿱宀⿰⿴𠂊丶㔾,氵
7041,7041,7041,涹,⿰氵⿱⿱丿木女,氵
7042,7042,7042,渦,⿰氵⿵⿱⿵冂𠃍冂口,氵
7043,7043,7043,淆,⿰氵⿱㐅⿸𠂇月,氵
7044,7044,7044,涬,⿰氵⿱⿱十一⿱丷干,氵
7045,7045,7045,淅,⿰氵⿰木⿸𠂆⿱一丨,氵
7046,7046,7046,渓,⿰氵⿱⿱丿𭕄⿻⿱一一人,氵
7047,7047,7047,渁,⿰氵⿱⿲㇇亅&CDP-85BF;⿲㇇亅&CDP-85BF;,氵
7048,7048,7048,渆,⿰氵⿰⿱丷⿱一⿻一&CDP-8BF5;刂,氵
7049,7049,7049,渊,⿰氵⿲丿米丨,氵
7050,7050,7050,渕,⿲氵⿱丷⿱一⿻一人刂,氵
7051,7051,7051,涯,⿰氵⿸厂⿱⿱十一⿱十一,氵
7052,7052,7052,液,⿰氵⿱⿱丶一⿰亻&CDP-89F3;,氵
7053,7053,7053,淫,⿰氵⿱⿱丿𭕄⿱丿⿱十一,氵
7054,7054,7054,淢,⿰氵⿹⿻⿺⿻一乚丶丿⿱口一,氵
7055,7055,7055,淯,⿰氵⿱⿻一厶月,氵
7056,7056,7056,渔,⿰氵⿳𠂊田一,氵
7057,7057,7057,淊,⿰氵⿱勹臼,氵
7058,7058,7058,淹,⿰氵⿱⿻一人⿻日乚,氵
7059,7059,7059,渏,⿰氵⿱⿻一人⿹⿱一亅口,氵
7060,7060,7060,渶,⿰氵⿱艹央,氵
7061,7061,7061,淤,⿰氵⿰⿱⿱丶一&CDP-8B6C;⿱人⿱丶丶,氵
7062,7062,7062,涱,⿰氵⿳&CDP-884A;一&CDP-8CC6;,氵
7063,7063,7063,淛,⿰氵⿰&CDP-89EC;刂,氵
7064,7064,7064,淔,⿰氵⿱十&CDP-8BA5;,氵
7065,7065,7065,淍,⿰氵⿵⺆⿱⿱十一口,氵
7066,7066,7066,渚,⿰氵⿸耂日,氵
7067,7067,7067,温,⿰氵⿱日皿,氵
7068,7068,7068,渨,⿰氵⿳田一&CDP-8CC6;,氵
7069,7069,7069,渍,⿰氵⿱龶贝,氵
7070,7070,7070,淄,⿰氵⿱⿲𡿨𡿨𡿨田,氵
7071,7071,7071,湢,⿰氵⿱⿱一口田,氵
7072,7072,7072,渤,⿰氵⿰⿱⿱十冖子⿻丿𠃌,氵
7073,7073,7073,溊,⿰氵⿰&CDP-8C7A;&CDP-8C79;,氵
7074,7074,7074,湹,⿰氵⿸厂⿱&CDP-8BD9;一,氵
7075,7075,7075,湁,⿰氵⿰扌⿱⿱人一口,氵
7076,7076,7076,滁,⿰氵⿰阝⿱⿱人一朩,氵
7077,7077,7077,湻,⿰氵⿳⿱丶一口日,氵
7078,7078,7078,測,⿰氵⿰⿱目八刂,氵
7079,7079,7079,湊,⿰氵⿱⿻⿱一⿱一一人⿱一⿻一人,氵
7080,7080,7080,湌,⿰氵⿱人⿱丶艮,氵
7081,7081,7081,湩,⿰氵重,氵
7082,7082,7082,渡,⿰氵⿸广⿱廿又,氵
7083,7083,7083,湗,⿰氵⿰⿱⿱十一⿱十一寸,氵
7084,7084,7084,溄,⿰氵⿱山⿱夂&CDP-8BF1;,氵
7085,7085,7085,渢,⿰氵⿵几⿱丿虫,氵
7086,7086,7086,湀,⿰氵⿱⿰&CDP-88D3;&CDP-88D5;⿱一⿻一人,氵
7087,7087,7087,溉,⿰氵⿰&CDP-8B7C;旡,氵
7088,7088,7088,港,⿰氵⿱⿱⿱⿻十丨一八巳,氵
7089,7089,7089,渙,⿰氵⿳𠂊⿵冂八⿻一人,氵
7090,7090,7090,滑,⿰氵⿱&CDP-89A9;月,氵
7091,7091,7091,湟,⿰氵⿱白⿱一⿱十一,氵
7092,7092,7092,湏,⿰氵頁,氵
7093,7093,7093,湱,⿰氵⿱⿻⿱一⿱一一丨⿸⿱一丿口,氵
7094,7094,7094,渱,⿰氵⿰虫工,氵
7095,7095,7095,湖,⿰氵⿰⿱十口月,氵
7096,7096,7096,渾,⿰氵⿱冖車,氵
7097,7097,7097,渹,⿰氵⿹勹言,氵
7098,7098,7098,溅,⿰氵⿰贝⿻⿻⿺⿻一乚丶丿一,氵
7099,7099,7099,湔,⿰氵⿱⿱丷一⿰月刂,氵
7100,7100,7100,湝,⿰氵⿱比白,氵
7101,7101,7101,減,⿰氵⿵⿵戊一口,氵
7102,7102,7102,湫,⿰氵⿰⿱丿木⿱八人,氵
7103,7103,7103,湒,⿰氵⿱口耳,氵
7104,7104,7104,湨,⿰氵⿱目犬,氵
7105,7105,7105,溃,⿰氵⿱⿱⿻口丨一贝,氵
7106,7106,7106,渴,⿰氵⿱日⿹勹⿺𠃊人,氵
7107,7107,7107,湅,⿰氵柬,氵
7108,7108,7108,湸,⿰氵⿱&CDP-8C4D;几,氵
7109,7109,7109,湰,⿰氵⿱夂⿱一生,氵
7110,7110,7110,溇,⿰氵⿱米女,氵
7111,7111,7111,溂,⿰氵⿰束刂,氵
7112,7112,7112,湎,⿰氵⿱⿱一丿⿴囗&CDP-89CC;,氵
7113,7113,7113,渺,⿰氵⿰目⿱小丿,氵
7114,7114,7114,湄,⿰氵⿸𠃜目,氵
7115,7115,7115,湈,⿰氵⿱甘木,氵
7116,7116,7116,渼,⿰氵⿱⿱⿱丷一⿱十一⿻一人,氵
7117,7117,7117,満,⿰氵⿱艹⿱一&CDP-8564;,氵
7118,7118,7118,渳,⿰氵⿰弓耳,氵
7119,7119,7119,湣,⿰氵⿱民日,氵
7120,7120,7120,湼,⿰氵⿱臼工,氵
7121,7121,7121,渜,⿰氵⿱⿱一⿱丿⿵冂⿰丨丨⿻一人,氵
7122,7122,7122,渿,⿰氵⿱木示,氵
7123,7123,7123,湳,⿰氵⿱十&CDP-8BDC;,氵
7124,7124,7124,湃,⿰氵⿰龵&CDP-8CE7;,氵
7125,7125,7125,湓,⿰氵⿱⿱八⿹𠃌丿皿,氵
7126,7126,7126,湐,⿰氵⿰木白,氵
7127,7127,7127,溌,⿰氵⿱⿰&CDP-88D3;&CDP-88D5;&CDP-89FD;,氵
7128,7128,7128,渞,⿰氵⿱⿱丷一自,氵
7129,7129,7129,湭,⿰氵⿱丷酉,氵
7130,7130,7130,溬,⿰氵⿷⿸⿱⿱丷一&CDP-8BF1;乚厶,氵
7131,7131,7131,湶,⿰氵⿱白⿲㇇亅&CDP-85BF;,氵
7132,7132,7132,湆,⿰氵⿱⿱&CDP-8BAE;一日,氵
7133,7133,7133,湇,⿰氵⿱⿱&CDP-8BAE;一月,氵
7134,7134,7134,渘,⿰氵⿱⿱龴⿹⿱乛亅丿木,氵
7135,7135,7135,渪,⿰氵禹,氵
7136,7136,7136,湜,⿰氵⿱日⿱一龰,氵
7137,7137,7137,湦,⿰氵⿱日生,氵
7138,7138,7138,渻,⿰氵⿱⿱小丿目,氵
7139,7139,7139,湤,⿰氵⿰⿱⿱丶一&CDP-8B6C;⿱𠂉也,氵
7140,7140,7140,湿,⿰氵⿱日⿱&CDP-85F0;一,氵
7141,7141,7141,溞,⿰氵⿱⿴又丶虫,氵
7142,7142,7142,溲,⿰氵⿱&CDP-884F;又,氵
7143,7143,7143,湉,⿰氵⿰忄⿱⿱丿十口,氵
7144,7144,7144,湪,⿰氵⿱彑𧰨,氵
7145,7145,7145,湍,⿰氵⿱山⿱一⿱丿⿵冂⿰丨丨,氵
7146,7146,7146,湠,⿰氵⿱山⿸𠂇⿱八人,氵
7147,7147,7147,渧,⿰氵⿱&CDP-8BEC;巾,氵
7148,7148,7148,渟,⿰氵⿱&CDP-8C4D;⿱一亅,氵
7149,7149,7149,湯,⿰氵⿱⿱日一⿹勹&CDP-89A6;,氵
7150,7150,7150,湥,⿰氵⿱⿱宀八犬,氵
7151,7151,7151,溚,⿰氵⿱艹⿱⿱人一口,氵
7152,7152,7152,渭,⿰氵⿱田月,氵
7153,7153,7153,湋,⿰氵⿳𫝀口㐄,氵
7154,7154,7154,溈,⿰氵為,氵
7155,7155,7155,渥,⿰氵⿸尸⿱⿱一厶⿱十一,氵
7156,7156,7156,湾,⿰氵⿱⿱⿱丶一&CDP-8CB5;弓,氵
7157,7157,7157,湺,⿰氵⿰亻⿱口木,氵
7158,7158,7158,溁,⿰氵⿱艹⿱冖木,氵
7159,7159,7159,溋,⿰氵⿱⿵⿹𠄎丿又皿,氵
7160,7160,7160,滗,⿰氵⿱竹⿱丿&CDP-8A43;,氵
7161,7161,7161,滭,⿰氵⿻&CDP-87C5;一,氵
7162,7162,7162,渫,⿰氵⿱世木,氵
7163,7163,7163,湘,⿰氵⿰木目,氵
7164,7164,7164,渲,⿰氵⿱宀⿱一⿱日一,氵
7165,7165,7165,溆,⿰氵⿰⿱⿱人一朩又,氵
7166,7166,7166,湑,⿰氵⿱疋月,氵
7167,7167,7167,湲,⿰氵⿳⿱丿𭕄一⿸𠂇又,氵
7168,7168,7168,淵,⿰氵⿴&CDP-89CD;一,氵
7169,7169,7169,湙,⿰氵⿱⿱⿱丶一&CDP-8CB5;⿻一人,氵
7170,7170,7170,湚,⿰氵⿲丿⿱⿰&CDP-895C;丶月乚,氵
7171,7171,7171,游,⿰氵⿰⿱⿱丶一&CDP-8B6C;⿱𠂉子,氵
7172,7172,7172,渝,⿰氵⿱⿱人一⿰月刂,氵
7173,7173,7173,湡,⿰氵禺,氵
7174,7174,7174,湮,⿰氵⿱⿱一&CDP-86EA;⿱十一,氵
7175,7175,7175,渰,⿰氵⿱⿱⿱人一口⿻一&CDP-8BF5;,氵
7176,7176,7176,渷,⿰氵⿱⿱丶一⿱八⿱口⿰丿乚,氵
7177,7177,7177,湧,⿰氵⿱⿱龴⿵冂&CDP-8BF1;⿻丿𠃌,氵
7178,7178,7178,湵,⿰氵⿱⿱⿱丷一⿱十一久,氵
7179,7179,7179,湷,⿰氵⿱⿻⿱一⿱一一人日,氵
7180,7180,7180,湛,⿰氵⿱&CDP-88C8;⿷匚⿰丿乚,氵
7181,7181,7181,滞,⿰氵⿳⿻川一冖巾,氵
7182,7182,7182,渣,⿰氵⿱木⿱日一,氵
7183,7183,7183,溠,⿰氵⿸⿱⿱丷一&CDP-8BF1;工,氵
7184,7184,7184,湞,⿰氵⿱⺊⿱目八,氵
7185,7185,7185,渽,⿰氵⿹⿶⿻⿺⿻一乚丶丿十口,氵
7186,7186,7186,湽,⿰氵⿱⿻⿲𡿨𡿨𡿨一田,氵
7187,7187,7187,滋,⿰氵⿱⿱丷一⿰⿰&CDP-895C;丶⿰&CDP-895C;丶,氵
7188,7188,7188,湂,⿰氵⿱⿰口口⿱一⿱一㇉,氵
7189,7189,7189,溾,⿰氵⿱⿱丿田⿺⿰丿乚厶,氵
7190,7190,7190,滨,⿰氵⿱宀⿱丘八,氵
7191,7191,7191,溗,⿰氵⿻⿱丿木⿰&CDP-8BC5;⿺乚丿,氵
7192,7192,7192,滀,⿰氵⿱⿱⿱丶一⿰&CDP-895C;丶田,氵
7193,7193,7193,滣,⿰氵⿸⿸厂⿱⿱一一&CDP-8CC6;口,氵
7194,7194,7194,滄,⿰氵⿱⿱人丶⿸&CDP-89CE;口,氵
7195,7195,7195,滇,⿰氵⿱十⿱&CDP-8BA5;八,氵
7196,7196,7196,滌,⿰氵⿰&CDP-8B7A;⿱夂朩,氵
7197,7197,7197,漨,⿰氵⿺辶⿱夂⿻⿱一⿱一一丨,氵
7198,7198,7198,滏,⿰氵⿱⿱八⿻丿乀&CDP-8DE3;,氵
7199,7199,7199,滆,⿰氵⿳一口⿵⿵冂⿰丿乚⿱一丨,氵
7200,7200,7200,滒,⿰氵⿱⿹⿱一亅口⿹⿱一亅口,氵
7201,7201,7201,溝,⿰氵⿱⿱井一冉,氵
7202,7202,7202,滚,⿰氵⿳⿱丶一⿱八厶𧘇,氵
7203,7203,7203,滉,⿰氵⿱日⿱⺌⿱一⿰丿乚,氵
7204,7204,7204,滙,⿰氵⿷匚隹,氵
7205,7205,7205,漷,⿰氵⿰⿳⿱丶一口子阝,氵
7206,7206,7206,滈,⿰氵⿳⿱丶一口⿵冂口,氵
7207,7207,7207,澕,⿰氵⿱艹&CDP-8BF8;,氵
7208,7208,7208,溷,⿰氵⿴囗⿱一𧰨,氵
7209,7209,7209,滘,⿰氵⿱⿱冖⿰丿乚⿱工口,氵
7210,7210,7210,滐,⿰氵⿱⿰⿴𠂊丶㐄木,氵
7211,7211,7211,溍,⿰氵⿱⿱一⿱&CDP-85F0;一日,氵
7212,7212,7212,溹,⿰氵⿱⿱十冖⿱⿰&CDP-895C;丶小,氵
7213,7213,7213,溨,⿰氵⿹⿶⿻⿺⿻一乚丶丿十木,氵
7214,7214,7214,溘,⿰氵⿱⿱⿱十一厶皿,氵
7215,7215,7215,溓,⿰氵⿱⿱丷一&CDP-8CDE;,氵
7216,7216,7216,漣,⿰氵⿺辶車,氵
7217,7217,7217,溜,⿰氵⿱&CDP-8C69;田,氵
7218,7218,7218,滦,⿰氵⿱⿱⿱丶一&CDP-8CB5;木,氵
7219,7219,7219,滥,⿰氵⿱⿰⿰丨丨&CDP-89BC;皿,氵
7220,7220,7220,溧,⿰氵⿱⿱一&CDP-86EA;木,氵
7221,7221,7221,漓,⿰氵⿱⿱⿱丶一⿶凵㐅⿻冂厶,氵
7222,7222,7222,滝,⿰氵⿱⿱&CDP-8BAE;一&CDP-8BE8;,氵
7223,7223,7223,溣,⿰氵⿰亻⿱⿱人一⿵冂⿻十丨,氵
7224,7224,7224,滤,⿰氵⿸⿸⿱⺊&CDP-88E2;⿻㇀乚心,氵
7225,7225,7225,滅,⿰氵⿵⿵戊一⿱八人,氵
7226,7226,7226,溕,⿰氵⿳冖一⿱一𧰨,氵
7227,7227,7227,溟,⿰氵⿱冖⿱日⿱⿱丶一八,氵
7228,7228,7228,漠,⿰氵⿱艹⿱日⿻一人,氵
7229,7229,7229,溤,⿰氵⿹&CDP-896A;灬,氵
7230,7230,7230,满,⿰氵⿱艹⿱一&CDP-854B;,氵
7231,7231,7231,漭,⿰氵⿱⿱艹犬⿻一&CDP-8BF5;,氵
7232,7232,7232,溺,⿰氵⿰&CDP-8CC4;&CDP-8CC4;,氵
7233,7233,7233,溿,⿰氵⿰田⿱丷&CDP-8BF1;,氵
7234,7234,7234,滂,⿰氵⿱&CDP-8BEC;⿱⿱丶一&CDP-8B6C;,氵
7235,7235,7235,溥,⿰氵⿱⿺&CDP-86B7;丶寸,氵
7236,7236,7236,滊,⿰氵⿹⿳𠂉一乁米,氵
7237,7237,7237,溱,⿰氵⿱⿻⿱一⿱一一人⿱丿木,氵
7238,7238,7238,溶,⿰氵⿱宀谷,氵
7239,7239,7239,溽,⿰氵⿱⿸厂⿱⿱一一&CDP-8CC6;寸,氵
7240,7240,7240,滠,⿰氵⿱耳⿰又又,氵
7241,7241,7241,溡,⿰氵⿰日⿱⿱十一寸,氵
7242,7242,7242,溮,⿰氵⿰⿱丿㠯⿱一巾,氵
7243,7243,7243,溼,⿰氵⿱⿱一⿰⿰&CDP-895C;丶⿰&CDP-895C;丶⿱十一,氵
7244,7244,7244,滖,⿰氵⿳⿱丶一&CDP-89EF;𧘇,氵
7245,7245,7245,溑,⿰氵⿱小⿱目八,氵
7246,7246,7246,溯,⿰氵⿰⿱⿱丷一⿻凵丨月,氵
7247,7247,7247,溸,⿰氵⿱龶⿱⿰&CDP-895C;丶小,氵
7248,7248,7248,溙,⿰氵⿱⿻⿱一⿱一一人⿻亅&CDP-89AE;,氵
7249,7249,7249,溏,⿰氵⿸广&CDP-8CC1;,氵
7250,7250,7250,溻,⿰氵⿱日⿰⿹𠃌冫⿹𠃌冫,氵
7251,7251,7251,滩,⿰氵⿰又隹,氵
7252,7252,7252,滔,⿰氵⿱⿱丿𭕄臼,氵
7253,7253,7253,溩,⿰氵⿹&CDP-89DF;灬,氵
7254,7254,7254,溛,⿰氵⿱⿱宀八瓜,氵
7255,7255,7255,溦,⿰氵⿰⿳山一几攵,氵
7256,7256,7256,溫,⿰氵⿱⿴囗人皿,氵
7257,7257,7257,滃,⿰氵⿱⿱八厶⿰⿹𠃌冫⿹𠃌冫,氵
7258,7258,7258,溴,⿰氵⿱自犬,氵
7259,7259,7259,潃,⿲氵彳⿱攵月,氵
7260,7260,7260,滫,⿰氵⿰&CDP-8B7A;⿱夂月,氵
7261,7261,7261,溪,⿰氵⿱⿱丿𭕄⿱⿰&CDP-895C;丶⿻一人,氵
7262,7262,7262,源,⿰氵⿸厂&CDP-8BC4;,氵
7263,7263,7263,溒,⿰氵⿱⿱⿱十一口𧘇,氵
7264,7264,7264,溎,⿰氵⿰木⿱⿱十一⿱十一,氵
7265,7265,7265,滟,⿰氵⿰⿻⿱一⿱一一丨⿱𠂊巴,氵
7266,7266,7266,滧,⿰氵⿰⿱⿱丶一⿱八⿻丿乀攵,氵
7267,7267,7267,溢,⿰氵⿱&CDP-8CF0;皿,氵
7268,7268,7268,滛,⿰氵⿱⿱丿𭕄缶,氵
7269,7269,7269,滢,⿰氵⿱⿱艹冖⿷⿱一⿱十一丶,氵
7270,7270,7270,滪,⿰氵⿰⿱龴⿱乛亅页,氵
7271,7271,7271,溳,⿰氵⿱口⿱目八,氵
7272,7272,7272,溵,⿰氵⿰㐆⿱𠘧又,氵
7273,7273,7273,溔,⿰氵⿱⿱⿱丷一⿱十一灬,氵
7274,7274,7274,滍,⿰氵⿱⿱⿻凵丨一虫,氵
7275,7275,7275,準,⿱⿰氵隹十,氵
7276,7276,7276,滜,⿰氵⿱白⿱⿻一人十,氵
7277,7277,7277,溭,⿰氵⿳田八夂,氵
7278,7278,7278,滓,⿰氵⿱宀⿱⿱&CDP-8BAE;一十,氵
7279,7279,7279,溰,⿰氵⿱山豆,氵
7280,7280,7280,滶,⿰氵⿰⿱龶&CDP-8B6C;攵,氵
7281,7281,7281,滮,⿰氵⿺⿸⿸⿱⺊&CDP-88E2;⿻㇀乚几彡,氵
7282,7282,7282,漅,⿰氵⿱⿲𡿨𡿨𡿨⿻日木,氵
7283,7283,7283,漴,⿰氵⿱山⿱宀示,氵
7284,7284,7284,漘,⿰氵⿸⿸厂⿱⿱一一&CDP-8CC6;月,氵
7285,7285,7285,滻,⿰氵⿸⿱&CDP-8BAE;厂生,氵
7286,7286,7286,漼,⿰氵⿱山隹,氵
7287,7287,7287,漕,⿰氵⿱&CDP-8D61;日,氵
7288,7288,7288,漎,⿰氵⿰彳&CDP-8BB0;,氵
7289,7289,7289,潀,⿰氵⿱罒乑,氵
7290,7290,7290,漗,⿰氵⿱⿴⿱丿囗夂心,氵
7291,7291,7291,潒,⿰氵⿳𠂊⿴囗丨𧰨,氵
7292,7292,7292,滴,⿰氵⿱&CDP-8BAE;&CDP-8C6C;,氵
7293,7293,7293,滼,⿰氵⿱⿰木木⿵几丶,氵
7294,7294,7294,潅,⿰氵⿱𠂉⿻一隹,氵
7295,7295,7295,漍,⿰氵⿴囗⿹⿻⿺⿻一乚丶丿⿱口一,氵
7296,7296,7296,濄,⿰氵⿺辶⿵⿱⿵冂𠃍冂口,氵
7297,7297,7297,漑,⿰氵⿰⿱白⿺乚丿旡,氵
7298,7298,7298,漧,⿰氵⿰⿱十⿱日十⿱𠂉乙,氵
7299,7299,7299,澉,⿰氵⿰⿱乛耳攵,氵
7300,7300,7300,滾,⿰氵⿳⿱丶一⿱八口𧘇,氵
7301,7301,7301,漶,⿰氵⿱⿻⿱口口丨心,氵
7302,7302,7302,潢,⿰氵⿳⿱⿻十丨一由八,氵
7303,7303,7303,漢,⿰氵&CDP-8BD3;,氵
7304,7304,7304,潂,⿰氵⿱山⿱⿱丷一⿱&CDP-85F0;一,氵
7305,7305,7305,滬,⿰氵⿸⿱丶尸⿱口巴,氵
7306,7306,7306,滹,⿰氵⿸⿸⿱⺊&CDP-88E2;⿻㇀乚乎,氵
7307,7307,7307,滸,⿰氵⿰言⿱𠂉十,氵
7308,7308,7308,漸,⿰氵⿰車⿸𠂆⿱一丨,氵
7309,7309,7309,滰,⿰氵⿱⿱⿱&CDP-8BAE;一日⿰丿乚,氵
7310,7310,7310,漖,⿰氵⿰⿸耂子攵,氵
7311,7311,7311,漃,⿰氵⿱宀⿰⿱⿱⺊一小又,氵
7312,7312,7312,漈,⿰氵⿱&CDP-8C4F;示,氵
7313,7313,7313,漌,⿰氵⿱廿&CDP-8A6D;,氵
7314,7314,7314,潉,⿰氵⿱山⿱日比,氵
7315,7315,7315,滱,⿰氵⿱宀⿺⿱一⿱一⿰丿乚⿱⺊又,氵
7316,7316,7316,漮,⿰氵⿸广隶,氵
7317,7317,7317,漽,⿰氵⿸尸⿱⿻亅&CDP-89AE;牛,氵
7318,7318,7318,潋,⿰氵⿰⿳⿱人一𭕄一攵,氵
7319,7319,7319,漻,⿰氵⿱⿰⿹𠃌冫⿹𠃌冫⿱人彡,氵
7320,7320,7320,漏,⿰氵⿸尸⿱一⿻冂&CDP-8C41;,氵
7321,7321,7321,漋,⿰氵⿰阝⿱夂⿱一生,氵
7322,7322,7322,漊,⿰氵⿱&CDP-89C5;女,氵
7323,7323,7323,漉,⿰氵⿸&CDP-8D56;比,氵
7324,7324,7324,漯,⿰氵⿱田⿱⿰&CDP-895C;丶小,氵
7325,7325,7325,漤,⿰氵⿱⿰木木女,氵
7326,7326,7326,滷,⿰氵⿱⺊⿴囗⿻㐅⿳丶⿰丶丶丶,氵
7327,7327,7327,漫,⿰氵⿳日罒又,氵
7328,7328,7328,滵,⿰氵⿱⿱宀⿻心丿山,氵
7329,7329,7329,漞,⿰氵⿱⿱丿𭕄⿱目⿰丿乚,氵
7330,7330,7330,滿,⿰氵⿱廿&CDP-8C62;,氵
7331,7331,7331,漂,⿰氵⿱⿱一&CDP-86EA;示,氵
7332,7332,7332,潎,⿰氵⿰⿻丷⿻巾八攵,氵
7333,7333,7333,漰,⿰氵⿱山⿰月月,氵
7334,7334,7334,漆,⿰氵⿱木&CDP-8D71;,氵
7335,7335,7335,漺,⿰氵⿻⿻一人⿰⿱㐅⿻丿乀⿱㐅⿻丿乀,氵
7336,7336,7336,滲,⿰氵⿱⿱⿱厶⿰厶厶人彡,氵
7337,7337,7337,漱,⿰氵⿰束欠,氵
7338,7338,7338,潄,⿰氵⿰束攵,氵
7339,7339,7339,滳,⿰氵⿱&CDP-8BAE;⿵冂⿱八口,氵
7340,7340,7340,漡,⿰氵⿱𠂉⿱⿱日一⿹勹&CDP-89A6;,氵
7341,7341,7341,漙,⿰氵⿱&CDP-8BD0;寸,氵
7342,7342,7342,漟,⿰氵⿱⿱⿱⺌冖口⿱十一,氵
7343,7343,7343,漛,⿰氵⿱⿱丷⿻⿱一一人⿻亅&CDP-89AE;,氵
7344,7344,7344,潳,⿰氵⿸尸⿸耂日,氵
7345,7345,7345,潍,⿰氵⿰纟隹,氵
7346,7346,7346,漥,⿰氵⿱⿱宀八⿱⿱十一⿱十一,氵
7347,7347,7347,潇,⿰氵⿱艹肃,氵
7348,7348,7348,漩,⿰氵⿰⿱⿱丶一&CDP-8B6C;⿱𠂉疋,氵
7349,7349,7349,漝,⿰氵⿱⿰⿹𠃌冫⿹𠃌冫白,氵
7350,7350,7350,漵,⿰氵⿰⿱⿱人一朩攵,氵
7351,7351,7351,潊,⿰氵⿰⿱⿱人一朩⿱⺊又,氵
7352,7352,7352,漇,⿰氵⿰彳⿱止龰,氵
7353,7353,7353,漾,⿰氵⿱⿱⿱丷一⿱十一永,氵
7354,7354,7354,漄,⿰氵⿱山⿸厂⿱⿱十一⿱十一,氵
7355,7355,7355,潩,⿰氵⿱田⿱⿱⿻十丨一八,氵
7356,7356,7356,潆,⿰氵⿱⿱艹冖⿱⿰&CDP-895C;丶小,氵
7357,7357,7357,漁,⿰氵⿳𠂊田灬,氵
7358,7358,7358,漹,⿰氵⿱⿱一止&CDP-8DBF;,氵
7359,7359,7359,漜,⿰氵⿱⿰木木⿱十一,氵
7360,7360,7360,漪,⿰氵⿰犭⿱⿻一人⿹⿱一亅口,氵
7361,7361,7361,滽,⿰氵⿸广⿻⿻&CDP-8BAB;丨月,氵
7362,7362,7362,滺,⿰氵⿱⿰&CDP-8B7A;攵心,氵
7363,7363,7363,演,⿰氵⿱宀&CDP-8CE6;,氵
7364,7364,7364,潌,⿰氵⿱⿱宀八⿱⿱一厶⿱十一,氵
7365,7365,7365,滯,⿰氵⿳&CDP-8C4B;冖巾,氵
7366,7366,7366,漳,⿰氵⿱⿱&CDP-8BAE;一⿱日十,氵
7367,7367,7367,潴,⿰氵⿰犭⿸耂日,氵
7368,7368,7368,漲,⿰氵⿰弓⿳&CDP-884A;一&CDP-8CC6;,氵
7369,7369,7369,漬,⿰氵⿱龶⿱目八,氵
7370,7370,7370,漚,⿰氵⿷匚⿱口⿰口口,氵
7371,7371,7371,澚,⿰氵⿱⿵&CDP-8BD6;米⿱一㇉,氵
7372,7372,7372,潷,⿰氵⿱竹⿻⿻&CDP-8BAB;丨⿱一一,氵
7373,7373,7373,潹,⿰氵⿱木⿰木木,氵
7374,7374,7374,潺,⿰氵⿸尸⿱子⿰子子,氵
7375,7375,7375,潮,⿰氵⿰⿱十⿱日十月,氵
7376,7376,7376,澈,⿲氵⿱⿻一厶月攵,氵
7377,7377,7377,澂,⿰氵⿰&CDP-8DB6;攵,氵
7378,7378,7378,澄,⿰氵⿱⿰&CDP-88D3;&CDP-88D5;豆,氵
7379,7379,7379,潨,⿰氵⿱⿱丿皿乑,氵
7380,7380,7380,澊,⿰氵⿱⿱丷酉寸,氵
7381,7381,7381,潡,⿰氵⿰⿳⿱丶一口子攵,氵
7382,7382,7382,濎,⿰氵⿶&CDP-89EE;目,氵
7383,7383,7383,濆,⿰氵⿱⿱十⿻一&CDP-8BF5;⿱目八,氵
7384,7384,7384,澓,⿰氵⿰彳⿳𠂉日夂,氵
7385,7385,7385,澅,⿰氵⿳&CDP-8BC6;田一,氵
7386,7386,7386,潓,⿰氵⿱&CDP-8BD0;心,氵
7387,7387,7387,澔,⿰氵⿰白⿱⿰丿土口,氵
7388,7388,7388,澏,⿰氵⿱⿱口⿰口口山,氵
7389,7389,7389,澒,⿰氵⿰工頁,氵
7390,7390,7390,潶,⿰氵⿱&CDP-88D4;灬,氵
7391,7391,7391,澗,⿰氵⿵⿰𠁣𠃛日,氵
7392,7392,7392,潐,⿰氵⿱隹灬,氵
7393,7393,7393,潔,⿰氵⿱⿰⿻⿱一⿱一一丨⿹𠃌丿⿱⿰&CDP-895C;丶小,氵
7394,7394,7394,澆,⿰氵⿱⿱⿱十一⿰⿱十一⿱十一⿱一⿰丿乚,氵
7395,7395,7395,潗,⿰氵⿱隹木,氵
7396,7396,7396,濈,⿰氵⿰⿱口耳⿻⿺⿻一乚丶丿,氵
7397,7397,7397,澋,⿰氵⿱日⿳⿱丶一口小,氵
7398,7398,7398,潰,⿰氵⿱⿱⿻口丨一⿱目八,氵
7399,7399,7399,澑,⿰氵⿱丣田,氵
7400,7400,7400,澇,⿰氵⿱⿱⿰⿱八人⿱八人冖⿻丿𠃌,氵
7401,7401,7401,澜,⿰氵⿵门柬,氵
7402,7402,7402,潦,⿰氵⿱⿱⿻⿻一人丷日小,氵
7403,7403,7403,潾,⿰氵⿱米⿰⿴𠂊丶㐄,氵
7404,7404,7404,澛,⿰氵⿱⿳𠂊田一日,氵
7405,7405,7405,澠,⿰氵黽,氵
7406,7406,7406,潣,⿰氵⿵⿰𠁣𠃛⿱⿱丶一⿻丿乀,氵
7407,7407,7407,澝,⿰氵⿱⿱宀心⿵冂&CDP-8BF1;,氵
7408,7408,7408,潖,⿰氵⿱⿰⿱一⿱十一⿱一⿱十一巴,氵
7409,7409,7409,澎,⿰氵⿰⿱十豆彡,氵
7410,7410,7410,潘,⿰氵⿱⿱丿米田,氵
7411,7411,7411,潑,⿰氵⿱⿰&CDP-88D3;&CDP-88D5;⿰弓⿱𠘧又,氵
7412,7412,7412,潽,⿰氵⿱⿱⿱丷一⿱&CDP-85F0;一日,氵
7413,7413,7413,潜,⿰氵⿱⿰⿻⿱一一人⿻⿱一一人日,氵
7414,7414,7414,潛,⿰氵⿱⿰旡旡日,氵
7415,7415,7415,漒,⿰氵⿰弓⿱口虫,氵
7416,7416,7416,潤,⿰氵⿵⿰𠁣𠃛⿱一⿱十一,氵
7417,7417,7417,潲,⿰氵⿰⿱丿木⿱⺌月,氵
7418,7418,7418,澍,⿰氵⿰⿱十豆寸,氵
7419,7419,7419,潸,⿰氵⿱⿰木木月,氵
7420,7420,7420,澘,⿰氵⿱⿰木木日,氵
7421,7421,7421,潻,⿰氵⿱⿱丿木&CDP-8D71;,氵
7422,7422,7422,澻,⿰氵⿺辶⿱丷⿱一𧰨,氵
7423,7423,7423,澁,⿰氵⿱止⿰止止,氵
7424,7424,7424,潥,⿰氵⿱⿱一&CDP-86EA;米,氵
7425,7425,7425,潠,⿰氵⿱⿰巳巳⿱⿱⿻十丨一八,氵
7426,7426,7426,澌,⿰氵⿰⿱&CDP-8B72;八⿸𠂆⿱一丨,氵
7427,7427,7427,濍,⿰氵⿱艹⿱⿻⿹勹&CDP-89A6;丶心,氵
7428,7428,7428,潵,⿰氵⿰&CDP-8CEC;攵,氵
7429,7429,7429,澾,⿰氵⿺辶⿱⿱十一⿱⿱丷一&CDP-8BF1;,氵
7430,7430,7430,潭,⿰氵⿱⿱一&CDP-86EA;⿱日十,氵
7431,7431,7431,潼,⿰氵⿱⿱&CDP-8BAE;一⿱&CDP-8BD9;一,氵
7432,7432,7432,潬,⿰氵⿱⿰口口&CDP-8BD9;,氵
7433,7433,7433,澫,⿰氵⿱艹禺,氵
7434,7434,7434,潙,⿰氵爲,氵
7435,7435,7435,潿,⿰氵⿴囗⿳𫝀口㐄,氵
7436,7436,7436,潫,⿰氵⿱⿱丷⿻⿱一一人⿱⿰&CDP-895C;丶小,氵
7437,7437,7437,潕,⿰氵⿱&CDP-8BBE;灬,氵
7438,7438,7438,澖,⿰氵⿵⿰𠁣𠃛木,氵
7439,7439,7439,潟,⿰氵⿱臼&CDP-8C40;,氵
7440,7440,7440,澙,⿰氵⿱臼&CDP-8DBF;,氵
7441,7441,7441,潯,⿰氵⿳彐&CDP-8CFA;寸,氵
7442,7442,7442,潝,⿰氵⿱⿱⿱人一口⿰⿹𠃌冫⿹𠃌冫,氵
7443,7443,7443,潏,⿰氵⿱⿱龴⿹⿱乛亅丿⿵冂⿱八口,氵
7444,7444,7444,澐,⿰氵⿱⿱一⿻冂&CDP-8C41;⿱⿱一一厶,氵
7445,7445,7445,潱,⿰氵⿳⿱十一冖豆,氵
7446,7446,7446,潪,⿰氵⿱⿰⿱𠂉⿻一人口日,氵
7447,7447,7447,潧,⿰氵⿱丷⿱&CDP-8B62;日,氵
7448,7448,7448,濐,⿰氵⿱日⿸耂日,氵
7449,7449,7449,潈,⿰氵⿱罒𧰨,氵
7450,7450,7450,澳,⿰氵⿱⿵&CDP-8BD6;米⿻一人,氵
7451,7451,7451,濒,⿰氵⿰⿱止𣥂页,氵
7452,7452,7452,澶,⿰氵⿱⿱⿱丶一⿴囗口⿱日一,氵
7453,7453,7453,濋,⿰氵⿱⿰木木疋,氵
7454,7454,7454,澯,⿰氵⿱⿰⿱⺊⿴𠂊丶又米,氵
7455,7455,7455,濨,⿰氵⿱⿱⿱丷一⿰⿰&CDP-895C;丶⿰&CDP-895C;丶心,氵
7456,7456,7456,濸,⿰氵⿱艹⿱⿱人丶⿸&CDP-89CE;口,氵
7457,7457,7457,澱,⿰氵⿰⿸尸⿱⿱⿻十丨一八⿱𠘧又,氵
7458,7458,7458,澤,⿰氵⿱罒⿱⿱十一⿱丷干,氵
7459,7459,7459,澹,⿰氵⿸⿱𠂊厂&CDP-8CC3;,氵
7460,7460,7460,澢,⿰氵⿱⿱⿱⺌冖口田,氵
7461,7461,7461,澸,⿰氵⿱⿵⿵戊一口心,氵
7462,7462,7462,澣,⿰氵⿰⿱十⿱日十⿱人干,氵
7463,7463,7463,澴,⿰氵⿳罒⿱一口𧘇,氵
7464,7464,7464,濊,⿰氵⿱止&CDP-8CB3;,氵
7465,7465,7465,濩,⿰氵⿱艹⿱隹又,氵
7466,7466,7466,濅,⿰氵⿱⿱宀⿳彐冖巾又,氵
7467,7467,7467,澽,⿰氵⿸⿸⿱⺊&CDP-88E2;⿻㇀乚⿱一𧰨,氵
7468,7468,7468,激,⿰氵⿰⿱白⿱⿱丶一&CDP-8B6C;攵,氵
7469,7469,7469,澮,⿰氵⿱⿱人一⿱&CDP-8B62;日,氵
7470,7470,7470,澰,⿰氵⿳⿱人一⿰口口⿰人人,氵
7471,7471,7471,濂,⿰氵⿸广⿱⿱丷一&CDP-8CDE;,氵
7472,7472,7472,濓,⿰氵⿸⿱&CDP-8BAE;厂&CDP-8CDE;,氵
7473,7473,7473,濑,⿰氵⿰束⿱𠂊贝,氵
7474,7474,7474,澪,⿰氵⿱⿱一⿻冂&CDP-8C41;⿱⿱人丶龴,氵
7475,7475,7475,潞,⿰氵⿰⿱口止⿱夂口,氵
7476,7476,7476,澧,⿰氵⿱曲豆,氵
7477,7477,7477,澟,⿰氵⿱⿱⿱丶一⿴囗口⿱丿木,氵
7478,7478,7478,澷,⿰氵⿳日罒⿱⿱丶一&CDP-8B6C;,氵
7479,7479,7479,濛,⿰氵⿱艹⿳冖一⿱一𧰨,氵
7480,7480,7480,濗,⿰氵⿱⿱艹⿱日⿻一人巾,氵
7481,7481,7481,濃,⿰氵⿱曲⿸厂⿱⿱一一&CDP-8CC6;,氵
7482,7482,7482,澼,⿰氵⿰⿸尸口⿱⿱&CDP-8BAE;一十,氵
7483,7483,7483,澿,⿰氵⿱⿰木木示,氵
7484,7484,7484,澨,⿰氵⿱竹⿻工⿰人人,氵
7485,7485,7485,濖,⿰氵⿱罒⿸耂日,氵
7486,7486,7486,濉,⿰氵⿰目隹,氵
7487,7487,7487,濇,⿰氵⿱&CDP-8D5B;⿴囗口,氵
7488,7488,7488,濏,⿰氵⿱⿰⿱一⿱十一⿱一⿱十一⿻心丿,氵
7489,7489,7489,潚,⿰氵肅,氵
7490,7490,7490,澥,⿰氵⿰角⿱⿹𠃌丿牛,氵
7491,7491,7491,澲,⿰氵⿱⿱&CDP-85F0;一⿱⿱丷一未,氵
7492,7492,7492,澺,⿰氵⿱⿱⿱&CDP-8BAE;一日心,氵
7493,7493,7493,澦,⿰氵⿰⿱龴⿱乛亅頁,氵
7494,7494,7494,澞,⿰氵⿸⿸⿱⺊&CDP-88E2;⿻㇀乚⿱口⿱一⿻一人,氵
7495,7495,7495,澵,⿰氵⿰⿱⿱&CDP-8BAE;一朩⿸𠂆⿱一丨,氵
7496,7496,7496,澭,⿰氵⿱⿱丶一&CDP-8DB5;,氵
7497,7497,7497,濁,⿰氵⿱罒⿹勹虫,氵
7498,7498,7498,瀄,⿰氵⿱竹⿰&CDP-8B7C;卩,氵
7499,7499,7499,澬,⿰氵⿱⿰冫欠⿱目八,氵
7500,7500,7500,澡,⿰氵⿱⿱口⿰口口木,氵
7501,7501,7501,濭,⿰氵⿱艹⿱⿱⿱十一厶皿,氵
7502,7502,7502,濞,⿰氵⿱自⿱田⿱一&CDP-8BF5;,氵
7503,7503,7503,濱,⿰氵⿱&CDP-8D74;⿱目八,氵
7504,7504,7504,濵,⿰氵⿱宀⿸𠃜⿱目八,氵
7505,7505,7505,濢,⿰氵⿱⿰⿹𠃌冫⿹𠃌冫⿱⿱⿱丶一⿰人人十,氵
7506,7506,7506,濧,⿰氵⿰&CDP-8BBD;寸,氵
7507,7507,7507,濲,⿰氵⿰⿱⿱⿱⿱十一冖一⿱丿木⿱𠘧又,氵
7508,7508,7508,濠,⿰氵⿱&CDP-8C4D;⿱一𧰨,氵
7509,7509,7509,濟,⿰氵⿱&CDP-8DEB;&CDP-89C6;,氵
7510,7510,7510,濜,⿰氵⿱⿱⿱⿻&CDP-8BAB;丨一灬皿,氵
7511,7511,7511,瀞,⿰氵⿰⿱龶月⿱𠂊&CDP-8BFE;,氵
7512,7512,7512,濬,⿰氵⿳⿱⺊⿵冂一八⿱人目,氵
7513,7513,7513,濶,⿰氵⿵⿰𠁣𠃛⿱⿱丿十口,氵
7514,7514,7514,濫,⿰氵⿱⿰臣&CDP-89BC;皿,氵
7515,7515,7515,濿,⿰氵⿸厂⿱艹禺,氵
7516,7516,7516,瀎,⿰氵⿱⿱艹罒⿵戊丶,氵
7517,7517,7517,濹,⿰氵⿱⿱&CDP-88D4;灬⿱十一,氵
7518,7518,7518,濔,⿰氵⿱一&CDP-88D6;,氵
7519,7519,7519,濘,⿰氵⿱⿱宀⿱心皿⿱一亅,氵
7520,7520,7520,濮,⿰氵⿰亻⿳⿱&CDP-85F0;一⿱丷一⿻⿱一一人,氵
7521,7521,7521,濪,⿰氵⿰⿱龶月⿱𠂊巴,氵
7522,7522,7522,濝,⿰氵⿱⿱&CDP-8B72;八⿱⿰&CDP-895C;丶小,氵
7523,7523,7523,濡,⿰氵⿱⿱一⿻冂&CDP-8C41;⿱一⿱丿⿵冂⿰丨丨,氵
7524,7524,7524,濰,⿰氵⿰⿱⿰&CDP-895C;丶&CDP-885E;隹,氵
7525,7525,7525,瀀,⿰氵⿱⿱&CDP-8CD4;心夂,氵
7526,7526,7526,濕,⿰氵⿱日⿱⿰⿰&CDP-895C;丶⿰&CDP-895C;丶灬,氵
7527,7527,7527,瀡,⿰氵⿰阝⿺辶&CDP-8CA9;,氵
7528,7528,7528,澀,⿰氵⿱⿰⿹⿹𠃌丿丿⿹⿹𠃌丿丿⿰止止,氵
7529,7529,7529,濤,⿰氵⿳⿳⿱十一乛工一⿰口寸,氵
7530,7530,7530,濣,⿰氵⿰⿱十⿱日十⿱人斗,氵
7531,7531,7531,濻,⿰氵⿰阝⿱⿱⿻口丨一⿱目八,氵
7532,7532,7532,瀇,⿰氵⿸广⿳⿱⿻十丨一由八,氵
7533,7533,7533,濙,⿰氵⿱⿱⿰⿱八人⿱八人冖⿱八人,氵
7534,7534,7534,濚,⿰氵⿱⿱⿰⿱八人⿱八人冖木,氵
7535,7535,7535,濴,⿰氵⿱⿱⿰⿱八人⿱八人冖⿲㇇亅&CDP-85BF;,氵
7536,7536,7536,濦,⿰氵⿱⿳⿱丿𭕄工彐心,氵
7537,7537,7537,瀁,⿰氵⿱⿱⿱丷一⿱十一⿱人⿱丶艮,氵
7538,7538,7538,濥,⿰氵⿱⿴𠂊丶⿱宀&CDP-8CE6;,氵
7539,7539,7539,濯,⿰氵⿱⿰⿹𠃌冫⿹𠃌冫隹,氵
7540,7540,7540,瀌,⿰氵⿸⿸&CDP-8D56;比灬,氵
7541,7541,7541,瀑,⿰氵⿱日⿱⿱⿱⿻十丨一八⿻亅&CDP-89AE;,氵
7542,7542,7542,瀍,⿰氵⿸广&CDP-8DC3;,氵
7543,7543,7543,瀓,⿰氵⿰彳⿰&CDP-8DB6;攵,氵
7544,7544,7544,瀆,⿰氵⿱⿱十一⿱罒⿱目八,氵
7545,7545,7545,瀔,⿰氵⿰⿱⿱⿱⿱十一冖一⿱丿木⿱𠘧又,氵
7546,7546,7546,瀈,⿰氵⿱⿰⿹𠃌冫⿹𠃌冫⿱冖車,氵
7547,7547,7547,濺,⿰氵⿰⿱目八⿱⿻⿺⿻一乚丶丿⿻⿺⿻一乚丶丿,氵
7548,7548,7548,瀐,⿰氵⿹⿶⿻⿺⿻一乚丶丿十⿱非一,氵
7549,7549,7549,瀏,⿰氵⿰&CDP-8D69;刂,氵
7550,7550,7550,濼,⿰氵⿱&CDP-8BF4;木,氵
7551,7551,7551,瀂,⿰氵⿱⿳𠂊田灬日,氵
7552,7552,7552,濾,⿰氵⿸⿸⿱⺊&CDP-88E2;⿻㇀乚⿱田心,氵
7553,7553,7553,瀊,⿰氵⿱⿰舟⿱𠘧又皿,氵
7554,7554,7554,瀋,⿰氵⿱宀⿱⿱丿米田,氵
7555,7555,7555,瀒,⿰氵⿳⿻木⿰人人一⿴囗口,氵
7556,7556,7556,瀃,⿰氵⿰⿱目八⿱日⿹勹&CDP-89A6;,氵
7557,7557,7557,瀢,⿰氵⿺辶⿱⿱⿻口丨一⿱目八,氵
7558,7558,7558,瀉,⿰氵⿱宀⿱臼&CDP-8C40;,氵
7559,7559,7559,瀅,⿰氵⿱⿱⿰⿱八人⿱八人冖⿷⿱一⿱十一丶,氵
7560,7560,7560,瀦,⿰氵⿰⿱一𧰨⿸耂日,氵
7561,7561,7561,濽,⿰氵⿱⿰⿻⿱一一人⿻⿱一一人⿱目八,氵
7562,7562,7562,瀕,⿰氵⿰⿱止𣥂頁,氵
7563,7563,7563,瀩,⿰氵⿰⿱⿱丿木几頁,氵
7564,7564,7564,瀤,⿰氵⿳⿱丶一⿱罒&CDP-8977;𧘇,氵
7565,7565,7565,瀖,⿰氵⿱⿱一⿻冂&CDP-8C41;隹,氵
7566,7566,7566,瀚,⿰氵⿰⿱十⿱日十⿱人⿰⿹𠃌冫⿹𠃌冫,氵
7567,7567,7567,瀫,⿰氵⿰⿱⿱⿱⿱十一冖一⿱⿰&CDP-895C;丶小⿱𠘧又,氵
7568,7568,7568,瀳,⿰氵⿱艹⿸&CDP-8D56;&CDP-8DBF;,氵
7569,7569,7569,瀺,⿰氵⿱⿱⿱𠂊口比⿷⿱𠂊&CDP-8BCB;丶,氵
7570,7570,7570,瀮,⿰氵⿱⿱一⿻冂&CDP-8C41;⿰木木,氵
7571,7571,7571,瀨,⿰氵⿰束⿱𠂊⿱目八,氵
7572,7572,7572,瀬,⿰氵⿰束頁,氵
7573,7573,7573,瀝,⿰氵⿸⿸厂⿰⿱丿木⿱丿木止,氵
7574,7574,7574,瀧,⿰氵⿰⿱⿱&CDP-8BAE;一月&CDP-89B0;,氵
7575,7575,7575,瀘,⿰氵⿸⿸⿱⺊&CDP-88E2;⿻㇀乚&CDP-8CF4;,氵
7576,7576,7576,濳,⿰氵⿱⿰⿱⿰丿土⿰丿乚⿱⿰丿土⿰丿乚日,氵
7577,7577,7577,瀙,⿰氵⿰⿱⿱&CDP-8BAE;一朩⿱目⿰丿乚,氵
7578,7578,7578,瀜,⿰氵⿰⿳一口⿵⿵冂⿰丿乚⿱一丨虫,氵
7579,7579,7579,瀭,⿰氵⿰車⿱⿱人一⿰月刂,氵
7580,7580,7580,瀗,⿰氵⿳⿱宀⿻⿱一⿱一一丨罒心,氵
7581,7581,7581,瀣,⿰氵⿱⿰⿱⺊⿴𠂊丶又⿱非一,氵
7582,7582,7582,瀟,⿰氵⿱艹肅,氵
7583,7583,7583,瀥,⿰氵⿱⿰⿹𠃌冫⿹𠃌冫⿳⿱丶一口⿵冂口,氵
7584,7584,7584,瀛,⿰氵⿱⿱⿱⿱丶一𠃊口⿲月女⿵几丶,氵
7585,7585,7585,瀠,⿰氵⿱⿱⿰⿱八人⿱八人冖⿱⿰&CDP-895C;丶小,氵
7586,7586,7586,瀯,⿰氵⿱⿱⿰⿱八人⿱八人冖⿳口丿口,氵
7587,7587,7587,灁,⿰氵⿵⿰𠁣𠃛⿱白⿲㇇亅&CDP-85BF;,氵
7588,7588,7588,瀻,⿰氵⿹⿶⿻⿺⿻一乚丶丿十⿱田⿱⿱⿻十丨一八,氵
7589,7589,7589,瀿,⿰氵⿱⿰⿱𠂉母攵⿱⿰&CDP-895C;丶小,氵
7590,7590,7590,瀵,⿰氵⿱米⿱田⿱⿱⿻十丨一八,氵
7591,7591,7591,灌,⿰氵⿱艹⿱⿰口口隹,氵
7592,7592,7592,瀸,⿰氵⿹⿶⿻⿺⿻一乚丶丿⿰人人⿱非一,氵
7593,7593,7593,瀽,⿰氵⿱⿳宀⿱井一八⿱口龰,氵
7594,7594,7594,瀱,⿰氵⿱罒&CDP-8AD6;,氵
7595,7595,7595,瀲,⿰氵⿰⿳⿱人一⿰口口⿰人人攵,氵
7596,7596,7596,瀾,⿰氵⿵⿰𠁣𠃛柬,氵
7597,7597,7597,灆,⿰氵⿱艹⿱⿰臣&CDP-89BC;皿,氵
7598,7598,7598,瀶,⿰氵⿰臣⿱𠂉⿱口⿰口口,氵
7599,7599,7599,瀰,⿰氵⿰弓⿱一&CDP-88D6;,氵
7600,7600,7600,瀼,⿰氵⿳⿱丶一&CDP-8CA3;𧘇,氵
7601,7601,7601,灀,⿰氵⿱⿱一⿻冂&CDP-8C41;⿰木目,氵
7602,7602,7602,瀹,⿰氵⿳⿱人一⿲口口口⿵冂⿻十丨,氵
7603,7603,7603,瀷,⿰氵⿱⿰⿹𠃌冫⿹𠃌冫⿱田⿱⿱⿻十丨一八,氵
7604,7604,7604,瀴,⿰氵⿱⿰⿱目八⿱目八女,氵
7605,7605,7605,灂,⿰氵⿳⿱丿𭕄罒⿰&CDP-8B7C;寸,氵
7606,7606,7606,纥,⿰纟⿱𠂉乙,纟
7607,7607,7607,红,⿰纟工,纟
7608,7608,7608,纪,⿰纟己,纟
7609,7609,7609,级,⿰纟及,纟
7610,7610,7610,纩,⿰纟广,纟
7611,7611,7611,纡,⿰纟于,纟
7612,7612,7612,纣,⿰纟寸,纟
7613,7613,7613,纤,⿰纟⿱丿十,纟
7614,7614,7614,纫,⿰纟⿹⿹𠃌丿丿,纟
7615,7615,7615,纨,⿰纟⿻九丶,纟
7616,7616,7616,约,⿰纟⿹勹丶,纟
7617,7617,7617,纟,纟,纟
7618,7618,7618,纠,⿰纟丩,纟
7619,7619,7619,纯,⿰纟⿻丿⿻凵乚,纟
7620,7620,7620,纷,⿰纟⿱八⿹𠃌丿,纟
7621,7621,7621,纺,⿰纟⿱⿱丶一&CDP-8B6C;,纟
7622,7622,7622,纶,⿰纟⿱人⿺乚丿,纟
7623,7623,7623,纲,⿰纟⿵冂㐅,纟
7624,7624,7624,纮,⿰纟⿸𠂇厶,纟
7625,7625,7625,纽,⿰纟丑,纟
7626,7626,7626,纳,⿰纟⿻冂人,纟
7627,7627,7627,纰,⿰纟比,纟
7628,7628,7628,纴,⿰纟⿱丿⿱十一,纟
7629,7629,7629,纱,⿰纟⿱小丿,纟
7630,7630,7630,纾,⿰纟⿱龴⿱乛亅,纟
7631,7631,7631,纹,⿰纟⿱⿱丶一⿻丿乀,纟
7632,7632,7632,纬,⿰纟韦,纟
7633,7633,7633,终,⿰纟⿱夂⿱丶丶,纟
7634,7634,7634,纭,⿰纟⿱⿱一一厶,纟
7635,7635,7635,纼,⿰纟⿰弓丨,纟
7636,7636,7636,纻,⿰纟⿱宀一,纟
7637,7637,7637,纸,⿰纟氏,纟
7638,7638,7638,纵,⿰纟⿰人人,纟
7639,7639,7639,绊,⿰纟⿱丷&CDP-8BF1;,纟
7640,7640,7640,绌,⿰纟⿱⿻凵丨凵,纟
7641,7641,7641,绐,⿰纟⿱厶口,纟
7642,7642,7642,绂,⿰纟⿺⿸𠂇又丶,纟
7643,7643,7643,绋,⿰纟⿻弓&CDP-8BF5;,纟
7644,7644,7644,绀,⿰纟甘,纟
7645,7645,7645,经,⿰纟⿱ス工,纟
7646,7646,7646,练,⿰纟𫠣,纟
7647,7647,7647,绍,⿰纟⿱⿹𠃌丿口,纟
7648,7648,7648,绅,⿰纟申,纟
7649,7649,7649,线,⿰纟⿻⿻⿺⿻一乚丶丿一,纟
7650,7650,7650,绁,⿰纟世,纟
7651,7651,7651,细,⿰纟田,纟
7652,7652,7652,绎,⿰纟⿱又&CDP-8BF1;,纟
7653,7653,7653,绉,⿰纟⿱𠂊彐,纟
7654,7654,7654,组,⿰纟且,纟
7655,7655,7655,织,⿰纟⿱口八,纟
7656,7656,7656,绑,⿰纟⿰⿻⿱一⿱一一丨阝,纟
7657,7657,7657,绖,⿰纟⿱⿱一厶⿱十一,纟
7658,7658,7658,给,⿰纟⿱⿱人一口,纟
7659,7659,7659,绘,⿰纟⿱人⿱⿱一一厶,纟
7660,7660,7660,绗,⿰纟⿰彳⿱一⿱一亅,纟
7661,7661,7661,绛,⿰纟⿱夂㐄,纟
7662,7662,7662,结,⿰纟⿱⿱十一口,纟
7663,7663,7663,绞,⿰纟⿱⿱丶一⿱八⿻丿乀,纟
7664,7664,7664,绝,⿰纟⿱𠂊巴,纟
7665,7665,7665,绔,⿰纟⿱⿻一人⿱一⿱一㇉,纟
7666,7666,7666,络,⿰纟⿱夂口,纟
7667,7667,7667,绕,⿰纟⿱⿻⿻一乚丿⿱一⿰丿乚,纟
7668,7668,7668,绒,⿰纟⿹⿻⿺⿻一乚丶丿𠂇,纟
7669,7669,7669,统,⿰纟⿱⿻一厶⿰丿乚,纟
7670,7670,7670,绚,⿰纟⿹勹日,纟
7671,7671,7671,继,⿰纟⿺𠃊米,纟
7672,7672,7672,绠,⿰纟⿱一&CDP-89E7;,纟
7673,7673,7673,绢,⿰纟⿱口月,纟
7674,7674,7674,绥,⿰纟⿱⿱丿𭕄女,纟
7675,7675,7675,绨,⿰纟⿱丷⿹⿻弓丨丿,纟
7676,7676,7676,绦,⿰纟⿱夂朩,纟
7677,7677,7677,绣,⿰纟⿱⿱丿木⿹𠄎丿,纟
7678,7678,7678,绡,⿰纟⿱⺌月,纟
7679,7679,7679,绤,⿰纟谷,纟
7680,7680,7680,绽,⿰纟⿱宀⿱一龰,纟
7681,7681,7681,绷,⿰纟⿰月月,纟
7682,7682,7682,绸,⿰纟⿵⺆⿱⿱十一口,纟
7683,7683,7683,绰,⿰纟⿱⺊⿱日十,纟
7684,7684,7684,缍,⿰纟⿳丿&CDP-876E;一,纟
7685,7685,7685,绯,⿰纟非,纟
7686,7686,7686,绲,⿰纟⿱日比,纟
7687,7687,7687,绩,⿰纟⿱龶贝,纟
7688,7688,7688,绺,⿰纟⿱⿺夂卜口,纟
7689,7689,7689,绫,⿰纟⿳⿱十一八夂,纟
7690,7690,7690,绿,⿰纟⿱彐⿻亅&CDP-89AE;,纟
7691,7691,7691,绵,⿰纟⿱白巾,纟
7692,7692,7692,绻,⿰纟⿱⿱丷⿻⿱一一人㔾,纟
7693,7693,7693,绮,⿰纟⿱⿻一人⿹⿱一亅口,纟
7694,7694,7694,绱,⿰纟⿱⺌⿵冂口,纟
7695,7695,7695,绳,⿰纟⿱口⿻日乚,纟
7696,7696,7696,绶,⿰纟⿱&CDP-8BB8;又,纟
7697,7697,7697,绹,⿰纟⿹勹缶,纟
7698,7698,7698,维,⿰纟隹,纟
7699,7699,7699,绾,⿰纟⿱宀㠯,纟
7700,7700,7700,绪,⿰纟⿸耂日,纟
7701,7701,7701,续,⿰纟⿱十⿱乛头,纟
7702,7702,7702,绬,⿰纟⿱艹央,纟
7703,7703,7703,缀,⿰纟⿱⿰又又⿰又又,纟
7704,7704,7704,缏,⿰纟⿰亻⿱一&CDP-89E7;,纟
7705,7705,7705,缎,⿰纟⿰&CDP-8CE4;⿱𠘧又,纟
7706,7706,7706,综,⿰纟⿱宀示,纟
7707,7707,7707,缁,⿰纟⿱⿲𡿨𡿨𡿨田,纟
7708,7708,7708,编,⿰纟⿸⿱丶尸⿵冂⿻十丨,纟
7709,7709,7709,缔,⿰纟⿱&CDP-8BEC;巾,纟
7710,7710,7710,缑,⿰纟⿰亻&CDP-8BC7;,纟
7711,7711,7711,缋,⿰纟⿱⿱⿻口丨一贝,纟
7712,7712,7712,缓,⿰纟⿳⿱丿𭕄一⿸𠂇又,纟
7713,7713,7713,缄,⿰纟⿵⿵戊一口,纟
7714,7714,7714,缉,⿰纟⿱口耳,纟
7715,7715,7715,缂,⿰纟革,纟
7716,7716,7716,缆,⿰纟⿱⿰⿰丨丨&CDP-89BC;见,纟
7717,7717,7717,缕,⿰纟⿱米女,纟
7718,7718,7718,缅,⿰纟⿱⿱一丿⿴囗&CDP-89CC;,纟
7719,7719,7719,缈,⿰纟⿰目⿱小丿,纟
7720,7720,7720,缗,⿰纟⿱民日,纟
7721,7721,7721,缌,⿰纟⿱田心,纟
7722,7722,7722,缇,⿰纟⿱日⿱一龰,纟
7723,7723,7723,缐,⿰纟⿱白⿲㇇亅&CDP-85BF;,纟
7724,7724,7724,缣,⿰纟⿱⿱丷一&CDP-8CDE;,纟
7725,7725,7725,缃,⿰纟⿰木目,纟
7726,7726,7726,缘,⿰纟⿱彑𧰨,纟
7727,7727,7727,缊,⿰纟⿱日皿,纟
7728,7728,7728,缒,⿰纟⿺辶⿱丿㠯,纟
7729,7729,7729,缤,⿰纟⿱宀⿱丘八,纟
7730,7730,7730,缠,⿰纟⿸广⿱&CDP-8BD9;一,纟
7731,7731,7731,缞,⿰纟⿳⿱丶一&CDP-89EF;𧘇,纟
7732,7732,7732,缝,⿰纟⿺辶⿱夂⿻⿱一⿱一一丨,纟
7733,7733,7733,缚,⿰纟⿱⿺&CDP-86B7;丶寸,纟
7734,7734,7734,缟,⿰纟⿳⿱丶一口⿵冂口,纟
7735,7735,7735,缙,⿰纟⿱⿱一⿱&CDP-85F0;一日,纟
7736,7736,7736,缡,⿰纟⿱⿱⿱丶一⿶凵㐅⿻冂厶,纟
7737,7737,7737,缛,⿰纟⿱⿸厂⿱⿱一一&CDP-8CC6;寸,纟
7738,7738,7738,缢,⿰纟⿱&CDP-8CF0;皿,纟
7739,7739,7739,缜,⿰纟⿱十⿱&CDP-8BA5;八,纟
7740,7740,7740,缧,⿰纟⿱田⿱⿰&CDP-895C;丶小,纟
7741,7741,7741,缪,⿰纟⿱⿰⿹𠃌冫⿹𠃌冫⿱人彡,纟
7742,7742,7742,缦,⿰纟⿳日罒又,纟
7743,7743,7743,缥,⿰纟⿱⿱一&CDP-86EA;示,纟
7744,7744,7744,缩,⿰纟⿱宀⿰亻⿱一白,纟
7745,7745,7745,缫,⿰纟⿱⿲𡿨𡿨𡿨⿻日木,纟
7746,7746,7746,缨,⿰纟⿱⿰贝贝女,纟
7747,7747,7747,缭,⿰纟⿱⿱⿻⿻一人丷日小,纟
7748,7748,7748,缮,⿰纟⿱⿱⿱⿱丷一&CDP-8BF1;⿱丷一口,纟
7749,7749,7749,缬,⿰纟⿰⿱⿱十一口页,纟
7750,7750,7750,缯,⿰纟⿱丷⿱&CDP-8B62;日,纟
7751,7751,7751,缳,⿰纟⿳罒⿱一口𧘇,纟
7752,7752,7752,缰,⿰纟⿳&CDP-8D5E;&CDP-8D5E;一,纟
7753,7753,7753,缴,⿰纟⿰⿱白⿱⿱丶一&CDP-8B6C;攵,纟
7754,7754,7754,缲,⿰纟⿱⿱口⿰口口木,纟
7755,7755,7755,缱,⿰纟⿺辶⿱⿱⿻口丨一㠯,纟
7756,7756,7756,缵,⿰纟⿱⿰⿱⿰丿土⿰丿乚⿱⿰丿土⿰丿乚贝,纟
7757,7757,7757,巳,巳,巳
7758,7758,7758,巴,巴,巳
7759,7759,7759,巵,⿸⿸𠂆一巴,巳
7760,7760,7760,巶,⿰⿱⿹𠃌丿口巳,巳
7761,7761,7761,巷,⿱⿱⿱⿻十丨一八巳,巳
7762,7762,7762,巼,⿱巴⿰口⿻乚丿,巳
7763,7763,7763,巺,⿳⿰巳巳一八,巳
7764,7764,7764,巸,⿰𦣞巳,巳
7765,7765,7765,巽,⿱⿰巳巳⿱⿱⿻十丨一八,巳
7766,7766,7766,场,⿰⿱十一𠃓,土
7767,7767,7767,地,⿰⿱十一也,土
7768,7768,7768,圵,⿰⿱十一⿱⺊一,土
7769,7769,7769,圭,⿱⿱十一⿱十一,土
7770,7770,7770,圪,⿰⿱十一⿱𠂉乙,土
7771,7771,7771,圾,⿰⿱十一及,土
7772,7772,7772,圹,⿰⿱十一广,土
7773,7773,7773,土,⿱十一,土
7774,7774,7774,圮,⿰⿱十一己,土
7775,7775,7775,圶,⿱⿻一人⿱十一,土
7776,7776,7776,圱,⿰⿱丿十⿱十一,土
7777,7777,7777,圲,⿰⿱十一⿱丿十,土
7778,7778,7778,圸,⿰⿱十一山,土
7779,7779,7779,圩,⿰⿱十一于,土
7780,7780,7780,圬,⿰⿱十一⿱一⿱一㇉,土
7781,7781,7781,圷,⿰⿱十一⿱一卜,土
7782,7782,7782,圯,⿰⿱十一巳,土
7783,7783,7783,圫,⿰⿱十一⿱丿⿻㇀乚,土
7784,7784,7784,圴,⿰⿱十一⿹勹丶,土
7785,7785,7785,圳,⿰⿱十一川,土
7786,7786,7786,在,⿸&CDP-88F1;⿱十一,土
7787,7787,7787,赱,⿱⿱十一&CDP-8961;,土
7788,7788,7788,圡,⿷⿱十一丶,土
7789,7789,7789,圠,⿰⿱十一乚,土
7790,7790,7790,圦,⿰⿱十一入,土
7791,7791,7791,圥,⿱⿱十一⿰丿乚,土
7792,7792,7792,圤,⿰⿱十一卜,土
7793,7793,7793,圣,⿱又⿱十一,土
7794,7794,7794,圢,⿰⿱十一⿱一亅,土
7795,7795,7795,圧,⿸厂⿱十一,土
7796,7796,7796,坝,⿰⿱十一贝,土
7797,7797,7797,坌,⿱⿱八⿹𠃌丿⿱十一,土
7798,7798,7798,坒,⿱比⿱十一,土
7799,7799,7799,坂,⿰⿱十一⿸𠂆又,土
7800,7800,7800,坔,⿱⿲㇇亅&CDP-85BF;⿱十一,土
7801,7801,7801,坘,⿰⿱十一⿱一彑,土
7802,7802,7802,坊,⿰⿱十一⿱⿱丶一&CDP-8B6C;,土
7803,7803,7803,坋,⿰⿱十一⿱八⿹𠃌丿,土
7804,7804,7804,坟,⿰⿱十一⿱⿱丶一⿻丿乀,土
7805,7805,7805,坏,⿰⿱十一⿱一&CDP-8665;,土
7806,7806,7806,圿,⿰⿱十一⿱人&CDP-8BF5;,土
7807,7807,7807,坚,⿱⿰⿰丨丨又⿱十一,土
7808,7808,7808,坖,⿱⿱一⿱一⿰丿乚⿱十一,土
7809,7809,7809,坕,⿱爪⿱十一,土
7810,7810,7810,坙,⿳一⿲𡿨𡿨𡿨⿱十一,土
7811,7811,7811,均,⿰⿱十一⿹勹冫,土
7812,7812,7812,坓,⿱井⿱十一,土
7813,7813,7813,块,⿰⿱十一⿻𠃍⿻一人,土
7814,7814,7814,坑,⿰⿱十一⿱⿱丶一几,土
7815,7815,7815,坎,⿰⿱十一欠,土
7816,7816,7816,坜,⿰⿱十一⿸厂⿻丿𠃌,土
7817,7817,7817,坆,⿰⿱十一攵,土
7818,7818,7818,圽,⿰⿱十一⿹勹&CDP-89A6;,土
7819,7819,7819,圼,⿱日⿱十一,土
7820,7820,7820,圻,⿰⿱十一⿸𠂆⿱一丨,土
7821,7821,7821,坅,⿰⿱十一⿱⿱人丶㇇,土
7822,7822,7822,坈,⿰⿱十一⿱冖几,土
7823,7823,7823,坛,⿰⿱十一⿱⿱一一厶,土
7824,7824,7824,坉,⿰⿱十一⿻丿⿻凵乚,土
7825,7825,7825,坍,⿰⿱十一丹,土
7826,7826,7826,坞,⿰⿱十一⿹&CDP-89DE;一,土
7827,7827,7827,坃,⿰⿱十一⿱一⿱一⿰丿乚,土
7828,7828,7828,坄,⿰⿱十一⿱𠘧又,土
7829,7829,7829,坠,⿱⿰阝人⿱十一,土
7830,7830,7830,址,⿰⿱十一止,土
7831,7831,7831,坁,⿰⿱十一氏,土
7832,7832,7832,坐,⿻⿱十一⿰人人,土
7833,7833,7833,坢,⿰⿱十一⿱丷&CDP-8BF1;,土
7834,7834,7834,垂,⿳丿&CDP-876E;一,土
7835,7835,7835,坼,⿰⿱十一⿻⿸𠂆⿱一丨丶,土
7836,7836,7836,坻,⿰⿱十一⿱氏丶,土
7837,7837,7837,坫,⿰⿱十一⿱⺊口,土
7838,7838,7838,垈,⿱⿰亻⿺⿻一乚丶⿱十一,土
7839,7839,7839,坺,⿰⿱十一⿺⿸𠂇又丶,土
7840,7840,7840,坲,⿰⿱十一⿻弓&CDP-8BF5;,土
7841,7841,7841,坿,⿰⿱十一⿰亻寸,土
7842,7842,7842,坬,⿰⿱十一瓜,土
7843,7843,7843,坸,⿰⿱十一⿹勹口,土
7844,7844,7844,坩,⿰⿱十一甘,土
7845,7845,7845,垀,⿰⿱十一乎,土
7846,7846,7846,坰,⿰⿱十一⿵冂口,土
7847,7847,7847,坷,⿰⿱十一⿹⿱一亅口,土
7848,7848,7848,坤,⿰⿱十一申,土
7849,7849,7849,坽,⿰⿱十一⿱⿱人丶龴,土
7850,7850,7850,坴,⿱⿱⿱十一⿰丿乚⿱十一,土
7851,7851,7851,垆,⿰⿱十一⿱⺊尸,土
7852,7852,7852,垃,⿰⿱十一⿱&CDP-8BAE;一,土
7853,7853,7853,垄,⿱⿻⿺尢丶丿⿱十一,土
7854,7854,7854,垅,⿰⿱十一⿻⿺尢丶丿,土
7855,7855,7855,垊,⿰⿱十一民,土
7856,7856,7856,坶,⿰⿱十一母,土
7857,7857,7857,坭,⿰⿱十一⿸尸⿺乚丿,土
7858,7858,7858,垉,⿰⿱十一⿹勹巳,土
7859,7859,7859,坪,⿰⿱十一⿻干丷,土
7860,7860,7860,坯,⿰⿱十一⿱⿱一&CDP-8665;一,土
7861,7861,7861,坡,⿰⿱十一皮,土
7862,7862,7862,坵,⿰⿱十一丘,土
7863,7863,7863,坥,⿰⿱十一且,土
7864,7864,7864,坨,⿰⿱十一⿱宀⿺乚丿,土
7865,7865,7865,坮,⿰⿱十一⿱厶口,土
7866,7866,7866,坣,⿱⿱⺌冖⿱十一,土
7867,7867,7867,坦,⿰⿱十一⿱日一,土
7868,7868,7868,坹,⿰⿱十一⿱宀八,土
7869,7869,7869,坾,⿰⿱十一⿱宀⿱一亅,土
7870,7870,7870,坧,⿰⿱十一⿸⿱一丿口,土
7871,7871,7871,坳,⿰⿱十一⿰⿰&CDP-895C;丶⿻丿𠃌,土
7872,7872,7872,垇,⿰⿱十一凹,土
7873,7873,7873,坱,⿰⿱十一央,土
7874,7874,7874,垁,⿰⿱十一⿱𠂉⿻一人,土
7875,7875,7875,垪,⿰⿱十一⿱丷⿱一⿻一&CDP-8BF5;,土
7876,7876,7876,垹,⿰⿱十一⿰⿻⿱一⿱一一丨阝,土
7877,7877,7877,垞,⿰⿱十一⿱宀⿱丿⿻㇀乚,土
7878,7878,7878,城,⿰⿱十一⿵戊𠃌,土
7879,7879,7879,垑,⿰⿱十一⿱⿴𠂊丶⿴𠂊丶,土
7880,7880,7880,垐,⿱⿰冫欠⿱十一,土
7881,7881,7881,垫,⿱⿰扌⿻九丶⿱十一,土
7882,7882,7882,垤,⿰⿱十一⿱⿱一厶⿱十一,土
7883,7883,7883,垖,⿰⿱十一⿱丿㠯,土
7884,7884,7884,垜,⿰⿱十一⿱⿹𠄎丿木,土
7885,7885,7885,垛,⿰⿱十一⿱几木,土
7886,7886,7886,垯,⿰⿱十一⿺辶⿻一人,土
7887,7887,7887,垱,⿰⿱十一⿱⺌彐,土
7888,7888,7888,埅,⿱⿰阝⿱⿱丶一&CDP-8B6C;⿱十一,土
7889,7889,7889,垌,⿰⿱十一⿵⿵冂一口,土
7890,7890,7890,垡,⿱⿰亻⿻⿺⿻一乚丶丿⿱十一,土
7891,7891,7891,垘,⿰⿱十一⿰亻犬,土
7892,7892,7892,垙,⿰⿱十一⿱⺌⿱一⿰丿乚,土
7893,7893,7893,垝,⿰⿱十一⿸⿱𠂊厂㔾,土
7894,7894,7894,垢,⿰⿱十一⿸⿸𠂆一口,土
7895,7895,7895,垓,⿰⿱十一⿳⿱丶一⿰𠃋丿人,土
7896,7896,7896,垎,⿰⿱十一⿱夂口,土
7897,7897,7897,垕,⿱⿸⿸𠂆一口⿱十一,土
7898,7898,7898,垬,⿰⿱十一⿱⿱⿻十丨一八,土
7899,7899,7899,垳,⿰⿱十一⿰彳⿱一⿱一亅,土
7900,7900,7900,垍,⿰⿱十一自,土
7901,7901,7901,垮,⿰⿱十一⿱⿻一人⿱一⿱一㇉,土
7902,7902,7902,垦,⿱艮⿱十一,土
7903,7903,7903,垲,⿰⿱十一⿱山己,土
7904,7904,7904,垰,⿰⿱十一⿱⿱⺊一⿱一卜,土
7905,7905,7905,垒,⿱⿱厶⿰厶厶⿱十一,土
7906,7906,7906,垏,⿰⿱十一⿻⿻&CDP-8BAB;丨⿱一一,土
7907,7907,7907,垴,⿰⿱十一⿱⿱丶一⿶凵㐅,土
7908,7908,7908,垧,⿰⿱十一⿵&CDP-8BD6;口,土
7909,7909,7909,垨,⿰⿱十一⿱宀寸,土
7910,7910,7910,垥,⿰⿱十一⿱⿱人一口,土
7911,7911,7911,型,⿱⿰⿱一⿻一&CDP-8BF5;刂⿱十一,土
7912,7912,7912,垣,⿰⿱十一⿱一⿱日一,土
7913,7913,7913,垭,⿰⿱十一⿱一⿱&CDP-85F0;一,土
7914,7914,7914,埏,⿰⿱十一⿺廴⿱丿&CDP-8960;,土
7915,7915,7915,垟,⿰⿱十一⿱⿱丷一&CDP-8BF1;,土
7916,7916,7916,垚,⿱⿱十一⿰⿱十一⿱十一,土
7917,7917,7917,垠,⿰⿱十一艮,土
7918,7918,7918,垔,⿱⿱一&CDP-86EA;⿱十一,土
7919,7919,7919,垗,⿰⿱十一兆,土
7920,7920,7920,埩,⿰⿱十一⿱𠂊&CDP-8BFE;,土
7921,7921,7921,垩,⿱⿱一⿱&CDP-85F0;一⿱十一,土
7922,7922,7922,垵,⿰⿱十一⿱宀女,土
7923,7923,7923,垻,⿰⿱十一⿱目八,土
7924,7924,7924,埗,⿰⿱十一⿱止𣥂,土
7925,7925,7925,埔,⿰⿱十一⿺&CDP-86B7;丶,土
7926,7926,7926,埄,⿰⿱十一⿱夂⿻⿱一⿱一一丨,土
7927,7927,7927,埀,⿳丿⿻&CDP-8BF1;⿰&CDP-8BC5;⿺乚丿一,土
7928,7928,7928,埕,⿰⿱十一⿱口⿱一⿱十一,土
7929,7929,7929,埁,⿰⿱十一⿱山⿱⿱人丶㇇,土
7930,7930,7930,埊,⿱⿱山⿲㇇亅&CDP-85BF;⿱十一,土
7931,7931,7931,埚,⿰⿱十一⿱口⿻冂人,土
7932,7932,7932,埂,⿰⿱十一⿱一&CDP-89E7;,土
7933,7933,7933,埖,⿰⿱十一⿱艹⿰亻⿻乚丿,土
7934,7934,7934,垾,⿰⿱十一⿱日干,土
7935,7935,7935,埛,⿰⿱十一⿵冂⿱八口,土
7936,7936,7936,埍,⿰⿱十一⿱口月,土
7937,7937,7937,堲,⿱⿰&CDP-8B7C;卩⿱十一,土
7938,7938,7938,埈,⿰⿱十一⿳厶八夂,土
7939,7939,7939,埓,⿰⿱十一⿱&CDP-8A4D;寸,土
7940,7940,7940,埒,⿰⿱十一⿱⿱丿𭕄寸,土
7941,7941,7941,埌,⿰⿱十一⿱丶艮,土
7942,7942,7942,埋,⿰⿱十一⿱&CDP-8BD9;一,土
7943,7943,7943,垺,⿰⿱十一⿱⿱丿𭕄子,土
7944,7944,7944,埆,⿰⿱十一角,土
7945,7945,7945,埐,⿰⿱十一⿳&CDP-8BAB;冖又,土
7946,7946,7946,埘,⿰⿱十一⿰日寸,土
7947,7947,7947,垷,⿰⿱十一⿱目⿰丿乚,土
7948,7948,7948,埉,⿰⿱十一⿻⿻一人⿰人人,土
7949,7949,7949,垿,⿰⿱十一⿸广⿱龴⿱乛亅,土
7950,7950,7950,垶,⿰⿱十一⿱⿱&CDP-8BAE;一十,土
7951,7951,7951,埙,⿰⿱十一⿱口贝,土
7952,7952,7952,垸,⿰⿱十一⿱宀⿱一⿱一⿰丿乚,土
7953,7953,7953,垼,⿱⿰彳⿱𠘧又⿱十一,土
7954,7954,7954,垽,⿱⿰氵⿸𠂆⿱一丨⿱十一,土
7955,7955,7955,埇,⿰⿱十一⿱龴⿵冂&CDP-8BF1;,土
7956,7956,7956,埑,⿱⿰扌⿸𠂆⿱一丨⿱十一,土
7957,7957,7957,埃,⿰⿱十一⿱厶⿱𠂉⿻一人,土
7958,7958,7958,埲,⿰⿱十一⿱⿻⿱一⿱一一人&CDP-8BF1;,土
7959,7959,7959,堄,⿰⿱十一⿱臼⿰丿乚,土
7960,7960,7960,埿,⿱⿰氵⿸尸⿺乚丿⿱十一,土
7961,7961,7961,埠,⿰⿱十一⿱⿱丿㠯十,土
7962,7962,7962,埱,⿰⿱十一⿰⿱⿱⺊一小又,土
7963,7963,7963,埫,⿰⿱十一⿱⺌⿵冂口,土
7964,7964,7964,埰,⿰⿱十一⿱⿱丿𭕄木,土
7965,7965,7965,堆,⿰⿱十一隹,土
7966,7966,7966,埵,⿰⿱十一⿳丿&CDP-876E;一,土
7967,7967,7967,堕,⿱⿰阝⿸𠂇月⿱十一,土
7968,7968,7968,埭,⿰⿱十一隶,土
7969,7969,7969,埞,⿰⿱十一⿱宀⿱一龰,土
7970,7970,7970,埬,⿰⿱十一東,土
7971,7971,7971,堵,⿰⿱十一⿸耂日,土
7972,7972,7972,堏,⿱⿰木⿱⿱丶一&CDP-8B6C;⿱十一,土
7973,7973,7973,堝,⿰⿱十一⿵⿱⿵冂𠃍冂口,土
7974,7974,7974,堌,⿰⿱十一⿴囗⿱十口,土
7975,7975,7975,堈,⿰⿱十一⿵冂⿱䒑山,土
7976,7976,7976,堅,⿱⿰臣又⿱十一,土
7977,7977,7977,埧,⿰⿱十一⿱&CDP-8BA5;八,土
7978,7978,7978,埾,⿱⿰耳又⿱十一,土
7979,7979,7979,基,⿱⿱&CDP-8B72;八⿱十一,土
7980,7980,7980,堇,⿱廿&CDP-8A6D;,土
7981,7981,7981,堒,⿰⿱十一⿱日比,土
7982,7982,7982,堁,⿰⿱十一⿻日木,土
7983,7983,7983,埪,⿰⿱十一⿱⿱宀八工,土
7984,7984,7984,堀,⿰⿱十一⿸尸⿱⿻凵丨凵,土
7985,7985,7985,堃,⿱⿰⿱⿱丶一&CDP-8B6C;⿱⿱丶一&CDP-8B6C;⿱十一,土
7986,7986,7986,堎,⿰⿱十一⿳⿱十一八夂,土
7987,7987,7987,埨,⿰⿱十一⿱⿱人一⿵冂⿻十丨,土
7988,7988,7988,埝,⿰⿱十一⿱⿱⿱人丶㇇心,土
7989,7989,7989,培,⿰⿱十一⿱⿱&CDP-8BAE;一口,土
7990,7990,7990,堋,⿰⿱十一⿰月月,土
7991,7991,7991,埤,⿰⿱十一⿱&CDP-89BE;十,土
7992,7992,7992,堑,⿱⿰车⿸𠂆⿱一丨⿱十一,土
7993,7993,7993,埢,⿰⿱十一⿱⿱丷⿻⿱一一人㔾,土
7994,7994,7994,埼,⿰⿱十一⿱⿻一人⿹⿱一亅口,土
7995,7995,7995,埥,⿰⿱十一⿱龶月,土
7996,7996,7996,堔,⿰⿱十一⿱⿱冖⿰丿乚木,土
7997,7997,7997,埣,⿰⿱十一⿱⿱⿱丶一⿰人人十,土
7998,7998,7998,埽,⿰⿱十一⿳彐冖巾,土
7999,7999,7999,埮,⿰⿱十一⿱⿱八人⿱八人,土
8000,8000,8000,堂,⿱⿱⿱⺌冖口⿱十一,土
8001,8001,8001,堍,⿰⿱十一⿷⿱𠂊&CDP-8BCB;丶,土
8002,8002,8002,埦,⿰⿱十一⿱宀⿰⿴𠂊丶㔾,土
8003,8003,8003,埳,⿰⿱十一⿱勹臼,土
8004,8004,8004,埡,⿰⿱十一⿳一&CDP-88A1;一,土
8005,8005,8005,堐,⿰⿱十一⿸厂⿱⿱十一⿱十一,土
8006,8006,8006,埶,⿰⿱⿱⿱十一⿰丿乚⿱十一⿻九丶,土
8007,8007,8007,埸,⿰⿱十一⿱日⿹勹&CDP-89A6;,土
8008,8008,8008,域,⿰⿱十一⿹⿻⿺⿻一乚丶丿⿱口一,土
8009,8009,8009,堉,⿰⿱十一⿱⿻一厶月,土
8010,8010,8010,埜,⿱⿰木木⿱十一,土
8011,8011,8011,埴,⿰⿱十一⿱十&CDP-8BA5;,土
8012,8012,8012,執,⿰⿱⿱十一⿱丷干⿻九丶,土
8013,8013,8013,埻,⿰⿱十一⿳⿱丶一口子,土
8014,8014,8014,塅,⿰⿱十一⿰&CDP-8CE4;⿱𠘧又,土
8015,8015,8015,堓,⿰⿱十一⿱山⿸厂干,土
8016,8016,8016,堊,⿱⿳一&CDP-88A1;一⿱十一,土
8017,8017,8017,埯,⿰⿱十一⿱⿻一人⿻日乚,土
8018,8018,8018,報,⿰⿱⿱十一⿱丷干⿸卩又,土
8019,8019,8019,堛,⿰⿱十一⿱⿱一口田,土
8020,8020,8020,堢,⿰⿱十一⿰亻⿱口木,土
8021,8021,8021,堡,⿱⿰亻⿱口木⿱十一,土
8022,8022,8022,場,⿰⿱十一⿱⿱日一⿹勹&CDP-89A6;,土
8023,8023,8023,堘,⿰⿱十一⿱⿱丷⿻⿱一一人⿱十一,土
8024,8024,8024,堾,⿰⿱十一⿱⿻⿱一⿱一一人日,土
8025,8025,8025,堞,⿰⿱十一⿱世木,土
8026,8026,8026,塠,⿰⿱十一⿺辶⿱丿㠯,土
8027,8027,8027,堤,⿰⿱十一⿱日⿱一龰,土
8028,8028,8028,塔,⿰⿱十一⿱艹⿱⿱人一口,土
8029,8029,8029,堸,⿰⿱十一⿵几⿱丿虫,土
8030,8030,8030,堼,⿱⿰⿱⿱十一⿱十一寸⿱十一,土
8031,8031,8031,堩,⿰⿱十一⿰忄⿳一&CDP-8959;一,土
8032,8032,8032,堚,⿰⿱十一⿱冖車,土
8033,8033,8033,堭,⿰⿱十一⿱白⿱一⿱十一,土
8034,8034,8034,塃,⿰⿱十一⿱艹⿱⿱⿱丶一𠃊⿴⿰丿乚丨,土
8035,8035,8035,堠,⿰⿱十一⿰亻&CDP-8BC7;,土
8036,8036,8036,堺,⿰⿱十一⿱田⿱人&CDP-8BF5;,土
8037,8037,8037,堦,⿰⿱十一⿱比白,土
8038,8038,8038,堿,⿰⿱十一⿵⿵戊一口,土
8039,8039,8039,塂,⿰⿱十一⿱⿱⿱⿻十丨一八巳,土
8040,8040,8040,堻,⿱⿰氵⿻⿻&CDP-8BAB;丨⿱一一⿱十一,土
8041,8041,8041,塊,⿰⿱十一⿱⿱丿田⿺⿰丿乚厶,土
8042,8042,8042,堪,⿰⿱十一⿱&CDP-88C8;⿷匚⿰丿乚,土
8043,8043,8043,堜,⿰⿱十一柬,土
8044,8044,8044,塄,⿰⿱十一⿱罒⿱⿱丶一&CDP-8B6C;,土
8045,8045,8045,塁,⿳田&CDP-89AE;⿱十一,土
8046,8046,8046,堥,⿱⿰⿱龴⿹⿱乛亅丿攵⿱十一,土
8047,8047,8047,堳,⿰⿱十一⿸𠃜目,土
8048,8048,8048,堖,⿰⿱十一⿱⿲𡿨𡿨𡿨⿴⿱丿囗㐅,土
8049,8049,8049,塀,⿰⿱十一⿸尸⿱丷⿱一⿻一&CDP-8BF5;,土
8050,8050,8050,堧,⿰⿱十一⿱⿱一⿱丿⿵冂⿰丨丨⿻一人,土
8051,8051,8051,堶,⿰⿱十一&CDP-8CA9;,土
8052,8052,8052,堗,⿰⿱十一⿱⿱宀八犬,土
8053,8053,8053,塭,⿰⿱十一⿱日皿,土
8054,8054,8054,塆,⿰⿱十一⿱⿱⿱丶一&CDP-8CB5;弓,土
8055,8055,8055,塦,⿱⿰阝車⿱十一,土
8056,8056,8056,塇,⿰⿱十一⿱宀⿱一⿱日一,土
8057,8057,8057,塈,⿱⿰&CDP-8B7C;旡⿱十一,土
8058,8058,8058,堰,⿰⿱十一⿷匚⿱日女,土
8059,8059,8059,堯,⿱⿱⿱十一⿰⿱十一⿱十一⿱一⿰丿乚,土
8060,8060,8060,堷,⿰⿱十一⿱⿱&CDP-8BAE;一日,土
8061,8061,8061,堣,⿰⿱十一禺,土
8062,8062,8062,堬,⿰⿱十一⿱⿱人一⿰月刂,土
8063,8063,8063,堙,⿰⿱十一⿱⿱一&CDP-86EA;⿱十一,土
8064,8064,8064,堟,⿰⿱十一⿱彑𧰨,土
8065,8065,8065,堹,⿰⿱十一重,土
8066,8066,8066,塟,⿱艹⿱⿸⿱一⿴𠂊丶⿺乚丿⿱十一,土
8067,8067,8067,堫,⿰⿱十一⿳⿶凵㐅八夂,土
8068,8068,8068,堮,⿰⿱十一⿱⿰口口⿱一⿱一㇉,土
8069,8069,8069,堨,⿰⿱十一⿱日⿹勹⿺𠃊人,土
8070,8070,8070,塝,⿰⿱十一⿱&CDP-8BEC;⿱⿱丶一&CDP-8B6C;,土
8071,8071,8071,塍,⿰月⿱⿱丷⿻⿱一一人⿱十一,土
8072,8072,8072,塖,⿰⿱十一⿻⿱丿木⿰&CDP-8BC5;⿺乚丿,土
8073,8073,8073,墎,⿰⿱十一⿰⿳⿱丶一口子阝,土
8074,8074,8074,塥,⿰⿱十一⿳一口⿵⿵冂⿰丿乚⿱一丨,土
8075,8075,8075,堽,⿰⿱十一⿱罒⿱一止,土
8076,8076,8076,塨,⿰⿱十一⿱⿱⿱⿻十丨一八⿰小丶,土
8077,8077,8077,塰,⿱⿰氵⿱𠂉母⿱十一,土
8078,8078,8078,塉,⿰⿱十一⿱&CDP-88D2;月,土
8079,8079,8079,塏,⿰⿱十一⿱山豆,土
8080,8080,8080,塯,⿰⿱十一⿱&CDP-8C69;田,土
8081,8081,8081,塛,⿰⿱十一⿱⿱一&CDP-86EA;木,土
8082,8082,8082,塱,⿱⿰&CDP-8C42;月⿱十一,土
8083,8083,8083,塓,⿰⿱十一⿱冖⿱日⿱⿱丶一八,土
8084,8084,8084,塻,⿰⿱十一⿱艹⿱日⿻一人,土
8085,8085,8085,墓,⿱⿱艹⿱日⿻一人⿱十一,土
8086,8086,8086,塜,⿰⿱十一⿳冖一⿱一𧰨,土
8087,8087,8087,塳,⿰⿱十一⿺辶⿱夂⿻⿱一⿱一一丨,土
8088,8088,8088,塙,⿰⿱十一⿳⿱丶一口⿵冂口,土
8089,8089,8089,塒,⿰⿱十一⿰日⿱⿱十一寸,土
8090,8090,8090,塞,⿱⿳宀⿱井一八⿱十一,土
8091,8091,8091,塐,⿰⿱十一⿱龶⿱⿰&CDP-895C;丶小,土
8092,8092,8092,塑,⿱⿰⿱⿱丷一⿻凵丨月⿱十一,土
8093,8093,8093,塡,⿰⿱十一⿳⿺乚丿⿺𠃊目八,土
8094,8094,8094,填,⿰⿱十一⿱十⿱&CDP-8BA5;八,土
8095,8095,8095,塘,⿰⿱十一⿸广&CDP-8CC1;,土
8096,8096,8096,塗,⿱⿰氵⿱⿱人一朩⿱十一,土
8097,8097,8097,塌,⿰⿱十一⿱日⿰⿹𠃌冫⿹𠃌冫,土
8098,8098,8098,塢,⿰⿱十一⿹&CDP-89DF;灬,土
8099,8099,8099,塕,⿰⿱十一⿱⿱八厶⿰⿹𠃌冫⿹𠃌冫,土
8100,8100,8100,塪,⿰⿱十一⿱⿱丿𭕄臼,土
8101,8101,8101,塮,⿰⿱十一⿰身寸,土
8102,8102,8102,塤,⿰⿱十一⿱口⿱目八,土
8103,8103,8103,塬,⿰⿱十一⿸厂&CDP-8BC4;,土
8104,8104,8104,塩,⿰⿱十一⿳𠂉口皿,土
8105,8105,8105,墷,⿰⿱十一⿱艹&CDP-8BF8;,土
8106,8106,8106,塋,⿱⿱⿰⿱八人⿱八人冖⿱十一,土
8107,8107,8107,塎,⿰⿱十一⿱宀谷,土
8108,8108,8108,塣,⿱⿰氵⿱口⿱一⿱十一⿱十一,土
8109,8109,8109,塚,⿰⿱十一⿱冖⿻⿱一𧰨丶,土
8110,8110,8110,塧,⿰⿱十一⿱&CDP-8CF0;皿,土
8111,8111,8111,墂,⿰⿱十一⿱⿱一&CDP-86EA;示,土
8112,8112,8112,塴,⿰⿱十一⿱山⿰月月,土
8113,8113,8113,塲,⿰⿱十一⿱𠂉⿱⿱日一⿹勹&CDP-89A6;,土
8114,8114,8114,塵,⿸⿸&CDP-8D56;比⿱十一,土
8115,8115,8115,墋,⿰⿱十一⿱⿱⿱厶⿰厶厶人彡,土
8116,8116,8116,墔,⿰⿱十一⿱山隹,土
8117,8117,8117,墊,⿱⿰⿱⿱十一⿱丷干⿻九丶⿱十一,土
8118,8118,8118,墮,⿱⿰阝&CDP-8CA9;⿱十一,土
8119,8119,8119,墑,⿰⿱十一⿱&CDP-8BAE;&CDP-8C6C;,土
8120,8120,8120,墬,⿱⿰阝⿱彑𧰨⿱十一,土
8121,8121,8121,墴,⿰⿱十一⿳⿱⿻十丨一由八,土
8122,8122,8122,墐,⿰⿱十一⿱廿&CDP-8A6D;,土
8123,8123,8123,境,⿰⿱十一⿱⿱⿱&CDP-8BAE;一日⿰丿乚,土
8124,8124,8124,墈,⿰⿱十一⿰⿱&CDP-88C8;⿷匚⿰丿乚⿻丿𠃌,土
8125,8125,8125,墧,⿰⿱十一⿱⿱⿱丿⿻一人口⿵冂口,土
8126,8126,8126,墚,⿰⿱十一⿱&CDP-8DBC;木,土
8127,8127,8127,塶,⿰⿱十一⿸&CDP-8D56;比,土
8128,8128,8128,塿,⿰⿱十一⿱&CDP-89C5;女,土
8129,8129,8129,塷,⿰⿱十一⿱⺊⿴囗⿻㐅⿳丶⿰丶丶丶,土
8130,8130,8130,墁,⿰⿱十一⿳日罒又,土
8131,8131,8131,塺,⿸⿸广⿰木木⿱十一,土
8132,8132,8132,塹,⿱⿰車⿸𠂆⿱一丨⿱十一,土
8133,8133,8133,墘,⿰⿱十一⿰⿱十⿱日十⿱𠂉乙,土
8134,8134,8134,墙,⿰⿱十一⿱&CDP-8A65;⿴囗口,土
8135,8135,8135,墏,⿱⿰爿&CDP-8BC3;⿱十一,土
8136,8136,8136,墄,⿰⿱十一⿵戊⿱⿱⺊一小,土
8137,8137,8137,塽,⿰⿱十一⿻⿻一人⿰⿱㐅⿻丿乀⿱㐅⿻丿乀,土
8138,8138,8138,墭,⿰⿱十一⿱⿵戊𠃌皿,土
8139,8139,8139,墅,⿱⿰⿱&CDP-8BD9;一⿱龴⿱乛亅⿱十一,土
8140,8140,8140,塾,⿱⿰⿳⿱丶一口子⿻九丶⿱十一,土
8141,8141,8141,墒,⿰⿱十一⿱&CDP-8BAE;⿵冂⿱八口,土
8142,8142,8142,墖,⿰⿱十一⿱⿱⿱人一口田,土
8143,8143,8143,墛,⿰⿱十一⿰⿸尸示寸,土
8144,8144,8144,墍,⿱⿰⿱白⿺乚丿旡⿱十一,土
8145,8145,8145,墟,⿰⿱十一⿸⿸⿱⺊&CDP-88E2;⿻㇀乚⿱&CDP-85F0;一,土
8146,8146,8146,墕,⿰⿱十一⿱⿱一止&CDP-8DBF;,土
8147,8147,8147,墉,⿰⿱十一⿸广⿻⿻&CDP-8BAB;丨月,土
8148,8148,8148,墸,⿰⿱十一⿱艹⿸耂日,土
8149,8149,8149,墜,⿱⿰阝⿱丷⿱一𧰨⿱十一,土
8150,8150,8150,塼,⿰⿱十一⿱&CDP-8BD0;寸,土
8151,8151,8151,墇,⿰⿱十一⿱⿱&CDP-8BAE;一⿱日十,土
8152,8152,8152,墆,⿰⿱十一⿳&CDP-8C4B;冖巾,土
8153,8153,8153,墌,⿰⿱十一⿸广⿱廿灬,土
8154,8154,8154,増,⿰⿱十一⿱⿱丷田日,土
8155,8155,8155,塸,⿰⿱十一⿷匚⿱口⿰口口,土
8156,8156,8156,墀,⿰⿱十一⿸尸⿱⿻亅&CDP-89AE;牛,土
8157,8157,8157,墫,⿰⿱十一⿱⿱丷酉寸,土
8158,8158,8158,墯,⿱⿰忄&CDP-8CA9;⿱十一,土
8159,8159,8159,墱,⿰⿱十一⿱⿰&CDP-88D3;&CDP-88D5;豆,土
8160,8160,8160,墶,⿰⿱十一⿺辶⿱⿱十一⿱⿱丷一&CDP-8BF1;,土
8161,8161,8161,墩,⿰⿱十一⿰⿳⿱丶一口子攵,土
8162,8162,8162,墪,⿱⿰⿳⿱丶一口子攵⿱十一,土
8163,8163,8163,墢,⿰⿱十一⿱⿰&CDP-88D3;&CDP-88D5;⿰弓⿱𠘧又,土
8164,8164,8164,墦,⿰⿱十一⿱⿱丿米田,土
8165,8165,8165,墳,⿰⿱十一⿱⿱十⿻一&CDP-8BF5;⿱目八,土
8166,8166,8166,墹,⿰⿱十一⿵⿰𠁣𠃛日,土
8167,8167,8167,墤,⿰⿱十一⿱⿱⿻口丨一⿱目八,土
8168,8168,8168,墨,⿱⿱&CDP-88D4;灬⿱十一,土
8169,8169,8169,墣,⿰⿱十一⿳⿱&CDP-85F0;一⿱丷一⿻⿱一一人,土
8170,8170,8170,墝,⿰⿱十一⿱⿱⿱十一⿰⿱十一⿱十一⿱一⿰丿乚,土
8171,8171,8171,墠,⿰⿱十一⿱⿰口口&CDP-8BD9;,土
8172,8172,8172,墡,⿰⿱十一⿱⿱⿱⿱丷一&CDP-8BF1;⿱丷一口,土
8173,8173,8173,墥,⿰⿱十一⿱⿱&CDP-8BAE;一⿱&CDP-8BD9;一,土
8174,8174,8174,墰,⿰⿱十一⿱⿱一&CDP-86EA;⿱日十,土
8175,8175,8175,墵,⿰⿱十一⿱⿱一⿻冂&CDP-8C41;⿱⿱一一厶,土
8176,8176,8176,墲,⿰⿱十一⿱&CDP-8BBE;灬,土
8177,8177,8177,壇,⿰⿱十一⿱⿱⿱丶一⿴囗口⿱日一,土
8178,8178,8178,墿,⿰⿱十一⿱罒⿱⿱十一⿱丷干,土
8179,8179,8179,增,⿰⿱十一⿱丷⿱&CDP-8B62;日,土
8180,8180,8180,墺,⿰⿱十一⿱⿵&CDP-8BD6;米⿻一人,土
8181,8181,8181,壁,⿱⿰⿸尸口⿱⿱&CDP-8BAE;一十⿱十一,土
8182,8182,8182,壂,⿱⿰⿸尸⿱⿱⿻十丨一八⿱𠘧又⿱十一,土
8183,8183,8183,壋,⿰⿱十一⿱⿱⿱⺌冖口田,土
8184,8184,8184,壊,⿰⿱十一⿱十⿱罒⿱⿱丶一𧘇,土
8185,8185,8185,壃,⿰⿱十一⿳&CDP-8D5E;&CDP-8D5E;一,土
8186,8186,8186,壉,⿰⿱十一⿸⿸⿱⺊&CDP-88E2;⿻㇀乚⿱一𧰨,土
8187,8187,8187,墼,⿱⿰⿱車凵⿱𠘧又⿱十一,土
8188,8188,8188,墾,⿱⿰豸艮⿱十一,土
8189,8189,8189,壈,⿰⿱十一⿱⿱⿱丶一⿴囗口⿱丿木,土
8190,8190,8190,壀,⿰⿱十一⿰⿸尸口⿱⿱&CDP-8BAE;一十,土
8191,8191,8191,墻,⿰⿱十一⿱&CDP-8D5B;⿴囗口,土
8192,8192,8192,墽,⿰⿱十一⿰⿱白⿱⿱丶一&CDP-8B6C;攵,土
8193,8193,8193,壌,⿰⿱十一⿳⿱⿱丶一八⿱井一𧘇,土
8194,8194,8194,壆,⿱⿶&CDP-8B64;⿱㐅⿻丿乀⿱十一,土
8195,8195,8195,壔,⿰⿱十一⿳⿳⿱十一乛工一⿰口寸,土
8196,8196,8196,壗,⿰⿱十一⿱⿱⿱⿻&CDP-8BAB;丨一灬皿,土
8197,8197,8197,壄,⿱⿲木⿱龴⿹⿱乛亅丿木⿱十一,土
8198,8198,8198,壅,⿱⿱⿱丶一&CDP-8DB5;⿱十一,土
8199,8199,8199,壒,⿰⿱十一⿱艹⿱⿱⿱十一厶皿,土
8200,8200,8200,壕,⿰⿱十一⿱&CDP-8C4D;⿱一𧰨,土
8201,8201,8201,壑,⿱⿰⿱⿱⺊⿵冂一谷又⿱十一,土
8202,8202,8202,壙,⿰⿱十一⿸广⿳⿱⿻十丨一由八,土
8203,8203,8203,壍,⿱⿰氵⿰車⿸𠂆⿱一丨⿱十一,土
8204,8204,8204,壖,⿰⿱十一⿱⿱一⿻冂&CDP-8C41;⿱一⿱丿⿵冂⿰丨丨,土
8205,8205,8205,壏,⿰⿱十一⿱⿰臣&CDP-89BC;皿,土
8206,8206,8206,壎,⿰⿱十一熏,土
8207,8207,8207,壐,⿱⿱一&CDP-88D6;⿱十一,土
8208,8208,8208,壓,⿱⿸厂⿰⿱⿵冂⿱一一月犬⿱十一,土
8209,8209,8209,壘,⿱⿱田⿰田田⿱十一,土
8210,8210,8210,壝,⿰⿱十一⿺辶⿱⿱⿻口丨一⿱目八,土
8211,8211,8211,壞,⿰⿱十一⿳⿱丶一⿱罒&CDP-8977;𧘇,土
8212,8212,8212,壢,⿰⿱十一⿸⿸厂⿰⿱丿木⿱丿木止,土
8213,8213,8213,壚,⿰⿱十一⿸⿸⿱⺊&CDP-88E2;⿻㇀乚&CDP-8CF4;,土
8214,8214,8214,壟,⿱⿰⿱⿱&CDP-8BAE;一月&CDP-89B0;⿱十一,土
8215,8215,8215,壠,⿰⿱十一⿰⿱⿱&CDP-8BAE;一月&CDP-89B0;,土
8216,8216,8216,壡,⿰⿳⿱⺊⿵冂一八⿱人目⿱又⿱十一,土
8217,8217,8217,壜,⿰⿱十一⿱日⿱⿱一⿻冂&CDP-8C41;⿱⿱一一厶,土
8218,8218,8218,壛,⿰⿱十一⿵⿰𠁣𠃛⿱勹臼,土
8219,8219,8219,壥,⿰⿱十一⿸厂⿱⿱&CDP-88D4;灬⿱十一,土
8220,8220,8220,壣,⿰⿱十一⿰耳⿱⿰⿰&CDP-895C;丶⿰&CDP-895C;丶丱,土
8221,8221,8221,壤,⿰⿱十一⿳⿱丶一&CDP-8CA3;𧘇,土
8222,8222,8222,壦,⿰⿱十一⿱艹⿱⿰口口隹,土
8223,8223,8223,壧,⿰⿱十一⿱⿰口口⿸厂⿰⿱乛耳攵,土
8224,8224,8224,壨,⿱⿰⿱田田⿱田田⿱十一,土
8225,8225,8225,壩,⿰⿱十一⿱⿱一⿻冂&CDP-8C41;⿰革月,土
8226,8226,8226,壪,⿰⿱十一⿱⿲⿱⿰&CDP-895C;丶小言⿱⿰&CDP-895C;丶小弓,土
8227,8227,8227,回,⿴囗口,囗
8228,8228,8228,囝,⿴囗子,囗
8229,8229,8229,囡,⿴囗女,囗
8230,8230,8230,团,⿴囗才,囗
8231,8231,8231,団,⿴囗寸,囗
8232,8232,8232,囟,⿴⿱丿囗㐅,囗
8233,8233,8233,因,⿴囗⿻一人,囗
8234,8234,8234,囗,囗,囗
8235,8235,8235,囘,⿵冂巳,囗
8236,8236,8236,囜,⿴囗厶,囗
8237,8237,8237,囚,⿴囗人,囗
8238,8238,8238,四,⿴囗⿰丿乚,囗
8239,8239,8239,囙,⿴囗コ,囗
8240,8240,8240,囱,⿴⿱丿囗夂,囗
8241,8241,8241,囪,⿴⿱丿囗&CDP-89D5;,囗
8242,8242,8242,囤,⿴囗⿻丿⿻凵乚,囗
8243,8243,8243,囯,⿴囗⿱一⿱十一,囗
8244,8244,8244,囬,⿴囗&CDP-89CC;,囗
8245,8245,8245,囫,⿴囗⿹勹&CDP-89A6;,囗
8246,8246,8246,囧,⿴⿴囗⿰丿乚冂,囗
8247,8247,8247,囥,⿴囗⿱⿱丶一几,囗
8248,8248,8248,困,⿴囗木,囗
8249,8249,8249,囵,⿴囗⿱人⿺乚丿,囗
8250,8250,8250,囨,⿴囗⿱一&CDP-8665;,囗
8251,8251,8251,図,⿴囗⿱⿱丶丶⿻丿乀,囗
8252,8252,8252,囲,⿴囗井,囗
8253,8253,8253,围,⿴囗韦,囗
8254,8254,8254,园,⿴囗⿱一⿱一⿰丿乚,囗
8255,8255,8255,囦,⿴囗⿲㇇亅&CDP-85BF;,囗
8256,8256,8256,囩,⿴囗⿱⿱一一厶,囗
8257,8257,8257,囮,⿴囗⿰亻⿻乚丿,囗
8258,8258,8258,囶,⿴囗⿱八⿱十一,囗
8259,8259,8259,囻,⿴囗民,囗
8260,8260,8260,国,⿴囗⿷⿱一⿱十一丶,囗
8261,8261,8261,固,⿴囗⿱十口,囗
8262,8262,8262,囹,⿴囗⿱⿱人丶龴,囗
8263,8263,8263,囷,⿴囗⿱丿木,囗
8264,8264,8264,囸,⿴囗⿱一止,囗
8265,8265,8265,图,⿴囗⿱夂⿱丶丶,囗
8266,8266,8266,囼,⿴囗⿱厶口,囗
8267,8267,8267,圀,⿴囗⿱八⿱⿱丶一&CDP-8B6C;,囗
8268,8268,8268,囿,⿴囗⿸𠂇月,囗
8269,8269,8269,圅,⿱龴⿴囗⿱丷干,囗
8270,8270,8270,圂,⿴囗⿱一𧰨,囗
8271,8271,8271,圃,⿴囗⿺&CDP-86B7;丶,囗
8272,8272,8272,圆,⿴囗⿱口贝,囗
8273,8273,8273,圁,⿴囗言,囗
8274,8274,8274,圄,⿴囗⿱⿱一𫝀口,囗
8275,8275,8275,國,⿴囗⿹⿻⿺⿻一乚丶丿⿱口一,囗
8276,8276,8276,圈,⿴囗⿱⿱丷⿻⿱一一人㔾,囗
8277,8277,8277,圇,⿴囗⿱⿱人一⿵冂⿻十丨,囗
8278,8278,8278,圊,⿴囗⿱龶月,囗
8279,8279,8279,圉,⿴囗⿱⿱十一⿱丷干,囗
8280,8280,8280,圌,⿴囗⿱山⿱一⿱丿⿵冂⿰丨丨,囗
8281,8281,8281,圐,⿴囗⿱罒⿱⿱丶一&CDP-8B6C;,囗
8282,8282,8282,圏,⿴囗⿱⿱丷⿻⿱一一人己,囗
8283,8283,8283,圍,⿴囗⿳𫝀口㐄,囗
8284,8284,8284,圎,⿴囗⿱厶⿱目八,囗
8285,8285,8285,圕,⿴囗⿱&CDP-8BC6;日,囗
8286,8286,8286,圑,⿴囗⿱⿺&CDP-86B7;丶寸,囗
8287,8287,8287,園,⿴囗⿱⿱⿱十一口𧘇,囗
8288,8288,8288,圓,⿴囗⿱口⿱目八,囗
8289,8289,8289,圔,⿴囗⿱⿱⿱十一厶皿,囗
8290,8290,8290,圙,⿴囗⿱八⿱⿱一丿⿴囗&CDP-89CC;,囗
8291,8291,8291,團,⿴囗⿱&CDP-8BD0;寸,囗
8292,8292,8292,圖,⿴囗⿳口十⿴囗口,囗
8293,8293,8293,圗,⿴囗⿳厶十⿴囗&CDP-89CC;,囗
8294,8294,8294,圚,⿴囗⿱⿱⿻口丨一⿱目八,囗
8295,8295,8295,圛,⿴囗⿱罒⿱⿱十一⿱丷干,囗
8296,8296,8296,圜,⿴囗⿳罒⿱一口𧘇,囗
8297,8297,8297,圝,⿴囗⿲⿱⿰&CDP-895C;丶小言⿱⿰&CDP-895C;丶小,囗
8298,8298,8298,圞,⿴囗⿱⿲⿱⿰&CDP-895C;丶小言⿱⿰&CDP-895C;丶小木,囗
8299,8299,8299,尧,⿱⿻⿻一乚丿⿱一⿰丿乚,兀
8300,8300,8300,尫,⿺⿱一⿰丿乚⿱一⿱十一,兀
8301,8301,8301,尭,⿱⿱十⿻一&CDP-8BF5;⿱一⿰丿乚,兀
8302,8302,8302,尶,⿺⿱一⿰丿乚⿱⿰臣&CDP-89BC;皿,兀
8303,8303,8303,舛,⿰⿴𠂊丶㐄,夕
8304,8304,8304,多,⿱⿴𠂊丶⿴𠂊丶,夕
8305,8305,8305,夛,⿱彐⿴𠂊丶,夕
8306,8306,8306,夙,⿵几⿱一⿴𠂊丶,夕
8307,8307,8307,夕,⿴𠂊丶,夕
8308,8308,8308,夘,⿰⿴𠂊丶卩,夕
8309,8309,8309,外,⿰⿴𠂊丶卜,夕
8310,8310,8310,夗,⿰⿴𠂊丶㔾,夕
8311,8311,8311,夝,⿰⿴𠂊丶生,夕
8312,8312,8312,夜,⿱⿱丶一⿰亻&CDP-89F3;,夕
8313,8313,8313,夞,⿱⿰⿴𠂊丶卜⿰口⿻乚丿,夕
8314,8314,8314,够,⿰⿹勹口⿱⿴𠂊丶⿴𠂊丶,夕
8315,8315,8315,夠,⿰⿱⿴𠂊丶⿴𠂊丶⿹勹口,夕
8316,8316,8316,夡,⿰⿱⿴𠂊丶⿴𠂊丶⿱⿱十一口,夕
8317,8317,8317,舜,⿱&CDP-8BB8;⿰⿴𠂊丶㐄,夕
8318,8318,8318,夢,⿳⿱艹罒冖⿴𠂊丶,夕
8319,8319,8319,舝,⿳𫝀⿳⿲𡿨𡿨𡿨冖厶㐄,夕
8320,8320,8320,夥,⿰⿻日木⿱⿴𠂊丶⿴𠂊丶,夕
8321,8321,8321,夣,⿱⿳⿻一厶罒冖⿴𠂊丶,夕
8322,8322,8322,舞,⿱&CDP-8BBE;⿰⿴𠂊丶㐄,夕
8323,8323,8323,夤,⿱⿴𠂊丶⿱宀&CDP-8CE6;,夕
8324,8324,8324,夦,⿰⿱&CDP-88C8;⿷匚⿰丿乚⿱⿴𠂊丶⿴𠂊丶,夕
8325,8325,8325,尘,⿱小⿱十一,小
8326,8326,8326,尖,⿱小⿻一人,小
8327,8327,8327,尗,⿱⿱⺊一小,小
8328,8328,8328,小,小,小
8329,8329,8329,尐,⿱小乀,小
8330,8330,8330,少,⿱小丿,小
8331,8331,8331,尕,⿱⿹𠄎丿小,小
8332,8332,8332,尒,⿱人小,小
8333,8333,8333,尓,⿱𠂉小,小
8334,8334,8334,尔,⿱𠂊小,小
8335,8335,8335,尙,⿱小⿵冂口,小
8336,8336,8336,尚,⿱⺌⿵冂口,小
8337,8337,8337,忝,⿱⿱一⿻一人⿰小丶,小
8338,8338,8338,尝,⿱⿱⺌冖⿱⿱一一厶,小
8339,8339,8339,尜,⿱小⿱⿻一人小,小
8340,8340,8340,尛,⿱小⿰小小,小
8341,8341,8341,恭,⿱⿱⿱⿻十丨一八⿰小丶,小
8342,8342,8342,尞,⿱⿱⿻⿻一人丷日小,小
8343,8343,8343,尟,⿺⿱日⿱一龰⿱小丿,小
8344,8344,8344,尠,⿰⿱&CDP-88C8;⿷匚⿰丿乚⿱小丿,小
8345,8345,8345,尡,⿰⿱⺌⿱一⿰丿乚⿱日比,小
8346,8346,8346,慕,⿱⿱艹⿱日⿻一人⿰小丶,小
8347,8347,8347,忏,⿰忄⿱丿十,忄
8348,8348,8348,忖,⿰忄寸,忄
8349,8349,8349,忛,⿰忄⿵几丶,忄
8350,8350,8350,忓,⿰忄干,忄
8351,8351,8351,忋,⿰忄己,忄
8352,8352,8352,忣,⿰忄及,忄
8353,8353,8353,忔,⿰忄⿱𠂉乙,忄
8354,8354,8354,忙,⿰忄⿱⿱丶一𠃊,忄
8355,8355,8355,忕,⿰忄⿻一人,忄
8356,8356,8356,忚,⿰忄也,忄
8357,8357,8357,忄,忄,忄
8358,8358,8358,禸,⿻冂厶,忄
8359,8359,8359,忆,⿰忄乙,忄
8360,8360,8360,忊,⿰忄⿱一亅,忄
8361,8361,8361,忉,⿰忄⿹𠃌丿,忄
8362,8362,8362,忇,⿰忄⿻丿𠃌,忄
8363,8363,8363,忭,⿰忄⿱丶⿱一卜,忄
8364,8364,8364,怆,⿰忄⿱人㔾,忄
8365,8365,8365,怅,⿰忄长,忄
8366,8366,8366,忱,⿰忄冘,忄
8367,8367,8367,忡,⿰忄⿻口丨,忄
8368,8368,8368,忰,⿰忄⿱九十,忄
8369,8369,8369,怀,⿰忄⿱一&CDP-8665;,忄
8370,8370,8370,忶,⿰忄⿱⿱一一厶,忄
8371,8371,8371,忦,⿰忄⿱人&CDP-8BF5;,忄
8372,8372,8372,怇,⿰忄巨,忄
8373,8373,8373,快,⿰忄⿻𠃍⿻一人,忄
8374,8374,8374,忹,⿰忄⿱一⿱十一,忄
8375,8375,8375,忾,⿰忄⿳𠂉一乁,忄
8376,8376,8376,忼,⿰忄⿱⿱丶一几,忄
8377,8377,8377,忟,⿰忄⿱⿱丶一⿻丿乀,忄
8378,8378,8378,忸,⿰忄丑,忄
8379,8379,8379,忴,⿰忄⿱⿱人丶㇇,忄
8380,8380,8380,忯,⿰忄氏,忄
8381,8381,8381,忪,⿰忄⿱八厶,忄
8382,8382,8382,忲,⿰忄⿵⿻一人丶,忄
8383,8383,8383,忳,⿰忄⿻丿⿻凵乚,忄
8384,8384,8384,忨,⿰忄⿱一⿱一⿰丿乚,忄
8385,8385,8385,忤,⿰忄⿱𠂉十,忄
8386,8386,8386,怃,⿰忄⿱一尢,忄
8387,8387,8387,忺,⿰忄欠,忄
8388,8388,8388,忷,⿰忄⿶凵㐅,忄
8389,8389,8389,忻,⿰忄⿸𠂆⿱一丨,忄
8390,8390,8390,忧,⿰忄⿺尢丶,忄
8391,8391,8391,怯,⿰忄⿱⿱十一厶,忄
8392,8392,8392,忬,⿰忄⿱龴⿱乛亅,忄
8393,8393,8393,忮,⿰忄⿱十又,忄
8394,8394,8394,怄,⿰忄⿷匚㐅,忄
8395,8395,8395,怑,⿰忄⿱丷&CDP-8BF1;,忄
8396,8396,8396,怭,⿰忄⿻心丿,忄
8397,8397,8397,怶,⿰忄皮,忄
8398,8398,8398,怖,⿰忄⿸𠂇巾,忄
8399,8399,8399,怉,⿰忄⿹勹巳,忄
8400,8400,8400,怲,⿰忄⿱一⿻冂人,忄
8401,8401,8401,怵,⿰忄⿺木丶,忄
8402,8402,8402,怊,⿰忄⿱⿹𠃌丿口,忄
8403,8403,8403,怚,⿰忄且,忄
8404,8404,8404,怛,⿰忄⿱日一,忄
8405,8405,8405,怟,⿰忄⿱氏丶,忄
8406,8406,8406,怫,⿰忄⿻弓&CDP-8BF5;,忄
8407,8407,8407,怾,⿰忄⿱口八,忄
8408,8408,8408,怪,⿰忄⿱又⿱十一,忄
8409,8409,8409,怳,⿰忄⿱口⿰丿乚,忄
8410,8410,8410,怙,⿰忄⿱十口,忄
8411,8411,8411,怐,⿰忄⿹勹口,忄
8412,8412,8412,怜,⿰忄⿱⿱人丶龴,忄
8413,8413,8413,怽,⿰忄未,忄
8414,8414,8414,怋,⿰忄民,忄
8415,8415,8415,怓,⿰忄⿰女又,忄
8416,8416,8416,怩,⿰忄⿸尸⿺乚丿,忄
8417,8417,8417,怕,⿰忄白,忄
8418,8418,8418,怌,⿰忄⿱⿱一&CDP-8665;一,忄
8419,8419,8419,怦,⿰忄⿻干丷,忄
8420,8420,8420,怗,⿰忄⿱⺊口,忄
8421,8421,8421,怢,⿰忄⿰丿⿻⿱一一人,忄
8422,8422,8422,怰,⿰忄⿱⿱丶一⿰&CDP-895C;丶,忄
8423,8423,8423,怬,⿰忄⿴囗⿰丿乚,忄
8424,8424,8424,性,⿰忄生,忄
8425,8425,8425,怴,⿰忄戉,忄
8426,8426,8426,怏,⿰忄央,忄
8427,8427,8427,怈,⿰忄世,忄
8428,8428,8428,怿,⿰忄⿱又&CDP-8BF1;,忄
8429,8429,8429,怡,⿰忄⿱厶口,忄
8430,8430,8430,怞,⿰忄由,忄
8431,8431,8431,怍,⿰忄乍,忄
8432,8432,8432,怮,⿰忄⿰⿰&CDP-895C;丶⿻丿𠃌,忄
8433,8433,8433,怔,⿰忄⿱一止,忄
8434,8434,8434,恜,⿰忄⿹⿺⿻一乚丶工,忄
8435,8435,8435,恻,⿰忄⿰贝刂,忄
8436,8436,8436,恎,⿰忄⿱⿱一厶⿱十一,忄
8437,8437,8437,恍,⿰忄⿱⺌⿱一⿰丿乚,忄
8438,8438,8438,恫,⿰忄⿵⿵冂一口,忄
8439,8439,8439,恠,⿰忄⿸&CDP-88F1;⿱十一,忄
8440,8440,8440,恑,⿰忄⿸⿱𠂊厂㔾,忄
8441,8441,8441,恛,⿰忄⿴囗口,忄
8442,8442,8442,恢,⿰忄⿸𠂇⿱八人,忄
8443,8443,8443,恨,⿰忄艮,忄
8444,8444,8444,恆,⿰忄⿳一&CDP-8959;一,忄
8445,8445,8445,恒,⿰忄⿱一⿱日一,忄
8446,8446,8446,恗,⿰忄⿱⿻一人⿱一⿱一㇉,忄
8447,8447,8447,恇,⿰忄⿷匚⿱一⿱十一,忄
8448,8448,8448,恪,⿰忄⿱夂口,忄
8449,8449,8449,恺,⿰忄⿱山己,忄
8450,8450,8450,恡,⿰忄⿱㐅⿸𠂇厶,忄
8451,8451,8451,恅,⿰忄⿸耂⿺乚丿,忄
8452,8452,8452,恾,⿰忄⿱艹⿱⿱丶一𠃊,忄
8453,8453,8453,恈,⿰忄⿱厶牛,忄
8454,8454,8454,恼,⿰忄⿱⿱丶一⿶凵㐅,忄
8455,8455,8455,恲,⿰忄⿱丷⿱一⿻一&CDP-8BF5;,忄
8456,8456,8456,恰,⿰忄⿱⿱人一口,忄
8457,8457,8457,恘,⿰忄⿰亻木,忄
8458,8458,8458,恮,⿰忄⿱人⿱一⿱十一,忄
8459,8459,8459,恦,⿰忄⿵&CDP-8BD6;口,忄
8460,8460,8460,恀,⿰忄⿱⿴𠂊丶⿴𠂊丶,忄
8461,8461,8461,恃,⿰忄⿱⿱十一寸,忄
8462,8462,8462,恬,⿰忄⿱⿱丿十口,忄
8463,8463,8463,恌,⿰忄兆,忄
8464,8464,8464,恸,⿰忄⿰⿱⿱一一厶⿻丿𠃌,忄
8465,8465,8465,恔,⿰忄⿱⿱丶一⿱八⿻丿乀,忄
8466,8466,8466,恊,⿰忄⿱⿻丿𠃌⿰⿻丿𠃌⿻丿𠃌,忄
8467,8467,8467,恟,⿰忄⿹勹⿶凵㐅,忄
8468,8468,8468,恄,⿰忄⿱⿱十一口,忄
8469,8469,8469,恤,⿰忄⿱丿皿,忄
8470,8470,8470,恂,⿰忄⿹勹日,忄
8471,8471,8471,恓,⿰忄⿱一⿻⿰丿乚口,忄
8472,8472,8472,恱,⿰忄⿱⿱八厶⿰丿乚,忄
8473,8473,8473,恞,⿰忄⿻⿻一人弓,忄
8474,8474,8474,恽,⿰忄⿱冖车,忄
8475,8475,8475,恹,⿰忄⿸厂犬,忄
8476,8476,8476,禹,禹,忄
8477,8477,8477,恉,⿰忄⿱⿺乚丿日,忄
8478,8478,8478,悖,⿰忄⿱⿱十冖子,忄
8479,8479,8479,悑,⿰忄⿺&CDP-86B7;丶,忄
8480,8480,8480,悜,⿰忄⿱口⿱一⿱十一,忄
8481,8481,8481,悔,⿰忄⿱𠂉母,忄
8482,8482,8482,悍,⿰忄⿱日干,忄
8483,8483,8483,悎,⿰忄⿱⿰丿土口,忄
8484,8484,8484,悙,⿰忄⿳⿱丶一口⿱乛亅,忄
8485,8485,8485,悈,⿰忄⿹⿻⿺⿻一乚丶丿⿻一&CDP-8BF5;,忄
8486,8486,8486,悁,⿰忄⿱口月,忄
8487,8487,8487,悝,⿰忄⿱&CDP-8BD9;一,忄
8488,8488,8488,悃,⿰忄⿴囗木,忄
8489,8489,8489,悢,⿰忄⿱丶艮,忄
8490,8490,8490,悧,⿰忄⿰⿱丿木刂,忄
8491,8491,8491,悋,⿰忄⿱⿱⿱丶一⿻丿乀口,忄
8492,8492,8492,离,⿱⿱⿱丶一⿶凵㐅⿻冂厶,忄
8493,8493,8493,悗,⿰忄⿱𠂊&CDP-8BCB;,忄
8494,8494,8494,悯,⿰忄⿵门⿱⿱丶一⿻丿乀,忄
8495,8495,8495,悩,⿰忄⿱𭕄⿶凵㐅,忄
8496,8496,8496,悂,⿰忄⿱比⿱十一,忄
8497,8497,8497,悓,⿰忄⿱目⿰丿乚,忄
8498,8498,8498,悏,⿰忄⿻⿻一人⿰人人,忄
8499,8499,8499,悭,⿰忄⿱⿰⿰丨丨又⿱十一,忄
8500,8500,8500,悄,⿰忄⿱⺌月,忄
8501,8501,8501,悛,⿰忄⿳厶八夂,忄
8502,8502,8502,悚,⿰忄束,忄
8503,8503,8503,悌,⿰忄⿱丷⿹⿻弓丨丿,忄
8504,8504,8504,悇,⿰忄⿱⿱人一朩,忄
8505,8505,8505,悞,⿰忄⿺&CDP-8CD5;口,忄
8506,8506,8506,悟,⿰忄⿱⿱一𫝀口,忄
8507,8507,8507,悮,⿰忄⿱口⿱一⿻一人,忄
8508,8508,8508,悕,⿰忄⿱㐅⿸𠂇巾,忄
8509,8509,8509,悅,⿰忄⿱八⿱口⿰丿乚,忄
8510,8510,8510,悦,⿰忄⿱丷⿱口⿰丿乚,忄
8511,8511,8511,悒,⿰忄⿱口巴,忄
8512,8512,8512,悀,⿰忄⿱龴⿵冂&CDP-8BF1;,忄
8513,8513,8513,惙,⿰忄⿱⿰又又⿰又又,忄
8514,8514,8514,悵,⿰忄⿳&CDP-884A;一&CDP-8CC6;,忄
8515,8515,8515,惆,⿰忄⿵⺆⿱⿱十一口,忄
8516,8516,8516,惝,⿰忄⿱⺌⿵冂口,忄
8517,8517,8517,悴,⿰忄⿱⿱⿱丶一⿰人人十,忄
8518,8518,8518,惭,⿰忄⿰车⿸𠂆⿱一丨,忄
8519,8519,8519,悰,⿰忄⿱宀示,忄
8520,8520,8520,惨,⿰忄⿳厶⿻一人彡,忄
8521,8521,8521,惦,⿰忄⿸广⿱⺊口,忄
8522,8522,8522,悼,⿰忄⿱⺊⿱日十,忄
8523,8523,8523,惮,⿰忄⿱丷&CDP-8BD9;,忄
8524,8524,8524,惇,⿰忄⿳⿱丶一口子,忄
8525,8525,8525,悱,⿰忄非,忄
8526,8526,8526,悺,⿰忄⿱宀㠯,忄
8527,8527,8527,惯,⿰忄⿱毌贝,忄
8528,8528,8528,惈,⿰忄⿻日木,忄
8529,8529,8529,惃,⿰忄⿱日比,忄
8530,8530,8530,惚,⿰忄⿱⿹勹&CDP-89A6;心,忄
8531,8531,8531,惛,⿰忄⿱氏日,忄
8532,8532,8532,惤,⿰忄⿰弓⿱⿱丶一⿰&CDP-895C;丶,忄
8533,8533,8533,悸,⿰忄⿱⿱丿木子,忄
8534,8534,8534,惧,⿰忄⿱&CDP-8BA5;八,忄
8535,8535,8535,惍,⿰忄⿱人&CDP-8DE3;,忄
8536,8536,8536,惊,⿰忄⿳⿱丶一口小,忄
8537,8537,8537,悾,⿰忄⿱⿱宀八工,忄
8538,8538,8538,惂,⿰忄⿱勹臼,忄
8539,8539,8539,惏,⿰忄⿰木木,忄
8540,8540,8540,悷,⿰忄⿸⿱丶尸犬,忄
8541,8541,8541,惀,⿰忄⿱⿱人一⿵冂⿻十丨,忄
8542,8542,8542,惗,⿰忄⿱⿱⿱人丶㇇心,忄
8543,8543,8543,惬,⿰忄⿷匚⿻⿻⿱一一人丷,忄
8544,8544,8544,惓,⿰忄⿱⿱丷⿻⿱一一人㔾,忄
8545,8545,8545,情,⿰忄⿱龶月,忄
8546,8546,8546,悽,⿰忄⿱&CDP-89E5;女,忄
8547,8547,8547,悿,⿰忄⿱⿱一⿻一人⿰小丶,忄
8548,8548,8548,惔,⿰忄⿱⿱八人⿱八人,忄
8549,8549,8549,惕,⿰忄⿱日⿹勹&CDP-89A6;,忄
8550,8550,8550,惟,⿰忄隹,忄
8551,8551,8551,惋,⿰忄⿱宀⿰⿴𠂊丶㔾,忄
8552,8552,8552,惘,⿰忄⿵冂⿱⿱丷一⿱⿱丶一𠃊,忄
8553,8553,8553,禼,⿱⿱⺊⿴囗㐅⿻冂厶,忄
8554,8554,8554,悻,⿰忄⿱⿱十一⿱丷干,忄
8555,8555,8555,惜,⿰忄⿱⿱⿻十丨一日,忄
8556,8556,8556,惞,⿰忄⿰⿸𠂆⿱一丨欠,忄
8557,8557,8557,愥,⿰忄⿱艹央,忄
8558,8558,8558,惐,⿰忄⿹⿻⿺⿻一乚丶丿⿱口一,忄
8559,8559,8559,愺,⿰忄⿱艹⿱日十,忄
8560,8560,8560,惼,⿰忄⿸⿱丶尸⿵冂⿻十丨,忄
8561,8561,8561,愊,⿰忄⿱⿱一口田,忄
8562,8562,8562,愎,⿰忄⿳𠂉日夂,忄
8563,8563,8563,悲,⿱非心,忄
8564,8564,8564,愖,⿰忄⿱&CDP-88C8;⿷匚⿰丿乚,忄
8565,8565,8565,惻,⿰忄⿰⿱目八刂,忄
8566,8566,8566,愡,⿰忄⿱⿻⿹勹&CDP-89A6;丶心,忄
8567,8567,8567,惵,⿰忄⿱世木,忄
8568,8568,8568,惰,⿰忄&CDP-8CA9;,忄
8569,8569,8569,愓,⿰忄⿱⿱日一⿹勹&CDP-89A6;,忄
8570,8570,8570,愤,⿰忄⿱⿱十⿻一&CDP-8BF5;贝,忄
8571,8571,8571,愅,⿰忄革,忄
8572,8572,8572,愲,⿰忄⿱&CDP-89A9;月,忄
8573,8573,8573,愌,⿰忄⿳𠂊⿵冂八⿻一人,忄
8574,8574,8574,惶,⿰忄⿱白⿱一⿱十一,忄
8575,8575,8575,慌,⿰忄⿱艹⿱⿱⿱丶一𠃊⿴⿰丿乚丨,忄
8576,8576,8576,愦,⿰忄⿱⿱⿻口丨一贝,忄
8577,8577,8577,愧,⿰忄⿱⿱丿田⿺⿰丿乚厶,忄
8578,8578,8578,愘,⿰忄⿱宀⿱夂口,忄
8579,8579,8579,慨,⿰忄⿰&CDP-8B7C;旡,忄
8580,8580,8580,愣,⿰忄⿱罒⿱⿱丶一&CDP-8B6C;,忄
8581,8581,8581,愐,⿰忄⿱⿱一丿⿴囗&CDP-89CC;,忄
8582,8582,8582,悶,⿵⿰𠁣𠃛心,忄
8583,8583,8583,惽,⿰忄⿱民日,忄
8584,8584,8584,愞,⿰忄⿱⿱一⿱丿⿵冂⿰丨丨⿻一人,忄
8585,8585,8585,惱,⿰忄⿱⿲𡿨𡿨𡿨⿴⿱丿囗㐅,忄
8586,8586,8586,愜,⿰忄⿷匚⿻⿻一人⿰人人,忄
8587,8587,8587,惸,⿰忄⿱⿹勹日子,忄
8588,8588,8588,愀,⿰忄⿰⿱丿木⿱八人,忄
8589,8589,8589,愒,⿰忄⿱日⿹勹⿺𠃊人,忄
8590,8590,8590,禽,⿱人⿱⿱⿱丶一⿶凵㐅⿻冂厶,忄
8591,8591,8591,愢,⿰忄⿱田心,忄
8592,8592,8592,慅,⿰忄⿱⿴又丶虫,忄
8593,8593,8593,惿,⿰忄⿱日⿱一龰,忄
8594,8594,8594,愄,⿰忄⿳田一&CDP-8CC6;,忄
8595,8595,8595,愇,⿰忄⿳𫝀口㐄,忄
8596,8596,8596,愃,⿰忄⿱宀⿱一⿱日一,忄
8597,8597,8597,愋,⿰忄⿳⿱丿𭕄一⿸𠂇又,忄
8598,8598,8598,惺,⿰忄⿱日生,忄
8599,8599,8599,惲,⿰忄⿱冖車,忄
8600,8600,8600,愠,⿰忄⿱日皿,忄
8601,8601,8601,愉,⿰忄⿱⿱人一⿰月刂,忄
8602,8602,8602,愔,⿰忄⿱⿱&CDP-8BAE;一日,忄
8603,8603,8603,愝,⿰忄⿷匚⿱日女,忄
8604,8604,8604,愑,⿰忄⿱⿱龴⿵冂&CDP-8BF1;⿻丿𠃌,忄
8605,8605,8605,惴,⿰忄⿱山⿱一⿱丿⿵冂⿰丨丨,忄
8606,8606,8606,惾,⿰忄⿳⿶凵㐅八夂,忄
8607,8607,8607,愕,⿰忄⿱⿰口口⿱一⿱一㇉,忄
8608,8608,8608,愽,⿰忄⿱⿺&CDP-86B7;丶寸,忄
8609,8609,8609,愴,⿰忄⿱⿱人丶⿸&CDP-89CE;口,忄
8610,8610,8610,愩,⿰忄⿱工⿱目八,忄
8611,8611,8611,愰,⿰忄⿱日⿱⺌⿱一⿰丿乚,忄
8612,8612,8612,愱,⿰忄⿸疒⿱𠂉⿻一人,忄
8613,8613,8613,慠,⿰忄⿰⿱龶&CDP-8B6C;攵,忄
8614,8614,8614,愾,⿰忄⿹⿳𠂉一乁米,忄
8615,8615,8615,愷,⿰忄⿱山豆,忄
8616,8616,8616,慩,⿰忄⿺辶車,忄
8617,8617,8617,慄,⿰忄⿱⿱一&CDP-86EA;木,忄
8618,8618,8618,慔,⿰忄⿱艹⿱日⿻一人,忄
8619,8619,8619,慏,⿰忄⿱冖⿱日⿱⿱丶一八,忄
8620,8620,8620,愵,⿰忄⿰&CDP-8CC4;&CDP-8CC4;,忄
8621,8621,8621,慊,⿰忄⿱⿱丷一&CDP-8CDE;,忄
8622,8622,8622,愭,⿰忄⿱⿸耂⿺乚丿日,忄
8623,8623,8623,慑,⿰忄⿱耳⿰又又,忄
8624,8624,8624,愼,⿰忄⿳⿺乚丿⿺𠃊目八,忄
8625,8625,8625,慎,⿰忄⿱十⿱&CDP-8BA5;八,忄
8626,8626,8626,愫,⿰忄⿱龶⿱⿰&CDP-895C;丶小,忄
8627,8627,8627,愯,⿰忄⿱隹又,忄
8628,8628,8628,慆,⿰忄⿱⿱丿𭕄臼,忄
8629,8629,8629,愶,⿰忄⿱⿱⿻丿𠃌⿰⿻丿𠃌⿻丿𠃌月,忄
8630,8630,8630,慀,⿰忄⿱⿱丿𭕄⿱⿰&CDP-895C;丶⿻一人,忄
8631,8631,8631,慉,⿰忄⿱⿱⿱丶一⿰&CDP-895C;丶田,忄
8632,8632,8632,愮,⿰忄⿱⿱丿𭕄缶,忄
8633,8633,8633,慍,⿰忄⿱⿴囗人皿,忄
8634,8634,8634,愪,⿰忄⿱口⿱目八,忄
8635,8635,8635,慃,⿰忄⿱⿱八厶⿰⿹𠃌冫⿹𠃌冫,忄
8636,8636,8636,愹,⿰忄⿱宀谷,忄
8637,8637,8637,慥,⿰忄⿺辶⿱⿰丿土口,忄
8638,8638,8638,憏,⿰忄⿱&CDP-8C4F;示,忄
8639,8639,8639,憆,⿰忄⿱⿱⿱⺌冖口⿱十一,忄
8640,8640,8640,慛,⿰忄⿱山隹,忄
8641,8641,8641,慚,⿰忄⿰車⿸𠂆⿱一丨,忄
8642,8642,8642,慒,⿰忄⿱&CDP-8D61;日,忄
8643,8643,8643,憁,⿰忄⿱⿴⿱丿囗夂心,忄
8644,8644,8644,慘,⿰忄⿱⿱⿱厶⿰厶厶人彡,忄
8645,8645,8645,憜,⿰忄⿰阝&CDP-8CA9;,忄
8646,8646,8646,慣,⿰忄⿱毌⿱目八,忄
8647,8647,8647,慖,⿰忄⿴囗⿹⿻⿺⿻一乚丶丿⿱口一,忄
8648,8648,8648,慻,⿰忄⿱⿱丷⿻⿱一一人目,忄
8649,8649,8649,慷,⿰忄⿸广隶,忄
8650,8650,8650,憀,⿰忄⿱⿰⿹𠃌冫⿹𠃌冫⿱人彡,忄
8651,8651,8651,慺,⿰忄⿱&CDP-89C5;女,忄
8652,8652,8652,慢,⿰忄⿳日罒又,忄
8653,8653,8653,慲,⿰忄⿱廿&CDP-8C62;,忄
8654,8654,8654,慓,⿰忄⿱⿱一&CDP-86EA;示,忄
8655,8655,8655,慳,⿰忄⿱⿰臣又⿱十一,忄
8656,8656,8656,慬,⿰忄⿱廿&CDP-8A6D;,忄
8657,8657,8657,慽,⿰忄⿵戊⿱⿱⺊一小,忄
8658,8658,8658,憈,⿰忄⿸⿸⿱⺊&CDP-88E2;⿻㇀乚⿱&CDP-85F0;一,忄
8659,8659,8659,慡,⿰忄⿻⿻一人⿰⿱㐅⿻丿乀⿱㐅⿻丿乀,忄
8660,8660,8660,慴,⿰忄⿱⿰⿹𠃌冫⿹𠃌冫白,忄
8661,8661,8661,慯,⿰忄⿱𠂉⿱⿱日一⿹勹&CDP-89A6;,忄
8662,8662,8662,慱,⿰忄⿱&CDP-8BD0;寸,忄
8663,8663,8663,慟,⿰忄⿰重⿻丿𠃌,忄
8664,8664,8664,慵,⿰忄⿸广⿻⿻&CDP-8BAB;丨月,忄
8665,8665,8665,慞,⿰忄⿱⿱&CDP-8BAE;一⿱日十,忄
8666,8666,8666,慪,⿰忄⿷匚⿱口⿰口口,忄
8667,8667,8667,憕,⿰忄⿱⿰&CDP-88D3;&CDP-88D5;豆,忄
8668,8668,8668,憧,⿰忄⿱⿱&CDP-8BAE;一⿱&CDP-8BD9;一,忄
8669,8669,8669,慙,⿱⿰車⿸𠂆⿱一丨心,忄
8670,8670,8670,憡,⿰忄⿱竹朿,忄
8671,8671,8671,憱,⿰忄⿰⿳⿱丶一口小⿺尢丶,忄
8672,8672,8672,憯,⿰忄⿱⿰旡旡日,忄
8673,8673,8673,憞,⿰忄⿰⿳⿱丶一口子攵,忄
8674,8674,8674,憚,⿰忄⿱⿰口口&CDP-8BD9;,忄
8675,8675,8675,懂,⿰忄⿱艹重,忄
8676,8676,8676,憤,⿰忄⿱⿱十⿻一&CDP-8BF5;⿱目八,忄
8677,8677,8677,憣,⿰忄⿱⿱丿米田,忄
8678,8678,8678,憓,⿰忄⿱&CDP-8BD0;心,忄
8679,8679,8679,憍,⿰忄⿱⿱⿱丿⿻一人口⿵冂口,忄
8680,8680,8680,憰,⿰忄⿱⿱龴⿹⿱乛亅丿⿵冂⿱八口,忄
8681,8681,8681,懏,⿰忄⿱隹&CDP-8DDF;,忄
8682,8682,8682,憬,⿰忄⿱日⿳⿱丶一口小,忄
8683,8683,8683,憒,⿰忄⿱⿱⿻口丨一⿱目八,忄
8684,8684,8684,憐,⿰忄⿱米⿰⿴𠂊丶㐄,忄
8685,8685,8685,憭,⿰忄⿱⿱⿻⿻一人丷日小,忄
8686,8686,8686,憦,⿰忄⿱⿱⿰⿱八人⿱八人冖⿻丿𠃌,忄
8687,8687,8687,憫,⿰忄⿵⿰𠁣𠃛⿱⿱丶一⿻丿乀,忄
8688,8688,8688,憉,⿰忄⿰⿱十豆彡,忄
8689,8689,8689,憔,⿰忄⿱隹灬,忄
8690,8690,8690,憴,⿰忄黽,忄
8691,8691,8691,憟,⿰忄⿱⿱一&CDP-86EA;米,忄
8692,8692,8692,憽,⿰忄⿱艹⿱⿻⿹勹&CDP-89A6;丶心,忄
8693,8693,8693,憛,⿰忄⿱⿱一&CDP-86EA;⿱日十,忄
8694,8694,8694,憳,⿰忄⿳彐&CDP-8CFA;寸,忄
8695,8695,8695,憮,⿰忄⿱&CDP-8BBE;灬,忄
8696,8696,8696,憪,⿰忄⿵⿰𠁣𠃛月,忄
8697,8697,8697,憢,⿰忄⿱⿱⿱十一⿰⿱十一⿱十一⿱一⿰丿乚,忄
8698,8698,8698,憘,⿰忄⿱⿱十豆口,忄
8699,8699,8699,憎,⿰忄⿱丷⿱&CDP-8B62;日,忄
8700,8700,8700,懊,⿰忄⿱⿵&CDP-8BD6;米⿻一人,忄
8701,8701,8701,憷,⿰忄⿱⿰木木疋,忄
8702,8702,8702,懆,⿰忄⿱⿱口⿰口口木,忄
8703,8703,8703,憺,⿰忄⿸⿱𠂊厂&CDP-8CC3;,忄
8704,8704,8704,懐,⿰忄⿱⿱丶一⿱罒⿱⿱丶一𧘇,忄
8705,8705,8705,憾,⿰忄⿱⿵⿵戊一口心,忄
8706,8706,8706,憿,⿰忄⿰⿱白⿱⿱丶一&CDP-8B6C;攵,忄
8707,8707,8707,懅,⿰忄⿸⿸⿱⺊&CDP-88E2;⿻㇀乚⿱一𧰨,忄
8708,8708,8708,懒,⿰忄⿰束⿱𠂊贝,忄
8709,8709,8709,懍,⿰忄⿱⿱⿱丶一⿴囗口⿱丿木,忄
8710,8710,8710,懔,⿰忄⿱⿱⿱丶一⿴囗口示,忄
8711,8711,8711,懜,⿰忄⿳⿱艹罒冖⿴𠂊丶,忄
8712,8712,8712,懞,⿰忄⿱艹⿳冖一⿱一𧰨,忄
8713,8713,8713,憹,⿰忄⿱曲⿸厂⿱⿱一一&CDP-8CC6;,忄
8714,8714,8714,懄,⿰忄⿰⿱廿&CDP-8A6D;⿻丿𠃌,忄
8715,8715,8715,懎,⿰忄⿱&CDP-8D5B;⿴囗口,忄
8716,8716,8716,憻,⿰忄⿱⿱⿱丶一⿴囗口⿱日一,忄
8717,8717,8717,懀,⿰忄⿱⿱人一⿱&CDP-8B62;日,忄
8718,8718,8718,懈,⿰忄⿰角⿱⿹𠃌丿牛,忄
8719,8719,8719,憸,⿰忄⿳⿱人一⿰口口⿰人人,忄
8720,8720,8720,懁,⿰忄⿳罒⿱一口𧘇,忄
8721,8721,8721,憶,⿰忄⿱⿱⿱&CDP-8BAE;一日心,忄
8722,8722,8722,懌,⿰忄⿱罒⿱⿱十一⿱丷干,忄
8723,8723,8723,懙,⿰忄⿶&CDP-8BA8;&CDP-8BC2;,忄
8724,8724,8724,懓,⿰忄⿱&CDP-8BB8;⿱心夂,忄
8725,8725,8725,懤,⿰忄⿳⿳⿱十一乛工一⿰口寸,忄
8726,8726,8726,懛,⿰忄⿳⿱⿱十一口冖⿱⿱一厶⿱十一,忄
8727,8727,8727,懭,⿰忄⿸广⿳⿱⿻十丨一由八,忄
8728,8728,8728,懢,⿰忄⿱⿰臣&CDP-89BC;皿,忄
8729,8729,8729,懱,⿰忄⿱⿱艹罒⿵戊丶,忄
8730,8730,8730,懡,⿰忄⿸⿸广⿰木木⿱丿厶,忄
8731,8731,8731,懦,⿰忄⿱⿱一⿻冂&CDP-8C41;⿱一⿱丿⿵冂⿰丨丨,忄
8732,8732,8732,懧,⿰忄⿱⿱宀⿱心皿⿱一亅,忄
8733,8733,8733,懠,⿰忄⿱&CDP-8DEB;&CDP-89C6;,忄
8734,8734,8734,懗,⿰忄⿰⿱⿱十一&CDP-8CB5;⿱⿱十一&CDP-8CB5;,忄
8735,8735,8735,懚,⿰忄⿱⿳⿱丿𭕄工彐心,忄
8736,8736,8736,懨,⿰忄⿸厂⿰⿱⿵冂⿱一一月犬,忄
8737,8737,8737,懩,⿰忄⿱⿱⿱丷一⿱十一⿱人⿱丶艮,忄
8738,8738,8738,懥,⿰忄⿳⿱十冖田疋,忄
8739,8739,8739,懝,⿰忄⿰⿱⿺乚丿⿱𠂉⿻一人⿱龴疋,忄
8740,8740,8740,懪,⿰忄⿱日⿱⿱⿱⿻十丨一八⿻亅&CDP-89AE;,忄
8741,8741,8741,懴,⿰忄⿹⿶⿻⿺⿻一乚丶丿十⿱非一,忄
8742,8742,8742,懳,⿰忄⿱⿱⿰⿻⿱一⿱一一丨⿻⿱一⿱一一丨彐心,忄
8743,8743,8743,懰,⿰忄⿰&CDP-8D69;刂,忄
8744,8744,8744,懵,⿰忄⿳⿱艹罒冖目,忄
8745,8745,8745,懮,⿰忄⿱⿱&CDP-8CD4;心夂,忄
8746,8746,8746,懫,⿰忄⿱⿰⿸𠂆⿱一丨⿸𠂆⿱一丨⿱目八,忄
8747,8747,8747,懷,⿰忄⿳⿱丶一⿱罒&CDP-8977;𧘇,忄
8748,8748,8748,懻,⿰忄⿱⿰&CDP-8BC5;⿺乚丿⿱田⿱⿱⿻十丨一八,忄
8749,8749,8749,懶,⿰忄⿰束⿱𠂊⿱目八,忄
8750,8750,8750,懺,⿰忄⿹⿶⿻⿺⿻一乚丶丿⿰人人⿱非一,忄
8751,8751,8751,懽,⿰忄⿱艹⿱⿰口口隹,忄
8752,8752,8752,懹,⿰忄⿳⿱丶一&CDP-8CA3;𧘇,忄
8753,8753,8753,懼,⿰忄⿱⿰目目隹,忄
8754,8754,8754,懾,⿰忄⿱耳⿰耳耳,忄
8755,8755,8755,戂,⿰忄⿸⿸广⿰木木非,忄
8756,8756,8756,戄,⿰忄⿱⿱⿰目目隹又,忄
8757,8757,8757,戃,⿰忄⿱⿱⿱⺌冖口⿱&CDP-88D4;灬,忄
8758,8758,8758,幻,⿰⿰&CDP-895C;丶𠃌,幺
8759,8759,8759,幺,⿰&CDP-895C;丶,幺
8760,8760,8760,幼,⿰⿰&CDP-895C;丶⿻丿𠃌,幺
8761,8761,8761,幽,⿻山⿰⿰&CDP-895C;丶⿰&CDP-895C;丶,幺
8762,8762,8762,幾,⿹&CDP-8BA4;人,幺
8763,8763,8763,式,⿹⿺⿻一乚丶工,弋
8764,8764,8764,弎,⿹⿺⿻一乚丶⿱一⿱一一,弋
8765,8765,8765,弐,⿻⿹⿺⿻一乚丶⿱一一一,弋
8766,8766,8766,弋,⿺⿻一乚丶,弋
8767,8767,8767,弌,⿹⿺⿻一乚丶一,弋
8768,8768,8768,弍,⿹⿺⿻一乚丶⿱一一,弋
8769,8769,8769,弑,⿰⿱㐅朩⿹⿺⿻一乚丶工,弋
8770,8770,8770,弒,⿰⿱㐅⿺木丶⿹⿺⿻一乚丶工,弋
8771,8771,8771,尥,⿺尢⿹勹丶,尢
8772,8772,8772,尢,尢,尢
8773,8773,8773,尤,⿺尢丶,尢
8774,8774,8774,尬,⿺尢⿱人&CDP-8BF5;,尢
8775,8775,8775,尨,⿷⿺尢丶彡,尢
8776,8776,8776,尪,⿺尢⿱一⿱十一,尢
8777,8777,8777,尮,⿺尢⿱⿹𠄎丿木,尢
8778,8778,8778,尯,⿺尢⿸⿱𠂊厂㔾,尢
8779,8779,8779,尳,⿺尢⿱&CDP-89A9;月,尢
8780,8780,8780,就,⿰⿳⿱丶一口小⿺尢丶,尢
8781,8781,8781,尰,⿺尢重,尢
8782,8782,8782,尲,⿺尢⿱⿱丷一&CDP-8CDE;,尢
8783,8783,8783,尴,⿺尢⿱⿰⿰丨丨&CDP-89BC;皿,尢
8784,8784,8784,尵,⿺尢⿱⿱⿻口丨一⿱目八,尢
8785,8785,8785,尷,⿺尢⿱⿰臣&CDP-89BC;皿,尢
8786,8786,8786,夅,⿱夂㐄,夂
8787,8787,8787,夃,⿵⿹𠄎丿又,夂
8788,8788,8788,夊,夊,夂
8789,8789,8789,夂,夂,夂
8790,8790,8790,处,⿺夂卜,夂
8791,8791,8791,冬,⿱夂⿱丶丶,夂
8792,8792,8792,夆,⿱夂⿻⿱一⿱一一丨,夂
8793,8793,8793,夋,⿳厶八夂,夂
8794,8794,8794,备,⿱夂田,夂
8795,8795,8795,夌,⿳⿱十一八夂,夂
8796,8796,8796,変,⿱⿱⿱丶一&CDP-8CB5;夂,夂
8797,8797,8797,复,⿳𠂉日夂,夂
8798,8798,8798,夈,⿱夂米,夂
8799,8799,8799,夎,⿱⿻⿱十一⿰人人夂,夂
8800,8800,8800,夏,⿱⿱一自夂,夂
8801,8801,8801,夐,⿳&CDP-8CAF;目夂,夂
8802,8802,8802,夑,⿱⿲⿱八人言⿱八人夂,夂
8803,8803,8803,夒,⿱⿳一⿲止自巳八夂,夂
8804,8804,8804,夓,⿳⿴⿰&CDP-8CAC;彐⿱一自八夂,夂
8805,8805,8805,夔,⿱丷⿱⿳一⿲止自巳八夂,夂
8806,8806,8806,存,⿸&CDP-88F1;子,子
8807,8807,8807,孖,⿰子子,子
8808,8808,8808,孙,⿰子小,子
8809,8809,8809,字,⿱宀子,子
8810,8810,8810,孑,孑,子
8811,8811,8811,孒,孒,子
8812,8812,8812,孓,孓,子
8813,8813,8813,子,子,子
8814,8814,8814,孔,⿰子乚,子
8815,8815,8815,孕,⿱⿹𠄎丿子,子
8816,8816,8816,孛,⿱⿱十冖子,子
8817,8817,8817,孚,⿱⿱丿𭕄子,子
8818,8818,8818,孝,⿸耂子,子
8819,8819,8819,孞,⿱子心,子
8820,8820,8820,孜,⿰子攵,子
8821,8821,8821,孢,⿰子⿹勹巳,子
8822,8822,8822,孤,⿰子瓜,子
8823,8823,8823,季,⿱⿱丿木子,子
8824,8824,8824,孟,⿱子皿,子
8825,8825,8825,孥,⿱⿰女又子,子
8826,8826,8826,孠,⿱⿹𠃌⿱一口子,子
8827,8827,8827,孡,⿰子⿱厶口,子
8828,8828,8828,学,⿳𭕄冖子,子
8829,8829,8829,孧,⿱⿰⿰&CDP-895C;丶⿻丿𠃌子,子
8830,8830,8830,孩,⿰子⿳⿱丶一⿰𠃋丿人,子
8831,8831,8831,孪,⿱⿱⿱丶一&CDP-8CB5;子,子
8832,8832,8832,孨,⿱子⿰子子,子
8833,8833,8833,孭,⿰子⿱目八,子
8834,8834,8834,孬,⿱⿱一&CDP-8665;⿰女子,子
8835,8835,8835,孫,⿰子⿱丿⿱⿰&CDP-895C;丶小,子
8836,8836,8836,孮,⿰子⿱宀示,子
8837,8837,8837,孯,⿱⿰臣又子,子
8838,8838,8838,孰,⿰⿳⿱丶一口子⿻九丶,子
8839,8839,8839,孲,⿰子⿳一&CDP-88A1;一,子
8840,8840,8840,孱,⿸尸⿱子⿰子子,子
8841,8841,8841,孳,⿱⿱⿱丷一⿰⿰&CDP-895C;丶⿰&CDP-895C;丶子,子
8842,8842,8842,孶,⿱⿱艹⿰⿰&CDP-895C;丶⿰&CDP-895C;丶子,子
8843,8843,8843,孴,⿱⿱子⿰子子日,子
8844,8844,8844,孵,⿰⿰⿴𠂎丶⿴卩丶⿱⿱丿𭕄子,子
8845,8845,8845,孷,⿸⿱⿰未攵厂子,子
8846,8846,8846,孹,⿱⿰⿸尸口⿱⿱&CDP-8BAE;一十子,子
8847,8847,8847,學,⿱⿶&CDP-8B64;⿱㐅⿻丿乀子,子
8848,8848,8848,孻,⿰子⿱⿱⿱⿻&CDP-8BAB;丨一灬皿,子
8849,8849,8849,孺,⿰子⿱⿱一⿻冂&CDP-8C41;⿱一⿱丿⿵冂⿰丨丨,子
8850,8850,8850,孼,⿱⿰⿱⿻凵丨⿱丿㠯⿱⿱&CDP-8BAE;一十子,子
8851,8851,8851,孽,⿱⿱艹⿰⿱丿㠯⿱⿱&CDP-8BAE;一十子,子
8852,8852,8852,孾,⿰子⿱⿰⿱目八⿱目八女,子
8853,8853,8853,孿,⿱⿲⿱⿰&CDP-895C;丶小言⿱⿰&CDP-895C;丶小子,子
8854,8854,8854,负,⿱𠂊贝,贝
8855,8855,8855,贠,⿱厶贝,贝
8856,8856,8856,贞,⿱⺊贝,贝
8857,8857,8857,贝,贝,贝
8858,8858,8858,财,⿰贝才,贝
8859,8859,8859,贡,⿱工贝,贝
8860,8860,8860,贬,⿰贝⿱丿⿱丶&CDP-8661;,贝
8861,8861,8861,败,⿰贝攵,贝
8862,8862,8862,贩,⿰贝⿸𠂆又,贝
8863,8863,8863,贯,⿱毌贝,贝
8864,8864,8864,购,⿰贝⿹勹厶,贝
8865,8865,8865,货,⿱⿰亻⿻乚丿贝,贝
8866,8866,8866,贫,⿱⿱八⿹𠃌丿贝,贝
8867,8867,8867,贪,⿱⿱⿱人丶㇇贝,贝
8868,8868,8868,贤,⿱⿰⿰丨丨又贝,贝
8869,8869,8869,贮,⿰贝⿱宀一,贝
8870,8870,8870,责,⿱龶贝,贝
8871,8871,8871,账,⿰贝长,贝
8872,8872,8872,质,⿸𠂆⿱十贝,贝
8873,8873,8873,贲,⿱⿱十⿻一&CDP-8BF5;贝,贝
8874,8874,8874,贷,⿱⿰亻⿺⿻一乚丶贝,贝
8875,8875,8875,费,⿱⿻弓&CDP-8BF5;贝,贝
8876,8876,8876,贵,⿱⿱⿻口丨一贝,贝
8877,8877,8877,贺,⿱⿰⿻丿𠃌口贝,贝
8878,8878,8878,贱,⿰贝⿻⿻⿺⿻一乚丶丿一,贝
8879,8879,8879,贶,⿰贝⿱口⿰丿乚,贝
8880,8880,8880,贸,⿱&CDP-8C69;贝,贝
8881,8881,8881,贳,⿱世贝,贝
8882,8882,8882,贴,⿰贝⿱⺊口,贝
8883,8883,8883,贻,⿰贝⿱厶口,贝
8884,8884,8884,贰,⿹⿺⿻一乚丶⿱⿱一一贝,贝
8885,8885,8885,赅,⿰贝⿳⿱丶一⿰𠃋丿人,贝
8886,8886,8886,贾,⿱⿱一&CDP-86EA;贝,贝
8887,8887,8887,贿,⿰贝⿸𠂇月,贝
8888,8888,8888,赆,⿰贝⿱尺⿱丶丶,贝
8889,8889,8889,赁,⿱⿰亻⿱丿⿱十一贝,贝
8890,8890,8890,赂,⿰贝⿱夂口,贝
8891,8891,8891,贽,⿱⿰扌⿻九丶贝,贝
8892,8892,8892,贼,⿰贝⿹⿻⿺⿻一乚丶丿𠂇,贝
8893,8893,8893,赃,⿰贝⿸广⿱十一,贝
8894,8894,8894,赀,⿱⿰止⿺乚丿贝,贝
8895,8895,8895,资,⿱⿰冫欠贝,贝
8896,8896,8896,赉,⿱来贝,贝
8897,8897,8897,赇,⿰贝⿺&CDP-85DC;丶,贝
8898,8898,8898,赊,⿰贝⿱人示,贝
8899,8899,8899,赈,⿰贝⿸厂⿱⿱一一&CDP-8CC6;,贝
8900,8900,8900,赔,⿰贝⿱⿱&CDP-8BAE;一口,贝
8901,8901,8901,赑,⿱贝⿰贝贝,贝
8902,8902,8902,赐,⿰贝⿱日⿹勹&CDP-89A6;,贝
8903,8903,8903,赕,⿰贝⿱⿱八人⿱八人,贝
8904,8904,8904,赌,⿰贝⿸耂日,贝
8905,8905,8905,赋,⿰贝⿹&CDP-8CB8;止,贝
8906,8906,8906,赓,⿸⿸广&CDP-8DE2;贝,贝
8907,8907,8907,赍,⿱⿱&CDP-8DE9;冖贝,贝
8908,8908,8908,赎,⿰贝⿱十⿱乛头,贝
8909,8909,8909,赏,⿱⿱⿱⺌冖口贝,贝
8910,8910,8910,赒,⿰贝⿵⺆⿱⿱十一口,贝
8911,8911,8911,赗,⿰贝⿱⿵冂⿱一一目,贝
8912,8912,8912,赖,⿰束⿱𠂊贝,贝
8913,8913,8913,赙,⿰贝⿱⿺&CDP-86B7;丶寸,贝
8914,8914,8914,赛,⿱⿳宀⿱井一八贝,贝
8915,8915,8915,赘,⿱⿰⿱龶&CDP-8B6C;攵贝,贝
8916,8916,8916,赚,⿰贝⿱⿱丷一&CDP-8CDE;,贝
8917,8917,8917,箦,⿱竹⿱龶贝,贝
8918,8918,8918,赜,⿰𦣞⿱龶贝,贝
8919,8919,8919,赝,⿸⿸厂⿰亻隹贝,贝
8920,8920,8920,赟,⿱⿰⿱⿱丶一⿻丿乀⿹&CDP-8CB8;止贝,贝
8921,8921,8921,赞,⿱⿰⿱⿰丿土⿰丿乚⿱⿰丿土⿰丿乚贝,贝
8922,8922,8922,赠,⿰贝⿱丷⿱&CDP-8B62;日,贝
8923,8923,8923,赡,⿰贝⿸⿱𠂊厂&CDP-8CC3;,贝
8924,8924,8924,赢,⿱⿱⿱⿱丶一𠃊口⿲月贝⿵几丶,贝
8925,8925,8925,赣,⿰⿱⿱&CDP-8BAE;一⿱日十⿱夂⿱工贝,贝
8926,8926,8926,毕,⿱比十,比
8927,8927,8927,比,比,比
8928,8928,8928,毖,⿱比⿻心丿,比
8929,8929,8929,毗,⿰田比,比
8930,8930,8930,毘,⿱田比,比
8931,8931,8931,毙,⿱比⿸⿱一⿴𠂊丶⿺乚丿,比
8932,8932,8932,琵,⿱⿰⿱一⿱十一⿱一⿱十一比,比
8933,8933,8933,毚,⿱⿱⿱𠂊口比⿷⿱𠂊&CDP-8BCB;丶,比
8934,8934,8934,灬,灬,灬
8935,8935,8935,炁,⿱旡灬,灬
8936,8936,8936,点,⿱⿱⺊口灬,灬
8937,8937,8937,炰,⿱⿹勹巳灬,灬
8938,8938,8938,為,為,灬
8939,8939,8939,羔,⿱⿱⿱丷一⿱十一灬,灬
8940,8940,8940,烈,⿱⿰⿱一⿴𠂊丶刂灬,灬
8941,8941,8941,热,⿱⿰扌⿻九丶灬,灬
8942,8942,8942,烏,⿹&CDP-89DF;灬,灬
8943,8943,8943,烋,⿱⿰亻木灬,灬
8944,8944,8944,烝,⿱⿱⿱乛⿲㇇亅&CDP-85BF;一灬,灬
8945,8945,8945,焘,⿱⿸⿻⿱一⿱一一丨寸灬,灬
8946,8946,8946,黒,⿱⿱&CDP-8BD9;一灬,灬
8947,8947,8947,焏,⿱⿻⿱乛亅⿰口又灬,灬
8948,8948,8948,烹,⿱⿳⿱丶一口⿱乛亅灬,灬
8949,8949,8949,焎,⿱⿰扌⿸𠂆⿱一丨灬,灬
8950,8950,8950,焄,⿱⿸⿻&CDP-8BAB;丿口灬,灬
8951,8951,8951,焉,⿱⿱一止&CDP-8DBF;,灬
8952,8952,8952,焣,⿱⿰耳又灬,灬
8953,8953,8953,焦,⿱隹灬,灬
8954,8954,8954,然,⿱&CDP-8BB5;灬,灬
8955,8955,8955,無,⿱&CDP-8BBE;灬,灬
8956,8956,8956,煮,⿱⿸耂日灬,灬
8957,8957,8957,煎,⿱⿱⿱丷一⿰月刂灬,灬
8958,8958,8958,煭,⿱⿰⿱⿲𡿨𡿨𡿨⿱一⿴𠂊丶刂灬,灬
8959,8959,8959,煞,⿱⿰⿱𠂊彐攵灬,灬
8960,8960,8960,煦,⿱⿰日⿹勹口灬,灬
8961,8961,8961,照,⿱⿰日⿱⿹𠃌丿口灬,灬
8962,8962,8962,熊,⿱⿰⿱厶⿵⺆冫⿱⿺乚丿⿺乚丿灬,灬
8963,8963,8963,熏,熏,灬
8964,8964,8964,煕,⿱⿰𦣞巳灬,灬
8965,8965,8965,熈,⿱⿲㇓臣巳灬,灬
8966,8966,8966,熙,⿱⿰𦣞巳灬,灬
8967,8967,8967,熬,⿱⿰⿱龶&CDP-8B6C;攵灬,灬
8968,8968,8968,熱,⿱⿰⿱⿱⿱十一⿰丿乚⿱十一⿻九丶灬,灬
8969,8969,8969,熟,⿱⿰⿳⿱丶一口子⿻九丶灬,灬
8970,8970,8970,燞,⿱⿰隹欠灬,灬
8971,8971,8971,熹,⿱⿱⿱十豆口灬,灬
8972,8972,8972,燕,⿳廿&CDP-8D76;灬,灬
8973,8973,8973,燾,⿱⿳⿳⿱十一乛工一⿰口寸灬,灬
8974,8974,8974,爇,⿱艹⿱⿰⿱⿱⿱十一⿰丿乚⿱十一⿻九丶灬,灬
8975,8975,8975,爢,⿸⿸⿸广⿰木木非灬,灬
8976,8976,8976,长,长,长
8977,8977,8977,轨,⿰车九,车
8978,8978,8978,车,车,车
8979,8979,8979,轧,⿰车乚,车
8980,8980,8980,轪,⿰车⿻一人,车
8981,8981,8981,轫,⿰车⿹⿹𠃌丿丿,车
8982,8982,8982,轩,⿰车干,车
8983,8983,8983,轰,⿱车⿰又又,车
8984,8984,8984,轮,⿰车⿱人⿺乚丿,车
8985,8985,8985,软,⿰车欠,车
8986,8986,8986,轭,⿰车⿸厂㔾,车
8987,8987,8987,转,⿰车专,车
8988,8988,8988,轱,⿰车⿱十口,车
8989,8989,8989,轷,⿰车乎,车
8990,8990,8990,轲,⿰车⿹⿱一亅口,车
8991,8991,8991,轳,⿰车⿱⺊尸,车
8992,8992,8992,轹,⿰车乐,车
8993,8993,8993,轻,⿰车⿱ス工,车
8994,8994,8994,轺,⿰车⿱⿹𠃌丿口,车
8995,8995,8995,轶,⿰车⿰丿⿻⿱一一人,车
8996,8996,8996,轴,⿰车由,车
8997,8997,8997,轸,⿰车⿱人彡,车
8998,8998,8998,轵,⿰车⿱口八,车
8999,8999,8999,珲,⿰⿱一⿱十一⿱冖车,车
9000,9000,9000,轿,⿰车⿱⿱丿⿻一人&CDP-8BF5;,车
9001,9001,9001,较,⿰车⿱⿱丶一⿱八⿻丿乀,车
9002,9002,9002,辂,⿰车⿱夂口,车
9003,9003,9003,辁,⿰车⿱人⿱一⿱十一,车
9004,9004,9004,轼,⿰车⿹⿺⿻一乚丶工,车
9005,9005,9005,轾,⿰车⿱⿱一厶⿱十一,车
9006,9006,9006,辀,⿰车舟,车
9007,9007,9007,载,⿹⿶⿻⿺⿻一乚丶丿十车,车
9008,9008,9008,辅,⿰车⿺&CDP-86B7;丶,车
9009,9009,9009,辆,⿰车⿱一&CDP-854B;,车
9010,9010,9010,辄,⿰车⿸耳𠃊,车
9011,9011,9011,辈,⿱非车,车
9012,9012,9012,辍,⿰车⿱⿰又又⿰又又,车
9013,9013,9013,辊,⿰车⿱日比,车
9014,9014,9014,辉,⿰⿱⺌⿱一⿰丿乚⿱冖车,车
9015,9015,9015,辌,⿰车⿳⿱丶一口小,车
9016,9016,9016,辇,⿱⿰⿻⿱一一人⿻⿱一一人车,车
9017,9017,9017,辋,⿰车⿵冂⿱⿱丷一⿱⿱丶一𠃊,车
9018,9018,9018,辎,⿰车⿱⿲𡿨𡿨𡿨田,车
9019,9019,9019,辏,⿰车⿱⿻⿱一⿱一一人⿱一⿻一人,车
9020,9020,9020,辐,⿰车⿱⿱一口田,车
9021,9021,9021,琿,⿰⿱一⿱十一⿱冖車,车
9022,9022,9022,辑,⿰车⿱口耳,车
9023,9023,9023,辔,⿱⿲纟车纟口,车
9024,9024,9024,输,⿰车⿱⿱人一⿰月刂,车
9025,9025,9025,辒,⿰车⿱日皿,车
9026,9026,9026,辗,⿰车⿸尸&CDP-8CE5;,车
9027,9027,9027,辖,⿰车⿱⿱宀⿻⿱一⿱一一丨口,车
9028,9028,9028,辕,⿰车⿱⿱⿱十一口𧘇,车
9029,9029,9029,辘,⿰车⿸&CDP-8D56;比,车
9030,9030,9030,辚,⿰车⿱米⿰⿴𠂊丶㐄,车
9031,9031,9031,辙,⿲车⿱⿻一厶月攵,车
9032,9032,9032,死,⿸⿱一⿴𠂊丶⿺乚丿,歹
9033,9033,9033,歹,⿱一⿴𠂊丶,歹
9034,9034,9034,歼,⿰⿱一⿴𠂊丶⿱丿十,歹
9035,9035,9035,歾,⿰⿱一⿴𠂊丶⿹勹&CDP-89A6;,歹
9036,9036,9036,歿,⿰⿱一⿴𠂊丶&CDP-8BA1;,歹
9037,9037,9037,殁,⿰⿱一⿴𠂊丶⿱𠘧又,歹
9038,9038,9038,殀,⿰⿱一⿴𠂊丶⿱丿⿻一人,歹
9039,9039,9039,歽,⿰⿱一⿴𠂊丶⿸𠂆⿱一丨,歹
9040,9040,9040,残,⿰⿱一⿴𠂊丶⿻⿻⿺⿻一乚丶丿一,歹
9041,9041,9041,殂,⿰⿱一⿴𠂊丶且,歹
9042,9042,9042,殆,⿰⿱一⿴𠂊丶⿱厶口,歹
9043,9043,9043,殇,⿰⿱一⿴𠂊丶⿱𠂉𠃓,歹
9044,9044,9044,殅,⿰⿱一⿴𠂊丶生,歹
9045,9045,9045,殄,⿰⿱一⿴𠂊丶⿱人彡,歹
9046,9046,9046,殃,⿰⿱一⿴𠂊丶央,歹
9047,9047,9047,殊,⿰⿱一⿴𠂊丶朱,歹
9048,9048,9048,殈,⿰⿱一⿴𠂊丶⿱丿皿,歹
9049,9049,9049,殉,⿰⿱一⿴𠂊丶⿹勹日,歹
9050,9050,9050,殍,⿰⿱一⿴𠂊丶⿱⿱丿𭕄子,歹
9051,9051,9051,殌,⿰⿱一⿴𠂊丶⿳一⿲𡿨𡿨𡿨工,歹
9052,9052,9052,殓,⿰⿱一⿴𠂊丶⿳⿱人一𭕄一,歹
9053,9053,9053,殎,⿰⿱一⿴𠂊丶⿻⿻一人⿰人人,歹
9054,9054,9054,殏,⿰⿱一⿴𠂊丶⿺&CDP-85DC;丶,歹
9055,9055,9055,殑,⿰⿱一⿴𠂊丶⿱⿱十口⿰丿乚,歹
9056,9056,9056,殐,⿰⿱一⿴𠂊丶束,歹
9057,9057,9057,殒,⿰⿱一⿴𠂊丶⿱口贝,歹
9058,9058,9058,殘,⿰⿱一⿴𠂊丶⿱⿻⿺⿻一乚丶丿⿻⿺⿻一乚丶丿,歹
9059,9059,9059,殚,⿰⿱一⿴𠂊丶⿱丷&CDP-8BD9;,歹
9060,9060,9060,殕,⿰⿱一⿴𠂊丶⿱⿱&CDP-8BAE;一口,歹
9061,9061,9061,殙,⿰⿱一⿴𠂊丶⿱氏日,歹
9062,9062,9062,殛,⿰⿱一⿴𠂊丶⿱⿻⿱乛亅⿰口又一,歹
9063,9063,9063,殖,⿰⿱一⿴𠂊丶⿱十&CDP-8BA5;,歹
9064,9064,9064,殗,⿰⿱一⿴𠂊丶⿱⿻一人⿻日乚,歹
9065,9065,9065,殔,⿰⿱一⿴𠂊丶隶,歹
9066,9066,9066,殜,⿰⿱一⿴𠂊丶⿱世木,歹
9067,9067,9067,殟,⿰⿱一⿴𠂊丶⿱⿴囗人皿,歹
9068,9068,9068,殡,⿰⿱一⿴𠂊丶⿱宀⿱丘八,歹
9069,9069,9069,殠,⿰⿱一⿴𠂊丶⿱自犬,歹
9070,9070,9070,殢,⿰⿱一⿴𠂊丶⿳&CDP-8C4B;冖巾,歹
9071,9071,9071,殞,⿰⿱一⿴𠂊丶⿱口⿱目八,歹
9072,9072,9072,殝,⿰⿱一⿴𠂊丶⿱⿻⿱一⿱一一人⿱丿木,歹
9073,9073,9073,殦,⿰⿱一⿴𠂊丶⿹&CDP-8CBB;灬,歹
9074,9074,9074,殣,⿰⿱一⿴𠂊丶⿱廿&CDP-8A6D;,歹
9075,9075,9075,殤,⿰⿱一⿴𠂊丶⿱𠂉⿱⿱日一⿹勹&CDP-89A6;,歹
9076,9076,9076,殥,⿰⿱一⿴𠂊丶⿱宀&CDP-8CE6;,歹
9077,9077,9077,殫,⿰⿱一⿴𠂊丶⿱⿰口口&CDP-8BD9;,歹
9078,9078,9078,殧,⿰⿱一⿴𠂊丶⿰⿳⿱丶一口小⿺尢丶,歹
9079,9079,9079,殨,⿰⿱一⿴𠂊丶⿱⿱⿻口丨一⿱目八,歹
9080,9080,9080,殪,⿰⿱一⿴𠂊丶⿳⿱十一冖豆,歹
9081,9081,9081,殩,⿰⿱一⿴𠂊丶⿱⿰⿱一⿴𠂊丶又米,歹
9082,9082,9082,殬,⿰⿱一⿴𠂊丶⿱罒⿱⿱十一⿱丷干,歹
9083,9083,9083,殭,⿰⿱一⿴𠂊丶⿳&CDP-8D5E;&CDP-8D5E;一,歹
9084,9084,9084,殮,⿰⿱一⿴𠂊丶⿳⿱人一⿰口口⿰人人,歹
9085,9085,9085,殯,⿰⿱一⿴𠂊丶⿱&CDP-8D74;⿱目八,歹
9086,9086,9086,殰,⿰⿱一⿴𠂊丶⿱⿱十一⿱罒⿱目八,歹
9087,9087,9087,殱,⿰⿱一⿴𠂊丶⿹⿶⿻⿺⿻一乚丶丿十⿱非一,歹
9088,9088,9088,殲,⿰⿱一⿴𠂊丶⿹⿶⿻⿺⿻一乚丶丿⿰人人⿱非一,歹
9089,9089,9089,斗,斗,斗
9090,9090,9090,斘,⿰⿴𠂊丶斗,斗
9091,9091,9091,斚,⿳⿰厶厶冖斗,斗
9092,9092,9092,料,⿰米斗,斗
9093,9093,9093,斛,⿰角斗,斗
9094,9094,9094,斜,⿰⿱⿱人一朩斗,斗
9095,9095,9095,斝,⿳⿰口口冖斗,斗
9096,9096,9096,斞,⿰⿻臼人斗,斗
9097,9097,9097,斟,⿰⿱&CDP-88C8;⿷匚⿰丿乚斗,斗
9098,9098,9098,斠,⿰⿱⿱井一冉斗,斗
9099,9099,9099,斡,⿰⿱十⿱日十⿱人斗,斗
9100,9100,9100,斢,⿰⿳⿱⿻十丨一由八斗,斗
9101,9101,9101,斣,⿰⿱罒⿹勹虫斗,斗
9102,9102,9102,危,⿸⿱𠂊厂㔾,厄
9103,9103,9103,卮,⿸⿸𠂆一㔾,厄
9104,9104,9104,卷,⿱⿱丷⿻⿱一一人㔾,厄
9105,9105,9105,卺,⿱⿱⿱乛⿲㇇亅&CDP-85BF;一㔾,厄
9106,9106,9106,卼,⿺⿱一⿰丿乚⿸⿱𠂊厂㔾,厄
9107,9107,9107,方,⿱⿱丶一&CDP-8B6C;,方
9108,9108,9108,斺,⿰⿱⿱丶一&CDP-8B6C;⿱人&CDP-8BF5;,方
9109,9109,9109,斻,⿰⿱⿱丶一&CDP-8B6C;⿱𠂉几,方
9110,9110,9110,於,⿰⿱⿱丶一&CDP-8B6C;⿱人⿱丶丶,方
9111,9111,9111,斿,⿰⿱⿱丶一&CDP-8B6C;⿱𠂉子,方
9112,9112,9112,旀,⿰⿱⿱丶一&CDP-8B6C;⿱厶小,方
9113,9113,9113,斾,⿰⿱⿱丶一&CDP-8B6C;⿱𠂉巾,方
9114,9114,9114,施,⿰⿱⿱丶一&CDP-8B6C;⿱𠂉也,方
9115,9115,9115,旁,⿱&CDP-8BEC;⿱⿱丶一&CDP-8B6C;,方
9116,9116,9116,旊,⿰⿱⿱丶一&CDP-8B6C;⿱𠂉瓦,方
9117,9117,9117,旅,⿰⿱⿱丶一&CDP-8B6C;&CDP-8D55;,方
9118,9118,9118,旄,⿰⿱⿱丶一&CDP-8B6C;⿱𠂉⿱丿&CDP-8A43;,方
9119,9119,9119,旆,⿰⿱⿱丶一&CDP-8B6C;⿱𠂉⿻一巾,方
9120,9120,9120,旂,⿰⿱⿱丶一&CDP-8B6C;⿱𠂉⿸𠂆⿱一丨,方
9121,9121,9121,旃,⿰⿱⿱丶一&CDP-8B6C;⿱𠂉丹,方
9122,9122,9122,旉,⿱⿺&CDP-86B7;丶⿱⿱丶一&CDP-8B6C;,方
9123,9123,9123,旌,⿰⿱⿱丶一&CDP-8B6C;⿱𠂉生,方
9124,9124,9124,旍,⿰⿱⿱丶一&CDP-8B6C;⿱𠂉⿱⿱人丶龴,方
9125,9125,9125,旈,⿰⿱⿱丶一&CDP-8B6C;⿱⿻一厶⿴⿰丿乚丨,方
9126,9126,9126,旎,⿰⿱⿱丶一&CDP-8B6C;⿱𠂉⿸尸⿺乚丿,方
9127,9127,9127,旇,⿰⿱⿱丶一&CDP-8B6C;⿱𠂉皮,方
9128,9128,9128,旋,⿰⿱⿱丶一&CDP-8B6C;⿱𠂉疋,方
9129,9129,9129,族,⿰⿱⿱丶一&CDP-8B6C;⿱𠂉⿱𠂉⿻一人,方
9130,9130,9130,旔,⿰⿱⿱丶一&CDP-8B6C;⿺廴⿻⿻&CDP-8BAB;丨⿱一一,方
9131,9131,9131,旑,⿰⿱⿱丶一&CDP-8B6C;⿱⿻一人⿹⿱一亅口,方
9132,9132,9132,旐,⿰⿱⿱丶一&CDP-8B6C;⿱𠂉兆,方
9133,9133,9133,旕,⿱⿰⿱⿱丶一&CDP-8B6C;⿱人⿱丶丶⿰口⿻乚丿,方
9134,9134,9134,旒,⿰⿱⿱丶一&CDP-8B6C;⿱𠂉⿱⿻一厶⿴⿰丿乚丨,方
9135,9135,9135,旓,⿰⿱⿱丶一&CDP-8B6C;⿱𠂉⿱⺌月,方
9136,9136,9136,旗,⿰⿱⿱丶一&CDP-8B6C;⿱𠂉⿱&CDP-8B72;八,方
9137,9137,9137,旖,⿰⿱⿱丶一&CDP-8B6C;⿱𠂉⿱⿻一人⿹⿱一亅口,方
9138,9138,9138,旙,⿰⿱⿱丶一&CDP-8B6C;⿱⿱丿米田,方
9139,9139,9139,旘,⿰⿱⿱丶一&CDP-8B6C;⿹&CDP-88A7;日,方
9140,9140,9140,旚,⿰⿱⿱丶一&CDP-8B6C;⿱𠂉⿱⿱一&CDP-86EA;示,方
9141,9141,9141,旛,⿰⿱⿱丶一&CDP-8B6C;⿱𠂉⿱⿱丿米田,方
9142,9142,9142,旞,⿰⿱⿱丶一&CDP-8B6C;⿱𠂉⿺辶⿱丷⿱一𧰨,方
9143,9143,9143,旝,⿰⿱⿱丶一&CDP-8B6C;⿱𠂉⿱⿱人一⿱&CDP-8B62;日,方
9144,9144,9144,旟,⿰⿱⿱丶一&CDP-8B6C;⿱𠂉⿶&CDP-8BA8;&CDP-8BC2;,方
9145,9145,9145,旜,⿰⿱⿱丶一&CDP-8B6C;⿱𠂉⿱⿱⿱丶一⿴囗口⿱日一,方
9146,9146,9146,风,⿵几㐅,风
9147,9147,9147,飏,⿺⿵几㐅𠃓,风
9148,9148,9148,飑,⿺⿵几㐅⿹勹巳,风
9149,9149,9149,飒,⿰⿱&CDP-8BAE;一⿵几㐅,风
9150,9150,9150,飐,⿺⿵几㐅⿱⺊口,风
9151,9151,9151,飓,⿺⿵几㐅⿱&CDP-8BA5;八,风
9152,9152,9152,飔,⿺⿵几㐅⿱田心,风
9153,9153,9153,飕,⿺⿵几㐅⿱&CDP-884F;又,风
9154,9154,9154,飗,⿺⿵几㐅⿱&CDP-8C69;田,风
9155,9155,9155,飖,⿰⿱⿱丿𭕄缶⿵几㐅,风
9156,9156,9156,飘,⿰⿱⿱一&CDP-86EA;示⿵几㐅,风
9157,9157,9157,飙,⿰⿱犬⿰犬犬⿵几㐅,风
9158,9158,9158,飚,⿺⿵几㐅⿱⿱八人⿰⿱八人⿱八人,风
9159,9159,9159,爷,⿱⿱八⿻丿乀卩,父
9160,9160,9160,父,⿱八⿻丿乀,父
9161,9161,9161,爸,⿱⿱八⿻丿乀巴,父
9162,9162,9162,爹,⿱⿱八⿻丿乀⿱⿴𠂊丶⿴𠂊丶,父
9163,9163,9163,爺,⿱⿱八⿻丿乀⿰耳阝,父
9164,9164,9164,成,⿵戊𠃌,戈
9165,9165,9165,戏,⿰又⿻⿺⿻一乚丶丿,戈
9166,9166,9166,戌,⿵戊一,戈
9167,9167,9167,戎,⿹⿻⿺⿻一乚丶丿𠂇,戈
9168,9168,9168,戍,⿵戊丶,戈
9169,9169,9169,戈,⿻⿺⿻一乚丶丿,戈
9170,9170,9170,戋,⿻⿻⿺⿻一乚丶丿一,戈
9171,9171,9171,戊,戊,戈
9172,9172,9172,戉,戉,戈
9173,9173,9173,戓,⿹⿻⿺⿻一乚丶丿口,戈
9174,9174,9174,戒,⿹⿻⿺⿻一乚丶丿⿻一&CDP-8BF5;,戈
9175,9175,9175,我,我,戈
9176,9176,9176,或,⿹⿻⿺⿻一乚丶丿⿱口一,戈
9177,9177,9177,戔,⿱⿻⿺⿻一乚丶丿⿻⿺⿻一乚丶丿,戈
9178,9178,9178,戗,⿰⿱人㔾⿻⿺⿻一乚丶丿,戈
9179,9179,9179,戕,⿰爿⿻⿺⿻一乚丶丿,戈
9180,9180,9180,战,⿰⿱⺊口⿻⿺⿻一乚丶丿,戈
9181,9181,9181,戙,⿰⿵⿵冂一口⿻⿺⿻一乚丶丿,戈
9182,9182,9182,戜,⿹⿻⿺⿻一乚丶丿⿱口⿱一⿱十一,戈
9183,9183,9183,戛,⿱⿱一自⿻⿺⿻一乚丶丿,戈
9184,9184,9184,戚,⿵戊⿱⿱⺊一小,戈
9185,9185,9185,戝,⿰⿱目八⿻⿺⿻一乚丶丿,戈
9186,9186,9186,戞,⿱&CDP-8CD4;⿻⿺⿻一乚丶丿,戈
9187,9187,9187,戢,⿰⿱口耳⿻⿺⿻一乚丶丿,戈
9188,9188,9188,戟,⿰⿱十⿱日十⿻⿺⿻一乚丶丿,戈
9189,9189,9189,戠,⿹&CDP-88A7;日,戈
9190,9190,9190,戥,⿰⿱日生⿻⿺⿻一乚丶丿,戈
9191,9191,9191,戤,⿰⿱⿵⿹𠄎丿又皿⿻⿺⿻一乚丶丿,戈
9192,9192,9192,戨,⿰⿱⿹⿱一亅口⿹⿱一亅口⿻⿺⿻一乚丶丿,戈
9193,9193,9193,戣,⿰⿱⿰&CDP-88D3;&CDP-88D5;⿱一⿻一人⿻⿺⿻一乚丶丿,戈
9194,9194,9194,戡,⿰⿱&CDP-88C8;⿷匚⿰丿乚⿻⿺⿻一乚丶丿,戈
9195,9195,9195,戦,⿰⿱𭕄&CDP-8BD9;⿻⿺⿻一乚丶丿,戈
9196,9196,9196,截,⿹⿶⿻⿺⿻一乚丶丿十隹,戈
9197,9197,9197,戩,⿰⿱⿳一⿰厶厶一日⿻⿺⿻一乚丶丿,戈
9198,9198,9198,戬,⿰⿱⿱一⿱&CDP-85F0;一日⿻⿺⿻一乚丶丿,戈
9199,9199,9199,戧,⿰⿱⿱人丶⿸&CDP-89CE;口⿻⿺⿻一乚丶丿,戈
9200,9200,9200,戫,⿰⿸𠂇月⿹⿻⿺⿻一乚丶丿⿱口一,戈
9201,9201,9201,戮,⿰⿱⿰⿹𠃌冫⿹𠃌冫⿱人彡⿻⿺⿻一乚丶丿,戈
9202,9202,9202,戯,⿰⿸⿸⿱⺊&CDP-88E2;⿻㇀乚⿱&CDP-85F0;一⿻⿺⿻一乚丶丿,戈
9203,9203,9203,戭,⿰⿱宀&CDP-8CE6;⿻⿺⿻一乚丶丿,戈
9204,9204,9204,戱,⿰⿸⿸⿱⺊&CDP-88E2;⿻㇀乚&CDP-8D6B;⿻⿺⿻一乚丶丿,戈
9205,9205,9205,戰,⿰⿱⿰口口&CDP-8BD9;⿻⿺⿻一乚丶丿,戈
9206,9206,9206,戴,⿹⿶⿻⿺⿻一乚丶丿十⿱田⿱⿱⿻十丨一八,戈
9207,9207,9207,戲,⿰⿸⿸⿱⺊&CDP-88E2;⿻㇀乚豆⿻⿺⿻一乚丶丿,戈
9208,9208,9208,戳,⿰⿱⿰⿹𠃌冫⿹𠃌冫隹⿻⿺⿻一乚丶丿,戈
9209,9209,9209,戵,⿰⿱⿰目目隹⿻⿺⿻一乚丶丿,戈
9210,9210,9210,芈,⿱艹&CDP-8BF1;,卝
9211,9211,9211,戶,⿱丿尸,户
9212,9212,9212,户,⿱丶尸,户
9213,9213,9213,戸,⿱一尸,户
9214,9214,9214,戹,⿸⿱丶尸乙,户
9215,9215,9215,戺,⿰⿱丶尸巳,户
9216,9216,9216,戻,⿸⿱丶尸⿻一人,户
9217,9217,9217,房,⿸⿱丶尸⿱⿱丶一&CDP-8B6C;,户
9218,9218,9218,戽,⿸⿱丶尸斗,户
9219,9219,9219,戾,⿸⿱丶尸犬,户
9220,9220,9220,戼,戼,户
9221,9221,9221,所,⿰⿱丿尸⿸𠂆⿱一丨,户
9222,9222,9222,扁,⿸⿱丶尸⿵冂⿻十丨,户
9223,9223,9223,扂,⿸⿱丶尸⿱⺊口,户
9224,9224,9224,扃,⿸⿱丶尸⿵冂口,户
9225,9225,9225,扇,⿸⿱丶尸⿰⿹𠃌冫⿹𠃌冫,户
9226,9226,9226,扄,⿸⿱丶尸⿵&CDP-8BD6;口,户
9227,9227,9227,扅,⿸⿱丶尸⿱⿴𠂊丶⿴𠂊丶,户
9228,9228,9228,扆,⿸⿱丶尸⿱⿱丶一𧘇,户
9229,9229,9229,扈,⿸⿱丶尸⿱口巴,户
9230,9230,9230,扉,⿸⿱丶尸非,户
9231,9231,9231,扊,⿸⿱丶尸⿱⿱八人⿱八人,户
9232,9232,9232,灯,⿰⿱八人⿱一亅,火
9233,9233,9233,灮,⿱⿱八人⿰丿乚,火
9234,9234,9234,灰,⿸𠂇⿱八人,火
9235,9235,9235,灳,⿹勹⿱八人,火
9236,9236,9236,火,⿱八人,火
9237,9237,9237,灱,⿰⿱八人⿹𠃌丿,火
9238,9238,9238,灲,⿰⿱八人刂,火
9239,9239,9239,灭,⿱一⿱八人,火
9240,9240,9240,灻,⿱⿱十一⿱八人,火
9241,9241,9241,灿,⿰⿱八人山,火
9242,9242,9242,灴,⿰⿱八人工,火
9243,9243,9243,灸,⿱久⿱八人,火
9244,9244,9244,灵,⿱彐⿱八人,火
9245,9245,9245,灺,⿰⿱八人也,火
9246,9246,9246,炂,⿰⿱八人⿱八厶,火
9247,9247,9247,炀,⿰⿱八人𠃓,火
9248,9248,9248,灷,⿱⿱八人⿻一&CDP-8BF5;,火
9249,9249,9249,灼,⿰⿱八人⿹勹丶,火
9250,9250,9250,灹,⿰⿱八人⿱丿⿻㇀乚,火
9251,9251,9251,灶,⿰⿱八人⿱十一,火
9252,9252,9252,災,⿱⿲𡿨𡿨𡿨⿱八人,火
9253,9253,9253,灾,⿱宀⿱八人,火
9254,9254,9254,炞,⿰⿱八人⿱丶⿱一卜,火
9255,9255,9255,炊,⿰⿱八人欠,火
9256,9256,9256,炒,⿰⿱八人⿱小丿,火
9257,9257,9257,炖,⿰⿱八人⿻丿⿻凵乚,火
9258,9258,9258,炃,⿱⿱八⿹𠃌丿⿱八人,火
9259,9259,9259,炅,⿱日⿱八人,火
9260,9260,9260,炔,⿰⿱八人⿻𠃍⿻一人,火
9261,9261,9261,炗,⿱廿⿱八人,火
9262,9262,9262,炚,⿰日⿱八人,火
9263,9263,9263,炛,⿱⿱八人⿰亻⿻乚丿,火
9264,9264,9264,炜,⿰⿱八人韦,火
9265,9265,9265,炕,⿰⿱八人⿱⿱丶一几,火
9266,9266,9266,炬,⿰⿱八人巨,火
9267,9267,9267,炌,⿰⿱八人⿱人&CDP-8BF5;,火
9268,9268,9268,炓,⿰⿱八人斗,火
9269,9269,9269,炉,⿰⿱八人⿱丶尸,火
9270,9270,9270,炑,⿰⿱八人木,火
9271,9271,9271,炍,⿰⿱八人⿸𠂆又,火
9272,9272,9272,炐,⿰⿱八人⿻⿱一⿱一一丨,火
9273,9273,9273,炋,⿰⿱八人⿱一&CDP-8665;,火
9274,9274,9274,炇,⿰⿱八人攵,火
9275,9275,9275,炝,⿰⿱八人⿱人㔾,火
9276,9276,9276,炆,⿰⿱八人⿱⿱丶一⿻丿乀,火
9277,9277,9277,炘,⿰⿱八人⿸𠂆⿱一丨,火
9278,9278,9278,炏,⿰⿱八人⿱八人,火
9279,9279,9279,炎,⿱⿱八人⿱八人,火
9280,9280,9280,炈,⿰⿱八人⿱𠘧又,火
9281,9281,9281,烎,⿱⿱一⿻一&CDP-8BF5;⿱八人,火
9282,9282,9282,炙,⿱&CDP-8B5E;⿱八人,火
9283,9283,9283,炦,⿰⿱八人⿺⿸𠂇又丶,火
9284,9284,9284,炮,⿰⿱八人⿹勹巳,火
9285,9285,9285,炳,⿰⿱八人⿱一⿻冂人,火
9286,9286,9286,炽,⿰⿱八人⿱口八,火
9287,9287,9287,炟,⿰⿱八人⿱日一,火
9288,9288,9288,炾,⿰⿱八人⿱口⿰丿乚,火
9289,9289,9289,炥,⿰⿱八人⿻弓&CDP-8BF5;,火
9290,9290,9290,烀,⿰⿱八人乎,火
9291,9291,9291,炯,⿰⿱八人⿵冂口,火
9292,9292,9292,炣,⿰⿱八人⿹⿱一亅口,火
9293,9293,9293,炼,⿰⿱八人𫠣,火
9294,9294,9294,烂,⿰⿱八人⿱丷⿱一⿱一一,火
9295,9295,9295,炩,⿰⿱八人⿱⿱人丶龴,火
9296,9296,9296,烁,⿰⿱八人乐,火
9297,9297,9297,炻,⿰⿱八人⿸⿱一丿口,火
9298,9298,9298,炶,⿰⿱八人⿱⺊口,火
9299,9299,9299,炭,⿱山⿸𠂇⿱八人,火
9300,9300,9300,炱,⿱⿱厶口⿱八人,火
9301,9301,9301,炲,⿰⿱八人⿱厶口,火
9302,9302,9302,烃,⿰⿱八人⿱ス工,火
9303,9303,9303,炵,⿰⿱八人⿱夂⿱丶丶,火
9304,9304,9304,炠,⿰⿱八人甲,火
9305,9305,9305,炧,⿰⿱八人⿱𠂉也,火
9306,9306,9306,炨,⿰⿱八人⿱宀⿺乚丿,火
9307,9307,9307,炫,⿰⿱八人⿱⿱丶一⿰&CDP-895C;丶,火
9308,9308,9308,炴,⿰⿱八人央,火
9309,9309,9309,炪,⿰⿱八人⿱⿻凵丨凵,火
9310,9310,9310,炤,⿰⿱八人⿱⿹𠃌丿口,火
9311,9311,9311,炸,⿰⿱八人乍,火
9312,9312,9312,炷,⿰⿱八人⿱⿱丶一⿱十一,火
9313,9313,9313,炢,⿰⿱八人⿺木丶,火
9314,9314,9314,炡,⿰⿱八人⿱一止,火
9315,9315,9315,炿,⿰⿱八人⿴⿱丿⿻⺆一丶,火
9316,9316,9316,烜,⿰⿱八人⿱一⿱日一,火
9317,9317,9317,烥,⿰⿱八人臣,火
9318,9318,9318,烢,⿰⿱八人⿱宀⿱丿⿻㇀乚,火
9319,9319,9319,烦,⿰⿱八人页,火
9320,9320,9320,烡,⿱⿱八人⿱⿱⿻十丨一八,火
9321,9321,9321,烉,⿱&CDP-8CAF;⿱八人,火
9322,9322,9322,烩,⿰⿱八人⿱人⿱⿱一一厶,火
9323,9323,9323,烠,⿰⿱八人⿸𠂇月,火
9324,9324,9324,烣,⿰⿱八人⿸𠂇⿱八人,火
9325,9325,9325,烆,⿰⿱八人⿰彳⿱一⿱一亅,火
9326,9326,9326,烘,⿰⿱八人⿱⿱⿻十丨一八,火
9327,9327,9327,烄,⿰⿱八人⿱⿱丶一⿱八⿻丿乀,火
9328,9328,9328,烬,⿰⿱八人⿱尺⿱丶丶,火
9329,9329,9329,烗,⿰⿱八人⿳⿱丶一⿰𠃋丿人,火
9330,9330,9330,烤,⿰⿱八人⿸耂⿱一㇉,火
9331,9331,9331,烮,⿱⿰⿱一⿴𠂊丶刂⿱八人,火
9332,9332,9332,焒,⿰⿱八人⿱口口,火
9333,9333,9333,烙,⿰⿱八人⿱夂口,火
9334,9334,9334,烕,⿵⿵戊一⿱八人,火
9335,9335,9335,烞,⿰⿱八人⿰木卜,火
9336,9336,9336,烇,⿰⿱八人⿱人⿱一⿱十一,火
9337,9337,9337,烒,⿰⿱八人⿹⿺⿻一乚丶工,火
9338,9338,9338,烧,⿰⿱八人⿱⿻⿻一乚丿⿱一⿰丿乚,火
9339,9339,9339,烫,⿱⿰氵𠃓⿱八人,火
9340,9340,9340,烔,⿰⿱八人⿵⿵冂一口,火
9341,9341,9341,烶,⿰⿱八人⿺廴⿱丿⿱十一,火
9342,9342,9342,烪,⿰⿱八人⿱丷⿱一⿻一人,火
9343,9343,9343,烓,⿰⿱八人⿱⿱十一⿱十一,火
9344,9344,9344,烚,⿰⿱八人⿱⿱人一口,火
9345,9345,9345,烌,⿰⿱八人⿰亻木,火
9346,9346,9346,烍,⿰⿱八人⿱⿰丿土⿰丿乚,火
9347,9347,9347,烅,⿰⿱八人⿱丿皿,火
9348,9348,9348,烻,⿰⿱八人⿺廴⿱丿&CDP-8960;,火
9349,9349,9349,烊,⿰⿱八人⿱⿱丷一&CDP-8BF1;,火
9350,9350,9350,烑,⿰⿱八人兆,火
9351,9351,9351,烨,⿰⿱八人⿱⿰亻⿻乚丿十,火
9352,9352,9352,烟,⿰⿱八人⿴囗⿻一人,火
9353,9353,9353,烵,⿰⿱八人⿱艹⿹勹丶,火
9354,9354,9354,烛,⿰⿱八人虫,火
9355,9355,9355,烐,⿰⿱八人舟,火
9356,9356,9356,烖,⿹⿶⿻⿺⿻一乚丶丿十⿱八人,火
9357,9357,9357,焖,⿰⿱八人⿵门心,火
9358,9358,9358,烾,⿱⿱⿱八人⿱八人⿱十一,火
9359,9359,9359,焍,⿰⿱八人⿱丷⿹⿻弓丨丿,火
9360,9360,9360,烰,⿰⿱八人⿱⿱丿𭕄子,火
9361,9361,9361,烽,⿰⿱八人⿱夂⿻⿱一⿱一一丨,火
9362,9362,9362,焕,⿰⿱八人⿳𠂊冂⿻一人,火
9363,9363,9363,焊,⿰⿱八人⿱日干,火
9364,9364,9364,焓,⿰⿱八人⿱⿱⿱人丶㇇口,火
9365,9365,9365,焃,⿰⿱八人⿱⿱十一&CDP-8CB5;,火
9366,9366,9366,焀,⿰⿱八人谷,火
9367,9367,9367,烸,⿰⿱八人⿱𠂉母,火
9368,9368,9368,烱,⿰⿱八人⿵冂⿱八口,火
9369,9369,9369,焆,⿰⿱八人⿱口月,火
9370,9370,9370,焌,⿰⿱八人⿳厶八夂,火
9371,9371,9371,焗,⿰⿱八人⿸尸⿹𠃌口,火
9372,9372,9372,焅,⿰⿱八人⿱⿰丿土口,火
9373,9373,9373,烺,⿰⿱八人⿱丶艮,火
9374,9374,9374,烳,⿰⿱八人⿺&CDP-86B7;丶,火
9375,9375,9375,焫,⿰⿱八人⿱艹⿻冂人,火
9376,9376,9376,烿,⿰⿱八人⿰丹彡,火
9377,9377,9377,焂,⿱⿰&CDP-8B7A;攵⿱八人,火
9378,9378,9378,烴,⿰⿱八人⿳一⿲𡿨𡿨𡿨工,火
9379,9379,9379,焑,⿰⿱八人⿴囗木,火
9380,9380,9380,烷,⿰⿱八人⿱宀⿱一⿱一⿰丿乚,火
9381,9381,9381,焐,⿰⿱八人⿱⿱一𫝀口,火
9382,9382,9382,烲,⿱⿰扌⿸𠂆⿱一丨⿱八人,火
9383,9383,9383,焇,⿰⿱八人⿱⺌月,火
9384,9384,9384,烼,⿰⿱八人⿱一𧰨,火
9385,9385,9385,烯,⿰⿱八人⿱㐅⿸𠂇巾,火
9386,9386,9386,焁,⿱⿰口欠⿱八人,火
9387,9387,9387,焈,⿱⿰⿱丶尸巳⿱八人,火
9388,9388,9388,焔,⿰⿱八人⿱𠂊⿰丨日,火
9389,9389,9389,焋,⿱⿰爿⿱十一⿱八人,火
9390,9390,9390,焭,⿱⿱⿰⿱八人⿱八人冖几,火
9391,9391,9391,焙,⿰⿱八人⿱⿱&CDP-8BAE;一口,火
9392,9392,9392,焻,⿰⿱八人⿱日日,火
9393,9393,9393,焯,⿰⿱八人⿱⺊⿱日十,火
9394,9394,9394,焠,⿰⿱八人⿱⿱⿱丶一⿰人人十,火
9395,9395,9395,焨,⿰⿱八人⿱⿵冂⿱一一月,火
9396,9396,9396,焚,⿱⿰木木⿱八人,火
9397,9397,9397,焤,⿱⿸广⿰亻寸⿱八人,火
9398,9398,9398,煱,⿰⿱八人⿵⿱⿵冂𠃍冂口,火
9399,9399,9399,焵,⿰⿱八人⿵冂⿱䒑山,火
9400,9400,9400,焹,⿰⿱八人⿵冂⿱⿱丷一⿱⿱丶一𠃊,火
9401,9401,9401,焿,⿰⿱八人⿸广&CDP-8DE2;,火
9402,9402,9402,焝,⿰⿱八人⿱氏日,火
9403,9403,9403,焢,⿰⿱八人⿱⿱宀八工,火
9404,9404,9404,煚,⿱⿰日巨⿱八人,火
9405,9405,9405,焳,⿰⿱八人隹,火
9406,9406,9406,煡,⿰⿱八人⿺廴⿻⿻&CDP-8BAB;丨⿱一一,火
9407,9407,9407,焜,⿰⿱八人⿱日比,火
9408,9408,9408,焛,⿵⿰𠁣𠃛⿱八人,火
9409,9409,9409,焾,⿰⿱八人⿱⿱⿱人丶㇇心,火
9410,9410,9410,焷,⿰⿱八人⿱&CDP-89BE;十,火
9411,9411,9411,焩,⿰⿱八人⿰月月,火
9412,9412,9412,焪,⿰⿱八人⿱⿱宀八弓,火
9413,9413,9413,煀,⿰⿱八人⿸尸⿱⿻凵丨凵,火
9414,9414,9414,焼,⿰⿱八人⿱⿱十⿻一&CDP-8BF5;⿱一⿰丿乚,火
9415,9415,9415,焺,⿰⿱八人⿱日⿱丿⿻一&CDP-8BF5;,火
9416,9416,9416,焞,⿰⿱八人⿳⿱丶一口子,火
9417,9417,9417,焥,⿰⿱八人⿱宀⿰⿴𠂊丶㔾,火
9418,9418,9418,煏,⿰⿱八人⿱⿱一口田,火
9419,9419,9419,煯,⿰⿱八人⿱比白,火
9420,9420,9420,煍,⿰⿱八人⿰⿱丿木⿱八人,火
9421,9421,9421,焸,⿱⿰日日⿱八人,火
9422,9422,9422,焽,⿱⿰日月⿱八人,火
9423,9423,9423,焮,⿰⿱八人⿰⿸𠂆⿱一丨欠,火
9424,9424,9424,焟,⿰⿱八人⿱⿱⿻十丨一日,火
9425,9425,9425,焬,⿰⿱八人⿱日⿹勹&CDP-89A6;,火
9426,9426,9426,焰,⿰⿱八人⿱勹臼,火
9427,9427,9427,焱,⿱⿱八人⿰⿱八人⿱八人,火
9428,9428,9428,焲,⿰⿱八人⿱⿱丶一⿰亻&CDP-89F3;,火
9429,9429,9429,焴,⿰⿱八人⿱⿻一厶月,火
9430,9430,9430,煐,⿰⿱八人⿱艹央,火
9431,9431,9431,煑,⿱⿸耂日⿱八人,火
9432,9432,9432,焧,⿰⿱八人⿱⿱八厶心,火
9433,9433,9433,煸,⿰⿱八人⿸⿱丶尸⿵冂⿻十丨,火
9434,9434,9434,煲,⿱⿰亻⿱口木⿱八人,火
9435,9435,9435,煘,⿰⿱八人⿵⿵戊一口,火
9436,9436,9436,煁,⿰⿱八人⿱&CDP-88C8;⿷匚⿰丿乚,火
9437,9437,9437,煅,⿰⿱八人⿰&CDP-8CE4;⿱𠘧又,火
9438,9438,9438,煩,⿰⿱八人頁,火
9439,9439,9439,煈,⿰⿱八人⿵几⿱丿虫,火
9440,9440,9440,煥,⿰⿱八人⿳𠂊⿵冂八⿻一人,火
9441,9441,9441,煌,⿰⿱八人⿱白⿱一⿱十一,火
9442,9442,9442,煇,⿰⿱八人⿱冖車,火
9443,9443,9443,煷,⿰⿱八人⿱&CDP-8C4D;几,火
9444,9444,9444,煂,⿰⿱八人革,火
9445,9445,9445,煳,⿰⿱八人⿰⿱十口月,火
9446,9446,9446,煫,⿰⿱八人⿱丷⿱一𧰨,火
9447,9447,9447,煓,⿰⿱八人⿱山⿱一⿱丿⿵冂⿰丨丨,火
9448,9448,9448,煃,⿰⿱八人⿱⿻一人⿱⿱十一⿱十一,火
9449,9449,9449,煉,⿰⿱八人柬,火
9450,9450,9450,煝,⿰⿱八人⿸𠃜目,火
9451,9451,9451,煤,⿰⿱八人⿱甘木,火
9452,9452,9452,煗,⿰⿱八人⿱⿱一⿱丿⿵冂⿰丨丨⿻一人,火
9453,9453,9453,煵,⿰⿱八人⿱十&CDP-8BDC;,火
9454,9454,9454,煢,⿱⿱⿰⿱八人⿱八人冖⿹⺄十,火
9455,9455,9455,熍,⿰⿱八人⿱宀⿳口丿口,火
9456,9456,9456,煪,⿰⿱八人⿱丷酉,火
9457,9457,9457,煣,⿰⿱八人⿱⿱龴⿹⿱乛亅丿木,火
9458,9458,9458,煶,⿰⿱八人⿱日⿱一龰,火
9459,9459,9459,煔,⿰⿱⿱八人⿱八人⿱⺊口,火
9460,9460,9460,煺,⿰⿱八人⿺辶艮,火
9461,9461,9461,煟,⿰⿱八人⿱田月,火
9462,9462,9462,煨,⿰⿱八人⿳田一&CDP-8CC6;,火
9463,9463,9463,煒,⿰⿱八人⿳𫝀口㐄,火
9464,9464,9464,煆,⿰⿱八人⿰&CDP-8C7A;&CDP-8C79;,火
9465,9465,9465,煖,⿰⿱八人⿳⿱丿𭕄一⿸𠂇又,火
9466,9466,9466,煊,⿰⿱八人⿱宀⿱一⿱日一,火
9467,9467,9467,煋,⿰⿱八人⿱日生,火
9468,9468,9468,煬,⿰⿱八人⿱⿱日一⿹勹&CDP-89A6;,火
9469,9469,9469,煠,⿰⿱八人⿱世木,火
9470,9470,9470,煜,⿰⿱八人⿱日⿱&CDP-8BAE;一,火
9471,9471,9471,煴,⿰⿱八人⿱日皿,火
9472,9472,9472,煙,⿰⿱八人⿱⿱一&CDP-86EA;⿱十一,火
9473,9473,9473,煄,⿰⿱八人重,火
9474,9474,9474,煰,⿰⿱八人⿱口⿰口口,火
9475,9475,9475,熚,⿰⿱八人⿻&CDP-87C5;一,火
9476,9476,9476,煿,⿰⿱八人⿱⿺&CDP-86B7;丶寸,火
9477,9477,9477,煼,⿰⿱八人⿱&CDP-8D65;&CDP-8D65;,火
9478,9478,9478,熕,⿰⿱八人⿱工⿱目八,火
9479,9479,9479,煹,⿰⿱八人⿱⿱井一冉,火
9480,9480,9480,熀,⿰⿱八人⿱日⿱⺌⿱一⿰丿乚,火
9481,9481,9481,熇,⿰⿱八人⿳⿱丶一口⿵冂口,火
9482,9482,9482,熆,⿰⿱八人⿱⿱⿱十一厶皿,火
9483,9483,9483,煛,⿱⿰目目⿱八人,火
9484,9484,9484,熞,⿰⿱八人⿱⿰臣又⿱十一,火
9485,9485,9485,熑,⿰⿱八人⿱⿱丷一&CDP-8CDE;,火
9486,9486,9486,熘,⿰⿱八人⿱&CDP-8C69;田,火
9487,9487,9487,熐,⿰⿱八人⿱冖⿱日⿱⿱丶一八,火
9488,9488,9488,熢,⿰⿱八人⿺辶⿱夂⿻⿱一⿱一一丨,火
9489,9489,9489,熗,⿰⿱八人⿱⿱人丶⿸&CDP-89CE;口,火
9490,9490,9490,熔,⿰⿱八人⿱宀谷,火
9491,9491,9491,煽,⿰⿱八人⿸⿱丶尸⿰⿹𠃌冫⿹𠃌冫,火
9492,9492,9492,熌,⿰⿱八人⿵⿰𠁣𠃛人,火
9493,9493,9493,煻,⿰⿱八人⿸广&CDP-8CC1;,火
9494,9494,9494,熥,⿰⿱八人⿺辶⿱龴⿵冂&CDP-8BF1;,火
9495,9495,9495,熃,⿱⿰⿱龴⿹⿱乛亅丿⿱夂⿻丿𠃌⿱八人,火
9496,9496,9496,熓,⿰⿱八人⿹&CDP-89DF;灬,火
9497,9497,9497,熁,⿰⿱八人⿱⿱⿻丿𠃌⿰⿻丿𠃌⿻丿𠃌月,火
9498,9498,9498,熋,⿱⿰⿱厶⿵⺆冫⿱⿺乚丿⿺乚丿⿱八人,火
9499,9499,9499,熂,⿰⿱八人⿹⿳𠂉一乁米,火
9500,9500,9500,熄,⿰⿱八人⿱自心,火
9501,9501,9501,熖,⿰⿱八人⿱⿱丿𭕄臼,火
9502,9502,9502,熎,⿰⿱八人⿱⿱丿𭕄缶,火
9503,9503,9503,燁,⿰⿱八人⿱艹&CDP-8BF8;,火
9504,9504,9504,熒,⿱⿱⿰⿱八人⿱八人冖⿱八人,火
9505,9505,9505,熉,⿰⿱八人⿱口⿱目八,火
9506,9506,9506,熅,⿰⿱八人⿱⿴囗人皿,火
9507,9507,9507,煾,⿰⿱八人⿱⿴囗⿻一人心,火
9508,9508,9508,熛,⿰⿱八人⿱⿱一&CDP-86EA;示,火
9509,9509,9509,熜,⿰⿱八人⿱⿴⿱丿囗夂心,火
9510,9510,9510,熿,⿰⿱八人⿳⿱⿻十丨一由八,火
9511,9511,9511,熯,⿰⿱八人&CDP-8BD3;,火
9512,9512,9512,熩,⿰⿱八人⿸⿱丶尸⿱口巴,火
9513,9513,9513,熲,⿰⿱⿺乚丿⿱八人頁,火
9514,9514,9514,熦,⿰⿱八人⿱小隹,火
9515,9515,9515,熴,⿰⿱八人⿱山⿱日比,火
9516,9516,9516,熮,⿰⿱八人⿱⿰⿹𠃌冫⿹𠃌冫⿱人彡,火
9517,9517,9517,熡,⿰⿱八人⿱&CDP-89C5;女,火
9518,9518,9518,熝,⿰⿱八人⿸&CDP-8D56;比,火
9519,9519,9519,熳,⿰⿱八人⿳日罒又,火
9520,9520,9520,熵,⿰⿱八人⿱&CDP-8BAE;⿵冂⿱八口,火
9521,9521,9521,熣,⿰⿱八人⿱山隹,火
9522,9522,9522,熭,⿱⿱⿰⿻⿱一⿱一一丨⿻⿱一⿱一一丨彐⿱八人,火
9523,9523,9523,熠,⿰⿱八人⿱⿰⿹𠃌冫⿹𠃌冫白,火
9524,9524,9524,熤,⿰⿱八人⿱⿰⿹𠃌冫⿹𠃌冫⿱&CDP-8BAE;一,火
9525,9525,9525,熼,⿰⿱八人⿱田⿱⿱⿻十丨一八,火
9526,9526,9526,熪,⿰⿱八人⿰⿱丿木⿱⿴𠂊丶⿴𠂊丶,火
9527,9527,9527,熨,⿱⿰⿸尸示寸⿱八人,火
9528,9528,9528,熫,⿰⿱八人⿸广⿱廿灬,火
9529,9529,9529,熰,⿰⿱八人⿷匚⿱口⿰口口,火
9530,9530,9530,燤,⿰⿱八人⿱艹禺,火
9531,9531,9531,燙,⿱⿰氵⿱⿱日一⿹勹&CDP-89A6;⿱八人,火
9532,9532,9532,熧,⿱⿰彳&CDP-8BB0;⿱八人,火
9533,9533,9533,熾,⿰⿱八人⿹&CDP-88A7;日,火
9534,9534,9534,燀,⿰⿱八人⿱⿰口口&CDP-8BD9;,火
9535,9535,9535,熶,⿰⿱八人⿱日⿰耳又,火
9536,9536,9536,燵,⿰⿱八人⿺辶⿱⿱十一⿱⿱丷一&CDP-8BF1;,火
9537,9537,9537,燉,⿰⿱八人⿰⿳⿱丶一口子攵,火
9538,9538,9538,燈,⿰⿱八人⿱⿰&CDP-88D3;&CDP-88D5;豆,火
9539,9539,9539,燔,⿰⿱八人⿱⿱丿米田,火
9540,9540,9540,燌,⿰⿱八人⿱⿱十⿻一&CDP-8BF5;⿱目八,火
9541,9541,9541,燓,⿱⿲木⿱㐅⿻丿乀木⿱八人,火
9542,9542,9542,熸,⿰⿱八人⿱⿰旡旡日,火
9543,9543,9543,燇,⿰⿱八人⿱⿱丷酉寸,火
9544,9544,9544,燎,⿰⿱八人⿱⿱⿻⿻一人丷日小,火
9545,9545,9545,燗,⿰⿱八人⿵⿰𠁣𠃛月,火
9546,9546,9546,燐,⿰⿱八人⿱米⿰⿴𠂊丶㐄,火
9547,9547,9547,燜,⿰⿱八人⿵⿰𠁣𠃛心,火
9548,9548,9548,燘,⿰⿱八人⿵⿰𠁣𠃛⿱⿱丶一⿻丿乀,火
9549,9549,9549,燋,⿰⿱八人⿱隹灬,火
9550,9550,9550,燆,⿰⿱八人⿱⿱⿱丿⿻一人口⿵冂口,火
9551,9551,9551,燃,⿰⿱八人⿱&CDP-8BB5;灬,火
9552,9552,9552,燒,⿰⿱八人⿱⿱⿱十一⿰⿱十一⿱十一⿱一⿰丿乚,火
9553,9553,9553,燊,⿱⿱⿱八人⿰⿱八人⿱八人木,火
9554,9554,9554,燧,⿰⿱八人⿺辶⿱丷⿱一𧰨,火
9555,9555,9555,燍,⿰⿱八人⿰⿱&CDP-8B72;八⿸𠂆⿱一丨,火
9556,9556,9556,燂,⿰⿱八人⿱⿱一&CDP-86EA;⿱日十,火
9557,9557,9557,燑,⿰⿱八人⿱⿱&CDP-8BAE;一⿱&CDP-8BD9;一,火
9558,9558,9558,燅,⿰⿱⿱⿱十一⿰丿乚⿱十一⿱⿱八人⿱八人,火
9559,9559,9559,燖,⿰⿱八人⿳彐&CDP-8CFA;寸,火
9560,9560,9560,熺,⿰⿱八人⿱⿱十豆口,火
9561,9561,9561,熻,⿰⿱八人⿱⿱⿱人一口⿰⿹𠃌冫⿹𠃌冫,火
9562,9562,9562,燄,⿰⿱勹臼⿱⿱八人⿱八人,火
9563,9563,9563,燚,⿱⿰⿱八人⿱八人⿰⿱八人⿱八人,火
9564,9564,9564,營,⿱⿱⿰⿱八人⿱八人冖⿳口丿口,火
9565,9565,9565,燏,⿰⿱八人⿱⿱龴⿹⿱乛亅丿⿵冂⿱八口,火
9566,9566,9566,燠,⿰⿱八人⿱⿵&CDP-8BD6;米⿻一人,火
9567,9567,9567,燝,⿰⿱八人⿱日⿳⿱丶一口小,火
9568,9568,9568,熷,⿰⿱八人⿱丷⿱&CDP-8B62;日,火
9569,9569,9569,燪,⿰⿱八人⿱艹⿱⿻⿹勹&CDP-89A6;丶心,火
9570,9570,9570,燦,⿰⿱八人⿱⿰⿱⺊⿴𠂊丶又米,火
9571,9571,9571,燴,⿰⿱八人⿱⿱人一⿱&CDP-8B62;日,火
9572,9572,9572,燬,⿰⿱八人⿰⿱臼工⿱𠘧又,火
9573,9573,9573,燛,⿱⿰&CDP-8AF2;臣⿱八人,火
9574,9574,9574,燫,⿰⿱八人⿸广⿱⿱丷一&CDP-8CDE;,火
9575,9575,9575,燷,⿰⿱八人⿱⿱⿱丶一⿴囗口示,火
9576,9576,9576,燣,⿰⿱八人⿱⿱⿱丶一⿴囗口⿱丿木,火
9577,9577,9577,燯,⿰⿱八人⿱⿱一⿻冂&CDP-8C41;⿱⿱人丶龴,火
9578,9578,9578,燶,⿰⿱八人⿱曲⿸厂⿱⿱一一&CDP-8CC6;,火
9579,9579,9579,燩,⿰⿱八人⿰⿱白⿱⿱丶一&CDP-8B6C;攵,火
9580,9580,9580,燥,⿰⿱八人⿱⿱口⿰口口木,火
9581,9581,9581,燰,⿰⿱八人⿱&CDP-8BB8;⿱心夂,火
9582,9582,9582,熽,⿰⿱八人肅,火
9583,9583,9583,燮,⿱⿲⿱八人言⿱八人又,火
9584,9584,9584,燲,⿰⿱八人⿱⿱⿻丿𠃌⿰⿻丿𠃌⿻丿𠃌⿱目八,火
9585,9585,9585,燢,⿱⿶&CDP-8B64;⿱㐅⿻丿乀⿱八人,火
9586,9586,9586,燨,⿰⿱八人⿱⿱⿱丷一⿱十一我,火
9587,9587,9587,燡,⿰⿱八人⿱罒⿱⿱十一⿱丷干,火
9588,9588,9588,燱,⿰⿱八人⿱⿱⿱&CDP-8BAE;一日心,火
9589,9589,9589,燳,⿰⿱八人⿱⿰日⿱⿹𠃌丿口灬,火
9590,9590,9590,燭,⿰⿱八人⿱罒⿹勹虫,火
9591,9591,9591,燽,⿰⿱八人⿳⿳⿱十一乛工一⿰口寸,火
9592,9592,9592,燺,⿰⿱八人⿱⿳⿱丶一口⿵冂口木,火
9593,9593,9593,爀,⿰⿱八人⿰⿱⿱十一&CDP-8CB5;⿱⿱十一&CDP-8CB5;,火
9594,9594,9594,燼,⿰⿱八人⿱⿱⿱⿻&CDP-8BAB;丨一灬皿,火
9595,9595,9595,爌,⿰⿱八人⿸广⿳⿱⿻十丨一由八,火
9596,9596,9596,爁,⿰⿱八人⿱⿰臣&CDP-89BC;皿,火
9597,9597,9597,爄,⿰⿱八人⿸厂⿱艹禺,火
9598,9598,9598,爃,⿰⿱八人⿱⿱⿰⿱八人⿱八人冖木,火
9599,9599,9599,燹,⿱⿰⿱一𧰨⿱一𧰨⿱八人,火
9600,9600,9600,燸,⿰⿱八人⿱⿱一⿻冂&CDP-8C41;⿱一⿱丿⿵冂⿰丨丨,火
9601,9601,9601,燻,⿰⿱八人熏,火
9602,9602,9602,燿,⿰⿱八人⿱⿰⿹𠃌冫⿹𠃌冫隹,火
9603,9603,9603,爗,⿰⿱八人⿱日⿱艹&CDP-8BF8;,火
9604,9604,9604,爂,⿱⿶&CDP-8B64;⿵⿵冂一口⿱八人,火
9605,9605,9605,爆,⿰⿱八人⿱日⿱⿱⿱⿻十丨一八⿻亅&CDP-89AE;,火
9606,9606,9606,爑,⿰⿱八人⿱艹⿱隹灬,火
9607,9607,9607,爎,⿰⿱八人⿱宀⿱⿱⿻⿻一人丷日小,火
9608,9608,9608,爉,⿰⿱八人⿳⿲𡿨𡿨𡿨⿴囗㐅&CDP-8D46;,火
9609,9609,9609,爈,⿰⿱八人⿸⿸⿱⺊&CDP-88E2;⿻㇀乚⿱田心,火
9610,9610,9610,爅,⿰⿱八人⿱⿱&CDP-88D4;灬⿱十一,火
9611,9611,9611,爍,⿰⿱八人⿱&CDP-8BF4;木,火
9612,9612,9612,爕,⿱⿲⿱八人言⿱八人⿱八人,火
9613,9613,9613,爊,⿰⿱八人⿸⿸&CDP-8D56;比灬,火
9614,9614,9614,爓,⿰⿱八人⿵⿰𠁣𠃛⿱勹臼,火
9615,9615,9615,爘,⿰⿱八人⿱⿰⿱⺊⿴𠂊丶又⿱人⿱丶艮,火
9616,9616,9616,爒,⿰⿱&CDP-8B5E;⿱八人⿱⿱⿻⿻一人丷日小,火
9617,9617,9617,爏,⿰⿱八人⿸⿸厂⿰⿱丿木⿱丿木止,火
9618,9618,9618,爖,⿰⿱八人⿰⿱⿱&CDP-8BAE;一月&CDP-89B0;,火
9619,9619,9619,爐,⿰⿱八人⿸⿸⿱⺊&CDP-88E2;⿻㇀乚&CDP-8CF4;,火
9620,9620,9620,爔,⿰⿱八人⿱⿱⿱丷一⿱十一&CDP-8DBA;,火
9621,9621,9621,爋,⿰⿱八人⿰熏⿻丿𠃌,火
9622,9622,9622,爟,⿰⿱八人⿱艹⿱⿰口口隹,火
9623,9623,9623,爝,⿰⿱八人⿳⿱丿𭕄罒⿰&CDP-8B7C;寸,火
9624,9624,9624,爛,⿰⿱八人⿵⿰𠁣𠃛柬,火
9625,9625,9625,爙,⿰⿱八人⿳⿱丶一&CDP-8CA3;𧘇,火
9626,9626,9626,爚,⿰⿱八人⿳⿱人一⿲口口口⿵冂⿻十丨,火
9627,9627,9627,爡,⿰⿱八人⿱⿱艹禺虫,火
9628,9628,9628,爞,⿰⿱八人⿱虫⿰虫虫,火
9629,9629,9629,爜,⿰⿱八人⿱⿱⿱&CDP-85F0;一⿱丷干⿰耳又,火
9630,9630,9630,爠,⿰⿱八人⿱⿰目目隹,火
9631,9631,9631,爤,⿰⿱八人⿱艹⿵⿰𠁣𠃛柬,火
9632,9632,9632,爣,⿰⿱八人⿱⿱⿱⺌冖口⿱&CDP-88D4;灬,火
9633,9633,9633,爦,⿰⿱八人⿱&CDP-8D50;⿱目⿰丿乚,火
9634,9634,9634,爥,⿰⿱八人⿸尸⿱⿻亅&CDP-89AE;⿱⺫⿹勹虫,火
9635,9635,9635,爧,⿰⿱八人⿱⿱⿱一⿻冂&CDP-8C41;⿲口口口⿻工⿰人人,火
9636,9636,9636,爨,⿱⿶&CDP-8B64;⿵⿵冂一口⿱⿰木木⿱⿻一人⿱八人,火
9637,9637,9637,爩,⿰⿱八人⿳⿲木缶木冖⿰⿱⿶凵⿻㐅⿳丶⿰丶丶丶⿺乚丿彡,火
9638,9638,9638,旡,旡,旡
9639,9639,9639,既,⿰&CDP-8B7C;旡,旡
9640,9640,9640,旣,⿰⿱白⿺乚丿旡,旡
9641,9641,9641,旤,⿰⿵⿱⿵冂𠃍冂口旡,旡
9642,9642,9642,观,⿰又见,见
9643,9643,9643,见,见,见
9644,9644,9644,觃,⿺见子,见
9645,9645,9645,规,⿰⿻⿱一一人见,见
9646,9646,9646,觅,⿱⿱丿𭕄见,见
9647,9647,9647,视,⿰礻见,见
9648,9648,9648,现,⿰⿱一⿱十一见,见
9649,9649,9649,觇,⿰⿱⺊口见,见
9650,9650,9650,觉,⿳𭕄冖见,见
9651,9651,9651,览,⿱⿰⿰丨丨&CDP-89BC;见,见
9652,9652,9652,觊,⿰⿱山己见,见
9653,9653,9653,笕,⿱竹见,见
9654,9654,9654,現,⿰⿱一⿱十一⿱目⿰丿乚,见
9655,9655,9655,觋,⿰⿻工⿰人人见,见
9656,9656,9656,觌,⿰⿱十⿱乛头见,见
9657,9657,9657,觍,⿰⿱&CDP-89E0;八见,见
9658,9658,9658,觎,⿰⿱⿱人一⿰月刂见,见
9659,9659,9659,觏,⿰⿱⿱井一冉见,见
9660,9660,9660,觐,⿰⿱廿&CDP-8A6D;见,见
9661,9661,9661,觑,⿰⿸⿸⿱⺊&CDP-88E2;⿻㇀乚⿱&CDP-85F0;一见,见
9662,9662,9662,斤,⿸𠂆⿱一丨,斤
9663,9663,9663,斥,⿻⿸𠂆⿱一丨丶,斤
9664,9664,9664,斧,⿱⿱八⿻丿乀⿸𠂆⿱一丨,斤
9665,9665,9665,斨,⿰爿⿸𠂆⿱一丨,斤
9666,9666,9666,斦,⿰⿸𠂆⿱一丨⿸𠂆⿱一丨,斤
9667,9667,9667,斩,⿰车⿸𠂆⿱一丨,斤
9668,9668,9668,斪,⿰⿹勹口⿸𠂆⿱一丨,斤
9669,9669,9669,斫,⿰⿸⿱一丿口⿸𠂆⿱一丨,斤
9670,9670,9670,断,⿰⿺𠃊米⿸𠂆⿱一丨,斤
9671,9671,9671,斬,⿰車⿸𠂆⿱一丨,斤
9672,9672,9672,斯,⿰⿱&CDP-8B72;八⿸𠂆⿱一丨,斤
9673,9673,9673,斮,⿰⿱⿱⿻十丨一日⿸𠂆⿱一丨,斤
9674,9674,9674,斱,⿰⿸耂日⿸𠂆⿱一丨,斤
9675,9675,9675,新,⿰⿱⿱&CDP-8BAE;一朩⿸𠂆⿱一丨,斤
9676,9676,9676,斲,⿰𠁁⿸𠂆⿱一丨,斤
9677,9677,9677,斳,⿰⿱廿&CDP-8A6D;⿸𠂆⿱一丨,斤
9678,9678,9678,斴,⿰⿱米⿰⿴𠂊丶㐄⿸𠂆⿱一丨,斤
9679,9679,9679,斶,⿰⿸𠂆⿱一丨⿱罒⿹勹虫,斤
9680,9680,9680,斵,⿰⿱&CDP-8C69;⿳一&CDP-88A1;一⿸𠂆⿱一丨,斤
9681,9681,9681,斷,⿰⿱⿺𠃊⿰⿰&CDP-895C;丶⿰&CDP-895C;丶⿺𠃊⿰⿰&CDP-895C;丶⿰&CDP-895C;丶⿸𠂆⿱一丨,斤
9682,9682,9682,斸,⿰⿸尸⿱⿻亅&CDP-89AE;⿱⺫⿹勹虫⿸𠂆⿱一丨,斤
9683,9683,9683,考,⿸耂⿱一㇉,耂
9684,9684,9684,老,⿸耂⿺乚丿,耂
9685,9685,9685,耂,耂,耂
9686,9686,9686,者,⿸耂日,耂
9687,9687,9687,耇,⿸耂⿹勹口,耂
9688,9688,9688,耉,⿹⿸耂⿱一㇉口,耂
9689,9689,9689,耊,⿸耂⿱⿱一厶⿱十一,耂
9690,9690,9690,耄,⿱⿸耂⿺乚丿⿱丿&CDP-8A43;,耂
9691,9691,9691,耆,⿱⿸耂⿺乚丿日,耂
9692,9692,9692,耈,⿱⿸耂⿺乚丿⿹勹口,耂
9693,9693,9693,耋,⿱⿸耂⿺乚丿⿱⿱一厶⿱十一,耂
9694,9694,9694,毛,⿱丿&CDP-8A43;,毛
9695,9695,9695,毜,⿺⿱丿&CDP-8A43;小,毛
9696,9696,9696,毝,⿺⿱丿&CDP-8A43;彡,毛
9697,9697,9697,毞,⿱比⿱丿&CDP-8A43;,毛
9698,9698,9698,毟,⿱⿱小丿⿱丿&CDP-8A43;,毛
9699,9699,9699,毠,⿱⿰⿻丿𠃌口⿱丿&CDP-8A43;,毛
9700,9700,9700,毡,⿺⿱丿&CDP-8A43;⿱⺊口,毛
9701,9701,9701,毣,⿱⿰⿹𠃌冫⿹𠃌冫⿱丿&CDP-8A43;,毛
9702,9702,9702,笔,⿱竹⿱丿&CDP-8A43;,毛
9703,9703,9703,毩,⿺⿱丿&CDP-8A43;米,毛
9704,9704,9704,毪,⿺⿱丿&CDP-8A43;⿱厶牛,毛
9705,9705,9705,毧,⿺⿱丿&CDP-8A43;⿹⿻⿺⿻一乚丶丿𠂇,毛
9706,9706,9706,毢,⿺⿱丿&CDP-8A43;⿱一⿻⿰丿乚口,毛
9707,9707,9707,毤,⿺⿱⿱八厶⿰丿乚⿱丿&CDP-8A43;,毛
9708,9708,9708,毨,⿺⿱丿&CDP-8A43;⿱⿰丿土⿰丿乚,毛
9709,9709,9709,毥,⿺⿱丿&CDP-8A43;⿹勹日,毛
9710,9710,9710,毦,⿰耳⿱丿&CDP-8A43;,毛
9711,9711,9711,毭,⿰豆⿱丿&CDP-8A43;,毛
9712,9712,9712,毫,⿱&CDP-8C4D;⿱丿&CDP-8A43;,毛
9713,9713,9713,毬,⿺⿱丿&CDP-8A43;⿺&CDP-85DC;丶,毛
9714,9714,9714,毮,⿰扌⿱⿱小丿⿱丿&CDP-8A43;,毛
9715,9715,9715,毰,⿺⿱丿&CDP-8A43;⿱⿱&CDP-8BAE;一口,毛
9716,9716,9716,毴,⿺⿱丿&CDP-8A43;非,毛
9717,9717,9717,毳,⿱⿱丿&CDP-8A43;⿰⿱丿&CDP-8A43;⿱丿&CDP-8A43;,毛
9718,9718,9718,毲,⿰⿱⿰又又⿰又又⿱丿&CDP-8A43;,毛
9719,9719,9719,毽,⿺⿱丿&CDP-8A43;⿺廴⿻⿻&CDP-8BAB;丨⿱一一,毛
9720,9720,9720,毱,⿺⿱丿&CDP-8A43;⿹勹米,毛
9721,9721,9721,毵,⿰⿳厶⿻一人彡⿱丿&CDP-8A43;,毛
9722,9722,9722,毶,⿺⿱丿&CDP-8A43;⿳厶⿻一人彡,毛
9723,9723,9723,毯,⿺⿱丿&CDP-8A43;⿱⿱八人⿱八人,毛
9724,9724,9724,毼,⿰⿱日⿹勹⿺𠃊人⿱丿&CDP-8A43;,毛
9725,9725,9725,毻,⿰&CDP-8CA9;⿱丿&CDP-8A43;,毛
9726,9726,9726,毷,⿰⿱⿵冂⿱一一目⿱丿&CDP-8A43;,毛
9727,9727,9727,毹,⿰⿱⿱人一⿰月刂⿱丿&CDP-8A43;,毛
9728,9728,9728,毺,⿺⿱丿&CDP-8A43;⿱⿱人一⿰月刂,毛
9729,9729,9729,毸,⿺⿱丿&CDP-8A43;⿱田心,毛
9730,9730,9730,氁,⿺⿱丿&CDP-8A43;⿱艹⿱日⿻一人,毛
9731,9731,9731,毾,⿰⿱日⿰⿹𠃌冫⿹𠃌冫⿱丿&CDP-8A43;,毛
9732,9732,9732,氀,⿰⿱&CDP-89C5;女⿱丿&CDP-8A43;,毛
9733,9733,9733,氂,⿸⿱⿰未攵厂⿱丿&CDP-8A43;,毛
9734,9734,9734,毿,⿰⿱⿱⿱厶⿰厶厶人彡⿱丿&CDP-8A43;,毛
9735,9735,9735,氅,⿱⿰⿱⺌⿵冂口攵⿱丿&CDP-8A43;,毛
9736,9736,9736,氇,⿺⿱丿&CDP-8A43;⿱⿳𠂊田一日,毛
9737,9737,9737,氆,⿺⿱丿&CDP-8A43;⿱⿱⿱丷一⿱&CDP-85F0;一日,毛
9738,9738,9738,氄,⿰⿱⿱龴⿹⿱乛亅丿⿵冂⿱八口⿱丿&CDP-8A43;,毛
9739,9739,9739,氃,⿰⿱⿱&CDP-8BAE;一⿱&CDP-8BD9;一⿱丿&CDP-8A43;,毛
9740,9740,9740,氋,⿰⿱艹⿳冖一⿱一𧰨⿱丿&CDP-8A43;,毛
9741,9741,9741,氉,⿰⿱⿱口⿰口口木⿱丿&CDP-8A43;,毛
9742,9742,9742,氈,⿰⿱⿱⿱丶一⿴囗口⿱日一⿱丿&CDP-8A43;,毛
9743,9743,9743,氊,⿺⿱丿&CDP-8A43;⿱⿱⿱丶一⿴囗口⿱日一,毛
9744,9744,9744,氌,⿺⿱丿&CDP-8A43;⿱⿳𠂊田灬日,毛
9745,9745,9745,氍,⿰⿱⿰目目隹⿱丿&CDP-8A43;,毛
9746,9746,9746,氎,⿰⿳⿱田⿰田田冖彑⿱丿&CDP-8A43;,毛
9747,9747,9747,朳,⿰木八,木
9748,9748,9748,朼,⿰木⿺乚丿,木
9749,9749,9749,朾,⿰木⿱一亅,木
9750,9750,9750,朿,朿,木
9751,9751,9751,朵,⿱几木,木
9752,9752,9752,朶,⿱⿹𠄎丿木,木
9753,9753,9753,朷,⿰木⿹𠃌丿,木
9754,9754,9754,朻,⿰木丩,木
9755,9755,9755,机,⿰木几,木
9756,9756,9756,朸,⿰木⿻丿𠃌,木
9757,9757,9757,朴,⿰木卜,木
9758,9758,9758,朹,⿰木九,木
9759,9759,9759,权,⿰木又,木
9760,9760,9760,杁,⿰木入,木
9761,9761,9761,朲,⿰木人,木
9762,9762,9762,杀,⿱㐅朩,木
9763,9763,9763,朽,⿰木⿱一㇉,木
9764,9764,9764,朱,朱,木
9765,9765,9765,杂,⿱九朩,木
9766,9766,9766,木,木,木
9767,9767,9767,朩,朩,木
9768,9768,9768,本,本,木
9769,9769,9769,末,末,木
9770,9770,9770,朮,⿺⿻十儿丶,木
9771,9771,9771,术,⿺木丶,木
9772,9772,9772,朰,⿱木乙,木
9773,9773,9773,未,未,木
9774,9774,9774,札,⿰木乚,木
9775,9775,9775,杓,⿰木⿹勹丶,木
9776,9776,9776,杈,⿰木⿴又丶,木
9777,9777,9777,杘,⿸尸木,木
9778,9778,9778,材,⿰木才,木
9779,9779,9779,村,⿰木寸,木
9780,9780,9780,杕,⿰木⿻一人,木
9781,9781,9781,杜,⿰木⿱十一,木
9782,9782,9782,杋,⿰木⿵几丶,木
9783,9783,9783,杠,⿰木工,木
9784,9784,9784,杛,⿰木弓,木
9785,9785,9785,杚,⿰木⿱𠂉乙,木
9786,9786,9786,杆,⿰木干,木
9787,9787,9787,杦,⿰木久,木
9788,9788,9788,杢,⿱木工,木
9789,9789,9789,极,⿰木及,木
9790,9790,9790,来,来,木
9791,9791,9791,李,⿱木子,木
9792,9792,9792,杣,⿰木山,木
9793,9793,9793,杩,⿰木⿹&CDP-8A77;一,木
9794,9794,9794,杗,⿱⿱⿱丶一𠃊木,木
9795,9795,9795,杧,⿰木⿱⿱丶一𠃊,木
9796,9796,9796,杄,⿰木⿱丿十,木
9797,9797,9797,杞,⿰木己,木
9798,9798,9798,杒,⿰木⿹⿹𠃌丿丿,木
9799,9799,9799,束,束,木
9800,9800,9800,杉,⿰木彡,木
9801,9801,9801,条,⿱夂朩,木
9802,9802,9802,杔,⿰木⿱丿⿻㇀乚,木
9803,9803,9803,杌,⿰木⿱一⿰丿乚,木
9804,9804,9804,杇,⿰木⿱一⿱一㇉,木
9805,9805,9805,杤,⿰木⿱一&CDP-8B6C;,木
9806,9806,9806,杏,⿱木口,木
9807,9807,9807,杊,⿰木川,木
9808,9808,9808,杝,⿰木也,木
9809,9809,9809,杽,⿰木手,木
9810,9810,9810,杻,⿰木丑,木
9811,9811,9811,杵,⿰木⿱𠂉十,木
9812,9812,9812,杨,⿰木𠃓,木
9813,9813,9813,杙,⿰木⿺⿻一乚丶,木
9814,9814,9814,杅,⿰木于,木
9815,9815,9815,杖,⿰木丈,木
9816,9816,9816,杍,⿰木子,木
9817,9817,9817,杷,⿰木巴,木
9818,9818,9818,杯,⿰木⿱一&CDP-8665;,木
9819,9819,9819,板,⿰木⿸𠂆又,木
9820,9820,9820,枨,⿰木长,木
9821,9821,9821,杶,⿰木⿻丿⿻凵乚,木
9822,9822,9822,枞,⿰木⿰人人,木
9823,9823,9823,枤,⿰木犬,木
9824,9824,9824,東,東,木
9825,9825,9825,枓,⿰木斗,木
9826,9826,9826,柉,⿰木⿱丿⿱丶&CDP-8661;,木
9827,9827,9827,杮,⿰木⿻一巾,木
9828,9828,9828,枌,⿰木⿱八⿹𠃌丿,木
9829,9829,9829,枎,⿰木⿻⿱一一人,木
9830,9830,9830,枋,⿰木⿱⿱丶一&CDP-8B6C;,木
9831,9831,9831,枫,⿰木⿵几㐅,木
9832,9832,9832,柜,⿰木巨,木
9833,9833,9833,果,⿻日木,木
9834,9834,9834,构,⿰木⿹勹厶,木
9835,9835,9835,杲,⿱日木,木
9836,9836,9836,杹,⿰木⿰亻⿻乚丿,木
9837,9837,9837,枠,⿰木⿱九十,木
9838,9838,9838,杭,⿰木⿱⿱丶一几,木
9839,9839,9839,枑,⿰木⿱一彑,木
9840,9840,9840,杰,⿱木灬,木
9841,9841,9841,枧,⿰木见,木
9842,9842,9842,枃,⿰木⿹勹冫,木
9843,9843,9843,枅,⿰木⿱一⿻一&CDP-8BF5;,木
9844,9844,9844,枥,⿰木⿸厂⿻丿𠃌,木
9845,9845,9845,林,⿰木木,木
9846,9846,9846,枦,⿰木⿱丶尸,木
9847,9847,9847,杪,⿰木⿱小丿,木
9848,9848,9848,枆,⿰木⿱丿&CDP-8A43;,木
9849,9849,9849,枚,⿰木攵,木
9850,9850,9850,枏,⿰木⿻冂⿱一一,木
9851,9851,9851,枇,⿰木比,木
9852,9852,9852,枈,⿱比木,木
9853,9853,9853,枪,⿰木⿱人㔾,木
9854,9854,9854,枘,⿰木⿻冂人,木
9855,9855,9855,柹,⿰木⿹&CDP-87C2;丿,木
9856,9856,9856,枡,⿰木⿱丿⿻一&CDP-8BF5;,木
9857,9857,9857,杸,⿰木⿱𠘧又,木
9858,9858,9858,枢,⿰木⿷匚㐅,木
9859,9859,9859,杫,⿰木止,木
9860,9860,9860,松,⿰木⿱八厶,木
9861,9861,9861,枀,⿱⿱八厶木,木
9862,9862,9862,枩,⿱木⿱八厶,木
9863,9863,9863,枂,⿰木月,木
9864,9864,9864,枉,⿰木⿱一⿱十一,木
9865,9865,9865,杴,⿰木欠,木
9866,9866,9866,枭,⿹&CDP-8964;木,木
9867,9867,9867,枔,⿰木⿱⿱人丶㇇,木
9868,9868,9868,析,⿰木⿸𠂆⿱一丨,木
9869,9869,9869,杺,⿰木心,木
9870,9870,9870,杬,⿰木⿱一⿱一⿰丿乚,木
9871,9871,9871,枍,⿰木⿱八⿱一㇉,木
9872,9872,9872,枟,⿰木⿱⿱一一厶,木
9873,9873,9873,枒,⿰木牙,木
9874,9874,9874,杼,⿰木⿱龴⿱乛亅,木
9875,9875,9875,枬,⿰木丹,木
9876,9876,9876,枕,⿰木冘,木
9877,9877,9877,枝,⿰木⿱十又,木
9878,9878,9878,枣,⿱朿⿱丶丶,木
9879,9879,9879,枊,⿰木⿰&CDP-8CBD;卩,木
9880,9880,9880,枙,⿰木⿸厂㔾,木
9881,9881,9881,枖,⿰木⿱丿⿻一人,木
9882,9882,9882,杳,⿱木日,木
9883,9883,9883,枛,⿰木爪,木
9884,9884,9884,标,⿰木示,木
9885,9885,9885,柈,⿰木⿱丷&CDP-8BF1;,木
9886,9886,9886,柲,⿰木⿻心丿,木
9887,9887,9887,柨,⿰木⿸𠂇巾,木
9888,9888,9888,柭,⿰木⿺⿸𠂇又丶,木
9889,9889,9889,枹,⿰木⿹勹巳,木
9890,9890,9890,柸,⿰木⿱⿱一&CDP-8665;一,木
9891,9891,9891,柏,⿰木白,木
9892,9892,9892,柀,⿰木皮,木
9893,9893,9893,柄,⿰木⿱一⿻冂人,木
9894,9894,9894,査,⿱木且,木
9895,9895,9895,查,⿱木⿱日一,木
9896,9896,9896,柽,⿰木⿱又⿱十一,木
9897,9897,9897,柌,⿰木⿹𠃌⿱一口,木
9898,9898,9898,柮,⿰木⿱⿻凵丨凵,木
9899,9899,9899,柂,⿰木⿱𠂉也,木
9900,9900,9900,柋,⿱⿰亻⿺⿻一乚丶木,木
9901,9901,9901,柦,⿰木⿱日一,木
9902,9902,9902,柯,⿰木⿹⿱一亅口,木
9903,9903,9903,栄,⿳𭕄冖木,木
9904,9904,9904,栋,⿰木东,木
9905,9905,9905,柢,⿰木⿱氏丶,木
9906,9906,9906,柫,⿰木⿻弓&CDP-8BF5;,木
9907,9907,9907,柎,⿰木⿰亻寸,木
9908,9908,9908,枴,⿰木⿱口⿹𠃌丿,木
9909,9909,9909,柺,⿰木⿱口⿻丿𠃌,木
9910,9910,9910,柑,⿰木甘,木
9911,9911,9911,柧,⿰木瓜,木
9912,9912,9912,枸,⿰木⿹勹口,木
9913,9913,9913,柇,⿰木⿱丿木,木
9914,9914,9914,架,⿱⿰⿻丿𠃌口木,木
9915,9915,9915,柩,⿰木⿷匚久,木
9916,9916,9916,柾,⿰木⿱一止,木
9917,9917,9917,枷,⿰木⿰⿻丿𠃌口,木
9918,9918,9918,柬,柬,木
9919,9919,9919,枯,⿰木⿱十口,木
9920,9920,9920,柳,⿰木⿰𠂎卩,木
9921,9921,9921,栁,⿰木⿰⿴𠂊丶卩,木
9922,9922,9922,桞,⿰木⿰⿴𠂊丶阝,木
9923,9923,9923,栏,⿰木⿱丷⿱一⿱一一,木
9924,9924,9924,栃,⿰木⿸𠂆⿱一&CDP-8B6C;,木
9925,9925,9925,栎,⿰木乐,木
9926,9926,9926,柃,⿰木⿱⿱人丶龴,木
9927,9927,9927,栊,⿰木⿻⿺尢丶丿,木
9928,9928,9928,栌,⿰木⿱⺊尸,木
9929,9929,9929,柆,⿰木⿱&CDP-8BAE;一,木
9930,9930,9930,柕,⿰木⿱龴⿹⿱乛亅丿,木
9931,9931,9931,栂,⿰木母,木
9932,9932,9932,枺,⿰木末,木
9933,9933,9933,某,⿱甘木,木
9934,9934,9934,枿,⿰木⿱十⿻一&CDP-8BF5;,木
9935,9935,9935,柰,⿱木示,木
9936,9936,9936,柟,⿰木冉,木
9937,9937,9937,柠,⿰木⿱宀⿱一亅,木
9938,9938,9938,柅,⿰木⿸尸⿺乚丿,木
9939,9939,9939,枰,⿰木⿻干丷,木
9940,9940,9940,桏,⿰木⿰工阝,木
9941,9941,9941,柒,⿱⿰氵⿻㇀乚木,木
9942,9942,9942,柔,⿱⿱龴⿹⿱乛亅丿木,木
9943,9943,9943,染,⿱⿰氵九木,木
9944,9944,9944,柖,⿰木⿱⿹𠃌丿口,木
9945,9945,9945,枾,⿰木&CDP-89E4;,木
9946,9946,9946,柿,⿰木⿱⿱丶一巾,木
9947,9947,9947,树,⿰木⿰又寸,木
9948,9948,9948,柵,⿰木⿻⿵冂⿰丨丨一,木
9949,9949,9949,栅,⿰木册,木
9950,9950,9950,柛,⿰木申,木
9951,9951,9951,枱,⿰木⿱厶口,木
9952,9952,9952,柶,⿰木⿴囗⿰丿乚,木
9953,9953,9953,桒,⿱⿱十⿻一&CDP-8BF5;木,木
9954,9954,9954,柗,⿰木⿱八口,木
9955,9955,9955,栍,⿰木生,木
9956,9956,9956,柝,⿰木⿻⿸𠂆⿱一丨丶,木
9957,9957,9957,柁,⿰木⿱宀⿺乚丿,木
9958,9958,9958,柙,⿰木甲,木
9959,9959,9959,枮,⿰木⿱⺊口,木
9960,9960,9960,枵,⿰木⿱口⿱一㇉,木
9961,9961,9961,枲,⿱⿱厶口木,木
9962,9962,9962,枼,⿱世木,木
9963,9963,9963,枻,⿰木世,木
9964,9964,9964,柚,⿰木由,木
9965,9965,9965,柍,⿰木央,木
9966,9966,9966,柼,⿰木⿱宀八,木
9967,9967,9967,栐,⿰木永,木
9968,9968,9968,柞,⿰木乍,木
9969,9969,9969,栈,⿰木⿻⿻⿺⿻一乚丶丿一,木
9970,9970,9970,柘,⿰木⿸⿱一丿口,木
9971,9971,9971,柣,⿰木⿰丿⿻⿱一一人,木
9972,9972,9972,栉,⿰木⿱艹&CDP-8A60;,木
9973,9973,9973,柷,⿰木⿱口⿰丿乚,木
9974,9974,9974,柱,⿰木⿱⿱丶一⿱十一,木
9975,9975,9975,柤,⿰木且,木
9976,9976,9976,栀,⿰木⿸⿸𠂆一㔾,木
9977,9977,9977,柊,⿰木⿱夂⿱丶丶,木
9978,9978,9978,枳,⿰木⿱口八,木
9979,9979,9979,栆,⿱&CDP-89AD;⿱丶丶,木
9980,9980,9980,柪,⿰木⿰⿰&CDP-895C;丶⿻丿𠃌,木
9981,9981,9981,桕,⿰木臼,木
9982,9982,9982,栤,⿰木⿰冫⿲㇇亅&CDP-85BF;,木
9983,9983,9983,梆,⿰木⿰⿻⿱一⿱一一丨阝,木
9984,9984,9984,栟,⿰木⿱丷⿱一⿻一&CDP-8BF5;,木
9985,9985,9985,栢,⿰木⿱一白,木
9986,9986,9986,桘,⿰木⿱丿㠯,木
9987,9987,9987,柴,⿱⿰止⿺乚丿木,木
9988,9988,9988,栕,⿰木臣,木
9989,9989,9989,栦,⿰木州,木
9990,9990,9990,梴,⿰木⿺廴⿱丿&CDP-8960;,木
9991,9991,9991,棦,⿰木⿱⿱丿𭕄&CDP-8BFE;,木
9992,9992,9992,栨,⿰木⿰冫欠,木
9993,9993,9993,桗,⿰木⿱⿹𠄎丿木,木
9994,9994,9994,档,⿰木⿱⺌彐,木
9995,9995,9995,栰,⿰木⿰亻⿻⿺⿻一乚丶丿,木
9996,9996,9996,栿,⿰木⿰亻犬,木
9997,9997,9997,桄,⿰木⿱⺌⿱一⿰丿乚,木
9998,9998,9998,桂,⿰木⿱⿱十一⿱十一,木
9999,9999,9999,桧,⿰木⿱人⿱⿱一一厶,木
10000,10000,10000,栝,⿰木⿱⿱丿十口,木
10001,10001,10001,格,⿰木⿱夂口,木
10002,10002,10002,根,⿰木艮,木
10003,10003,10003,栱,⿰木⿱⿱⿻十丨一八,木
10004,10004,10004,桦,⿰木⿱⿰亻⿻乚丿十,木
10005,10005,10005,桓,⿰木⿱一⿱日一,木
10006,10006,10006,桁,⿰木⿰彳⿱一⿱一亅,木
10007,10007,10007,核,⿰木⿳⿱丶一⿰𠃋丿人,木
10008,10008,10008,桝,⿰木⿰⿴𠂊丶㐄,木
10009,10009,10009,栫,⿰木⿸&CDP-88F1;子,木
10010,10010,10010,校,⿰木⿱⿱丶一⿱八⿻丿乀,木
10011,10011,10011,桀,⿱⿰⿴𠂊丶㐄木,木
10012,10012,10012,桔,⿰木⿱⿱十一口,木
10013,10013,10013,桨,⿱⿰丬⿴𠂊丶木,木
10014,10014,10014,桊,⿱⿱八⿻⿱一一人木,木
10015,10015,10015,框,⿰木⿷匚⿱一⿱十一,木
10016,10016,10016,栞,⿱⿰干干木,木
10017,10017,10017,桍,⿰木⿱⿻一人⿱一⿱一㇉,木
10018,10018,10018,栲,⿰木⿸耂⿱一㇉,木
10019,10019,10019,桛,⿰木⿱⿱⺊一⿱一卜,木
10020,10020,10020,栵,⿰木⿰⿱一⿴𠂊丶刂,木
10021,10021,10021,栾,⿱⿱⿱丶一&CDP-8CB5;木,木
10022,10022,10022,栗,⿱⿱一&CDP-86EA;木,木
10023,10023,10023,栛,⿰木⿱⿻丿𠃌⿰⿻丿𠃌⿻丿𠃌,木
10024,10024,10024,栳,⿰木⿸耂⿺乚丿,木
10025,10025,10025,梠,⿰木⿱口口,木
10026,10026,10026,梛,⿰木⿰&CDP-89FA;阝,木
10027,10027,10027,桥,⿰木⿱⿱丿⿻一人&CDP-8BF5;,木
10028,10028,10028,栔,⿱⿰⿻⿱一⿱一一丨⿹𠃌丿木,木
10029,10029,10029,桤,⿰木⿱山己,木
10030,10030,10030,栖,⿰木⿱一⿻⿰丿乚口,木
10031,10031,10031,桡,⿰木⿱⿻⿻一乚丿⿱一⿰丿乚,木
10032,10032,10032,桇,⿱⿰女口木,木
10033,10033,10033,栠,⿱⿰亻⿱丿⿱十一木,木
10034,10034,10034,栣,⿰木⿰亻⿱丿⿱十一,木
10035,10035,10035,栓,⿰木⿱人⿱一⿱十一,木
10036,10036,10036,栻,⿰木⿹⿺⿻一乚丶工,木
10037,10037,10037,栜,⿰木朿,木
10038,10038,10038,桑,⿱⿱又⿰又又木,木
10039,10039,10039,條,⿰&CDP-8B7A;⿱夂朩,木
10040,10040,10040,桃,⿰木兆,木
10041,10041,10041,梃,⿰木⿺廴⿱丿⿱十一,木
10042,10042,10042,桐,⿰木⿵⿵冂一口,木
10043,10043,10043,桅,⿰木⿸⿱𠂊厂㔾,木
10044,10044,10044,栙,⿰木⿱夂㐄,木
10045,10045,10045,桖,⿰木⿱丿皿,木
10046,10046,10046,栒,⿰木⿹勹日,木
10047,10047,10047,桪,⿰木⿱彐寸,木
10048,10048,10048,栩,⿰木⿰⿹𠃌冫⿹𠃌冫,木
10049,10049,10049,桜,⿰木⿱𭕄女,木
10050,10050,10050,样,⿰木⿱⿱丷一&CDP-8BF1;,木
10051,10051,10051,枽,⿱⿱十廿木,木
10052,10052,10052,栧,⿰木曳,木
10053,10053,10053,栘,⿰木⿱⿴𠂊丶⿴𠂊丶,木
10054,10054,10054,桋,⿰木⿻⿻一人弓,木
10055,10055,10055,桙,⿰木⿱厶牛,木
10056,10056,10056,桠,⿰木⿱一⿱&CDP-85F0;一,木
10057,10057,10057,栶,⿰木⿴囗⿻一人,木
10058,10058,10058,柡,⿰木⿱⿱一一⿲㇇亅&CDP-85BF;,木
10059,10059,10059,栯,⿰木⿸𠂇月,木
10060,10060,10060,桩,⿰木⿸广⿱十一,木
10061,10061,10061,桌,⿱⺊⿱日木,木
10062,10062,10062,桟,⿰木⿻⿻⿺⿻一乚丶丿⿱一一,木
10063,10063,10063,栚,⿰木⿱丷⿱一⿻一人,木
10064,10064,10064,桎,⿰木⿱⿱一厶⿱十一,木
10065,10065,10065,栴,⿰木⿱𠂉丹,木
10066,10066,10066,桢,⿰木⿱⺊贝,木
10067,10067,10067,栺,⿰木⿱⿺乚丿日,木
10068,10068,10068,株,⿰木朱,木
10069,10069,10069,栬,⿰木⿱𠂊巴,木
10070,10070,10070,桚,⿰木⿱⿲𡿨𡿨𡿨⿴𠂊丶,木
10071,10071,10071,栽,⿹⿶⿻⿺⿻一乚丶丿十木,木
10072,10072,10072,栥,⿱⿰冫欠木,木
10073,10073,10073,案,⿱⿱宀女木,木
10074,10074,10074,栭,⿰木⿱一⿱丿⿵冂⿰丨丨,木
10075,10075,10075,桉,⿰木⿱宀女,木
10076,10076,10076,栮,⿰木耳,木
10077,10077,10077,桭,⿰木⿸厂⿱⿱一一&CDP-8CC6;,木
10078,10078,10078,梦,⿱⿰木木⿴𠂊丶,木
10079,10079,10079,梅,⿰木⿱𠂉母,木
10080,10080,10080,桲,⿰木⿱⿱十冖子,木
10081,10081,10081,梲,⿰木⿱八⿱口⿰丿乚,木
10082,10082,10082,梖,⿰木⿱目八,木
10083,10083,10083,桳,⿰木⿱厶⿱⿻一人十,木
10084,10084,10084,梐,⿰木⿱比⿱十一,木
10085,10085,10085,桮,⿰木⿱⿱一&CDP-8665;口,木
10086,10086,10086,梹,⿰木⿱丘八,木
10087,10087,10087,椘,⿱⿰木木⿱丶&CDP-8661;,木
10088,10088,10088,梣,⿰木⿱山⿱⿱人丶㇇,木
10089,10089,10089,梊,⿱⿰扌⿸𠂆⿱一丨木,木
10090,10090,10090,梑,⿰木⿰犭⿱八人,木
10091,10091,10091,梪,⿰木豆,木
10092,10092,10092,梵,⿱⿰木木⿵几丶,木
10093,10093,10093,梻,⿰木⿰亻⿻弓&CDP-8BF5;,木
10094,10094,10094,桴,⿰木⿱⿱丿𭕄子,木
10095,10095,10095,棻,⿱⿱艹⿱八⿹𠃌丿木,木
10096,10096,10096,梤,⿰木⿱山⿱八⿹𠃌丿,木
10097,10097,10097,桻,⿰木⿱夂⿻⿱一⿱一一丨,木
10098,10098,10098,桰,⿰木⿱氏口,木
10099,10099,10099,梏,⿰木⿱⿰丿土口,木
10100,10100,10100,梗,⿰木⿱一&CDP-89E7;,木
10101,10101,10101,桿,⿰木⿱日干,木
10102,10102,10102,梙,⿰木⿻⿱口口丨,木
10103,10103,10103,椛,⿰木⿱艹⿰亻⿻乚丿,木
10104,10104,10104,梒,⿰木⿱⿱⿱人丶㇇口,木
10105,10105,10105,梜,⿰木⿻⿻一人⿰人人,木
10106,10106,10106,梘,⿰木⿱目⿰丿乚,木
10107,10107,10107,检,⿰木⿳⿱人一𭕄一,木
10108,10108,10108,桷,⿰木角,木
10109,10109,10109,梞,⿰木⿱己心,木
10110,10110,10110,桱,⿰木⿳一⿲𡿨𡿨𡿨工,木
10111,10111,10111,梷,⿱⿰⿱⺊口又木,木
10112,10112,10112,楖,⿰木⿰&CDP-8B7C;卩,木
10113,10113,10113,梮,⿰木⿸尸⿹𠃌口,木
10114,10114,10114,桾,⿰木⿸⿻&CDP-8BAB;丿口,木
10115,10115,10115,梡,⿰木⿱宀⿱一⿱一⿰丿乚,木
10116,10116,10116,梱,⿰木⿴囗木,木
10117,10117,10117,梿,⿰木⿺辶车,木
10118,10118,10118,梁,⿱&CDP-8DBC;木,木
10119,10119,10119,桺,⿰木丣,木
10120,10120,10120,桹,⿰木⿱丶艮,木
10121,10121,10121,梨,⿱⿰⿱丿木刂木,木
10122,10122,10122,梸,⿰木⿰⿱丿木刂,木
10123,10123,10123,棂,⿰木⿱彐⿱八人,木
10124,10124,10124,梇,⿰木⿱⿱一⿱十一⿻一&CDP-8BF5;,木
10125,10125,10125,梾,⿰木来,木
10126,10126,10126,梈,⿰木⿳⿱丶一口⿱乛亅,木
10127,10127,10127,梂,⿰木⿺&CDP-85DC;丶,木
10128,10128,10128,桼,⿱木&CDP-8D71;,木
10129,10129,10129,梫,⿰木⿳&CDP-8BAB;冖又,木
10130,10130,10130,桵,⿰木⿱⿱丿𭕄女,木
10131,10131,10131,梕,⿰木⿱⿹⿹𠃌丿丿心,木
10132,10132,10132,桬,⿱⿰氵⿱小丿木,木
10133,10133,10133,梢,⿰木⿱⺌月,木
10134,10134,10134,梳,⿰木⿱⿻一厶⿴⿰丿乚丨,木
10135,10135,10135,桫,⿰木⿰氵⿱小丿,木
10136,10136,10136,梭,⿰木⿳厶八夂,木
10137,10137,10137,梩,⿰木⿱&CDP-8BD9;一,木
10138,10138,10138,梀,⿰木束,木
10139,10139,10139,梥,⿱宀⿱⿱八厶木,木
10140,10140,10140,梼,⿰木⿸⿻⿱一⿱一一丨寸,木
10141,10141,10141,梌,⿰木⿱⿱人一朩,木
10142,10142,10142,梯,⿰木⿱丷⿹⿻弓丨丿,木
10143,10143,10143,桯,⿰木⿱口⿱一⿱十一,木
10144,10144,10144,桶,⿰木⿱龴⿵冂&CDP-8BF1;,木
10145,10145,10145,梧,⿰木⿱⿱一𫝀口,木
10146,10146,10146,梶,⿰木⿸尸⿱丿&CDP-8A43;,木
10147,10147,10147,桽,⿱木⿻⿱十一⿰人人,木
10148,10148,10148,梚,⿰木⿱𠂊&CDP-8BCB;,木
10149,10149,10149,械,⿰木⿹⿻⿺⿻一乚丶丿⿻一&CDP-8BF5;,木
10150,10150,10150,梟,⿹&CDP-8CBB;木,木
10151,10151,10151,梺,⿱⿰木木⿱一卜,木
10152,10152,10152,梋,⿰木⿱口月,木
10153,10153,10153,桸,⿰木⿱㐅⿸𠂇巾,木
10154,10154,10154,梬,⿰木⿱由⿱一㇉,木
10155,10155,10155,梄,⿰木酉,木
10156,10156,10156,梉,⿰木⿰爿⿱十一,木
10157,10157,10157,棁,⿰木⿱丷⿱口⿰丿乚,木
10158,10158,10158,梽,⿰木⿱⿱十一心,木
10159,10159,10159,梔,⿰木⿸⿸𠂆一巴,木
10160,10160,10160,梍,⿰木⿱白⿻㇀乚,木
10161,10161,10161,椣,⿰木⿱&CDP-89E0;八,木
10162,10162,10162,椪,⿰木⿱⿱丷一⿱&CDP-85F0;一,木
10163,10163,10163,梓,⿰木⿱⿱&CDP-8BAE;一十,木
10164,10164,10164,梎,⿰木⿱白⿺乚丿,木
10165,10165,10165,棒,⿰木⿱⿻⿱一⿱一一人&CDP-8BF1;,木
10166,10166,10166,棓,⿰木⿱⿱&CDP-8BAE;一口,木
10167,10167,10167,椑,⿰木⿱&CDP-89BE;十,木
10168,10168,10168,椕,⿲木⿱八⿹𠃌丿木,木
10169,10169,10169,棅,⿰木⿻⿱丿木&CDP-8BAB;,木
10170,10170,10170,棰,⿰木⿳丿&CDP-876E;一,木
10171,10171,10171,椎,⿰木隹,木
10172,10172,10172,棎,⿰木⿱⿱冖⿰丿乚木,木
10173,10173,10173,棖,⿰木⿳&CDP-884A;一&CDP-8CC6;,木
10174,10174,10174,椉,⿱⿱丶一⿱⿰⿴𠂊丶㐄木,木
10175,10175,10175,椆,⿰木⿵⺆⿱⿱十一口,木
10176,10176,10176,棽,⿱⿰木木⿱⿱人丶㇇,木
10177,10177,10177,楮,⿰木⿸耂日,木
10178,10178,10178,椙,⿰木⿱日日,木
10179,10179,10179,棇,⿰木⿱⿱八厶心,木
10180,10180,10180,棌,⿰木⿱⿱丿𭕄木,木
10181,10181,10181,棏,⿰木⿱⿱日一寸,木
10182,10182,10182,棣,⿰木隶,木
10183,10183,10183,椗,⿰木⿱宀⿱一龰,木
10184,10184,10184,棟,⿰木東,木
10185,10185,10185,椟,⿰木⿱十⿱乛头,木
10186,10186,10186,椡,⿰木⿰⿱⿱一厶⿱十一刂,木
10187,10187,10187,椨,⿰木⿸广⿰亻寸,木
10188,10188,10188,棥,⿲木⿱㐅⿻丿乀木,木
10189,10189,10189,棼,⿱⿰木木⿱八⿹𠃌丿,木
10190,10190,10190,棴,⿰木⿰月⿸卩又,木
10191,10191,10191,棐,⿱非木,木
10192,10192,10192,椩,⿰木⿸广&CDP-8DE2;,木
10193,10193,10193,椢,⿰木⿴囗⿷⿱一⿱十一丶,木
10194,10194,10194,棺,⿰木⿱宀㠯,木
10195,10195,10195,椝,⿱⿰⿻⿱一一人见木,木
10196,10196,10196,楇,⿰木⿵⿱⿵冂𠃍冂口,木
10197,10197,10197,椁,⿰木⿳⿱丶一口子,木
10198,10198,10198,棝,⿰木⿴囗⿱十口,木
10199,10199,10199,棍,⿰木⿱日比,木
10200,10200,10200,棡,⿰木⿵冂⿱䒑山,木
10201,10201,10201,椃,⿰木⿸⿸⿱⺊&CDP-88E2;⿻㇀乚几,木
10202,10202,10202,楛,⿰木⿱艹⿱十口,木
10203,10203,10203,棔,⿰木⿱氏日,木
10204,10204,10204,楗,⿰木⿺廴⿻⿻&CDP-8BAB;丨⿱一一,木
10205,10205,10205,椒,⿰木⿰⿱⿱⺊一小又,木
10206,10206,10206,椄,⿰木⿱⿱&CDP-8BAE;一女,木
10207,10207,10207,検,⿰木⿱⿱人一&CDP-89F4;,木
10208,10208,10208,棘,⿰朿朿,木
10209,10209,10209,極,⿰木⿱⿻⿱乛亅⿰口又一,木
10210,10210,10210,棞,⿰木⿴囗⿱丿木,木
10211,10211,10211,椈,⿰木⿹勹米,木
10212,10212,10212,椐,⿰木⿸尸⿱十口,木
10213,10213,10213,椇,⿰木⿱&CDP-8BA5;八,木
10214,10214,10214,棵,⿰木⿻日木,木
10215,10215,10215,椋,⿰木⿳⿱丶一口小,木
10216,10216,10216,椤,⿰木⿱罒⿴𠂊丶,木
10217,10217,10217,棶,⿰木⿻木⿰人人,木
10218,10218,10218,榔,⿰木⿰&CDP-8C42;阝,木
10219,10219,10219,棙,⿰木⿸⿱丶尸犬,木
10220,10220,10220,棃,⿱⿰⿱丿木&CDP-8DC9;木,木
10221,10221,10221,椂,⿰木⿱彐⿻亅&CDP-89AE;,木
10222,10222,10222,棆,⿰木⿱⿱人一⿵冂⿻十丨,木
10223,10223,10223,棱,⿰木⿳⿱十一八夂,木
10224,10224,10224,椚,⿰木⿰𠁣𠃛,木
10225,10225,10225,棉,⿰木⿱白巾,木
10226,10226,10226,椧,⿰木⿱⿱人一⿰口卩,木
10227,10227,10227,棿,⿰木⿱臼⿰丿乚,木
10228,10228,10228,棑,⿰木非,木
10229,10229,10229,棚,⿰木⿰月月,木
10230,10230,10230,椖,⿰木⿸⿱丶尸⿱⿱丶一&CDP-8B6C;,木
10231,10231,10231,棈,⿰木⿱龶月,木
10232,10232,10232,椠,⿱⿰车⿸𠂆⿱一丨木,木
10233,10233,10233,椌,⿰木⿱⿱宀八工,木
10234,10234,10234,棤,⿰木⿱⿱⿻十丨一日,木
10235,10235,10235,棬,⿰木⿱⿱丷⿻⿱一一人㔾,木
10236,10236,10236,椦,⿰木⿱⿱丷⿻⿱一一人⿻丿𠃌,木
10237,10237,10237,棄,⿱⿻一厶&CDP-8DA8;,木
10238,10238,10238,棊,⿱⿱&CDP-8B72;八木,木
10239,10239,10239,棋,⿰木⿱&CDP-8B72;八,木
10240,10240,10240,琹,⿱⿰⿱一⿱十一⿱一⿱十一木,木
10241,10241,10241,棾,⿱⿰木木⿱冖几,木
10242,10242,10242,棲,⿰木⿱&CDP-89E5;女,木
10243,10243,10243,棨,⿱⿰⿱丶尸攵木,木
10244,10244,10244,楉,⿰木⿱艹⿸𠂇口,木
10245,10245,10245,椫,⿰木⿱丷&CDP-8BD9;,木
10246,10246,10246,棯,⿰木⿱⿱⿱人丶㇇心,木
10247,10247,10247,森,⿱木⿰木木,木
10248,10248,10248,椮,⿰木⿳厶⿻一人彡,木
10249,10249,10249,椭,⿰木⿰阝⿸𠂇月,木
10250,10250,10250,棠,⿱⿱⿱⺌冖口木,木
10251,10251,10251,椀,⿰木⿱宀⿰⿴𠂊丶㔾,木
10252,10252,10252,棢,⿰木⿵冂⿱⿱丷一⿱⿱丶一𠃊,木
10253,10253,10253,椿,⿰木⿱⿻⿱一⿱一一人日,木
10254,10254,10254,槆,⿰木⿱艹⿹勹日,木
10255,10255,10255,椞,⿱⿰木⿸𠂆⿱一丨木,木
10256,10256,10256,棭,⿰木⿱⿱丶一⿰亻&CDP-89F3;,木
10257,10257,10257,椬,⿰木⿱宀且,木
10258,10258,10258,棛,⿰木⿱⿻一厶月,木
10259,10259,10259,棜,⿰木⿰⿱⿱丶一&CDP-8B6C;⿱人⿱丶丶,木
10260,10260,10260,棫,⿰木⿹⿻⿺⿻一乚丶丿⿱口一,木
10261,10261,10261,楰,⿰木⿻臼人,木
10262,10262,10262,椏,⿰木⿳一&CDP-88A1;一,木
10263,10263,10263,椰,⿰木⿰耳阝,木
10264,10264,10264,棪,⿰木⿱⿱八人⿱八人,木
10265,10265,10265,楧,⿰木⿱艹央,木
10266,10266,10266,椅,⿰木⿱⿻一人⿹⿱一亅口,木
10267,10267,10267,椓,⿰木⿻⿱一𧰨丶,木
10268,10268,10268,棳,⿰木⿱⿰又又⿰又又,木
10269,10269,10269,棧,⿰木⿱⿻⿺⿻一乚丶丿⿻⿺⿻一乚丶丿,木
10270,10270,10270,棹,⿰木⿱⺊⿱日十,木
10271,10271,10271,植,⿰木⿱十&CDP-8BA5;,木
10272,10272,10272,椥,⿰木⿰⿱𠂉⿻一人口,木
10273,10273,10273,椊,⿰木⿱⿱⿱丶一⿰人人十,木
10274,10274,10274,椔,⿰木⿱⿲𡿨𡿨𡿨田,木
10275,10275,10275,棕,⿰木⿱宀示,木
10276,10276,10276,棷,⿰木⿰耳又,木
10277,10277,10277,棸,⿱⿰耳又木,木
10278,10278,10278,棗,⿱朿朿,木
10279,10279,10279,楍,⿱木⿲口口口,木
10280,10280,10280,楅,⿰木⿱⿱一口田,木
10281,10281,10281,榌,⿰木飛,木
10282,10282,10282,榋,⿰木⿱彐⿰彐彐,木
10283,10283,10283,椽,⿰木⿱彑𧰨,木
10284,10284,10284,槌,⿰木⿺辶⿱丿㠯,木
10285,10285,10285,槎,⿰木⿸⿱⿱丷一&CDP-8BF1;工,木
10286,10286,10286,楂,⿰木⿱木⿱日一,木
10287,10287,10287,榇,⿰木⿱⿱&CDP-8BAE;一朩,木
10288,10288,10288,楚,⿱⿰木木疋,木
10289,10289,10289,楱,⿰木⿱⿻⿱一⿱一一人⿱一⿻一人,木
10290,10290,10290,楤,⿰木⿱⿻⿹勹&CDP-89A6;丶心,木
10291,10291,10291,楪,⿰木⿱世木,木
10292,10292,10292,椴,⿰木⿰&CDP-8CE4;⿱𠘧又,木
10293,10293,10293,椯,⿰木⿱山⿱一⿱丿⿵冂⿰丨丨,木
10294,10294,10294,楴,⿰木⿱&CDP-8BEC;巾,木
10295,10295,10295,楯,⿰木⿸𠂆⿱十目,木
10296,10296,10296,椱,⿰木⿳𠂉日夂,木
10297,10297,10297,楓,⿰木⿵几⿱丿虫,木
10298,10298,10298,概,⿰木⿰&CDP-8B7C;旡,木
10299,10299,10299,榾,⿰木⿱&CDP-89A9;月,木
10300,10300,10300,槐,⿰木⿱⿱丿田⿺⿰丿乚厶,木
10301,10301,10301,楻,⿰木⿱白⿱一⿱十一,木
10302,10302,10302,楎,⿰木⿱冖車,木
10303,10303,10303,楁,⿰木⿱宀⿱夂口,木
10304,10304,10304,楜,⿰木⿰⿱十口月,木
10305,10305,10305,楐,⿰木⿱田⿱人&CDP-8BF5;,木
10306,10306,10306,楬,⿰木⿱日⿹勹⿺𠃊人,木
10307,10307,10307,楶,⿱⿰冫欠⿱口木,木
10308,10308,10308,椷,⿰木⿵⿵戊一口,木
10309,10309,10309,椾,⿰木⿱⿱丷一⿰月刂,木
10310,10310,10310,楷,⿰木⿱比白,木
10311,10311,10311,椵,⿰木⿰&CDP-8C7A;&CDP-8C79;,木
10312,10312,10312,楫,⿰木⿱口耳,木
10313,10313,10313,榉,⿰木⿱⿳𭕄一八&CDP-8BF1;,木
10314,10314,10314,榘,⿱⿰⿱𠂉⿻一人巨木,木
10315,10315,10315,楏,⿰木⿱⿻一人⿱⿱十一⿱十一,木
10316,10316,10316,楑,⿰木⿱⿰&CDP-88D3;&CDP-88D5;⿱一⿻一人,木
10317,10317,10317,楝,⿰木柬,木
10318,10318,10318,楋,⿰木⿰束刂,木
10319,10319,10319,楽,⿱⿴&CDP-89AE;白木,木
10320,10320,10320,楞,⿰木⿱罒⿱⿱丶一&CDP-8B6C;,木
10321,10321,10321,楼,⿰木⿱米女,木
10322,10322,10322,榄,⿰木⿱⿰⿰丨丨&CDP-89BC;见,木
10323,10323,10323,榈,⿰木⿵门⿱口口,木
10324,10324,10324,楙,⿲木⿱龴⿹⿱乛亅丿木,木
10325,10325,10325,楣,⿰木⿸𠃜目,木
10326,10326,10326,楳,⿰木⿱甘木,木
10327,10327,10327,楘,⿱⿰⿱龴⿹⿱乛亅丿攵木,木
10328,10328,10328,楠,⿰木⿱十&CDP-8BDC;,木
10329,10329,10329,楄,⿰木⿸⿱丶尸⿵冂⿻十丨,木
10330,10330,10330,楩,⿰木⿰亻⿱一&CDP-89E7;,木
10331,10331,10331,榀,⿰木⿱口⿰口口,木
10332,10332,10332,楸,⿰木⿰⿱丿木⿱八人,木
10333,10333,10333,楾,⿰木⿱白⿲㇇亅&CDP-85BF;,木
10334,10334,10334,榵,⿰木⿱艹耳,木
10335,10335,10335,楺,⿰木⿱⿱龴⿹⿱乛亅丿木,木
10336,10336,10336,榊,⿰木⿰礻申,木
10337,10337,10337,椹,⿰木⿱&CDP-88C8;⿷匚⿰丿乚,木
10338,10338,10338,榁,⿰木⿱宀⿱⿱一厶⿱十一,木
10339,10339,10339,楒,⿰木⿱田心,木
10340,10340,10340,楕,⿰木&CDP-8CA9;,木
10341,10341,10341,榃,⿱⿰木木田,木
10342,10342,10342,楟,⿰木⿱&CDP-8C4D;⿱一亅,木
10343,10343,10343,榳,⿰木⿸广⿺廴⿱丿⿱十一,木
10344,10344,10344,榙,⿰木⿱艹⿱⿱人一口,木
10345,10345,10345,楃,⿰木⿸尸⿱⿱一厶⿱十一,木
10346,10346,10346,椳,⿰木⿳田一&CDP-8CC6;,木
10347,10347,10347,楲,⿰木⿵⿵戊一女,木
10348,10348,10348,榅,⿰木⿱日皿,木
10349,10349,10349,椲,⿰木⿳𫝀口㐄,木
10350,10350,10350,楿,⿰木⿱⿱丿木日,木
10351,10351,10351,楔,⿰木⿱⿰⿻⿱一⿱一一丨⿹𠃌丿⿻一人,木
10352,10352,10352,楥,⿰木⿳⿱丿𭕄一⿸𠂇又,木
10353,10353,10353,楦,⿰木⿱宀⿱一⿱日一,木
10354,10354,10354,椺,⿰木⿰亻⿱口木,木
10355,10355,10355,楈,⿰木⿱疋月,木
10356,10356,10356,棩,⿰木⿴&CDP-89CD;一,木
10357,10357,10357,椻,⿰木⿷匚⿱日女,木
10358,10358,10358,楌,⿰木⿸⿱&CDP-8BAE;厂彡,木
10359,10359,10359,楊,⿰木⿱⿱日一⿹勹&CDP-89A6;,木
10360,10360,10360,業,⿱⿱&CDP-85F0;一⿱⿱丷一未,木
10361,10361,10361,椸,⿰木⿰⿱⿱丶一&CDP-8B6C;⿱𠂉也,木
10362,10362,10362,楹,⿰木⿱⿵⿹𠄎丿又皿,木
10363,10363,10363,楢,⿰木⿱丷酉,木
10364,10364,10364,楡,⿰木⿱⿱人一⿰月⿰𡿨𡿨,木
10365,10365,10365,榆,⿰木⿱⿱人一⿰月刂,木
10366,10366,10366,楆,⿰木⿱⿱一&CDP-86EA;女,木
10367,10367,10367,椼,⿰木⿲彳氵⿱一⿱一亅,木
10368,10368,10368,楀,⿰木禹,木
10369,10369,10369,楨,⿰木⿱⺊⿱目八,木
10370,10370,10370,椶,⿰木⿳⿶凵㐅八夂,木
10371,10371,10371,榜,⿰木⿱&CDP-8BEC;⿱⿱丶一&CDP-8B6C;,木
10372,10372,10372,槟,⿰木⿱宀⿱丘八,木
10373,10373,10373,樄,⿰木⿰阝東,木
10374,10374,10374,榱,⿰木⿳⿱丶一&CDP-89EF;𧘇,木
10375,10375,10375,槙,⿰木⿱十⿱&CDP-8BA5;八,木
10376,10376,10376,槇,⿰木⿳⿺乚丿⿺𠃊目八,木
10377,10377,10377,槝,⿰木⿹&CDP-8CBB;山,木
10378,10378,10378,榑,⿰木⿱⿺&CDP-86B7;丶寸,木
10379,10379,10379,榧,⿰木⿷匚非,木
10380,10380,10380,槨,⿰木⿰⿳⿱丶一口子阝,木
10381,10381,10381,榦,⿰⿱十⿱日十⿱𠆢木,木
10382,10382,10382,槓,⿰木⿱工⿱目八,木
10383,10383,10383,槅,⿰木⿳一口⿵⿵冂⿰丿乚⿱一丨,木
10384,10384,10384,構,⿰木⿱⿱井一冉,木
10385,10385,10385,槔,⿰木⿱白⿱⿻一人十,木
10386,10386,10386,槀,⿱⿳⿱丶一口⿵冂口木,木
10387,10387,10387,槁,⿰木⿳⿱丶一口⿵冂口,木
10388,10388,10388,榖,⿰⿱⿱⿱⿱十一冖一木⿱𠘧又,木
10389,10389,10389,樺,⿰木⿱艹&CDP-8BF8;,木
10390,10390,10390,榥,⿰木⿱日⿱⺌⿱一⿰丿乚,木
10391,10391,10391,榢,⿰木⿱宀⿱一𧰨,木
10392,10392,10392,榗,⿰木⿱⿱一⿱&CDP-85F0;一日,木
10393,10393,10393,槛,⿰木⿱⿰⿰丨丨&CDP-89BC;皿,木
10394,10394,10394,榤,⿰木⿱⿰⿴𠂊丶㐄木,木
10395,10395,10395,榎,⿰木⿱⿱一自夂,木
10396,10396,10396,槚,⿰木⿱⿱一&CDP-86EA;贝,木
10397,10397,10397,槉,⿰木⿸疒⿱𠂉⿻一人,木
10398,10398,10398,榼,⿰木⿱⿱⿱十一厶皿,木
10399,10399,10399,樫,⿰木⿱⿰臣又⿱十一,木
10400,10400,10400,樐,⿰木⿱⺊⿴囗⿻㐅⿳丶⿰丶丶丶,木
10401,10401,10401,槤,⿰木⿺辶車,木
10402,10402,10402,榴,⿰木⿱&CDP-8C69;田,木
10403,10403,10403,樃,⿰木⿰&CDP-8C42;月,木
10404,10404,10404,樆,⿰木⿱⿱⿱丶一⿶凵㐅⿻冂厶,木
10405,10405,10405,槞,⿰木⿱⿱&CDP-8BAE;一&CDP-8BE8;,木
10406,10406,10406,榪,⿰木⿹&CDP-896A;灬,木
10407,10407,10407,槑,⿰⿱口木⿱口木,木
10408,10408,10408,榓,⿰木⿱⿻心丿皿,木
10409,10409,10409,榠,⿰木⿱冖⿱日⿱⿱丶一八,木
10410,10410,10410,模,⿰木⿱艹⿱日⿻一人,木
10411,10411,10411,榒,⿰木⿰&CDP-8CC4;&CDP-8CC4;,木
10412,10412,10412,槈,⿰木⿱⿸厂⿱⿱一一&CDP-8CC6;寸,木
10413,10413,10413,槃,⿱⿰舟⿱𠘧又木,木
10414,10414,10414,槰,⿰木⿺辶⿱夂⿻⿱一⿱一一丨,木
10415,10415,10415,樥,⿰木⿱艹⿱夂⿻⿱一⿱一一丨,木
10416,10416,10416,榩,⿰木⿸⿸⿱⺊&CDP-88E2;⿻㇀乚⿱⿱丶一⿻丿乀,木
10417,10417,10417,槗,⿰木⿱⿸𠂇口⿵冂口,木
10418,10418,10418,槍,⿰木⿱⿱人丶⿸&CDP-89CE;口,木
10419,10419,10419,槏,⿰木⿱⿱丷一&CDP-8CDE;,木
10420,10420,10420,榷,⿰木⿻冖隹,木
10421,10421,10421,榿,⿰木⿱山豆,木
10422,10422,10422,榕,⿰木⿱宀谷,木
10423,10423,10423,榮,⿱⿱⿰⿱八人⿱八人冖木,木
10424,10424,10424,槊,⿱⿰⿱⿱丷一⿻凵丨月木,木
10425,10425,10425,榺,⿰月⿱⿱八⿻⿱一一人木,木
10426,10426,10426,榯,⿰木⿰日⿱⿱十一寸,木
10427,10427,10427,榝,⿰木⿰⿱㐅朩⿱𠘧又,木
10428,10428,10428,榹,⿰木⿸𠂆⿸⿸⿱⺊&CDP-88E2;⿻㇀乚几,木
10429,10429,10429,榡,⿰木⿱龶⿱⿰&CDP-895C;丶小,木
10430,10430,10430,槡,⿰木⿱⿱又⿰又又木,木
10431,10431,10431,槂,⿰木⿰子⿱丿⿱⿰&CDP-895C;丶小,木
10432,10432,10432,榫,⿰木⿱隹十,木
10433,10433,10433,樤,⿰木⿰&CDP-8B7A;⿱夂朩,木
10434,10434,10434,槖,⿱⿳⿱十一冖⿸⿱一丿口木,木
10435,10435,10435,榻,⿰木⿱日⿰⿹𠃌冫⿹𠃌冫,木
10436,10436,10436,榶,⿰木⿸广&CDP-8CC1;,木
10437,10437,10437,槄,⿰木⿱⿱丿𭕄臼,木
10438,10438,10438,樋,⿰木⿺辶⿱龴⿵冂&CDP-8BF1;,木
10439,10439,10439,榲,⿰木⿱⿴囗人皿,木
10440,10440,10440,榍,⿰木⿸尸⿱⺌月,木
10441,10441,10441,榭,⿰木⿰身寸,木
10442,10442,10442,樇,⿰木⿰&CDP-8B7A;⿱夂月,木
10443,10443,10443,槒,⿰木⿱⿱⿱丶一⿰&CDP-895C;丶田,木
10444,10444,10444,榽,⿰木⿱⿱丿𭕄⿱⿰&CDP-895C;丶⿻一人,木
10445,10445,10445,榞,⿰木⿸厂&CDP-8BC4;,木
10446,10446,10446,榬,⿰木⿱⿱⿱十一口𧘇,木
10447,10447,10447,様,⿰木⿱⿱⿱丷一⿱十一⿲㇇亅&CDP-85BF;,木
10448,10448,10448,榣,⿰木⿱⿱丿𭕄缶,木
10449,10449,10449,榏,⿰木⿱&CDP-8CF0;皿,木
10450,10450,10450,榚,⿰木⿱⿱⿱丷一⿱十一灬,木
10451,10451,10451,槕,⿰木⿱⺊⿱日木,木
10452,10452,10452,榨,⿰木⿱⿱宀八乍,木
10453,10453,10453,榸,⿰木⿰⿱十一⿱&CDP-8BD9;一,木
10454,10454,10454,榛,⿰木⿱⿻⿱一⿱一一人⿱丿木,木
10455,10455,10455,榰,⿰木⿱⿸耂⿺乚丿日,木
10456,10456,10456,槠,⿰木⿰讠⿸耂日,木
10457,10457,10457,榐,⿰木⿸尸&CDP-8CE5;,木
10458,10458,10458,槜,⿰木⿱隹⿹𠄎丿,木
10459,10459,10459,榟,⿰木⿱宀⿱⿱&CDP-8BAE;一十,木
10460,10460,10460,標,⿰木⿱⿱一&CDP-86EA;示,木
10461,10461,10461,樔,⿰木⿱⿲𡿨𡿨𡿨⿻日木,木
10462,10462,10462,樘,⿰木⿱⿱⿱⺌冖口⿱十一,木
10463,10463,10463,樗,⿰木⿱⿱一⿻冂&CDP-8C41;⿱一⿱一㇉,木
10464,10464,10464,槯,⿰木⿱山隹,木
10465,10465,10465,槽,⿰木⿱&CDP-8D61;日,木
10466,10466,10466,樅,⿰木⿰彳&CDP-8BB0;,木
10467,10467,10467,樬,⿰木⿱⿴⿱丿囗夂心,木
10468,10468,10468,樀,⿰木⿱&CDP-8BAE;&CDP-8C6C;,木
10469,10469,10469,樊,⿱⿲木⿱㐅⿻丿乀木⿻一人,木
10470,10470,10470,樌,⿰木⿱毌⿱目八,木
10471,10471,10471,槶,⿰木⿴囗⿹⿻⿺⿻一乚丶丿⿱口一,木
10472,10472,10472,槻,⿰木⿰⿻⿱一一人⿱目⿰丿乚,木
10473,10473,10473,槼,⿱⿰⿻⿱一一人⿱目⿰丿乚木,木
10474,10474,10474,槩,⿱⿰&CDP-8B7C;旡木,木
10475,10475,10475,槪,⿰木⿰⿱白⿺乚丿旡,木
10476,10476,10476,槹,⿰木⿱白⿻十&CDP-89AE;,木
10477,10477,10477,橄,⿰木⿰⿱乛耳攵,木
10478,10478,10478,槬,⿰木⿰⿱⿻一人⿱一⿱一㇉瓜,木
10479,10479,10479,槵,⿰木⿱⿻⿱口口丨心,木
10480,10480,10480,槥,⿰木⿱⿰⿻⿱一⿱一一丨⿻⿱一⿱一一丨彐,木
10481,10481,10481,横,⿰木⿳⿱⿻十丨一由八,木
10482,10482,10482,槴,⿰木⿸⿱丶尸⿱口巴,木
10483,10483,10483,槲,⿰木⿰角斗,木
10484,10484,10484,樭,⿰木⿱⿱&CDP-8B72;八⿱十一,木
10485,10485,10485,樛,⿰木⿱⿰⿹𠃌冫⿹𠃌冫⿱人彡,木
10486,10486,10486,槳,⿱⿰爿&CDP-8BC3;木,木
10487,10487,10487,槣,⿰木⿱宀⿱⿻一人⿹⿱一亅口,木
10488,10488,10488,槿,⿰木⿱廿&CDP-8A6D;,木
10489,10489,10489,槺,⿰木⿸广隶,木
10490,10490,10490,樖,⿱⿱⿱人一口⿰木⿹⿱一亅口,木
10491,10491,10491,樑,⿰木⿱&CDP-8DBC;木,木
10492,10492,10492,樂,⿱&CDP-8BF4;木,木
10493,10493,10493,樏,⿰木⿱田⿱⿰&CDP-895C;丶小,木
10494,10494,10494,樓,⿰木⿱&CDP-89C5;女,木
10495,10495,10495,樚,⿰木⿸&CDP-8D56;比,木
10496,10496,10496,槾,⿰木⿳日罒又,木
10497,10497,10497,樠,⿰木⿱廿&CDP-8C62;,木
10498,10498,10498,橗,⿰木⿱艹⿰日月,木
10499,10499,10499,樒,⿰木⿱⿱宀⿻心丿山,木
10500,10500,10500,槷,⿱⿰⿱⿱⿱十一⿰丿乚⿱十一⿻九丶木,木
10501,10501,10501,樢,⿰木⿹&CDP-8CBB;灬,木
10502,10502,10502,槧,⿱⿰車⿸𠂆⿱一丨木,木
10503,10503,10503,樯,⿰木⿱&CDP-8A65;⿴囗口,木
10504,10504,10504,権,⿰木⿱𠂉⿻一隹,木
10505,10505,10505,槭,⿰木⿵戊⿱⿱⺊一小,木
10506,10506,10506,樈,⿰木⿱⿱⿱&CDP-8BAE;一日⿰丿乚,木
10507,10507,10507,槦,⿰木⿸广⿻⿻&CDP-8BAB;丨月,木
10508,10508,10508,樧,⿰木⿰⿱㐅朩⿱𠘧又,木
10509,10509,10509,樞,⿰木⿷匚⿱口⿰口口,木
10510,10510,10510,樉,⿰木⿻⿻一人⿰⿱㐅⿻丿乀⿱㐅⿻丿乀,木
10511,10511,10511,樎,⿰木⿱宀⿰亻⿱一白,木
10512,10512,10512,樕,⿰木⿰束欠,木
10513,10513,10513,槮,⿰木⿱⿱⿱厶⿰厶厶人彡,木
10514,10514,10514,槫,⿰木⿱&CDP-8BD0;寸,木
10515,10515,10515,橢,⿰木⿰阝&CDP-8CA9;,木
10516,10516,10516,橡,⿰木⿳𠂊⿴囗丨𧰨,木
10517,10517,10517,樰,⿰木⿱⿱一⿻冂&CDP-8C41;彐,木
10518,10518,10518,槢,⿰木⿱⿰⿹𠃌冫⿹𠃌冫白,木
10519,10519,10519,樣,⿰木⿱⿱⿱丷一⿱十一永,木
10520,10520,10520,槸,⿰木⿰⿱⿱⿱十一⿰丿乚⿱十一⿻九丶,木
10521,10521,10521,樱,⿰木⿱⿰贝贝女,木
10522,10522,10522,槱,⿰木⿱酉灬,木
10523,10523,10523,樮,⿰木⿱⿱一&CDP-86EA;⿱八人,木
10524,10524,10524,檛,⿰木⿺辶⿵⿱⿵冂𠃍冂口,木
10525,10525,10525,樁,⿰木⿱⿻⿱一⿱一一人臼,木
10526,10526,10526,樜,⿰木⿸广⿱廿灬,木
10527,10527,10527,樦,⿰木⿱竹⿱⿱丶一⿱十一,木
10528,10528,10528,樝,⿰木⿸⿸⿱⺊&CDP-88E2;⿻㇀乚且,木
10529,10529,10529,樟,⿰木⿱⿱&CDP-8BAE;一⿱日十,木
10530,10530,10530,橥,⿱⿰犭⿸耂日木,木
10531,10531,10531,樍,⿰木⿱龶⿱目八,木
10532,10532,10532,橙,⿰木⿱⿰&CDP-88D3;&CDP-88D5;豆,木
10533,10533,10533,檙,⿰木⿶&CDP-89EE;目,木
10534,10534,10534,橱,⿰木⿸厂⿰豆寸,木
10535,10535,10535,橕,⿰木⿱⿱⿱⺌冖口牙,木
10536,10536,10536,橁,⿰木⿱竹⿹勹日,木
10537,10537,10537,樷,⿱⿰木木⿰耳又,木
10538,10538,10538,橻,⿰木⿱丑⿰丑丑,木
10539,10539,10539,橂,⿰木⿱⿱丷酉⿻一人,木
10540,10540,10540,檤,⿰木⿺辶⿱⿱丷一自,木
10541,10541,10541,橷,⿰木⿱⿴⿰&CDP-8BC5;⿺乚丿白⿰丿乚,木
10542,10542,10542,橃,⿰木⿱⿰&CDP-88D3;&CDP-88D5;⿰弓⿱𠘧又,木
10543,10543,10543,橨,⿰木⿱⿱十⿻一&CDP-8BF5;⿱目八,木
10544,10544,10544,橎,⿰木⿱⿱丿米田,木
10545,10545,10545,樻,⿰木⿱⿱⿻口丨一⿱目八,木
10546,10546,10546,橰,⿰木⿱自⿻十&CDP-89AE;,木
10547,10547,10547,橭,⿰木⿱⿱十口⿱⿱&CDP-8BAE;一十,木
10548,10548,10548,橞,⿰木⿱&CDP-8BD0;心,木
10549,10549,10549,橫,⿰木⿱廿&CDP-8CE6;,木
10550,10550,10550,橸,⿰木⿱日⿰日日,木
10551,10551,10551,橛,⿰木⿸厂⿰⿱⿱丷一⿻凵丨欠,木
10552,10552,10552,橜,⿱⿸厂⿰⿱⿱丷一⿻凵丨欠木,木
10553,10553,10553,檝,⿰木⿰⿱口耳⿻⿺⿻一乚丶丿,木
10554,10554,10554,橘,⿰木⿱⿱龴⿹⿱乛亅丿⿵冂⿱八口,木
10555,10555,10555,機,⿰木⿹&CDP-8BA4;人,木
10556,10556,10556,橶,⿰木⿰⿱十⿱日十⿻⿺⿻一乚丶丿,木
10557,10557,10557,橑,⿰木⿱⿱⿻⿻一人丷日小,木
10558,10558,10558,橊,⿰木⿱丣田,木
10559,10559,10559,橮,⿰木⿱&CDP-8C69;⿱目八,木
10560,10560,10560,橯,⿰木⿱⿱⿰⿱八人⿱八人冖⿻丿𠃌,木
10561,10561,10561,橉,⿰木⿱米⿰⿴𠂊丶㐄,木
10562,10562,10562,橹,⿰木⿱⿳𠂊田一日,木
10563,10563,10563,橅,⿰木⿱&CDP-8BBE;灬,木
10564,10564,10564,橠,⿰木⿳⿱丶一⿱⿴𠂊丶⿴𠂊丶𧘇,木
10565,10565,10565,橣,⿰木⿱⿱宀心⿵冂&CDP-8BF1;,木
10566,10566,10566,樸,⿰木⿳⿱&CDP-85F0;一⿱丷一⿻⿱一一人,木
10567,10567,10567,橬,⿰木⿱⿰旡旡日,木
10568,10568,10568,樵,⿰木⿱隹灬,木
10569,10569,10569,橋,⿰木⿱⿱⿱丿⿻一人口⿵冂口,木
10570,10570,10570,橇,⿰木⿱⿱丿&CDP-8A43;⿰⿱丿&CDP-8A43;⿱丿&CDP-8A43;,木
10571,10571,10571,檎,⿰木⿱人⿱⿱⿱丶一⿶凵㐅⿻冂厶,木
10572,10572,10572,檠,⿱⿰⿱艹⿹勹口攵木,木
10573,10573,10573,橤,⿱⿱心⿰心心木,木
10574,10574,10574,橈,⿰木⿱⿱⿱十一⿰⿱十一⿱十一⿱一⿰丿乚,木
10575,10575,10575,橍,⿰木⿵⿰𠁣𠃛⿱一⿱十一,木
10576,10576,10576,橪,⿰木⿱&CDP-8BB5;灬,木
10577,10577,10577,橳,⿰木⿰月⿱⿱丷⿻⿱一一人⿻丿𠃌,木
10578,10578,10578,樿,⿰木⿱⿰口口&CDP-8BD9;,木
10579,10579,10579,樹,⿰木⿰⿱十豆寸,木
10580,10580,10580,橓,⿰木⿱&CDP-8BB8;⿰⿴𠂊丶㐄,木
10581,10581,10581,檨,⿰木⿱⿱⿱丷一⿱十一⿰冫欠,木
10582,10582,10582,檖,⿰木⿺辶⿱丷⿱一𧰨,木
10583,10583,10583,檧,⿰木⿱艹⿱⿻⿹勹&CDP-89A6;丶心,木
10584,10584,10584,橔,⿰木⿰⿳⿱丶一口子攵,木
10585,10585,10585,橐,⿳&CDP-8DDD;冖⿱⿸⿱一丿口木,木
10586,10586,10586,橽,⿰木⿺辶⿱⿱十一⿱⿱丷一&CDP-8BF1;,木
10587,10587,10587,橝,⿰木⿱⿱一&CDP-86EA;⿱日十,木
10588,10588,10588,橖,⿰木⿱⿱⿱⺌冖口木,木
10589,10589,10589,橦,⿰木⿱⿱&CDP-8BAE;一⿱&CDP-8BD9;一,木
10590,10590,10590,橆,⿱&CDP-8BBE;⿰木木,木
10591,10591,10591,橲,⿰木⿱⿱十豆口,木
10592,10592,10592,橺,⿰木⿵⿰𠁣𠃛日,木
10593,10593,10593,橌,⿰木⿵⿰𠁣𠃛月,木
10594,10594,10594,樳,⿰木⿳彐&CDP-8CFA;寸,木
10595,10595,10595,樨,⿰木⿸尸⿱⿻亅&CDP-89AE;牛,木
10596,10596,10596,橀,⿰木⿱⿱⿻一厶⿴⿰丿乚丨皿,木
10597,10597,10597,橼,⿰木⿰纟⿱彑𧰨,木
10598,10598,10598,樾,⿰木⿺⿱⿱十一龰戉,木
10599,10599,10599,橒,⿰木⿱⿱一⿻冂&CDP-8C41;⿱⿱一一厶,木
10600,10600,10600,檬,⿰木⿱艹⿳冖一⿱一𧰨,木
10601,10601,10601,檃,⿱⿰阝⿳⿱丿𭕄工彐木,木
10602,10602,10602,樴,⿰木⿹&CDP-88A7;日,木
10603,10603,10603,樼,⿰木⿸尸⿱子⿰子子,木
10604,10604,10604,橏,⿰木⿱⿱⿱⿱丷一&CDP-8BF1;⿱丷一口,木
10605,10605,10605,檇,⿰木⿱隹&CDP-8DDF;,木
10606,10606,10606,樶,⿰木⿱日⿰耳又,木
10607,10607,10607,橵,⿰木⿰&CDP-8CEC;攵,木
10608,10608,10608,橧,⿰木⿱丷⿱&CDP-8B62;日,木
10609,10609,10609,樽,⿰木⿱⿱丷酉寸,木
10610,10610,10610,橴,⿰木⿱⿰止⿺乚丿⿱⿰&CDP-895C;丶小,木
10611,10611,10611,樲,⿰木⿹⿺⿻一乚丶⿱⿱一一⿱目八,木
10612,10612,10612,檦,⿰木⿰⿱⿱一&CDP-86EA;示刂,木
10613,10613,10613,檗,⿱⿰⿸尸口⿱⿱&CDP-8BAE;一十木,木
10614,10614,10614,檉,⿰木⿱⿰耳口⿱一⿱十一,木
10615,10615,10615,檚,⿰木⿱⿰木木疋,木
10616,10616,10616,檔,⿰木⿱⿱⿱⺌冖口田,木
10617,10617,10617,檒,⿱⿰木木⿵几⿱丿虫,木
10618,10618,10618,檜,⿰木⿱⿱人一⿱&CDP-8B62;日,木
10619,10619,10619,檊,⿰木⿰⿱十⿱日十⿱人干,木
10620,10620,10620,檅,⿰木⿱止&CDP-8CB3;,木
10621,10621,10621,檴,⿰木⿱艹⿱隹又,木
10622,10622,10622,檓,⿰木⿰⿱臼工⿱𠘧又,木
10623,10623,10623,橿,⿰木⿳&CDP-8D5E;&CDP-8D5E;一,木
10624,10624,10624,檞,⿰木⿰角⿱⿹𠃌丿牛,木
10625,10625,10625,檟,⿰木⿱⿱一&CDP-86EA;⿱目八,木
10626,10626,10626,檢,⿰木⿳⿱人一⿰口口⿰人人,木
10627,10627,10627,檕,⿱⿰⿱車凵⿱𠘧又木,木
10628,10628,10628,檋,⿰木⿱⿱⿱⿻十丨一八車,木
10629,10629,10629,櫆,⿰木⿺⿱⿱丿田⿺⿰丿乚厶斗,木
10630,10630,10630,櫣,⿰木⿺辶⿱艹車,木
10631,10631,10631,檑,⿰木⿱⿱一⿻冂&CDP-8C41;田,木
10632,10632,10632,檪,⿰木⿱⿴&CDP-89AE;白木,木
10633,10633,10633,檁,⿰木⿱⿱⿱丶一⿴囗口⿱丿木,木
10634,10634,10634,檩,⿰木⿱⿱⿱丶一⿴囗口示,木
10635,10635,10635,檂,⿰木⿱曲⿸厂⿱⿱一一&CDP-8CC6;,木
10636,10636,10636,檘,⿰木⿰⿸尸口⿱⿱&CDP-8BAE;一十,木
10637,10637,10637,檏,⿰木⿱⿱&CDP-85F0;一⿱⿱丷一未,木
10638,10638,10638,檣,⿰木⿱&CDP-8D5B;⿴囗口,木
10639,10639,10639,橩,⿰木⿱⿱⿰⿱八人⿱八人冖几,木
10640,10640,10640,檿,⿸⿸厂⿰⿱⿵冂⿱一一月犬木,木
10641,10641,10641,櫡,⿰木⿱竹⿸耂日,木
10642,10642,10642,檆,⿰木⿰⿱⿱八人⿱八人⿱⺊口,木
10643,10643,10643,橾,⿰木⿱⿱口⿰口口木,木
10644,10644,10644,橚,⿰木肅,木
10645,10645,10645,檀,⿰木⿱⿱⿱丶一⿴囗口⿱日一,木
10646,10646,10646,檈,⿰木⿳罒⿱一口𧘇,木
10647,10647,10647,檄,⿰木⿰⿱白⿱⿱丶一&CDP-8B6C;攵,木
10648,10648,10648,檐,⿰木⿸⿱𠂊厂&CDP-8CC3;,木
10649,10649,10649,檍,⿰木⿱⿱⿱&CDP-8BAE;一日心,木
10650,10650,10650,檥,⿰木⿱⿱⿱丷一⿱十一我,木
10651,10651,10651,檡,⿰木⿱罒⿱⿱十一⿱丷干,木
10652,10652,10652,櫛,⿰木⿱竹⿰&CDP-8B7C;卩,木
10653,10653,10653,檌,⿰木⿱罒非,木
10654,10654,10654,檳,⿰木⿱&CDP-8D74;⿱目八,木
10655,10655,10655,檫,⿰木⿱宀⿱&CDP-8C4F;示,木
10656,10656,10656,檮,⿰木⿳⿳⿱十一乛工一⿰口寸,木
10657,10657,10657,櫉,⿰木⿸厂⿰⿱十豆寸,木
10658,10658,10658,櫄,⿰木熏,木
10659,10659,10659,櫈,⿰木⿱⿱⿰&CDP-88D3;&CDP-88D5;豆几,木
10660,10660,10660,櫊,⿰木⿵⿰𠁣𠃛⿱夂口,木
10661,10661,10661,櫃,⿰木⿷匚⿱⿱⿻口丨一⿱目八,木
10662,10662,10662,檺,⿰木⿱&CDP-8C4D;⿱一𧰨,木
10663,10663,10663,櫎,⿰木⿸广⿳⿱⿻十丨一由八,木
10664,10664,10664,檻,⿰木⿱⿰臣&CDP-89BC;皿,木
10665,10665,10665,櫭,⿰木⿱⿰&CDP-8B7C;旡⿱日一,木
10666,10666,10666,檵,⿰木⿱⿺𠃊⿰⿰&CDP-895C;丶⿰&CDP-895C;丶⿺𠃊⿰⿰&CDP-895C;丶⿰&CDP-895C;丶,木
10667,10667,10667,櫅,⿰木⿱&CDP-8DEB;&CDP-89C6;,木
10668,10668,10668,櫔,⿰木⿸厂⿱艹禺,木
10669,10669,10669,櫚,⿰木⿵⿰𠁣𠃛⿱口口,木
10670,10670,10670,檰,⿰木⿰⿱⿰&CDP-895C;丶&CDP-885E;⿱白巾,木
10671,10671,10671,櫗,⿰木⿱⿱艹罒⿵戊丶,木
10672,10672,10672,櫁,⿰木⿱⿱宀⿻心丿虫,木
10673,10673,10673,檷,⿰木⿱一&CDP-88D6;,木
10674,10674,10674,檸,⿰木⿱⿱宀⿱心皿⿱一亅,木
10675,10675,10675,檽,⿰木⿱⿱一⿻冂&CDP-8C41;⿱一⿱丿⿵冂⿰丨丨,木
10676,10676,10676,櫇,⿰木⿰皮頁,木
10677,10677,10677,檶,⿰木⿱⿻一人⿷匚⿱口⿰口口,木
10678,10678,10678,檱,⿰木⿱竹⿱&CDP-8B72;八,木
10679,10679,10679,櫀,⿰木⿱⿱&CDP-8B72;八⿱⿰&CDP-895C;丶小,木
10680,10680,10680,檾,⿱⿱⿰⿱八人⿱八人冖⿰木木,木
10681,10681,10681,櫒,⿰木⿱艹⿱&CDP-8C4F;示,木
10682,10682,10682,檲,⿰木⿴囗⿱&CDP-8BD0;寸,木
10683,10683,10683,檯,⿰木⿳⿱⿱十一口冖⿱⿱一厶⿱十一,木
10684,10684,10684,檭,⿰木⿰⿱人&CDP-8DE3;艮,木
10685,10685,10685,檹,⿰木⿰⿱⿱丶一&CDP-8B6C;⿱𠂉⿱⿻一人⿹⿱一亅口,木
10686,10686,10686,檼,⿰木⿱⿳⿱丿𭕄工彐心,木
10687,10687,10687,櫂,⿰木⿱⿰⿹𠃌冫⿹𠃌冫隹,木
10688,10688,10688,櫙,⿰木⿱艹⿷匚⿱口⿰口口,木
10689,10689,10689,櫥,⿰木⿸广⿰⿱十豆寸,木
10690,10690,10690,櫕,⿰木⿱⿰⿻⿱一一人⿻⿱一一人⿱目八,木
10691,10691,10691,櫝,⿰木⿱⿱十一⿱罒⿱目八,木
10692,10692,10692,櫠,⿰木⿸广⿱⿰&CDP-88D3;&CDP-88D5;⿰弓⿱𠘧又,木
10693,10693,10693,櫜,⿱⿳&CDP-8DDD;冖⿱⿺夂卜口木,木
10694,10694,10694,櫘,⿰木⿱⿱⿰⿻⿱一⿱一一丨⿻⿱一⿱一一丨彐心,木
10695,10695,10695,櫐,⿱⿱田⿰田田木,木
10696,10696,10696,櫓,⿰木⿱⿳𠂊田灬日,木
10697,10697,10697,櫖,⿰木⿸⿸⿱⺊&CDP-88E2;⿻㇀乚⿱田心,木
10698,10698,10698,櫬,⿰木⿰⿱⿱&CDP-8BAE;一朩⿱目⿰丿乚,木
10699,10699,10699,櫤,⿰木⿱竹⿱⿱丷一⿰月刂,木
10700,10700,10700,櫑,⿰木⿱田⿰田田,木
10701,10701,10701,櫟,⿰木⿱&CDP-8BF4;木,木
10702,10702,10702,櫋,⿰木⿳自⿱宀八⿱⿱丶一&CDP-8B6C;,木
10703,10703,10703,櫦,⿰木⿸&CDP-8D56;&CDP-8D57;,木
10704,10704,10704,櫵,⿰木⿱艹⿱隹灬,木
10705,10705,10705,櫏,⿰木⿺辶⿱⿱⿱一&CDP-86EA;⿻一人巳,木
10706,10706,10706,櫢,⿰木⿰⿱&CDP-89C5;女攵,木
10707,10707,10707,櫞,⿰木⿰⿱⿰&CDP-895C;丶&CDP-885E;⿱彑𧰨,木
10708,10708,10708,櫲,⿰木⿰⿱龴⿱乛亅⿳𠂊⿴囗丨𧰨,木
10709,10709,10709,櫌,⿰木⿱⿱&CDP-8CD4;心夂,木
10710,10710,10710,櫍,⿰木⿱⿰⿸𠂆⿱一丨⿸𠂆⿱一丨⿱目八,木
10711,10711,10711,櫧,⿰木⿰言⿸耂日,木
10712,10712,10712,櫫,⿱⿰⿱一𧰨⿸耂日木,木
10713,10713,10713,欂,⿰木⿱艹⿰氵⿱⿺&CDP-86B7;丶寸,木
10714,10714,10714,欌,⿰木⿱艹⿵⿰爿⿻⿺⿻一乚丶丿臣,木
10715,10715,10715,櫷,⿰木龜,木
10716,10716,10716,櫰,⿰木⿳⿱丶一⿱罒&CDP-8977;𧘇,木
10717,10717,10717,櫸,⿰木⿱⿶&CDP-8BA8;&CDP-8BC2;&CDP-8BF1;,木
10718,10718,10718,櫴,⿰木⿰束⿱𠂊⿱目八,木
10719,10719,10719,櫪,⿰木⿸⿸厂⿰⿱丿木⿱丿木止,木
10720,10720,10720,櫳,⿰木⿰⿱⿱&CDP-8BAE;一月&CDP-89B0;,木
10721,10721,10721,櫨,⿰木⿸⿸⿱⺊&CDP-88E2;⿻㇀乚&CDP-8CF4;,木
10722,10722,10722,櫱,⿱⿰⿱⿻凵丨⿱丿㠯⿱⿱&CDP-8BAE;一十木,木
10723,10723,10723,櫯,⿰木⿰⿳𠂊田灬⿱丿木,木
10724,10724,10724,櫹,⿰木⿱艹肅,木
10725,10725,10725,櫶,⿰木⿳⿱宀⿻⿱一⿱一一丨罒心,木
10726,10726,10726,櫩,⿰木⿵⿰𠁣𠃛⿱勹臼,木
10727,10727,10727,櫿,⿰木⿱⿱⿰⿱八人⿱八人冖⿳口丿口,木
10728,10728,10728,櫽,⿱⿰阝⿱⿳⿱丿𭕄工彐心木,木
10729,10729,10729,櫮,⿰木⿱&CDP-8554;一,木
10730,10730,10730,欃,⿰木⿱⿱⿱𠂊口比⿷⿱𠂊&CDP-8BCB;丶,木
10731,10731,10731,欍,⿰木⿱⿱艹隹臼,木
10732,10732,10732,櫼,⿰木⿹⿶⿻⿺⿻一乚丶丿⿰人人⿱非一,木
10733,10733,10733,欅,⿰木⿱⿶&CDP-8BA8;&CDP-8BC2;手,木
10734,10734,10734,欄,⿰木⿵⿰𠁣𠃛柬,木
10735,10735,10735,櫺,⿰木⿱⿱一⿻冂&CDP-8C41;⿲口口口,木
10736,10736,10736,欁,⿲木⿱曲⿸厂⿱⿱一一&CDP-8CC6;木,木
10737,10737,10737,權,⿰木⿱艹⿱⿰口口隹,木
10738,10738,10738,欀,⿰木⿳⿱丶一&CDP-8CA3;𧘇,木
10739,10739,10739,櫾,⿰木⿰⿱⿱丿𭕄缶⿱丿⿱⿰&CDP-895C;丶小,木
10740,10740,10740,櫻,⿰木⿱⿰⿱目八⿱目八女,木
10741,10741,10741,欉,⿰木⿱⿱⿱&CDP-85F0;一⿱丷干⿰耳又,木
10742,10742,10742,欋,⿰木⿱⿰目目隹,木
10743,10743,10743,欆,⿰木⿱⿰隹隹又,木
10744,10744,10744,肀,⿻&CDP-8BAB;丨,肀
10745,10745,10745,牟,⿱厶牛,牛
10746,10746,10746,牛,牛,牛
10747,10747,10747,牢,⿱宀牛,牛
10748,10748,10748,牮,⿱⿰亻⿺⿻一乚丶牛,牛
10749,10749,10749,牵,⿳⿻一人冖牛,牛
10750,10750,10750,牶,⿱⿱丷⿻⿱一一人牛,牛
10751,10751,10751,犁,⿱⿰⿱丿木刂牛,牛
10752,10752,10752,牽,⿱&CDP-89FE;牛,牛
10753,10753,10753,犇,⿱牛⿰牛牛,牛
10754,10754,10754,犂,⿱⿰⿱丿木&CDP-8DC9;牛,牛
10755,10755,10755,犀,⿸尸⿱⿻亅&CDP-89AE;牛,牛
10756,10756,10756,犎,⿱⿰⿱⿱十一⿱十一寸牛,牛
10757,10757,10757,犖,⿱⿱⿰⿱八人⿱八人冖牛,牛
10758,10758,10758,犛,⿸⿱⿰未攵厂牛,牛
10759,10759,10759,犘,⿸⿸广⿰木木牛,牛
10760,10760,10760,犚,⿱⿰⿸尸示寸牛,牛
10761,10761,10761,犟,⿱⿰弓⿱口虫牛,牛
10762,10762,10762,犨,⿱⿰隹隹牛,牛
10763,10763,10763,犩,⿱⿰⿱⿱丿木女⿱⿱丿田⿺⿰丿乚厶牛,牛
10764,10764,10764,犫,⿱⿲隹言隹牛,牛
10765,10765,10765,牞,⿰牛⿻丿𠃌,牜
10766,10766,10766,牝,⿰牛⿺乚丿,牜
10767,10767,10767,牜,牜,牜
10768,10768,10768,牤,⿰牛⿱⿱丶一𠃊,牜
10769,10769,10769,牡,⿰牛⿱十一,牜
10770,10770,10770,牣,⿰牛⿹⿹𠃌丿丿,牜
10771,10771,10771,牠,⿰牛也,牜
10772,10772,10772,牬,⿰牛⿹&CDP-87C2;丿,牜
10773,10773,10773,牥,⿰牛⿱⿱丶一&CDP-8B6C;,牜
10774,10774,10774,牨,⿰牛⿱⿱丶一几,牜
10775,10775,10775,牫,⿰牛⿻⿺⿻一乚丶丿,牜
10776,10776,10776,牦,⿰牛⿱丿&CDP-8A43;,牜
10777,10777,10777,牧,⿰牛攵,牜
10778,10778,10778,物,⿰牛⿹勹&CDP-89A6;,牜
10779,10779,10779,牪,⿰牛牛,牜
10780,10780,10780,牴,⿰牛⿱氏丶,牜
10781,10781,10781,牱,⿰牛⿹⿱一亅口,牜
10782,10782,10782,牳,⿰牛母,牜
10783,10783,10783,牯,⿰牛⿱十口,牜
10784,10784,10784,牲,⿰牛生,牜
10785,10785,10785,牭,⿰牛⿴囗⿰丿乚,牜
10786,10786,10786,牰,⿰牛由,牜
10787,10787,10787,牷,⿰牛⿱人⿱一⿱十一,牜
10788,10788,10788,特,⿰牛⿱⿱十一寸,牜
10789,10789,10789,牺,⿰牛⿱一⿻⿰丿乚口,牜
10790,10790,10790,牸,⿰牛⿱宀子,牜
10791,10791,10791,牿,⿰牛⿱⿰丿土口,牜
10792,10792,10792,牼,⿰牛⿳一⿲𡿨𡿨𡿨工,牜
10793,10793,10793,牻,⿰牛⿷⿺尢丶彡,牜
10794,10794,10794,牾,⿰牛⿱⿱一𫝀口,牜
10795,10795,10795,犉,⿰牛⿳⿱丶一口子,牜
10796,10796,10796,犊,⿰牛⿱十⿱乛头,牜
10797,10797,10797,犅,⿰牛⿵冂⿱䒑山,牜
10798,10798,10798,犍,⿰牛⿺廴⿻⿻&CDP-8BAB;丨⿱一一,牜
10799,10799,10799,犋,⿰牛⿱&CDP-8BA5;八,牜
10800,10800,10800,犄,⿰牛⿱⿻一人⿹⿱一亅口,牜
10801,10801,10801,犃,⿰牛⿱⿱&CDP-8BAE;一口,牜
10802,10802,10802,犈,⿰牛⿱⿱丷⿻⿱一一人㔾,牜
10803,10803,10803,犆,⿰牛⿱十&CDP-8BA5;,牜
10804,10804,10804,犌,⿰牛⿰&CDP-8C7A;&CDP-8C79;,牜
10805,10805,10805,犑,⿰牛⿱目犬,牜
10806,10806,10806,犐,⿰牛⿰⿱丿木斗,牜
10807,10807,10807,犏,⿰牛⿸⿱丶尸⿵冂⿻十丨,牜
10808,10808,10808,犕,⿰牛⿱艹⿸⿱一丿⿵冂&CDP-8BF1;,牜
10809,10809,10809,犓,⿰牛⿱&CDP-8D65;&CDP-8D65;,牜
10810,10810,10810,犗,⿰牛⿱⿱宀⿻⿱一⿱一一丨口,牜
10811,10811,10811,犒,⿰牛⿳⿱丶一口⿵冂口,牜
10812,10812,10812,犔,⿰牛⿹⿳𠂉一乁米,牜
10813,10813,10813,犙,⿰牛⿱⿱⿱厶⿰厶厶人彡,牜
10814,10814,10814,犜,⿰牛⿰⿳⿱丶一口子攵,牜
10815,10815,10815,犞,⿰牛⿱⿱⿱丿⿻一人口⿵冂口,牜
10816,10816,10816,犝,⿰牛⿱⿱&CDP-8BAE;一⿱&CDP-8BD9;一,牜
10817,10817,10817,犠,⿰牛⿱⿱⿱丷一⿱十一我,牜
10818,10818,10818,犡,⿰牛⿸厂⿱艹禺,牜
10819,10819,10819,犦,⿰牛⿱日⿱⿱⿱⿻十丨一八⿻亅&CDP-89AE;,牜
10820,10820,10820,犤,⿰牛⿱罒⿰⿱厶⿵⺆冫⿱⿺乚丿⿺乚丿,牜
10821,10821,10821,犢,⿰牛⿱⿱十一⿱罒⿱目八,牜
10822,10822,10822,犣,⿰牛⿳⿲𡿨𡿨𡿨⿴囗㐅&CDP-8D46;,牜
10823,10823,10823,犥,⿰牛⿸⿸&CDP-8D56;比灬,牜
10824,10824,10824,犧,⿰牛⿱⿱⿱丷一⿱十一&CDP-8DBA;,牜
10825,10825,10825,犪,⿰牛⿱丷⿱⿳一⿲止自巳八夂,牜
10826,10826,10826,爿,爿,爿
10827,10827,10827,牀,⿰爿木,爿
10828,10828,10828,牁,⿰爿⿹⿱一亅口,爿
10829,10829,10829,牂,⿰爿⿱⿱丷一&CDP-8BF1;,爿
10830,10830,10830,牃,⿰爿⿱世木,爿
10831,10831,10831,牄,⿰爿⿱⿱人丶⿸&CDP-89CE;口,爿
10832,10832,10832,牅,⿰爿⿸广⿻⿻&CDP-8BAB;丨月,爿
10833,10833,10833,牆,⿰爿⿱&CDP-8D5B;⿴囗口,爿
10834,10834,10834,片,片,片
10835,10835,10835,版,⿰片⿸𠂆又,片
10836,10836,10836,牊,⿰片⿱⿹𠃌丿口,片
10837,10837,10837,牉,⿰片⿱丷&CDP-8BF1;,片
10838,10838,10838,牍,⿰片⿱十⿱乛头,片
10839,10839,10839,牋,⿰片⿱⿻⿺⿻一乚丶丿⿻⿺⿻一乚丶丿,片
10840,10840,10840,牌,⿰片⿱&CDP-89BE;十,片
10841,10841,10841,牑,⿰片⿸⿱丶尸⿵冂⿻十丨,片
10842,10842,10842,牎,⿰片⿱⿻⿹勹&CDP-89A6;丶心,片
10843,10843,10843,牒,⿰片⿱世木,片
10844,10844,10844,牏,⿰片⿱⿱人一⿰月刂,片
10845,10845,10845,牐,⿰片⿻⿱丿十臼,片
10846,10846,10846,牔,⿰片⿱⿺&CDP-86B7;丶寸,片
10847,10847,10847,牓,⿰片⿱&CDP-8BEC;⿱⿱丶一&CDP-8B6C;,片
10848,10848,10848,牕,⿰片⿱⿴⿱丿囗夂心,片
10849,10849,10849,牖,⿰片⿸⿱丶尸⿺&CDP-86B7;丶,片
10850,10850,10850,牗,⿰片⿸广⿻⿻&CDP-8BAB;丨月,片
10851,10851,10851,牘,⿰片⿱⿱十一⿱罒⿱目八,片
10852,10852,10852,敁,⿰⿱⺊口⿱⺊又,攴
10853,10853,10853,敊,⿰⿱⿱⺊一小⿱⺊又,攴
10854,10854,10854,敆,⿰⿱⿱人一口⿱⺊又,攴
10855,10855,10855,敍,⿰⿱⿱人一朩⿱⺊又,攴
10856,10856,10856,敠,⿰⿱⿰又又⿰又又⿱⺊又,攴
10857,10857,10857,敤,⿰⿻日木⿱⺊又,攴
10858,10858,10858,敧,⿰⿱⿻一人⿹⿱一亅口⿱⺊又,攴
10859,10859,10859,敥,⿰⿱⿱八人⿱八人⿱⺊又,攴
10860,10860,10860,敡,⿰⿱日⿹勹&CDP-89A6;⿱⺊又,攴
10861,10861,10861,敮,⿰⿻⿱丿十臼⿱⺊又,攴
10862,10862,10862,敯,⿰⿱民日⿱⺊又,攴
10863,10863,10863,敲,⿰⿳⿱丶一口⿵冂口⿱⺊又,攴
10864,10864,10864,敱,⿰⿱山豆⿱⺊又,攴
10865,10865,10865,敺,⿰⿷匚⿱口⿰口口⿱⺊又,攴
10866,10866,10866,敽,⿰⿱⿱⿱丿⿻一人口⿵冂口⿱⺊又,攴
10867,10867,10867,敼,⿰⿱⿱十豆口⿱⺊又,攴
10868,10868,10868,斀,⿰⿱罒⿹勹虫⿱⺊又,攴
10869,10869,10869,斅,⿰⿱⿶&CDP-8B64;⿱㐅⿻丿乀子⿱⺊又,攴
10870,10870,10870,攷,⿰⿱一㇉攵,攵
10871,10871,10871,收,⿰丩攵,攵
10872,10872,10872,攴,⿱⺊又,攵
10873,10873,10873,攵,攵,攵
10874,10874,10874,攼,⿰干攵,攵
10875,10875,10875,攻,⿰工攵,攵
10876,10876,10876,改,⿰己攵,攵
10877,10877,10877,攸,⿰&CDP-8B7A;攵,攵
10878,10878,10878,攺,⿰巳攵,攵
10879,10879,10879,攽,⿰⿱八⿹𠃌丿攵,攵
10880,10880,10880,放,⿰⿱⿱丶一&CDP-8B6C;攵,攵
10881,10881,10881,玫,⿰⿱一⿱十一攵,攵
10882,10882,10882,故,⿰⿱十口攵,攵
10883,10883,10883,敂,⿰⿹勹口攵,攵
10884,10884,10884,敃,⿰民攵,攵
10885,10885,10885,敀,⿰白攵,攵
10886,10886,10886,敄,⿰⿱龴⿹⿱乛亅丿攵,攵
10887,10887,10887,政,⿰⿱一止攵,攵
10888,10888,10888,敇,⿰朿攵,攵
10889,10889,10889,敌,⿰⿱⿱丿十口攵,攵
10890,10890,10890,敋,⿰⿱夂口攵,攵
10891,10891,10891,敉,⿰米攵,攵
10892,10892,10892,效,⿰⿱⿱丶一⿱八⿻丿乀攵,攵
10893,10893,10893,敖,⿰⿱龶&CDP-8B6C;攵,攵
10894,10894,10894,敗,⿰⿱目八攵,攵
10895,10895,10895,敝,⿰⿻丷⿻巾八攵,攵
10896,10896,10896,敐,⿰⿸厂⿱⿱一一&CDP-8CC6;攵,攵
10897,10897,10897,敕,⿰束攵,攵
10898,10898,10898,敓,⿰⿱八⿱口⿰丿乚攵,攵
10899,10899,10899,敚,⿰⿱丷⿱口⿰丿乚攵,攵
10900,10900,10900,敢,⿰⿱乛耳攵,攵
10901,10901,10901,敎,⿰⿱㐅⿸𠂇子攵,攵
10902,10902,10902,教,⿰⿸耂子攵,攵
10903,10903,10903,救,⿰⿺&CDP-85DC;丶攵,攵
10904,10904,10904,敛,⿰⿳⿱人一𭕄一攵,攵
10905,10905,10905,敏,⿰⿱𠂉母攵,攵
10906,10906,10906,敒,⿰⿰亻申攵,攵
10907,10907,10907,敘,⿰⿱⿱人一朩攵,攵
10908,10908,10908,敔,⿰⿱⿱一𫝀口攵,攵
10909,10909,10909,敟,⿰⿱&CDP-89E0;八攵,攵
10910,10910,10910,敞,⿰⿱⺌⿵冂口攵,攵
10911,10911,10911,敦,⿰⿳⿱丶一口子攵,攵
10912,10912,10912,敪,⿰⿱⿰又又⿰又又攵,攵
10913,10913,10913,敬,⿰⿱艹⿹勹口攵,攵
10914,10914,10914,敜,⿰⿱⿱⿱人丶㇇心攵,攵
10915,10915,10915,散,⿰&CDP-8CEC;攵,攵
10916,10916,10916,敨,⿰⿱⿱&CDP-8BAE;一口攵,攵
10917,10917,10917,敩,⿰⿳𭕄冖子攵,攵
10918,10918,10918,敫,⿰⿱白⿱⿱丶一&CDP-8B6C;攵,攵
10919,10919,10919,数,⿰⿱米女攵,攵
10920,10920,10920,敭,⿰⿱⿱日一⿹勹&CDP-89A6;攵,攵
10921,10921,10921,敶,⿰⿰阝東攵,攵
10922,10922,10922,敻,⿱&CDP-8CAF;&CDP-88FD;,攵
10923,10923,10923,敳,⿰⿱山豆攵,攵
10924,10924,10924,敵,⿰⿱&CDP-8BAE;&CDP-8C6C;攵,攵
10925,10925,10925,敷,⿰⿱⿺&CDP-86B7;丶⿱⿱丶一&CDP-8B6C;攵,攵
10926,10926,10926,敹,⿰⿳⺊冖⿱丿米攵,攵
10927,10927,10927,數,⿰⿱&CDP-89C5;女攵,攵
10928,10928,10928,敿,⿰⿱⿱⿱丿⿻一人口⿵冂口攵,攵
10929,10929,10929,敾,⿰⿱⿱⿱⿱丷一&CDP-8BF1;⿱丷一口攵,攵
10930,10930,10930,整,⿱⿰束攵⿱一止,攵
10931,10931,10931,斃,⿱⿰⿻丷⿻巾八攵⿸⿱一⿴𠂊丶⿺乚丿,攵
10932,10932,10932,斁,⿰⿱罒⿱⿱十一⿱丷干攵,攵
10933,10933,10933,斂,⿰⿳⿱人一⿰口口⿰人人攵,攵
10934,10934,10934,斄,⿸⿱⿰未攵厂⿻木⿰人人,攵
10935,10935,10935,斆,⿰⿱⿶&CDP-8B64;⿱㐅⿻丿乀子攵,攵
10936,10936,10936,氘,⿹⿳𠂉一乁&CDP-8BF5;,气
10937,10937,10937,氖,⿹⿳𠂉一乁⿹𠄎丿,气
10938,10938,10938,気,⿹⿳𠂉一乁㐅,气
10939,10939,10939,气,⿳𠂉一乁,气
10940,10940,10940,氕,⿹⿳𠂉一乁丿,气
10941,10941,10941,氚,⿹⿳𠂉一乁川,气
10942,10942,10942,氙,⿹⿳𠂉一乁山,气
10943,10943,10943,氛,⿹⿳𠂉一乁⿱八⿹𠃌丿,气
10944,10944,10944,氝,⿹⿳𠂉一乁⿻冂人,气
10945,10945,10945,氜,⿹⿳𠂉一乁日,气
10946,10946,10946,氡,⿹⿳𠂉一乁⿱夂⿱丶丶,气
10947,10947,10947,氟,⿹⿳𠂉一乁⿻弓&CDP-8BF5;,气
10948,10948,10948,氞,⿹⿳𠂉一乁⿱一⿻冂人,气
10949,10949,10949,氢,⿹⿳𠂉一乁⿱ス工,气
10950,10950,10950,氠,⿹⿳𠂉一乁申,气
10951,10951,10951,氦,⿹⿳𠂉一乁⿳⿱丶一⿰𠃋丿人,气
10952,10952,10952,氣,⿹⿳𠂉一乁米,气
10953,10953,10953,氥,⿹⿳𠂉一乁⿱一⿻⿰丿乚口,气
10954,10954,10954,氩,⿹⿳𠂉一乁⿱一⿱&CDP-85F0;一,气
10955,10955,10955,氤,⿹⿳𠂉一乁⿴囗⿻一人,气
10956,10956,10956,氧,⿹⿳𠂉一乁⿱⿱丷一&CDP-8BF1;,气
10957,10957,10957,氨,⿹⿳𠂉一乁⿱宀女,气
10958,10958,10958,氪,⿹⿳𠂉一乁⿱⿱十口⿰丿乚,气
10959,10959,10959,氫,⿹⿳𠂉一乁⿳一⿲𡿨𡿨𡿨工,气
10960,10960,10960,氮,⿹⿳𠂉一乁⿱⿱八人⿱八人,气
10961,10961,10961,氭,⿹⿳𠂉一乁東,气
10962,10962,10962,氯,⿹⿳𠂉一乁⿱彐⿻亅&CDP-89AE;,气
10963,10963,10963,氰,⿹⿳𠂉一乁⿱龶月,气
10964,10964,10964,氬,⿹⿳𠂉一乁⿳一&CDP-88A1;一,气
10965,10965,10965,氲,⿹⿳𠂉一乁⿱日皿,气
10966,10966,10966,氱,⿹⿳𠂉一乁⿱⿱日一⿹勹&CDP-89A6;,气
10967,10967,10967,氳,⿹⿳𠂉一乁⿱⿴囗人皿,气
10968,10968,10968,次,⿰冫欠,欠
10969,10969,10969,欢,⿰又欠,欠
10970,10970,10970,欠,欠,欠
10971,10971,10971,欤,⿰⿹&CDP-8BBF;一欠,欠
10972,10972,10972,欦,⿰⿱⿱人丶㇇欠,欠
10973,10973,10973,欣,⿰⿸𠂆⿱一丨欠,欠
10974,10974,10974,欥,⿰日欠,欠
10975,10975,10975,欧,⿰⿷匚㐅欠,欠
10976,10976,10976,欪,⿰⿱⿻凵丨凵欠,欠
10977,10977,10977,欩,⿰⿱⿹𠃌丿口欠,欠
10978,10978,10978,欨,⿰⿹勹口欠,欠
10979,10979,10979,欱,⿰⿱⿱人一口欠,欠
10980,10980,10980,欮,⿰⿱⿱丷一⿻凵丨欠,欠
10981,10981,10981,欬,⿰⿳⿱丶一⿰𠃋丿人欠,欠
10982,10982,10982,欴,⿰&CDP-8C42;欠,欠
10983,10983,10983,欯,⿰⿱⿱十一口欠,欠
10984,10984,10984,欰,⿰⿱丿皿欠,欠
10985,10985,10985,欭,⿰⿴囗⿻一人欠,欠
10986,10986,10986,欳,⿰⿱⺊⿵冂⿻十丨欠,欠
10987,10987,10987,欵,⿰⿱⿺乚丿⿱𠂉⿻一人欠,欠
10988,10988,10988,欫,⿰⿱𠂉⿻一&CDP-8960;欠,欠
10989,10989,10989,欶,⿰束欠,欠
10990,10990,10990,欷,⿰⿱㐅⿸𠂇巾欠,欠
10991,10991,10991,欲,⿰谷欠,欠
10992,10992,10992,欸,⿰⿱厶⿱𠂉⿻一人欠,欠
10993,10993,10993,欻,⿰⿱⿱八人⿱八人欠,欠
10994,10994,10994,欼,⿰⿱⿰又又⿰又又欠,欠
10995,10995,10995,歄,⿰⿵⿱⿵冂𠃍冂口欠,欠
10996,10996,10996,款,⿰&CDP-8C6A;欠,欠
10997,10997,10997,欿,⿰⿱勹臼欠,欠
10998,10998,10998,欺,⿰⿱&CDP-8B72;八欠,欠
10999,10999,10999,欹,⿰⿱⿻一人⿹⿱一亅口欠,欠
11000,11000,11000,欽,⿰⿱人&CDP-8DE3;欠,欠
11001,11001,11001,歂,⿰⿱山⿱一⿱丿⿵冂⿰丨丨欠,欠
11002,11002,11002,歀,⿰⿱木示欠,欠
11003,11003,11003,歁,⿰⿱&CDP-88C8;⿷匚⿰丿乚欠,欠
11004,11004,11004,歃,⿰⿻⿱丿十臼欠,欠
11005,11005,11005,歇,⿰⿱日⿹勹⿺𠃊人欠,欠
11006,11006,11006,歆,⿰⿱⿱&CDP-8BAE;一日欠,欠
11007,11007,11007,歈,⿰⿱⿱人一⿰月刂欠,欠
11008,11008,11008,歅,⿰⿱⿱一&CDP-86EA;⿱十一欠,欠
11009,11009,11009,歌,⿰⿱⿹⿱一亅口⿹⿱一亅口欠,欠
11010,11010,11010,歒,⿰⿱&CDP-8BAE;&CDP-8C6C;欠,欠
11011,11011,11011,歉,⿰⿱⿱丷一&CDP-8CDE;欠,欠
11012,11012,11012,歍,⿰⿹&CDP-89DF;灬欠,欠
11013,11013,11013,歊,⿰⿳⿱丶一口⿵冂口欠,欠
11014,11014,11014,歋,⿰⿸𠂆⿸⿸⿱⺊&CDP-88E2;⿻㇀乚几欠,欠
11015,11015,11015,歓,⿰⿱𠂉⿻一隹欠,欠
11016,11016,11016,歑,⿰⿸⿸⿱⺊&CDP-88E2;⿻㇀乚乎欠,欠
11017,11017,11017,歏,⿰⿱廿&CDP-8A6D;欠,欠
11018,11018,11018,歎,⿰&CDP-8BD3;欠,欠
11019,11019,11019,歔,⿰⿸⿸⿱⺊&CDP-88E2;⿻㇀乚⿱&CDP-85F0;一欠,欠
11020,11020,11020,歐,⿰⿷匚⿱口⿰口口欠,欠
11021,11021,11021,歕,⿰⿱⿱十⿻一&CDP-8BF5;⿱目八欠,欠
11022,11022,11022,歚,⿰⿱⿱⿱⿱丷一&CDP-8BF1;⿱丷一口欠,欠
11023,11023,11023,歙,⿰⿱⿱⿱人一口⿰⿹𠃌冫⿹𠃌冫欠,欠
11024,11024,11024,歘,⿰⿱⿱八人⿰⿱八人⿱八人欠,欠
11025,11025,11025,歖,⿰⿱⿱十豆口欠,欠
11026,11026,11026,歜,⿰⿱罒⿹勹虫欠,欠
11027,11027,11027,歛,⿰⿳⿱人一⿰口口⿰人人欠,欠
11028,11028,11028,歗,⿰肅欠,欠
11029,11029,11029,歝,⿰⿱罒⿱⿱十一⿱丷干欠,欠
11030,11030,11030,歟,⿰⿶&CDP-8BA8;&CDP-8BC2;欠,欠
11031,11031,11031,歞,⿰⿱日⿱⿰⿰&CDP-895C;丶⿰&CDP-895C;丶灬欠,欠
11032,11032,11032,歠,⿰⿱⿱⿰又又⿰又又酉欠,欠
11033,11033,11033,歡,⿰⿱艹⿱⿰口口隹欠,欠
11034,11034,11034,犬,犬,犬
11035,11035,11035,犮,⿺⿸𠂇又丶,犬
11036,11036,11036,状,⿰丬犬,犬
11037,11037,11037,狀,⿰爿犬,犬
11038,11038,11038,狊,⿱目犬,犬
11039,11039,11039,猋,⿱犬⿰犬犬,犬
11040,11040,11040,猆,⿱非犬,犬
11041,11041,11041,猒,⿰⿱⿵冂⿱一一月犬,犬
11042,11042,11042,猌,⿰⿻木⿰人人犬,犬
11043,11043,11043,献,⿰⿱十&CDP-8BDC;犬,犬
11044,11044,11044,猷,⿰⿱丷酉犬,犬
11045,11045,11045,獃,⿰⿱山豆犬,犬
11046,11046,11046,獒,⿱⿰⿱龶&CDP-8B6C;攵犬,犬
11047,11047,11047,獘,⿱⿰⿻丷⿻巾八攵犬,犬
11048,11048,11048,獎,⿱⿰爿&CDP-8BC3;犬,犬
11049,11049,11049,獣,⿰⿳⿱𭕄田一口犬,犬
11050,11050,11050,獸,⿰⿱&CDP-8DAE;口犬,犬
11051,11051,11051,獻,⿰⿸⿸⿱⺊&CDP-88E2;⿻㇀乚⿳一口⿵⿵冂⿰丿乚⿱一丨犬,犬
11052,11052,11052,旮,⿱九日,日
11053,11053,11053,旯,⿱日九,日
11054,11054,11054,旫,⿰日⿹𠃌丿,日
11055,11055,11055,旪,⿰日十,日
11056,11056,11056,旭,⿺九日,日
11057,11057,11057,旬,⿹勹日,日
11058,11058,11058,旨,⿱⿺乚丿日,日
11059,11059,11059,早,⿱日十,日
11060,11060,11060,日,日,日
11061,11061,11061,旦,⿱日一,日
11062,11062,11062,旧,⿰丨日,日
11063,11063,11063,旵,⿱日山,日
11064,11064,11064,旳,⿰日⿹勹丶,日
11065,11065,11065,旰,⿰日干,日
11066,11066,11066,旱,⿱日干,日
11067,11067,11067,昅,⿰日及,日
11068,11068,11068,旷,⿰日广,日
11069,11069,11069,时,⿰日寸,日
11070,11070,11070,旲,⿱日⿻一人,日
11071,11071,11071,旴,⿰日于,日
11072,11072,11072,旸,⿰日𠃓,日
11073,11073,11073,昁,⿰日⿻一巾,日
11074,11074,11074,昄,⿰日⿸𠂆又,日
11075,11075,11075,昌,⿱日日,日
11076,11076,11076,旾,⿱⿻丿⿻凵乚日,日
11077,11077,11077,昐,⿰日⿱八⿹𠃌丿,日
11078,11078,11078,昉,⿰日⿱⿱丶一&CDP-8B6C;,日
11079,11079,11079,昘,⿱日⿱⿱丶一&CDP-8B6C;,日
11080,11080,11080,昋,⿱⿱一⿻一人日,日
11081,11081,11081,昊,⿱日⿱一⿻一人,日
11082,11082,11082,昈,⿰日⿱丶尸,日
11083,11083,11083,昒,⿰日⿹勹&CDP-89A6;,日
11084,11084,11084,昏,⿱氏日,日
11085,11085,11085,昛,⿰日巨,日
11086,11086,11086,昆,⿱日比,日
11087,11087,11087,旻,⿱日⿱⿱丶一⿻丿乀,日
11088,11088,11088,旼,⿰日⿱⿱丶一⿻丿乀,日
11089,11089,11089,明,⿰日月,日
11090,11090,11090,昑,⿰日⿱⿱人丶㇇,日
11091,11091,11091,旹,⿱⿱⿻凵丨一日,日
11092,11092,11092,昇,⿱日⿱丿⿻一&CDP-8BF5;,日
11093,11093,11093,昙,⿱日⿱⿱一一厶,日
11094,11094,11094,旽,⿰日⿻丿⿻凵乚,日
11095,11095,11095,旺,⿰日⿱一⿱十一,日
11096,11096,11096,旿,⿰日⿱𠂉十,日
11097,11097,11097,昍,⿰日日,日
11098,11098,11098,昔,⿱⿱⿻十丨一日,日
11099,11099,11099,昕,⿰日⿸𠂆⿱一丨,日
11100,11100,11100,昖,⿰日⿱八厶,日
11101,11101,11101,易,⿱日⿹勹&CDP-89A6;,日
11102,11102,11102,昀,⿰日⿹勹冫,日
11103,11103,11103,昃,⿱日⿸厂人,日
11104,11104,11104,昗,⿱日⿱⿱丶一八,日
11105,11105,11105,昂,⿱日⿰&CDP-8CBD;卩,日
11106,11106,11106,昪,⿱日⿱厶⿻一&CDP-8BF5;,日
11107,11107,11107,昞,⿰日⿱一⿻冂人,日
11108,11108,11108,昺,⿱日⿱一⿻冂人,日
11109,11109,11109,春,⿱⿻⿱一⿱一一人日,日
11110,11110,11110,昶,⿺永日,日
11111,11111,11111,昳,⿰日⿰丿⿻⿱一一人,日
11112,11112,11112,昴,⿱日⿰𠂎卩,日
11113,11113,11113,昸,⿰日⿱夂⿱丶丶,日
11114,11114,11114,昲,⿰日⿻弓&CDP-8BF5;,日
11115,11115,11115,昦,⿱日⿱⿻一人&CDP-8BF5;,日
11116,11116,11116,昬,⿱民日,日
11117,11117,11117,昿,⿰日⿸广厶,日
11118,11118,11118,昤,⿰日⿱⿱人丶龴,日
11119,11119,11119,昽,⿰日⿻⿺尢丶丿,日
11120,11120,11120,昧,⿰日未,日
11121,11121,11121,昩,⿰日末,日
11122,11122,11122,昵,⿰日⿸尸⿺乚丿,日
11123,11123,11123,昢,⿰日⿱⿻凵丨凵,日
11124,11124,11124,昚,⿱⿻⿻一人丷日,日
11125,11125,11125,是,⿱日⿱一龰,日
11126,11126,11126,昰,⿱日⿱一止,日
11127,11127,11127,昷,⿱日皿,日
11128,11128,11128,显,⿱日⿱&CDP-85F0;一,日
11129,11129,11129,昡,⿰日⿱⿱丶一⿰&CDP-895C;丶,日
11130,11130,11130,昫,⿰日⿹勹口,日
11131,11131,11131,星,⿱日生,日
11132,11132,11132,昜,⿱⿱日一⿹勹&CDP-89A6;,日
11133,11133,11133,映,⿰日央,日
11134,11134,11134,昱,⿱日⿱&CDP-8BAE;一,日
11135,11135,11135,昼,⿱尺⿱日一,日
11136,11136,11136,昭,⿰日⿱⿹𠃌丿口,日
11137,11137,11137,昣,⿰日⿱人彡,日
11138,11138,11138,昨,⿰日乍,日
11139,11139,11139,昮,⿱日⿰工⿻丿𠃌,日
11140,11140,11140,昝,⿱⿺夂卜日,日
11141,11141,11141,昻,⿱日⿰工卩,日
11142,11142,11142,昹,⿰日永,日
11143,11143,11143,晉,⿱⿳一⿰厶厶一日,日
11144,11144,11144,晋,⿱⿱一⿱&CDP-85F0;一日,日
11145,11145,11145,晅,⿰日⿱一⿱日一,日
11146,11146,11146,晁,⿱日兆,日
11147,11147,11147,晐,⿰日⿳⿱丶一⿰𠃋丿人,日
11148,11148,11148,晃,⿱日⿱⺌⿱一⿰丿乚,日
11149,11149,11149,晖,⿰日⿱冖车,日
11150,11150,11150,晄,⿰日⿱⺌⿱一⿰丿乚,日
11151,11151,11151,晎,⿰日⿱⿱⿻十丨一八,日
11152,11152,11152,晈,⿰日⿱⿱丶一⿱八⿻丿乀,日
11153,11153,11153,晆,⿰日⿱⿱十一⿱十一,日
11154,11154,11154,晒,⿰日⿱一⿻⿰丿乚口,日
11155,11155,11155,晟,⿱日⿵戊𠃌,日
11156,11156,11156,晠,⿰日⿵戊𠃌,日
11157,11157,11157,時,⿰日⿱⿱十一寸,日
11158,11158,11158,晌,⿰日⿵&CDP-8BD6;口,日
11159,11159,11159,晀,⿰日兆,日
11160,11160,11160,晍,⿰日⿵⿵冂一口,日
11161,11161,11161,晑,⿱日⿵&CDP-8BD6;口,日
11162,11162,11162,晓,⿰日⿱⿻⿻一乚丿⿱一⿰丿乚,日
11163,11163,11163,晇,⿰日⿱⿻一人⿱一⿱一㇉,日
11164,11164,11164,晏,⿱日⿱宀女,日
11165,11165,11165,晔,⿰日⿱⿰亻⿻乚丿十,日
11166,11166,11166,晕,⿱日⿱冖车,日
11167,11167,11167,晊,⿰日⿱⿱一厶⿱十一,日
11168,11168,11168,晨,⿱日⿸厂⿱⿱一一&CDP-8CC6;,日
11169,11169,11169,晡,⿰日⿺&CDP-86B7;丶,日
11170,11170,11170,晦,⿰日⿱𠂉母,日
11171,11171,11171,晘,⿰日⿱日干,日
11172,11172,11172,晧,⿰日⿱⿰丿土口,日
11173,11173,11173,晗,⿰日⿱⿱⿱人丶㇇口,日
11174,11174,11174,晙,⿰日⿳厶八夂,日
11175,11175,11175,晜,⿱日⿱丷⿹⿻弓丨丿,日
11176,11176,11176,晤,⿰日⿱⿱一𫝀口,日
11177,11177,11177,晥,⿰日⿱宀⿱一⿱一⿰丿乚,日
11178,11178,11178,晚,⿰日⿱𠂊&CDP-8BCB;,日
11179,11179,11179,晛,⿰日⿱目⿰丿乚,日
11180,11180,11180,晞,⿰日⿱㐅⿸𠂇巾,日
11181,11181,11181,晢,⿱⿰扌⿸𠂆⿱一丨日,日
11182,11182,11182,晣,⿰日⿰扌⿸𠂆⿱一丨,日
11183,11183,11183,晝,⿱&CDP-8BC6;⿱日一,日
11184,11184,11184,晿,⿰日⿱日日,日
11185,11185,11185,暃,⿱日非,日
11186,11186,11186,晷,⿱日⿱⿺夂卜口,日
11187,11187,11187,晶,⿱日⿰日日,日
11188,11188,11188,景,⿱日⿳⿱丶一口小,日
11189,11189,11189,晾,⿰日⿳⿱丶一口小,日
11190,11190,11190,晽,⿰日⿰木木,日
11191,11191,11191,晲,⿰日⿱臼⿰丿乚,日
11192,11192,11192,普,⿱⿱⿱丷一⿱&CDP-85F0;一日,日
11193,11193,11193,晴,⿰日⿱龶月,日
11194,11194,11194,晵,⿱⿰⿱丶尸攵日,日
11195,11195,11195,晱,⿰日⿱⿱八人⿱八人,日
11196,11196,11196,暏,⿰日⿸耂日,日
11197,11197,11197,暑,⿱日⿸耂日,日
11198,11198,11198,晪,⿰日⿱&CDP-89E0;八,日
11199,11199,11199,晩,⿰日⿱𠂊&CDP-8BCB;,日
11200,11200,11200,晼,⿰日⿱宀⿰⿴𠂊丶㔾,日
11201,11201,11201,暀,⿰日⿰彳⿱⿱丶一⿱十一,日
11202,11202,11202,暙,⿰日⿱⿻⿱一⿱一一人日,日
11203,11203,11203,暁,⿰日⿱⿱十⿻一&CDP-8BF5;⿱一⿰丿乚,日
11204,11204,11204,晰,⿰日⿰木⿸𠂆⿱一丨,日
11205,11205,11205,晳,⿱⿰木⿸𠂆⿱一丨日,日
11206,11206,11206,晹,⿰日⿱日⿹勹&CDP-89A6;,日
11207,11207,11207,暎,⿰日⿱艹央,日
11208,11208,11208,晫,⿰日⿱⺊⿱日十,日
11209,11209,11209,智,⿱⿰⿱𠂉⿻一人口日,日
11210,11210,11210,晭,⿰日⿵⺆⿱⿱十一口,日
11211,11211,11211,晬,⿰日⿱⿱⿱丶一⿰人人十,日
11212,11212,11212,暂,⿱⿰车⿸𠂆⿱一丨日,日
11213,11213,11213,晻,⿰日⿱⿻一人⿻日乚,日
11214,11214,11214,暅,⿰日⿰忄⿱一⿱日一,日
11215,11215,11215,暉,⿰日⿱冖車,日
11216,11216,11216,暕,⿰日柬,日
11217,11217,11217,暇,⿰日⿰&CDP-8C7A;&CDP-8C79;,日
11218,11218,11218,暗,⿰日⿱⿱&CDP-8BAE;一日,日
11219,11219,11219,暌,⿰日⿱⿰&CDP-88D3;&CDP-88D5;⿱一⿻一人,日
11220,11220,11220,暓,⿱⿰⿱龴⿹⿱乛亅丿攵日,日
11221,11221,11221,暋,⿱⿰民攵日,日
11222,11222,11222,暖,⿰日⿳⿱丿𭕄一⿸𠂇又,日
11223,11223,11223,暔,⿰日⿱十&CDP-8BDC;,日
11224,11224,11224,暒,⿰日⿱日生,日
11225,11225,11225,暛,⿰日⿸⿱⿱丷一&CDP-8BF1;工,日
11226,11226,11226,暐,⿰日⿳𫝀口㐄,日
11227,11227,11227,暄,⿰日⿱宀⿱一⿱日一,日
11228,11228,11228,暊,⿰日頁,日
11229,11229,11229,暘,⿰日⿱⿱日一⿹勹&CDP-89A6;,日
11230,11230,11230,暆,⿰日⿰⿱⿱丶一&CDP-8B6C;⿱𠂉也,日
11231,11231,11231,暈,⿱日⿱冖車,日
11232,11232,11232,暍,⿰日⿱日⿹勹⿺𠃊人,日
11233,11233,11233,晸,⿱日⿰⿱一止攵,日
11234,11234,11234,暢,⿰申⿱⿱日一⿹勹&CDP-89A6;,日
11235,11235,11235,暠,⿱日⿳⿱丶一口⿵冂口,日
11236,11236,11236,暤,⿰日⿱白⿱⿻一人十,日
11237,11237,11237,暞,⿰日⿱自木,日
11238,11238,11238,暨,⿱⿰&CDP-8B7C;旡⿱日一,日
11239,11239,11239,暟,⿰日⿱山豆,日
11240,11240,11240,暦,⿸⿸厂⿰木木日,日
11241,11241,11241,暝,⿰日⿱冖⿱日⿱⿱丶一八,日
11242,11242,11242,暯,⿰日⿱艹⿱日⿻一人,日
11243,11243,11243,暮,⿱⿱艹⿱日⿻一人日,日
11244,11244,11244,暱,⿰日⿷匚⿱艹⿸𠂇口,日
11245,11245,11245,暜,⿱⿰⿱&CDP-8BAE;一⿱&CDP-8BAE;一日,日
11246,11246,11246,暣,⿰日⿹⿳𠂉一乁米,日
11247,11247,11247,暡,⿰日⿱⿱八厶⿰⿹𠃌冫⿹𠃌冫,日
11248,11248,11248,暥,⿰日⿱日⿱宀女,日
11249,11249,11249,暚,⿰日⿱⿱丿𭕄缶,日
11250,11250,11250,曄,⿰日⿱艹&CDP-8BF8;,日
11251,11251,11251,暧,⿰日⿱&CDP-8BB8;⿸𠂇又,日
11252,11252,11252,暴,⿱日⿱⿱⿱⿻十丨一八⿻亅&CDP-89AE;,日
11253,11253,11253,暷,⿰日⿱&CDP-8BD0;寸,日
11254,11254,11254,暰,⿰日⿰彳&CDP-8BB0;,日
11255,11255,11255,曃,⿰日⿺辶隶,日
11256,11256,11256,曂,⿰日⿳⿱⿻十丨一由八,日
11257,11257,11257,暳,⿰日⿱⿰⿻⿱一⿱一一丨⿻⿱一⿱一一丨彐,日
11258,11258,11258,暵,⿰日&CDP-8BD3;,日
11259,11259,11259,暭,⿰日⿱白⿻十&CDP-89AE;,日
11260,11260,11260,暩,⿰日⿱&CDP-8C4F;示,日
11261,11261,11261,暪,⿰日⿱廿&CDP-8C62;,日
11262,11262,11262,暼,⿱⿰⿻丷⿻巾八攵日,日
11263,11263,11263,曏,⿱日⿰乡⿰&CDP-8C42;阝,日
11264,11264,11264,暬,⿱⿰⿱⿱⿱十一⿰丿乚⿱十一⿻九丶日,日
11265,11265,11265,暹,⿺辶⿱日隹,日
11266,11266,11266,暶,⿰日⿰⿱⿱丶一&CDP-8B6C;⿱𠂉疋,日
11267,11267,11267,曅,⿱日⿱艹&CDP-8BF8;,日
11268,11268,11268,暲,⿰日⿱⿱&CDP-8BAE;一⿱日十,日
11269,11269,11269,曁,⿱⿰⿱白⿺乚丿旡⿱日一,日
11270,11270,11270,暫,⿱⿰車⿸𠂆⿱一丨日,日
11271,11271,11271,曊,⿰日⿱⿻弓&CDP-8BF5;⿱目八,日
11272,11272,11272,曍,⿰日⿱自⿻十&CDP-89AE;,日
11273,11273,11273,曔,⿰日⿰⿱艹⿹勹口攵,日
11274,11274,11274,暻,⿰日⿱日⿳⿱丶一口小,日
11275,11275,11275,暸,⿰日⿱⿱⿻⿻一人丷日小,日
11276,11276,11276,曆,⿸⿸厂⿰⿱丿木⿱丿木日,日
11277,11277,11277,暽,⿰日⿱米⿰⿴𠂊丶㐄,日
11278,11278,11278,曋,⿰日⿱⿱一&CDP-86EA;⿱日十,日
11279,11279,11279,曇,⿱日⿱⿱一⿻冂&CDP-8C41;⿱⿱一一厶,日
11280,11280,11280,曈,⿰日⿱⿱&CDP-8BAE;一⿱&CDP-8BD9;一,日
11281,11281,11281,暾,⿰日⿰⿳⿱丶一口子攵,日
11282,11282,11282,暺,⿰日⿱⿰口口&CDP-8BD9;,日
11283,11283,11283,曉,⿰日⿱⿱⿱十一⿰⿱十一⿱十一⿱一⿰丿乚,日
11284,11284,11284,暿,⿰日⿱⿱十豆口,日
11285,11285,11285,曀,⿰日⿳⿱十一冖豆,日
11286,11286,11286,曚,⿰日⿱艹⿳冖一⿱一𧰨,日
11287,11287,11287,曌,⿱⿰日月⿱⿱宀八工,日
11288,11288,11288,曓,⿳⿱日⿱⿻凵丨凵⿻一人⿱⿻一人十,日
11289,11289,11289,曒,⿰日⿰⿱白⿱⿱丶一&CDP-8B6C;攵,日
11290,11290,11290,曑,⿱⿱日⿰日日⿱人彡,日
11291,11291,11291,曙,⿰日⿱罒⿸耂日,日
11292,11292,11292,曐,⿱⿱日⿰日日生,日
11293,11293,11293,曕,⿰日⿸⿱𠂊厂&CDP-8CC3;,日
11294,11294,11294,曗,⿰日⿱⿱&CDP-85F0;一⿱⿱丷一未,日
11295,11295,11295,曎,⿰日⿱罒⿱⿱十一⿱丷干,日
11296,11296,11296,曖,⿰日⿱&CDP-8BB8;⿱心夂,日
11297,11297,11297,曠,⿰日⿸广⿳⿱⿻十丨一由八,日
11298,11298,11298,曞,⿰日⿸厂⿱艹禺,日
11299,11299,11299,曘,⿰日⿱⿱一⿻冂&CDP-8C41;⿱一⿱丿⿵冂⿰丨丨,日
11300,11300,11300,曛,⿰日熏,日
11301,11301,11301,曜,⿰日⿱⿰⿹𠃌冫⿹𠃌冫隹,日
11302,11302,11302,簪,⿱竹⿱⿰旡旡日,日
11303,11303,11303,簮,⿱竹⿱⿰⿻⿱一一人⿻⿱一一人日,日
11304,11304,11304,曝,⿰日⿱日⿱⿱⿱⿻十丨一八⿻亅&CDP-89AE;,日
11305,11305,11305,曟,⿱⿱日⿰日日⿸厂⿱⿱一一&CDP-8CC6;,日
11306,11306,11306,曡,⿱⿱日⿰日日⿱冖且,日
11307,11307,11307,曢,⿰日⿱宀⿱⿱⿻⿻一人丷日小,日
11308,11308,11308,曤,⿰日⿱⿱一⿻冂&CDP-8C41;隹,日
11309,11309,11309,曨,⿰日⿰⿱⿱&CDP-8BAE;一月&CDP-89B0;,日
11310,11310,11310,曥,⿰日⿸⿸⿱⺊&CDP-88E2;⿻㇀乚&CDP-8CF4;,日
11311,11311,11311,曧,⿱日⿰⿳一口⿵⿵冂⿰丿乚⿱一丨虫,日
11312,11312,11312,曦,⿰日⿱⿱⿱丷一⿱十一&CDP-8DBA;,日
11313,11313,11313,曣,⿰日⿳廿&CDP-8D76;灬,日
11314,11314,11314,曩,⿱日⿳⿱丶一&CDP-8CA3;𧘇,日
11315,11315,11315,曮,⿰日⿱⿰口口⿸厂⿰⿱乛耳攵,日
11316,11316,11316,曫,⿱⿲⿱⿰&CDP-895C;丶小言⿱⿰&CDP-895C;丶小日,日
11317,11317,11317,曪,⿰日⿱罒⿰⿱⿰&CDP-895C;丶&CDP-885E;隹,日
11318,11318,11318,曬,⿰日⿱⿰⿱一⿵冂一⿱一⿵冂一⿸&CDP-8D56;比,日
11319,11319,11319,曭,⿰日⿱⿱⿱⺌冖口⿱&CDP-88D4;灬,日
11320,11320,11320,曯,⿰日⿸尸⿱⿻亅&CDP-89AE;⿱⺫⿹勹虫,日
11321,11321,11321,氒,⿱氏十,氏
11322,11322,11322,氏,氏,氏
11323,11323,11323,氐,⿱氏丶,氏
11324,11324,11324,民,民,氏
11325,11325,11325,氓,⿰⿱⿱丶一𠃊民,氏
11326,11326,11326,祁,⿰礻阝,礻
11327,11327,11327,礽,⿰礻⿹𠄎丿,礻
11328,11328,11328,礻,礻,礻
11329,11329,11329,礼,⿰礻乚,礻
11330,11330,11330,祃,⿰礻⿹&CDP-8A77;一,礻
11331,11331,11331,社,⿰礻⿱十一,礻
11332,11332,11332,祀,⿰礻巳,礻
11333,11333,11333,祂,⿰礻也,礻
11334,11334,11334,礿,⿰礻⿹勹丶,礻
11335,11335,11335,祊,⿰礻⿱⿱丶一&CDP-8B6C;,礻
11336,11336,11336,祋,⿰礻⿱𠘧又,礻
11337,11337,11337,祇,⿰礻氏,礻
11338,11338,11338,祈,⿰礻⿸𠂆⿱一丨,礻
11339,11339,11339,祍,⿰礻⿱丿⿱十一,礻
11340,11340,11340,祄,⿰礻⿱人&CDP-8BF5;,礻
11341,11341,11341,祆,⿰礻⿱一⿻一人,礻
11342,11342,11342,祅,⿰礻⿱丿⿻一人,礻
11343,11343,11343,祌,⿰礻⿻口丨,礻
11344,11344,11344,祉,⿰礻止,礻
11345,11345,11345,祎,⿰礻韦,礻
11346,11346,11346,祠,⿰礻⿹𠃌⿱一口,礻
11347,11347,11347,祔,⿰礻⿰亻寸,礻
11348,11348,11348,祓,⿰礻⿺⿸𠂇又丶,礻
11349,11349,11349,祜,⿰礻⿱十口,礻
11350,11350,11350,祙,⿰礻未,礻
11351,11351,11351,祕,⿰礻⿻心丿,礻
11352,11352,11352,祢,⿰礻⿱𠂊小,礻
11353,11353,11353,祛,⿰礻⿱⿱十一厶,礻
11354,11354,11354,神,⿰礻申,礻
11355,11355,11355,祏,⿰礻⿸⿱一丿口,礻
11356,11356,11356,祒,⿰礻⿱⿹𠃌丿口,礻
11357,11357,11357,祐,⿰礻⿸𠂇口,礻
11358,11358,11358,祑,⿰礻⿰丿⿻⿱一一人,礻
11359,11359,11359,祝,⿰礻⿱口⿰丿乚,礻
11360,11360,11360,祗,⿰礻⿱氏丶,礻
11361,11361,11361,祚,⿰礻乍,礻
11362,11362,11362,祖,⿰礻且,礻
11363,11363,11363,祪,⿰礻⿸⿱𠂊厂㔾,礻
11364,11364,11364,祮,⿰礻⿱⿱十一口,礻
11365,11365,11365,祣,⿰礻&CDP-8D55;,礻
11366,11366,11366,祧,⿰礻兆,礻
11367,11367,11367,祫,⿰礻⿱⿱人一口,礻
11368,11368,11368,祥,⿰礻⿱⿱丷一&CDP-8BF1;,礻
11369,11369,11369,祤,⿰礻⿰⿹𠃌冫⿹𠃌冫,礻
11370,11370,11370,祩,⿰礻朱,礻
11371,11371,11371,祯,⿰礻⿱⺊贝,礻
11372,11372,11372,祬,⿰礻⿱⿱一厶⿱十一,礻
11373,11373,11373,祶,⿰礻⿱丷⿹⿻弓丨丿,礻
11374,11374,11374,祷,⿰礻⿸⿻⿱一⿱一一丨寸,礻
11375,11375,11375,祰,⿰礻⿱⿰丿土口,礻
11376,11376,11376,祴,⿰礻⿹⿻⿺⿻一乚丶丿⿻一&CDP-8BF5;,礻
11377,11377,11377,祸,⿰礻⿱口⿻冂人,礻
11378,11378,11378,祲,⿰礻⿳&CDP-8BAB;冖又,礻
11379,11379,11379,祵,⿰礻⿴囗木,礻
11380,11380,11380,祱,⿰礻⿱丷⿱口⿰丿乚,礻
11381,11381,11381,祳,⿰礻⿸厂⿱⿱一一&CDP-8CC6;,礻
11382,11382,11382,祦,⿰礻⿱口⿱一⿻一人,礻
11383,11383,11383,禆,⿰礻⿱&CDP-89BE;十,礻
11384,11384,11384,禅,⿰礻⿱丷&CDP-8BD9;,礻
11385,11385,11385,禇,⿰礻⿸耂日,礻
11386,11386,11386,禂,⿰礻⿵⺆⿱⿱十一口,礻
11387,11387,11387,祼,⿰礻⿻日木,礻
11388,11388,11388,祻,⿰礻⿴囗⿱十口,礻
11389,11389,11389,禍,⿰礻⿵⿱⿵冂𠃍冂口,礻
11390,11390,11390,祾,⿰礻⿳⿱十一八夂,礻
11391,11391,11391,祿,⿰礻⿱彑⿻亅&CDP-89AE;,礻
11392,11392,11392,禄,⿰礻⿱彐⿻亅&CDP-89AE;,礻
11393,11393,11393,祺,⿰礻⿱&CDP-8B72;八,礻
11394,11394,11394,祹,⿰礻⿹勹缶,礻
11395,11395,11395,禃,⿰礻⿱十&CDP-8BA5;,礻
11396,11396,11396,祽,⿰礻⿱⿱⿱丶一⿰人人十,礻
11397,11397,11397,禙,⿰礻⿱⿰&CDP-8BC5;⿺乚丿月,礻
11398,11398,11398,禘,⿰礻⿱&CDP-8BEC;巾,礻
11399,11399,11399,福,⿰礻⿱⿱一口田,礻
11400,11400,11400,禈,⿰礻⿱冖車,礻
11401,11401,11401,禎,⿰礻⿱⺊⿱目八,礻
11402,11402,11402,禖,⿰礻⿱甘木,礻
11403,11403,11403,禓,⿰礻⿱⿱日一⿹勹&CDP-89A6;,礻
11404,11404,11404,禗,⿰礻⿱田心,礻
11405,11405,11405,禒,⿰礻⿱彑𧰨,礻
11406,11406,11406,禊,⿰礻⿱⿰⿻⿱一⿱一一丨⿹𠃌丿⿻一人,礻
11407,11407,11407,禑,⿰礻禺,礻
11408,11408,11408,禐,⿰礻⿳⿱丿𭕄一⿸𠂇又,礻
11409,11409,11409,禕,⿰礻⿳𫝀口㐄,礻
11410,11410,11410,禋,⿰礻⿱⿱一&CDP-86EA;⿱十一,礻
11411,11411,11411,禉,⿰礻⿱丷酉,礻
11412,11412,11412,禔,⿰礻⿱日⿱一龰,礻
11413,11413,11413,禌,⿰礻⿱⿱丷一⿰⿰&CDP-895C;丶⿰&CDP-895C;丶,礻
11414,11414,11414,禣,⿰礻⿱⿺&CDP-86B7;丶寸,礻
11415,11415,11415,禞,⿰礻⿳⿱丶一口⿵冂口,礻
11416,11416,11416,禝,⿰礻⿳田八夂,礻
11417,11417,11417,禡,⿰礻⿹&CDP-896A;灬,礻
11418,11418,11418,禠,⿰礻⿸𠂆⿸⿸⿱⺊&CDP-88E2;⿻㇀乚几,礻
11419,11419,11419,禟,⿰礻⿸广&CDP-8CC1;,礻
11420,11420,11420,禢,⿰礻⿱日⿰⿹𠃌冫⿹𠃌冫,礻
11421,11421,11421,禚,⿰礻⿱⿱⿱丷一⿱十一灬,礻
11422,11422,11422,禛,⿰礻⿱十⿱&CDP-8BA5;八,礻
11423,11423,11423,禥,⿰礻⿱⿱&CDP-8B72;八⿱十一,礻
11424,11424,11424,禩,⿰礻⿱田⿱⿱⿻十丨一八,礻
11425,11425,11425,禤,⿰礻⿱罒⿰⿹𠃌冫⿹𠃌冫,礻
11426,11426,11426,禫,⿰礻⿱⿱一&CDP-86EA;⿱日十,礻
11427,11427,11427,禨,⿰礻⿹&CDP-8BA4;人,礻
11428,11428,11428,禪,⿰礻⿱⿰口口&CDP-8BD9;,礻
11429,11429,11429,禭,⿰礻⿺辶⿱丷⿱一𧰨,礻
11430,11430,11430,禧,⿰礻⿱⿱十豆口,礻
11431,11431,11431,禬,⿰礻⿱⿱人一⿱&CDP-8B62;日,礻
11432,11432,11432,禮,⿰礻⿱曲豆,礻
11433,11433,11433,禯,⿰礻⿱曲⿸厂⿱⿱一一&CDP-8CC6;,礻
11434,11434,11434,禱,⿰礻⿳⿳⿱十一乛工一⿰口寸,礻
11435,11435,11435,禲,⿰礻⿸厂⿱艹禺,礻
11436,11436,11436,禰,⿰礻⿱一&CDP-88D6;,礻
11437,11437,11437,禳,⿰礻⿳⿱丶一&CDP-8CA3;𧘇,礻
11438,11438,11438,禴,⿰礻⿳⿱人一⿲口口口⿵冂⿻十丨,礻
11439,11439,11439,禵,⿰礻⿺⿱日⿱一龰頁,礻
11440,11440,11440,禷,⿰礻⿰⿱米犬頁,礻
11441,11441,11441,禶,⿰礻⿱⿰⿱⿰丿土⿰丿乚⿱⿰丿土⿰丿乚⿱目八,礻
11442,11442,11442,手,手,手
11443,11443,11443,承,承,手
11444,11444,11444,拜,⿰龵&CDP-8CE7;,手
11445,11445,11445,拏,⿱⿰女又手,手
11446,11446,11446,拲,⿱⿱⿱⿻十丨一八手,手
11447,11447,11447,挙,⿱⿳𭕄一八手,手
11448,11448,11448,挛,⿱⿱⿱丶一&CDP-8CB5;手,手
11449,11449,11449,拿,⿱⿱⿱人一口手,手
11450,11450,11450,挈,⿱⿰⿻⿱一⿱一一丨⿹𠃌丿手,手
11451,11451,11451,拳,⿱⿱丷⿻⿱一一人手,手
11452,11452,11452,挐,⿱⿰女口手,手
11453,11453,11453,挚,⿱⿰扌⿻九丶手,手
11454,11454,11454,挲,⿱⿰氵⿱小丿手,手
11455,11455,11455,掰,⿲龵⿱八⿹𠃌丿手,手
11456,11456,11456,掣,⿱⿰&CDP-89EC;刂手,手
11457,11457,11457,掱,⿱手⿰手手,手
11458,11458,11458,掔,⿱⿰臣又手,手
11459,11459,11459,掌,⿱⿱⿱⺌冖口手,手
11460,11460,11460,揫,⿱⿰⿱丿木⿱八人手,手
11461,11461,11461,揧,⿱⿰束刂手,手
11462,11462,11462,揱,⿱⿰⿱⺌月刂手,手
11463,11463,11463,揅,⿱⿰⿸⿱一丿口⿱一⿻一&CDP-8BF5;手,手
11464,11464,11464,搿,⿲龵⿱⿱人一口手,手
11465,11465,11465,摹,⿱⿱艹⿱日⿻一人手,手
11466,11466,11466,搻,⿱⿱⿱人一口⿰手手,手
11467,11467,11467,搫,⿱⿰舟⿱𠘧又手,手
11468,11468,11468,搴,⿱⿳宀⿱井一八手,手
11469,11469,11469,摮,⿱⿰⿱龶&CDP-8B6C;攵手,手
11470,11470,11470,撀,⿱⿰⿱⿱十一𠃜⿱𠘧又手,手
11471,11471,11471,撃,⿱⿰車⿱𠘧又手,手
11472,11472,11472,摩,⿸⿸广⿰木木手,手
11473,11473,11473,摰,⿱⿰⿱⿱⿱十一⿰丿乚⿱十一⿻九丶手,手
11474,11474,11474,撆,⿱⿰⿻丷⿻巾八攵手,手
11475,11475,11475,摯,⿱⿰⿱⿱十一⿱丷干⿻九丶手,手
11476,11476,11476,撉,⿱⿰⿳⿱丶一口子攵手,手
11477,11477,11477,擎,⿱⿰⿱艹⿹勹口攵手,手
11478,11478,11478,擘,⿱⿰⿸尸口⿱⿱&CDP-8BAE;一十手,手
11479,11479,11479,擊,⿱⿰⿱車凵⿱𠘧又手,手
11480,11480,11480,擧,⿱⿶&CDP-8BA8;&CDP-8BC2;手,手
11481,11481,11481,擥,⿱&CDP-8D50;手,手
11482,11482,11482,擪,⿸⿸厂⿰⿱⿵冂⿱一一月犬手,手
11483,11483,11483,攀,⿱⿱⿲木⿱㐅⿻丿乀木⿻一人手,手
11484,11484,11484,攣,⿱⿲⿱⿰&CDP-895C;丶小言⿱⿰&CDP-895C;丶小手,手
11485,11485,11485,殳,⿱𠘧又,殳
11486,11486,11486,殴,⿰⿷匚㐅⿱𠘧又,殳
11487,11487,11487,段,⿰&CDP-8CE4;⿱𠘧又,殳
11488,11488,11488,殶,⿰⿱⿱丶一⿱十一⿱𠘧又,殳
11489,11489,11489,殺,⿰⿱㐅朩⿱𠘧又,殳
11490,11490,11490,殷,⿰㐆⿱𠘧又,殳
11491,11491,11491,殻,⿰⿱⿱十一⿱冖几⿱𠘧又,殳
11492,11492,11492,殸,⿰⿱⿱十一𠃜⿱𠘧又,殳
11493,11493,11493,殹,⿰⿷匚⿱𠂉⿻一人⿱𠘧又,殳
11494,11494,11494,殼,⿰⿱⿱十一⿱冖几⿱𠘧又,殳
11495,11495,11495,殽,⿰⿱㐅⿸𠂇月⿱𠘧又,殳
11496,11496,11496,殾,⿰⿸耂日⿱𠘧又,殳
11497,11497,11497,殿,⿰⿸尸⿱⿱⿻十丨一八⿱𠘧又,殳
11498,11498,11498,毂,⿰⿳⿱十一冖车⿱𠘧又,殳
11499,11499,11499,毀,⿰&CDP-8DB4;⿱𠘧又,殳
11500,11500,11500,毁,⿰⿱臼工⿱𠘧又,殳
11501,11501,11501,毄,⿰⿱車口⿱𠘧又,殳
11502,11502,11502,毃,⿰⿳⿱丶一口⿵冂口⿱𠘧又,殳
11503,11503,11503,毅,⿰⿱⿱&CDP-8BAE;一𧰨⿱𠘧又,殳
11504,11504,11504,毆,⿰⿷匚⿱口⿰口口⿱𠘧又,殳
11505,11505,11505,毈,⿰⿰⿴𠂎丶⿴卩丶⿰&CDP-8CE4;⿱𠘧又,殳
11506,11506,11506,毇,⿰⿱臼米⿱𠘧又,殳
11507,11507,11507,毉,⿱⿰⿷匚⿱𠂉⿻一人⿱𠘧又⿻工⿰人人,殳
11508,11508,11508,毊,⿱⿰⿱⿱十一𠃜⿱𠘧又⿱⿱⿱丿⿻一人口⿵冂口,殳
11509,11509,11509,汆,⿱入⿲㇇亅&CDP-85BF;,水
11510,11510,11510,氼,⿱⿲㇇亅&CDP-85BF;人,水
11511,11511,11511,氽,⿱人⿲㇇亅&CDP-85BF;,水
11512,11512,11512,水,⿲㇇亅&CDP-85BF;,水
11513,11513,11513,氷,⿻⿲㇇亅&CDP-85BF;丶,水
11514,11514,11514,氹,⿺乙⿲㇇亅&CDP-85BF;,水
11515,11515,11515,氺,⿻亅&CDP-89AE;,水
11516,11516,11516,永,永,水
11517,11517,11517,氶,⿱乛⿲㇇亅&CDP-85BF;,水
11518,11518,11518,汞,⿱工⿲㇇亅&CDP-85BF;,水
11519,11519,11519,汖,⿱山⿲㇇亅&CDP-85BF;,水
11520,11520,11520,求,⿺&CDP-85DC;丶,水
11521,11521,11521,沊,⿺冘⿲㇇亅&CDP-85BF;,水
11522,11522,11522,沓,⿱⿲㇇亅&CDP-85BF;日,水
11523,11523,11523,汬,⿱井⿲㇇亅&CDP-85BF;,水
11524,11524,11524,沀,⿰⿲㇇亅&CDP-85BF;⿱龴⿱乛亅,水
11525,11525,11525,沝,⿰⿲㇇亅&CDP-85BF;⿲㇇亅&CDP-85BF;,水
11526,11526,11526,泵,⿱⿸⿱一丿口⿲㇇亅&CDP-85BF;,水
11527,11527,11527,泴,⿱⿲㇇亅&CDP-85BF;皿,水
11528,11528,11528,沗,⿱⿱一⿻一人⿻亅&CDP-89AE;,水
11529,11529,11529,泉,⿱白⿲㇇亅&CDP-85BF;,水
11530,11530,11530,泶,⿳𭕄冖⿲㇇亅&CDP-85BF;,水
11531,11531,11531,沯,⿱⿲㇇亅&CDP-85BF;⿸⿱一丿口,水
11532,11532,11532,浆,⿱⿰丬⿴𠂊丶⿲㇇亅&CDP-85BF;,水
11533,11533,11533,洜,⿱⿱夂口⿲㇇亅&CDP-85BF;,水
11534,11534,11534,洯,⿱⿰⿻⿱一⿱一一丨⿹𠃌丿⿲㇇亅&CDP-85BF;,水
11535,11535,11535,泰,⿱⿻⿱一⿱一一人⿻亅&CDP-89AE;,水
11536,11536,11536,淼,⿱⿲㇇亅&CDP-85BF;⿰⿲㇇亅&CDP-85BF;⿲㇇亅&CDP-85BF;,水
11537,11537,11537,淾,⿱⿱人&CDP-8DE3;⿲㇇亅&CDP-85BF;,水
11538,11538,11538,湬,⿱⿰⿱丿木⿱八人⿲㇇亅&CDP-85BF;,水
11539,11539,11539,滎,⿱⿱⿰⿱八人⿱八人冖⿲㇇亅&CDP-85BF;,水
11540,11540,11540,漦,⿸⿱⿰未攵厂⿲㇇亅&CDP-85BF;,水
11541,11541,11541,漿,⿱⿰爿&CDP-8BC3;⿲㇇亅&CDP-85BF;,水
11542,11542,11542,漀,⿱⿰⿱⿱十一𠃜⿱𠘧又⿲㇇亅&CDP-85BF;,水
11543,11543,11543,滕,⿰月⿱⿱丷⿻⿱一一人⿻亅&CDP-89AE;,水
11544,11544,11544,潁,⿰⿱⿺乚丿⿲㇇亅&CDP-85BF;頁,水
11545,11545,11545,漐,⿱⿰⿱⿱十一⿱丷干⿻九丶⿲㇇亅&CDP-85BF;,水
11546,11546,11546,澃,⿱⿰彡頁⿲㇇亅&CDP-85BF;,水
11547,11547,11547,濌,⿰重⿱⿲㇇亅&CDP-85BF;日,水
11548,11548,11548,澩,⿱⿶&CDP-8B64;⿱㐅⿻丿乀⿲㇇亅&CDP-85BF;,水
11549,11549,11549,濷,⿱⿲㇇亅&CDP-85BF;⿰氵⿱廿&CDP-8C62;,水
11550,11550,11550,瀪,⿱⿰⿱𠂉母攵⿱白⿲㇇亅&CDP-85BF;,水
11551,11551,11551,灓,⿱⿲⿱⿰&CDP-895C;丶小言⿱⿰&CDP-895C;丶小⿲㇇亅&CDP-85BF;,水
11552,11552,11552,灥,⿱⿱白⿲㇇亅&CDP-85BF;⿰⿱白⿲㇇亅&CDP-85BF;⿱白⿲㇇亅&CDP-85BF;,水
11553,11553,11553,瓧,⿺瓦十,瓦
11554,11554,11554,瓦,瓦,瓦
11555,11555,11555,瓩,⿺瓦⿱丿十,瓦
11556,11556,11556,瓨,⿰工瓦,瓦
11557,11557,11557,瓪,⿺瓦⿸𠂆又,瓦
11558,11558,11558,瓭,⿰冘瓦,瓦
11559,11559,11559,瓰,⿺瓦⿱八⿹𠃌丿,瓦
11560,11560,11560,瓬,⿰⿱⿱丶一&CDP-8B6C;瓦,瓦
11561,11561,11561,瓲,⿺瓦⿻丿⿻凵乚,瓦
11562,11562,11562,瓱,⿺瓦⿱丿&CDP-8A43;,瓦
11563,11563,11563,瓫,⿱⿱八⿹𠃌丿瓦,瓦
11564,11564,11564,瓮,⿱⿱八厶瓦,瓦
11565,11565,11565,瓯,⿰⿷匚㐅瓦,瓦
11566,11566,11566,瓳,⿰⿱十口瓦,瓦
11567,11567,11567,瓴,⿰⿱⿱人丶龴瓦,瓦
11568,11568,11568,瓵,⿰⿱厶口瓦,瓦
11569,11569,11569,瓸,⿺瓦⿱一白,瓦
11570,11570,11570,瓷,⿱⿰冫欠瓦,瓦
11571,11571,11571,瓶,⿰⿱丷⿱一⿻一&CDP-8BF5;瓦,瓦
11572,11572,11572,瓺,⿰⿱&CDP-884A;⿱一厶瓦,瓦
11573,11573,11573,瓻,⿰⿱㐅⿸𠂇巾瓦,瓦
11574,11574,11574,瓹,⿰⿱口月瓦,瓦
11575,11575,11575,瓼,⿺瓦⿱&CDP-8BD9;一,瓦
11576,11576,11576,瓿,⿰⿱⿱&CDP-8BAE;一口瓦,瓦
11577,11577,11577,瓽,⿱⿱⿱⺌冖口瓦,瓦
11578,11578,11578,甁,⿰⿰⿱丿干⿱丿干瓦,瓦
11579,11579,11579,瓾,⿰⿱⿱丿木女瓦,瓦
11580,11580,11580,甀,⿰⿳丿&CDP-876E;一瓦,瓦
11581,11581,11581,甂,⿰⿸⿱丶尸⿵冂⿻十丨瓦,瓦
11582,11582,11582,甆,⿱⿱⿱丷一⿰⿰&CDP-895C;丶⿰&CDP-895C;丶瓦,瓦
11583,11583,11583,甄,⿰⿱⿱一&CDP-86EA;⿱十一瓦,瓦
11584,11584,11584,甅,⿺瓦⿸厂⿱&CDP-8BD9;一,瓦
11585,11585,11585,甃,⿱⿰⿱丿木⿱八人瓦,瓦
11586,11586,11586,甊,⿰⿱&CDP-89C5;女瓦,瓦
11587,11587,11587,甍,⿱&CDP-8D60;瓦,瓦
11588,11588,11588,甈,⿰⿱自木瓦,瓦
11589,11589,11589,甉,⿰⿱⿱丷一&CDP-8CDE;瓦,瓦
11590,11590,11590,甇,⿱⿱⿰⿱八人⿱八人冖瓦,瓦
11591,11591,11591,甋,⿰⿱&CDP-8BAE;&CDP-8C6C;瓦,瓦
11592,11592,11592,甎,⿰⿱&CDP-8BD0;寸瓦,瓦
11593,11593,11593,甌,⿰⿷匚⿱口⿰口口瓦,瓦
11594,11594,11594,甏,⿱⿰⿱十豆彡瓦,瓦
11595,11595,11595,甒,⿰⿱&CDP-8BBE;灬瓦,瓦
11596,11596,11596,甐,⿰⿱米⿰⿴𠂊丶㐄瓦,瓦
11597,11597,11597,甓,⿱⿰⿸尸口⿱⿱&CDP-8BAE;一十瓦,瓦
11598,11598,11598,甑,⿰⿱丷⿱&CDP-8B62;日瓦,瓦
11599,11599,11599,甔,⿰⿸⿱𠂊厂&CDP-8CC3;瓦,瓦
11600,11600,11600,甕,⿱⿱⿱丶一&CDP-8DB5;瓦,瓦
11601,11601,11601,甖,⿱⿰⿱目八⿱目八瓦,瓦
11602,11602,11602,甗,⿰⿸⿸⿱⺊&CDP-88E2;⿻㇀乚⿳一口⿵⿵冂⿰丿乚⿱一丨瓦,瓦
11603,11603,11603,尣,⿱八⿰丿乚,尣
11604,11604,11604,尦,⿺⿱八⿰丿乚⿹勹丶,尣
11605,11605,11605,尩,⿺⿱八⿰丿乚⿱一⿱十一,尣
11606,11606,11606,玐,⿰⿱一⿱十一八,王
11607,11607,11607,玎,⿰⿱一⿱十一⿱一亅,王
11608,11608,11608,玑,⿰⿱一⿱十一几,王
11609,11609,11609,玏,⿰⿱一⿱十一⿻丿𠃌,王
11610,11610,11610,王,⿱一⿱十一,王
11611,11611,11611,玌,⿰⿱一⿱十一乚,王
11612,11612,11612,玔,⿰⿱一⿱十一川,王
11613,11613,11613,玚,⿰⿱一⿱十一𠃓,王
11614,11614,11614,玓,⿰⿱一⿱十一⿹勹丶,王
11615,11615,11615,玕,⿰⿱一⿱十一干,王
11616,11616,11616,玒,⿰⿱一⿱十一工,王
11617,11617,11617,玖,⿰⿱一⿱十一久,王
11618,11618,11618,玛,⿰⿱一⿱十一⿹&CDP-8A77;一,王
11619,11619,11619,玘,⿰⿱一⿱十一己,王
11620,11620,11620,玗,⿰⿱一⿱十一于,王
11621,11621,11621,玙,⿰⿱一⿱十一⿹&CDP-8BBF;一,王
11622,11622,11622,玣,⿰⿱一⿱十一⿱丶⿱一卜,王
11623,11623,11623,玤,⿰⿱一⿱十一⿻⿱一⿱一一丨,王
11624,11624,11624,玢,⿰⿱一⿱十一⿱八⿹𠃌丿,王
11625,11625,11625,珁,⿰⿱一⿱十一瓦,王
11626,11626,11626,玬,⿰⿱一⿱十一丹,王
11627,11627,11627,玞,⿰⿱一⿱十一⿻⿱一一人,王
11628,11628,11628,环,⿰⿱一⿱十一⿱一&CDP-8665;,王
11629,11629,11629,玜,⿰⿱一⿱十一⿱八厶,王
11630,11630,11630,玠,⿰⿱一⿱十一⿱人&CDP-8BF5;,王
11631,11631,11631,玪,⿰⿱一⿱十一⿱⿱人丶㇇,王
11632,11632,11632,玦,⿰⿱一⿱十一⿻𠃍⿻一人,王
11633,11633,11633,玨,⿰⿱一⿱十一⿱一⿱十一,王
11634,11634,11634,玧,⿰⿱一⿱十一⿱厶⿰丿乚,王
11635,11635,11635,玟,⿰⿱一⿱十一⿱⿱丶一⿻丿乀,王
11636,11636,11636,玭,⿰⿱一⿱十一比,王
11637,11637,11637,玱,⿰⿱一⿱十一⿱人㔾,王
11638,11638,11638,玩,⿰⿱一⿱十一⿱一⿱一⿰丿乚,王
11639,11639,11639,玮,⿰⿱一⿱十一韦,王
11640,11640,11640,玝,⿰⿱一⿱十一⿱𠂉十,王
11641,11641,11641,玥,⿰⿱一⿱十一月,王
11642,11642,11642,玡,⿰⿱一⿱十一牙,王
11643,11643,11643,珌,⿰⿱一⿱十一⿻心丿,王
11644,11644,11644,玻,⿰⿱一⿱十一皮,王
11645,11645,11645,玷,⿰⿱一⿱十一⿱⺊口,王
11646,11646,11646,玳,⿰⿱一⿱十一⿰亻⿺⿻一乚丶,王
11647,11647,11647,珂,⿰⿱一⿱十一⿹⿱一亅口,王
11648,11648,11648,珐,⿰⿱一⿱十一⿱⿱十一厶,王
11649,11649,11649,玸,⿰⿱一⿱十一⿹勹巳,王
11650,11650,11650,玽,⿰⿱一⿱十一⿹勹口,王
11651,11651,11651,珈,⿰⿱一⿱十一⿰⿻丿𠃌口,王
11652,11652,11652,玾,⿰⿱一⿱十一甲,王
11653,11653,11653,珏,⿰⿱一⿱十一⿷⿱一⿱十一丶,王
11654,11654,11654,珋,⿰⿱一⿱十一⿰𠂎卩,王
11655,11655,11655,玲,⿰⿱一⿱十一⿱⿱人丶龴,王
11656,11656,11656,珑,⿰⿱一⿱十一⿻⿺尢丶丿,王
11657,11657,11657,珉,⿰⿱一⿱十一民,王
11658,11658,11658,玶,⿰⿱一⿱十一⿻干丷,王
11659,11659,11659,珀,⿰⿱一⿱十一白,王
11660,11660,11660,珃,⿰⿱一⿱十一冉,王
11661,11661,11661,玿,⿰⿱一⿱十一⿱⿹𠃌丿口,王
11662,11662,11662,珊,⿰⿱一⿱十一册,王
11663,11663,11663,珅,⿰⿱一⿱十一申,王
11664,11664,11664,珄,⿰⿱一⿱十一生,王
11665,11665,11665,玹,⿰⿱一⿱十一⿱⿱丶一⿰&CDP-895C;丶,王
11666,11666,11666,玴,⿰⿱一⿱十一世,王
11667,11667,11667,珆,⿰⿱一⿱十一⿱厶口,王
11668,11668,11668,珍,⿰⿱一⿱十一⿱人彡,王
11669,11669,11669,珎,⿰⿱一⿱十一⿱𠂊小,王
11670,11670,11670,珇,⿰⿱一⿱十一且,王
11671,11671,11671,玵,⿰⿱一⿱十一甘,王
11672,11672,11672,玼,⿰⿱一⿱十一⿰止⿺乚丿,王
11673,11673,11673,珒,⿰⿱一⿱十一⿻⿻&CDP-8BAB;丨⿱一一,王
11674,11674,11674,班,⿲⿱一⿱十一&CDP-8BEA;⿱一⿱十一,王
11675,11675,11675,珤,⿰⿱一⿱十一缶,王
11676,11676,11676,珹,⿰⿱一⿱十一⿵戊𠃌,王
11677,11677,11677,琤,⿰⿱一⿱十一⿱𠂊&CDP-8BFE;,王
11678,11678,11678,珫,⿰⿱一⿱十一⿱⿻一厶⿰丿乚,王
11679,11679,11679,珰,⿰⿱一⿱十一⿱⺌彐,王
11680,11680,11680,珖,⿰⿱一⿱十一⿱⺌⿱一⿰丿乚,王
11681,11681,11681,珪,⿰⿱一⿱十一⿱⿱十一⿱十一,王
11682,11682,11682,珙,⿰⿱一⿱十一⿱⿱⿻十丨一八,王
11683,11683,11683,珩,⿰⿱一⿱十一⿰彳⿱一⿱一亅,王
11684,11684,11684,珔,⿰⿱一⿱十一⿸&CDP-88F1;子,王
11685,11685,11685,珓,⿰⿱一⿱十一⿱⿱丶一⿱八⿻丿乀,王
11686,11686,11686,珞,⿰⿱一⿱十一⿱夂口,王
11687,11687,11687,珕,⿰⿱一⿱十一⿱⿻丿𠃌⿰⿻丿𠃌⿻丿𠃌,王
11688,11688,11688,珯,⿰⿱一⿱十一⿸耂⿺乚丿,王
11689,11689,11689,珮,⿰⿱一⿱十一⿵几⿱一巾,王
11690,11690,11690,珡,⿱⿰⿱一⿱十一⿱一⿱十一人,王
11691,11691,11691,珟,⿰⿱一⿱十一⿵几⿱一⿴𠂊丶,王
11692,11692,11692,珽,⿰⿱一⿱十一⿺廴⿱丿⿱十一,王
11693,11693,11693,珦,⿰⿱一⿱十一⿵&CDP-8BD6;口,王
11694,11694,11694,珨,⿰⿱一⿱十一⿱⿱人一口,王
11695,11695,11695,珛,⿰⿱一⿱十一⿸𠂇月,王
11696,11696,11696,珗,⿰⿱一⿱十一⿱⿰丿土⿰丿乚,王
11697,11697,11697,珬,⿰⿱一⿱十一⿵戊一,王
11698,11698,11698,珣,⿰⿱一⿱十一⿹勹日,王
11699,11699,11699,珝,⿰⿱一⿱十一⿰⿹𠃌冫⿹𠃌冫,王
11700,11700,11700,琊,⿰⿱一⿱十一⿰牙阝,王
11701,11701,11701,珜,⿰⿱一⿱十一⿱⿱丷一&CDP-8BF1;,王
11702,11702,11702,珧,⿰⿱一⿱十一兆,王
11703,11703,11703,珢,⿰⿱一⿱十一艮,王
11704,11704,11704,珚,⿰⿱一⿱十一⿴囗⿻一人,王
11705,11705,11705,珱,⿰⿱一⿱十一⿱𭕄女,王
11706,11706,11706,珘,⿰⿱一⿱十一舟,王
11707,11707,11707,珠,⿰⿱一⿱十一朱,王
11708,11708,11708,珥,⿰⿱一⿱十一耳,王
11709,11709,11709,珻,⿰⿱一⿱十一⿱𠂉母,王
11710,11710,11710,珼,⿰⿱一⿱十一⿱目八,王
11711,11711,11711,珵,⿰⿱一⿱十一⿱口⿱一⿱十一,王
11712,11712,11712,珿,⿰⿱一⿱十一⿱口龰,王
11713,11713,11713,珶,⿰⿱一⿱十一⿱丷⿹⿻弓丨丿,王
11714,11714,11714,琒,⿰⿱一⿱十一⿱夂⿻⿱一⿱一一丨,王
11715,11715,11715,琈,⿰⿱一⿱十一⿱⿱丿𭕄子,王
11716,11716,11716,琀,⿰⿱一⿱十一⿱⿱⿱人丶㇇口,王
11717,11717,11717,珺,⿰⿱一⿱十一⿸⿻&CDP-8BAB;丿口,王
11718,11718,11718,琎,⿰⿱一⿱十一⿺辶井,王
11719,11719,11719,琉,⿰⿱一⿱十一⿱⿻一厶⿴⿰丿乚丨,王
11720,11720,11720,琏,⿰⿱一⿱十一⿺辶车,王
11721,11721,11721,琅,⿰⿱一⿱十一⿱丶艮,王
11722,11722,11722,琍,⿰⿱一⿱十一⿰⿱丿木刂,王
11723,11723,11723,琌,⿰⿱一⿱十一⿱山⿱⿱人丶㇇,王
11724,11724,11724,理,⿰⿱一⿱十一⿱&CDP-8BD9;一,王
11725,11725,11725,球,⿰⿱一⿱十一⿺&CDP-85DC;丶,王
11726,11726,11726,琷,⿰⿱一⿱十一⿸⿱⿱丷一&CDP-8BF1;乚,王
11727,11727,11727,琑,⿰⿱一⿱十一⿱⺌月,王
11728,11728,11728,琐,⿰⿱一⿱十一⿱⺌贝,王
11729,11729,11729,珳,⿰⿱一⿱十一⿺⿱⿱丶一⿻丿乀彡,王
11730,11730,11730,珸,⿰⿱一⿱十一⿱⿱一𫝀口,王
11731,11731,11731,琓,⿰⿱一⿱十一⿱宀⿱一⿱一⿰丿乚,王
11732,11732,11732,琇,⿰⿱一⿱十一⿱⿱丿木⿹𠄎丿,王
11733,11733,11733,琄,⿰⿱一⿱十一⿱口月,王
11734,11734,11734,琁,⿰⿱一⿱十一⿱𠂉疋,王
11735,11735,11735,琋,⿰⿱一⿱十一⿱㐅⿸𠂇巾,王
11736,11736,11736,琂,⿰⿱一⿱十一言,王
11737,11737,11737,琔,⿰⿱一⿱十一⿱宀⿱一龰,王
11738,11738,11738,琼,⿰⿱一⿱十一⿳⿱丶一口小,王
11739,11739,11739,珴,⿰⿱一⿱十一我,王
11740,11740,11740,琲,⿰⿱一⿱十一非,王
11741,11741,11741,琣,⿰⿱一⿱十一⿱⿱&CDP-8BAE;一口,王
11742,11742,11742,琫,⿰⿱一⿱十一⿱⿻⿱一⿱一一人&CDP-8BF1;,王
11743,11743,11743,琩,⿰⿱一⿱十一⿱日日,王
11744,11744,11744,琛,⿰⿱一⿱十一⿱⿱冖⿰丿乚木,王
11745,11745,11745,琗,⿰⿱一⿱十一⿱⿱⿱丶一⿰人人十,王
11746,11746,11746,琮,⿰⿱一⿱十一⿱宀示,王
11747,11747,11747,琱,⿰⿱一⿱十一⿵⺆⿱⿱十一口,王
11748,11748,11748,琽,⿰⿱一⿱十一⿸耂日,王
11749,11749,11749,琺,⿰⿱一⿱十一⿰氵⿱⿱十一厶,王
11750,11750,11750,琯,⿰⿱一⿱十一⿱宀㠯,王
11751,11751,11751,琥,⿰⿱一⿱十一⿸⿸⿱⺊&CDP-88E2;⿻㇀乚几,王
11752,11752,11752,琻,⿰⿱一⿱十一⿱人&CDP-8DE3;,王
11753,11753,11753,琚,⿰⿱一⿱十一⿸尸⿱十口,王
11754,11754,11754,琨,⿰⿱一⿱十一⿱日比,王
11755,11755,11755,琜,⿰⿱一⿱十一⿻木⿰人人,王
11756,11756,11756,瑯,⿰⿱一⿱十一⿰&CDP-8C42;阝,王
11757,11757,11757,琳,⿰⿱一⿱十一⿰木木,王
11758,11758,11758,琭,⿰⿱一⿱十一⿱彐⿻亅&CDP-89AE;,王
11759,11759,11759,琘,⿰⿱一⿱十一⿱氏日,王
11760,11760,11760,琝,⿰⿱一⿱十一⿱日⿱⿱丶一⿻丿乀,王
11761,11761,11761,琶,⿱⿰⿱一⿱十一⿱一⿱十一巴,王
11762,11762,11762,琕,⿰⿱一⿱十一⿱&CDP-89BE;十,王
11763,11763,11763,琦,⿰⿱一⿱十一⿱⿻一人⿹⿱一亅口,王
11764,11764,11764,琪,⿰⿱一⿱十一⿱&CDP-8B72;八,王
11765,11765,11765,琴,⿱⿰⿱一⿱十一⿱一⿱十一⿱⿱人丶㇇,王
11766,11766,11766,琡,⿰⿱一⿱十一⿰⿱⿱⺊一小又,王
11767,11767,11767,琠,⿰⿱一⿱十一⿱&CDP-89E0;八,王
11768,11768,11768,琟,⿰⿱一⿱十一隹,王
11769,11769,11769,琬,⿰⿱一⿱十一⿱宀⿰⿴𠂊丶㔾,王
11770,11770,11770,珷,⿰⿱一⿱十一⿹&CDP-8CB8;止,王
11771,11771,11771,瑃,⿰⿱一⿱十一⿱⿻⿱一⿱一一人日,王
11772,11772,11772,瑘,⿰⿱一⿱十一⿰耳阝,王
11773,11773,11773,琙,⿰⿱一⿱十一⿹⿻⿺⿻一乚丶丿⿱口一,王
11774,11774,11774,瑛,⿰⿱一⿱十一⿱艹央,王
11775,11775,11775,琰,⿰⿱一⿱十一⿱⿱八人⿱八人,王
11776,11776,11776,琸,⿰⿱一⿱十一⿱⺊⿱日十,王
11777,11777,11777,琖,⿰⿱一⿱十一⿱⿻⿺⿻一乚丶丿⿻⿺⿻一乚丶丿,王
11778,11778,11778,琢,⿰⿱一⿱十一⿻⿱一𧰨丶,王
11779,11779,11779,瑏,⿰⿱一⿱十一⿱⿱宀八牙,王
11780,11780,11780,瑳,⿰⿱一⿱十一⿸⿱⿱丷一&CDP-8BF1;工,王
11781,11781,11781,瑖,⿰⿱一⿱十一⿰&CDP-8CE4;⿱𠘧又,王
11782,11782,11782,瑇,⿰⿱一⿱十一⿱龶母,王
11783,11783,11783,瑰,⿰⿱一⿱十一⿱⿱丿田⿺⿰丿乚厶,王
11784,11784,11784,瑍,⿰⿱一⿱十一⿳𠂊⿵冂八⿻一人,王
11785,11785,11785,瑝,⿰⿱一⿱十一⿱白⿱一⿱十一,王
11786,11786,11786,瑚,⿰⿱一⿱十一⿰⿱十口月,王
11787,11787,11787,琾,⿰⿱一⿱十一⿱田⿱人&CDP-8BF5;,王
11788,11788,11788,瑊,⿰⿱一⿱十一⿵⿵戊一口,王
11789,11789,11789,瑐,⿰⿱一⿱十一⿱⿱丷一⿰月刂,王
11790,11790,11790,瑓,⿰⿱一⿱十一柬,王
11791,11791,11791,瑁,⿰⿱一⿱十一⿱⿵冂⿱一一目,王
11792,11792,11792,瑂,⿰⿱一⿱十一⿸𠃜目,王
11793,11793,11793,瑉,⿰⿱一⿱十一⿱民日,王
11794,11794,11794,瑙,⿰⿱一⿱十一⿱⿲𡿨𡿨𡿨⿴⿱丿囗㐅,王
11795,11795,11795,瑔,⿰⿱一⿱十一⿱白⿲㇇亅&CDP-85BF;,王
11796,11796,11796,瑞,⿰⿱一⿱十一⿱山⿱一⿱丿⿵冂⿰丨丨,王
11797,11797,11797,瑌,⿰⿱一⿱十一⿱⿱一⿱丿⿵冂⿰丨丨⿻一人,王
11798,11798,11798,瑈,⿰⿱一⿱十一⿱⿱龴⿹⿱乛亅丿木,王
11799,11799,11799,瑟,⿱⿰⿱一⿱十一⿱一⿱十一⿻心丿,王
11800,11800,11800,瑅,⿰⿱一⿱十一⿱日⿱一龰,王
11801,11801,11801,瑥,⿰⿱一⿱十一⿱日皿,王
11802,11802,11802,瑋,⿰⿱一⿱十一⿳𫝀口㐄,王
11803,11803,11803,瑕,⿰⿱一⿱十一⿰&CDP-8C7A;&CDP-8C79;,王
11804,11804,11804,瑎,⿰⿱一⿱十一⿱比白,王
11805,11805,11805,瑄,⿰⿱一⿱十一⿱宀⿱一⿱日一,王
11806,11806,11806,瑆,⿰⿱一⿱十一⿱日生,王
11807,11807,11807,瑗,⿰⿱一⿱十一⿳⿱丿𭕄一⿸𠂇又,王
11808,11808,11808,瑒,⿰⿱一⿱十一⿱⿱日一⿹勹&CDP-89A6;,王
11809,11809,11809,瑜,⿰⿱一⿱十一⿱⿱人一⿰月刂,王
11810,11810,11810,瑀,⿰⿱一⿱十一禹,王
11811,11811,11811,瑑,⿰⿱一⿱十一⿱彑𧰨,王
11812,11812,11812,瑵,⿰⿱一⿱十一⿱⿴又丶虫,王
11813,11813,11813,瑸,⿰⿱一⿱十一⿱宀⿱丘八,王
11814,11814,11814,瑨,⿰⿱一⿱十一⿱⿱一⿱&CDP-85F0;一日,王
11815,11815,11815,瑠,⿰⿱一⿱十一⿱&CDP-8C69;田,王
11816,11816,11816,璉,⿰⿱一⿱十一⿺辶車,王
11817,11817,11817,瑮,⿰⿱一⿱十一⿱⿱一&CDP-86EA;木,王
11818,11818,11818,璃,⿰⿱一⿱十一⿱⿱⿱丶一⿶凵㐅⿻冂厶,王
11819,11819,11819,瑪,⿰⿱一⿱十一⿹&CDP-896A;灬,王
11820,11820,11820,瑲,⿰⿱一⿱十一⿱⿱人丶⿸&CDP-89CE;口,王
11821,11821,11821,瑢,⿰⿱一⿱十一⿱宀谷,王
11822,11822,11822,瑡,⿰⿱一⿱十一⿰⿱丿㠯⿱一巾,王
11823,11823,11823,瑣,⿰⿱一⿱十一⿱小⿱目八,王
11824,11824,11824,瑱,⿰⿱一⿱十一⿱十⿱&CDP-8BA5;八,王
11825,11825,11825,瑭,⿰⿱一⿱十一⿸广&CDP-8CC1;,王
11826,11826,11826,瑹,⿰⿱一⿱十一⿱艹⿱⿱人一朩,王
11827,11827,11827,瑫,⿰⿱一⿱十一⿱⿱丿𭕄臼,王
11828,11828,11828,瑦,⿰⿱一⿱十一⿹&CDP-89DF;灬,王
11829,11829,11829,璓,⿰⿱一⿱十一⿱艹⿱⿱丿木⿹𠄎丿,王
11830,11830,11830,瑤,⿰⿱一⿱十一⿱⿱丿𭕄缶,王
11831,11831,11831,瑶,⿰⿱一⿱十一⿱⿱丿𭕄缶,王
11832,11832,11832,璍,⿰⿱一⿱十一⿱艹&CDP-8BF8;,王
11833,11833,11833,瑧,⿰⿱一⿱十一⿱⿻⿱一⿱一一人⿱丿木,王
11834,11834,11834,瑷,⿰⿱一⿱十一⿱&CDP-8BB8;⿸𠂇又,王
11835,11835,11835,璈,⿰⿱一⿱十一⿰⿱龶&CDP-8B6C;攵,王
11836,11836,11836,瑺,⿰⿱一⿱十一⿱⿱⿱⺌冖口巾,王
11837,11837,11837,璀,⿰⿱一⿱十一⿱山隹,王
11838,11838,11838,瑽,⿰⿱一⿱十一⿰彳&CDP-8BB0;,王
11839,11839,11839,璁,⿰⿱一⿱十一⿱⿴⿱丿囗夂心,王
11840,11840,11840,璜,⿰⿱一⿱十一⿳⿱⿻十丨一由八,王
11841,11841,11841,璡,⿰⿱一⿱十一⿺辶隹,王
11842,11842,11842,瑾,⿰⿱一⿱十一⿱廿&CDP-8A6D;,王
11843,11843,11843,璄,⿰⿱一⿱十一⿱⿱⿱&CDP-8BAE;一日⿰丿乚,王
11844,11844,11844,瑻,⿰⿱一⿱十一⿱毌⿱目八,王
11845,11845,11845,璊,⿰⿱一⿱十一⿱廿&CDP-8C62;,王
11846,11846,11846,璆,⿰⿱一⿱十一⿱⿰⿹𠃌冫⿹𠃌冫⿱人彡,王
11847,11847,11847,璂,⿰⿱一⿱十一⿱⿱&CDP-8B72;八⿱十一,王
11848,11848,11848,璖,⿰⿱一⿱十一⿱⿰氵巨木,王
11849,11849,11849,璅,⿰⿱一⿱十一⿱⿲𡿨𡿨𡿨⿻日木,王
11850,11850,11850,璇,⿰⿱一⿱十一⿰⿱⿱丶一&CDP-8B6C;⿱𠂉疋,王
11851,11851,11851,璌,⿰⿱一⿱十一⿱宀&CDP-8CE6;,王
11852,11852,11852,璎,⿰⿱一⿱十一⿱⿰贝贝女,王
11853,11853,11853,瑼,⿰⿱一⿱十一⿱&CDP-8BD0;寸,王
11854,11854,11854,璋,⿰⿱一⿱十一⿱⿱&CDP-8BAE;一⿱日十,王
11855,11855,11855,璒,⿰⿱一⿱十一⿱⿰&CDP-88D3;&CDP-88D5;豆,王
11856,11856,11856,璠,⿰⿱一⿱十一⿱⿱丿米田,王
11857,11857,11857,璝,⿰⿱一⿱十一⿱⿱⿻口丨一⿱目八,王
11858,11858,11858,璭,⿰⿱一⿱十一⿺辶⿱冖車,王
11859,11859,11859,璤,⿰⿱一⿱十一⿱&CDP-8BD0;心,王
11860,11860,11860,璣,⿰⿱一⿱十一⿹&CDP-8BA4;人,王
11861,11861,11861,璟,⿰⿱一⿱十一⿱日⿳⿱丶一口小,王
11862,11862,11862,璥,⿰⿱一⿱十一⿰⿱艹⿹勹口攵,王
11863,11863,11863,璙,⿰⿱一⿱十一⿱⿱⿻⿻一人丷日小,王
11864,11864,11864,璢,⿰⿱一⿱十一⿱丣田,王
11865,11865,11865,璘,⿰⿱一⿱十一⿱米⿰⿴𠂊丶㐄,王
11866,11866,11866,璞,⿰⿱一⿱十一⿳⿱&CDP-85F0;一⿱丷一⿻⿱一一人,王
11867,11867,11867,璚,⿰⿱一⿱十一⿱⿱龴⿹⿱乛亅丿⿵冂⿱八口,王
11868,11868,11868,璲,⿰⿱一⿱十一⿺辶⿱丷⿱一𧰨,王
11869,11869,11869,璑,⿰⿱一⿱十一⿱&CDP-8BBE;灬,王
11870,11870,11870,璕,⿰⿱一⿱十一⿳彐&CDP-8CFA;寸,王
11871,11871,11871,璏,⿰⿱一⿱十一⿱彑⿲⿺乚丿⿱𠂉⿻一人⿺乚丿,王
11872,11872,11872,璔,⿰⿱一⿱十一⿱丷⿱&CDP-8B62;日,王
11873,11873,11873,璴,⿰⿱一⿱十一⿱⿰木木疋,王
11874,11874,11874,璨,⿰⿱一⿱十一⿱⿰⿱⺊⿴𠂊丶又米,王
11875,11875,11875,璫,⿰⿱一⿱十一⿱⿱⿱⺌冖口田,王
11876,11876,11876,瓂,⿰⿱一⿱十一⿱艹⿱⿱⿱十一厶皿,王
11877,11877,11877,環,⿰⿱一⿱十一⿳罒⿱一口𧘇,王
11878,11878,11878,璯,⿰⿱一⿱十一⿱⿱人一⿱&CDP-8B62;日,王
11879,11879,11879,璬,⿰⿱一⿱十一⿰⿱白⿱⿱丶一&CDP-8B6C;攵,王
11880,11880,11880,璐,⿰⿱一⿱十一⿰⿱口止⿱夂口,王
11881,11881,11881,璩,⿰⿱一⿱十一⿸⿸⿱⺊&CDP-88E2;⿻㇀乚⿱一𧰨,王
11882,11882,11882,璱,⿰⿱一⿱十一⿱⿰⿱一⿱十一⿱一⿱十一⿻心丿,王
11883,11883,11883,璛,⿰⿱一⿱十一肅,王
11884,11884,11884,璳,⿰⿱一⿱十一⿱朱⿱目八,王
11885,11885,11885,璮,⿰⿱一⿱十一⿱⿱⿱丶一⿴囗口⿱日一,王
11886,11886,11886,瓁,⿰⿱一⿱十一⿱艹⿱隹又,王
11887,11887,11887,璵,⿰⿱一⿱十一⿶&CDP-8BA8;&CDP-8BC2;,王
11888,11888,11888,璪,⿰⿱一⿱十一⿱⿱口⿰口口木,王
11889,11889,11889,璦,⿰⿱一⿱十一⿱&CDP-8BB8;⿱心夂,王
11890,11890,11890,璸,⿰⿱一⿱十一⿱&CDP-8D74;⿱目八,王
11891,11891,11891,璾,⿰⿱一⿱十一⿱&CDP-8DEB;&CDP-89C6;,王
11892,11892,11892,璶,⿰⿱一⿱十一⿱⿱⿱⿻&CDP-8BAB;丨一灬皿,王
11893,11893,11893,璼,⿰⿱一⿱十一⿱⿰臣&CDP-89BC;皿,王
11894,11894,11894,瓊,⿰⿱一⿱十一⿳&CDP-8CAF;目夂,王
11895,11895,11895,瓀,⿰⿱一⿱十一⿱⿱一⿻冂&CDP-8C41;⿱一⿱丿⿵冂⿰丨丨,王
11896,11896,11896,璹,⿰⿱一⿱十一⿳⿳⿱十一乛工一⿰口寸,王
11897,11897,11897,瓍,⿰⿱一⿱十一⿰阝⿺辶&CDP-8CA9;,王
11898,11898,11898,瓋,⿰⿱一⿱十一⿺辶⿱&CDP-8BAE;&CDP-8C6C;,王
11899,11899,11899,璿,⿰⿱一⿱十一⿳⿱⺊⿵冂一八⿱人目,王
11900,11900,11900,璻,⿰⿱一⿱十一⿱⿰⿹𠃌冫⿹𠃌冫⿱⿱⿱丶一⿰人人十,王
11901,11901,11901,瓄,⿰⿱一⿱十一⿱⿱十一⿱罒⿱目八,王
11902,11902,11902,璷,⿰⿱一⿱十一⿰⿱⿺&CDP-86B7;丶⿱⿱丶一&CDP-8B6C;攵,王
11903,11903,11903,瓃,⿰⿱一⿱十一⿱田⿰田田,王
11904,11904,11904,瓅,⿰⿱一⿱十一⿱&CDP-8BF4;木,王
11905,11905,11905,瓈,⿰⿱一⿱十一⿱⿰⿱丿木&CDP-8DC9;&CDP-8D71;,王
11906,11906,11906,瓇,⿰⿱一⿱十一⿱⿱&CDP-8CD4;心夂,王
11907,11907,11907,瓆,⿰⿱一⿱十一⿱⿰⿸𠂆⿱一丨⿸𠂆⿱一丨⿱目八,王
11908,11908,11908,瓉,⿰⿱一⿱十一⿱⿰⿻⿱一一人⿻⿱一一人⿱目八,王
11909,11909,11909,瓌,⿰⿱一⿱十一⿳⿱丶一⿱罒&CDP-8977;𧘇,王
11910,11910,11910,瓎,⿰⿱一⿱十一⿰束⿱𠂊⿱目八,王
11911,11911,11911,瓑,⿰⿱一⿱十一⿸⿸厂⿰⿱丿木⿱丿木止,王
11912,11912,11912,瓏,⿰⿱一⿱十一⿰⿱⿱&CDP-8BAE;一月&CDP-89B0;,王
11913,11913,11913,瓐,⿰⿱一⿱十一⿸⿸⿱⺊&CDP-88E2;⿻㇀乚&CDP-8CF4;,王
11914,11914,11914,瓒,⿰⿱一⿱十一⿱⿰⿱⿰丿土⿰丿乚⿱⿰丿土⿰丿乚贝,王
11915,11915,11915,瓘,⿰⿱一⿱十一⿱艹⿱⿰口口隹,王
11916,11916,11916,瓓,⿰⿱一⿱十一⿵⿰𠁣𠃛柬,王
11917,11917,11917,瓖,⿰⿱一⿱十一⿳⿱丶一&CDP-8CA3;𧘇,王
11918,11918,11918,瓔,⿰⿱一⿱十一⿱⿰⿱目八⿱目八女,王
11919,11919,11919,瓙,⿰⿱一⿱十一⿱⿳⿳⿱十一乛工一⿰口寸灬,王
11920,11920,11920,瓗,⿰⿱一⿱十一⿱⿱山隹⿵冂⿱八口,王
11921,11921,11921,瓚,⿰⿱一⿱十一⿱⿰⿱⿰丿土⿰丿乚⿱⿰丿土⿰丿乚⿱目八,王
11922,11922,11922,瓛,⿰⿱一⿱十一⿰⿸⿸⿱⺊&CDP-88E2;⿻㇀乚⿳一口⿵⿵冂⿰丿乚⿱一丨犬,王
11923,11923,11923,韦,韦,韦
11924,11924,11924,韧,⿰韦⿹⿹𠃌丿丿,韦
11925,11925,11925,韨,⿰韦⿺⿸𠂇又丶,韦
11926,11926,11926,韩,⿰⿱十⿱日十韦,韦
11927,11927,11927,韪,⿺⿱日⿱一龰韦,韦
11928,11928,11928,韫,⿰韦⿱日皿,韦
11929,11929,11929,韬,⿰韦⿱⿱丿𭕄臼,韦
11930,11930,11930,文,⿱⿱丶一⿻丿乀,文
11931,11931,11931,斈,⿱⿱⿱丶一⿻丿乀子,文
11932,11932,11932,斉,⿱⿱⿱丶一⿻丿乀&CDP-89C6;,文
11933,11933,11933,斊,⿱⿱⿱丶一⿻丿乀耳,文
11934,11934,11934,斋,⿱⿱⿱丶一⿻丿乀⿱一⿱丿⿵冂⿰丨丨,文
11935,11935,11935,斍,⿱⿱⿱丶一⿻丿乀⿱目⿰丿乚,文
11936,11936,11936,斏,⿰⿱⿱丶一⿻丿乀⿱丶艮,文
11937,11937,11937,斎,⿵⿱⿱⿱丶一⿻丿乀&CDP-8BF5;示,文
11938,11938,11938,斑,⿲⿱一⿱十一⿱⿱丶一⿻丿乀⿱一⿱十一,文
11939,11939,11939,斌,⿰⿱⿱丶一⿻丿乀⿹&CDP-8CB8;止,文
11940,11940,11940,斐,⿱非⿱⿱丶一⿻丿乀,文
11941,11941,11941,斒,⿰⿱⿱丶一⿻丿乀⿸⿱丶尸⿵冂⿻十丨,文
11942,11942,11942,斓,⿰⿱⿱丶一⿻丿乀⿵门柬,文
11943,11943,11943,斔,⿰⿱⿱⿱丶一⿻丿乀虫⿻臼人,文
11944,11944,11944,斕,⿰⿱⿱丶一⿻丿乀⿵⿰𠁣𠃛柬,文
11945,11945,11945,斖,⿱⿱⿱丶一⿻丿乀⿱⿶&CDP-8B64;⿵⿵冂一口且,文
11946,11946,11946,毎,⿱𠂉毋,毋
11947,11947,11947,毌,毌,毋
11948,11948,11948,毋,毋,毋
11949,11949,11949,毐,⿱⿱十一毋,毋
11950,11950,11950,忈,⿱⿱一一心,心
11951,11951,11951,心,心,心
11952,11952,11952,必,⿻心丿,心
11953,11953,11953,忌,⿱己心,心
11954,11954,11954,忎,⿱⿱丿十心,心
11955,11955,11955,忍,⿱⿹⿹𠃌丿丿心,心
11956,11956,11956,忑,⿱⿱一卜心,心
11957,11957,11957,忒,⿹⿺⿻一乚丶心,心
11958,11958,11958,忐,⿱⿱⺊一心,心
11959,11959,11959,忘,⿱⿱⿱丶一𠃊心,心
11960,11960,11960,応,⿸广心,心
11961,11961,11961,忠,⿱⿻口丨心,心
11962,11962,11962,志,⿱⿱十一心,心
11963,11963,11963,忩,⿱⿱八厶心,心
11964,11964,11964,忿,⿱⿱八⿹𠃌丿心,心
11965,11965,11965,忽,⿱⿹勹&CDP-89A6;心,心
11966,11966,11966,忞,⿱⿱⿱丶一⿻丿乀心,心
11967,11967,11967,念,⿱⿱⿱人丶㇇心,心
11968,11968,11968,怂,⿱⿰人人心,心
11969,11969,11969,态,⿱⿵⿻一人丶心,心
11970,11970,11970,忢,⿱⿱一𫝀心,心
11971,11971,11971,忥,⿹⿳𠂉一乁心,心
11972,11972,11972,怺,⿰忄永,心
11973,11973,11973,怱,⿱⿻⿹勹&CDP-89A6;丶心,心
11974,11974,11974,怼,⿱⿰又寸心,心
11975,11975,11975,怠,⿱⿱厶口心,心
11976,11976,11976,怤,⿱⿰亻寸心,心
11977,11977,11977,怘,⿱⿱十口心,心
11978,11978,11978,急,⿱⿱𠂊彐心,心
11979,11979,11979,怒,⿱⿰女又心,心
11980,11980,11980,怷,⿱⿺⿻十儿丶心,心
11981,11981,11981,思,⿱田心,心
11982,11982,11982,怹,⿱⿰亻也心,心
11983,11983,11983,怸,⿱⿺木丶心,心
11984,11984,11984,怨,⿱⿰⿴𠂊丶㔾心,心
11985,11985,11985,怣,⿱⿰丿⿻⿱一一人心,心
11986,11986,11986,怎,⿱乍心,心
11987,11987,11987,总,⿱⿱丷口心,心
11988,11988,11988,恥,⿰耳心,心
11989,11989,11989,恴,⿱⿱⿱丶一日心,心
11990,11990,11990,恚,⿱⿱⿱十一⿱十一心,心
11991,11991,11991,恵,⿱⿻一由心,心
11992,11992,11992,恏,⿱⿰女子心,心
11993,11993,11993,恝,⿱⿰⿻⿱一⿱一一丨⿹𠃌丿心,心
11994,11994,11994,恳,⿱艮心,心
11995,11995,11995,恐,⿱⿰工⿵几丶心,心
11996,11996,11996,恋,⿱⿱⿱丶一&CDP-8CB5;心,心
11997,11997,11997,恁,⿱⿰亻⿱丿⿱十一心,心
11998,11998,11998,恧,⿱⿱一⿱丿⿵冂⿰丨丨心,心
11999,11999,11999,恕,⿱⿰女口心,心
12000,12000,12000,恖,⿱⿴⿱丿囗㐅心,心
12001,12001,12001,恷,⿱⿰亻木心,心
12002,12002,12002,息,⿱自心,心
12003,12003,12003,恙,⿱⿱⿱丷一⿱十一心,心
12004,12004,12004,恣,⿱⿰冫欠心,心
12005,12005,12005,恶,⿱⿱一⿱&CDP-85F0;一心,心
12006,12006,12006,恩,⿱⿴囗⿻一人心,心
12007,12007,12007,悤,⿱⿴⿱丿囗夂心,心
12008,12008,12008,患,⿱⿻⿱口口丨心,心
12009,12009,12009,悡,⿱⿰⿱丿木刂心,心
12010,12010,12010,您,⿱⿰亻⿱𠂊小心,心
12011,12011,12011,悫,⿱⿱⿱十一⿱冖几心,心
12012,12012,12012,悐,⿱⿰犭⿱八人心,心
12013,12013,12013,悬,⿱⿱且厶心,心
12014,12014,12014,悉,⿱⿱丿米心,心
12015,12015,12015,悥,⿱言心,心
12016,12016,12016,悆,⿱⿱⿱人一朩心,心
12017,12017,12017,悘,⿱⿷匚⿱𠂉⿻一人心,心
12018,12018,12018,悠,⿱⿰&CDP-8B7A;攵心,心
12019,12019,12019,恿,⿱⿱龴⿵冂&CDP-8BF1;心,心
12020,12020,12020,悊,⿱⿰扌⿸𠂆⿱一丨心,心
12021,12021,12021,悪,⿱亜心,心
12022,12022,12022,惫,⿱夂⿱田心,心
12023,12023,12023,惩,⿱⿰彳⿱一止心,心
12024,12024,12024,悳,⿱⿱十&CDP-8BA5;心,心
12025,12025,12025,惪,⿱⿱十&CDP-8BA5;心,心
12026,12026,12026,悹,⿱⿱宀㠯心,心
12027,12027,12027,惠,⿱&CDP-8BD0;心,心
12028,12028,12028,惑,⿱⿹⿻⿺⿻一乚丶丿⿱口一心,心
12029,12029,12029,惒,⿱⿰⿱丿木口心,心
12030,12030,12030,惎,⿱⿱&CDP-8B72;八心,心
12031,12031,12031,惄,⿱⿰⿱⿱⺊一小又心,心
12032,12032,12032,惹,⿱⿱艹⿸𠂇口心,心
12033,12033,12033,惢,⿱心⿰心心,心
12034,12034,12034,惖,⿱⿱日⿹勹&CDP-89A6;心,心
12035,12035,12035,惁,⿱⿰木⿸𠂆⿱一丨心,心
12036,12036,12036,惌,⿱⿱宀⿰⿴𠂊丶㔾心,心
12037,12037,12037,惥,⿱⿻臼人心,心
12038,12038,12038,惉,⿱⿰氵⿱⺊口心,心
12039,12039,12039,惣,⿱⿰牛⿹勹&CDP-89A6;心,心
12040,12040,12040,惡,⿱⿳一&CDP-88A1;一心,心
12041,12041,12041,愂,⿱⿰⿱⿱十冖子⿻丿𠃌心,心
12042,12042,12042,愁,⿱⿰⿱丿木⿱八人心,心
12043,12043,12043,惷,⿱⿱⿻⿱一⿱一一人日心,心
12044,12044,12044,慈,⿱⿱⿱丷一⿰⿰&CDP-895C;丶⿰&CDP-895C;丶心,心
12045,12045,12045,感,⿱⿵⿵戊一口心,心
12046,12046,12046,愙,⿱⿱宀⿱夂口心,心
12047,12047,12047,愗,⿱⿰⿱龴⿹⿱乛亅丿攵心,心
12048,12048,12048,愍,⿱⿰民攵心,心
12049,12049,12049,愆,⿱⿲彳氵⿱一⿱一亅心,心
12050,12050,12050,想,⿱⿰木目心,心
12051,12051,12051,意,⿱⿱⿱&CDP-8BAE;一日心,心
12052,12052,12052,愈,⿱⿱⿱人一⿰月刂心,心
12053,12053,12053,愚,⿱禺心,心
12054,12054,12054,愛,⿱&CDP-8BB8;⿱心夂,心
12055,12055,12055,慐,⿱⿱工⿱目八心,心
12056,12056,12056,慁,⿱⿴囗⿱一𧰨心,心
12057,12057,12057,愳,⿱⿰目目心,心
12058,12058,12058,慦,⿱⿰⿺&CDP-85DC;丶攵心,心
12059,12059,12059,愨,⿱⿰⿱⿱⿱十一冖一⿱𠘧又心,心
12060,12060,12060,愬,⿱⿰⿱⿱丷一⿻凵丨月心,心
12061,12061,12061,態,⿱⿰⿱厶⿵⺆冫⿱⿺乚丿⿺乚丿心,心
12062,12062,12062,慝,⿱⿷匚⿱艹⿸𠂇口心,心
12063,12063,12063,愻,⿱⿰子⿱丿⿱⿰&CDP-895C;丶小心,心
12064,12064,12064,愿,⿸⿸厂&CDP-8BC4;心,心
12065,12065,12065,慇,⿱⿰㐆⿱𠘧又心,心
12066,12066,12066,慂,⿱⿰氵⿱龴⿵冂&CDP-8BF1;心,心
12067,12067,12067,愸,⿱⿰⿻木⿰人人⿻丿𠃌心,心
12068,12068,12068,憋,⿱⿰⿻丷⿻巾八攵心,心
12069,12069,12069,慗,⿱⿰束攵心,心
12070,12070,12070,憃,⿱⿱⿻⿱一⿱一一人臼心,心
12071,12071,12071,慸,⿱⿳&CDP-8C4B;冖巾心,心
12072,12072,12072,慧,⿱⿱⿰⿻⿱一⿱一一丨⿻⿱一⿱一一丨彐心,心
12073,12073,12073,憨,⿱⿰⿱乛耳攵心,心
12074,12074,12074,慮,⿸⿸⿱⺊&CDP-88E2;⿻㇀乚⿱田心,心
12075,12075,12075,慜,⿱⿰⿱𠂉母攵心,心
12076,12076,12076,慿,⿱⿰冫⿹&CDP-896A;⿻一&CDP-8BF5;心,心
12077,12077,12077,慤,⿱⿰⿱⿱十一⿱冖几⿱𠘧又心,心
12078,12078,12078,憇,⿱⿰⿱⿱丿十口甘心,心
12079,12079,12079,慶,⿸&CDP-8D56;&CDP-8D57;,心
12080,12080,12080,慼,⿱⿵戊⿱⿱⺊一小心,心
12081,12081,12081,慫,⿱⿰彳&CDP-8BB0;心,心
12082,12082,12082,憅,⿱⿰重⿻丿𠃌心,心
12083,12083,12083,慰,⿱⿰⿸尸示寸心,心
12084,12084,12084,慭,⿱⿰来犬心,心
12085,12085,12085,慾,⿱⿰谷欠心,心
12086,12086,12086,憂,⿱⿱&CDP-8CD4;心夂,心
12087,12087,12087,慹,⿱⿰⿱⿱十一⿱丷干⿻九丶心,心
12088,12088,12088,憄,⿱⿰彳⿱十&CDP-8BA5;心,心
12089,12089,12089,憊,⿱⿰亻⿱艹⿸⿱一丿⿵冂&CDP-8BF1;心,心
12090,12090,12090,憝,⿱⿰⿳⿱丶一口子攵心,心
12091,12091,12091,憠,⿱⿸厂⿰⿱⿱丷一⿻凵丨欠心,心
12092,12092,12092,憼,⿱⿰⿱艹⿹勹口攵心,心
12093,12093,12093,憥,⿱⿱⿱⿰⿱八人⿱八人冖⿻丿𠃌心,心
12094,12094,12094,憑,⿱⿰冫⿹&CDP-896A;灬心,心
12095,12095,12095,憌,⿱⿰⿱人&CDP-8DE3;⿹勹冫心,心
12096,12096,12096,憩,⿱⿰⿱⿱丿十口自心,心
12097,12097,12097,憲,⿳⿱宀⿻⿱一⿱一一丨罒心,心
12098,12098,12098,憙,⿱⿱⿱十豆口心,心
12099,12099,12099,憖,⿱⿰⿻木⿰人人犬心,心
12100,12100,12100,憗,⿱⿰⿻木⿰人人攵心,心
12101,12101,12101,懇,⿱⿰豸艮心,心
12102,12102,12102,懋,⿱⿲木⿱龴⿹⿱乛亅丿木心,心
12103,12103,12103,懑,⿱⿰氵⿱艹⿱一&CDP-854B;心,心
12104,12104,12104,憵,⿱⿰⿸尸口⿱⿱&CDP-8BAE;一十心,心
12105,12105,12105,懃,⿱⿰⿱廿&CDP-8A6D;⿻丿𠃌心,心
12106,12106,12106,懣,⿱⿰氵⿱廿&CDP-8C62;心,心
12107,12107,12107,應,⿸⿸广⿰亻隹心,心
12108,12108,12108,懘,⿱⿰氵⿳&CDP-8C4B;冖巾心,心
12109,12109,12109,懟,⿱⿰&CDP-8BBD;寸心,心
12110,12110,12110,懖,⿱⿰⿱人&CDP-8DE3;⿱⿱丿十口心,心
12111,12111,12111,懬,⿸⿸广⿳⿱⿻十丨一由八心,心
12112,12112,12112,懕,⿸⿸厂⿰⿱⿵冂⿱一一月犬心,心
12113,12113,12113,懲,⿱⿰彳⿰&CDP-8DB6;攵心,心
12114,12114,12114,懯,⿱⿰⿱⿺&CDP-86B7;丶⿱⿱丶一&CDP-8B6C;攵心,心
12115,12115,12115,懸,⿱⿰&CDP-8C6D;⿱丿⿱⿰&CDP-895C;丶小心,心
12116,12116,12116,懿,⿰⿳⿱十一冖豆⿱⿰冫欠心,心
12117,12117,12117,戀,⿱⿲⿱⿰&CDP-895C;丶小言⿱⿰&CDP-895C;丶小心,心
12118,12118,12118,戁,⿱⿰&CDP-8BD3;隹心,心
12119,12119,12119,戅,⿱⿰⿱⿱&CDP-8BAE;一⿱日十⿱工⿱目八心,心
12120,12120,12120,戆,⿱⿰⿱⿱&CDP-8BAE;一⿱日十⿱夂⿱工贝心,心
12121,12121,12121,戇,⿱⿰⿱⿱&CDP-8BAE;一⿱日十⿱夂⿱工⿱目八心,心
12122,12122,12122,牙,牙,牙
12123,12123,12123,牚,⿱⿱⿱⺌冖口牙,牙
12124,12124,12124,爻,⿱㐅⿻丿乀,爻
12125,12125,12125,爼,⿰⿱㐅⿻丿乀且,爻
12126,12126,12126,爽,⿻⿻一人⿰⿱㐅⿻丿乀⿱㐅⿻丿乀,爻
12127,12127,12127,爾,⿱一&CDP-88D6;,爻
12128,12128,12128,曲,曲,曰
12129,12129,12129,曳,曳,曰
12130,12130,12130,曰,曰,曰
12131,12131,12131,曱,曱,曰
12132,12132,12132,更,⿱一&CDP-89E7;,曰
12133,12133,12133,曵,⿺曳丶,曰
12134,12134,12134,曶,⿱⿹勹&CDP-89A6;曰,曰
12135,12135,12135,曷,⿱日⿹勹⿺𠃊人,曰
12136,12136,12136,曺,⿱⿻一由日,曰
12137,12137,12137,曻,⿱曰⿰⿴𠂊丶㐄,曰
12138,12138,12138,書,⿱&CDP-8BC6;日,曰
12139,12139,12139,曹,⿱&CDP-8D61;日,曰
12140,12140,12140,曼,⿳日罒又,曰
12141,12141,12141,曽,⿱⿱丷田日,曰
12142,12142,12142,曾,⿱丷⿱&CDP-8B62;日,曰
12143,12143,12143,朁,⿱⿰旡旡日,曰
12144,12144,12144,替,⿱⿰⿻⿱一一人⿻⿱一一人日,曰
12145,12145,12145,朂,⿱日⿸耳⿻丿𠃌,曰
12146,12146,12146,最,⿱日⿰耳又,曰
12147,12147,12147,會,⿱⿱人一⿱&CDP-8B62;日,曰
12148,12148,12148,朅,⿰⿱⿱十一厶⿱日⿹勹⿺𠃊人,曰
12149,12149,12149,朄,⿰申柬,曰
12150,12150,12150,朆,⿰⿱丷⿱&CDP-8B62;日⿹勹&CDP-89A6;,曰
12151,12151,12151,朇,⿰⿱⿱人一⿱&CDP-8B62;日⿱&CDP-89BE;十,曰
12152,12152,12152,肌,⿰月几,月
12153,12153,12153,肎,⿱冖月,月
12154,12154,12154,肋,⿰月⿻丿𠃌,月
12155,12155,12155,肍,⿰月九,月
12156,12156,12156,有,⿸𠂇月,月
12157,12157,12157,月,月,月
12158,12158,12158,肊,⿰月乙,月
12159,12159,12159,肑,⿰月⿹勹丶,月
12160,12160,12160,肠,⿰月𠃓,月
12161,12161,12161,肞,⿰月⿶⿻丿乀丶,月
12162,12162,12162,肔,⿰月也,月
12163,12163,12163,肚,⿰月⿱十一,月
12164,12164,12164,肝,⿰月干,月
12165,12165,12165,肛,⿰月工,月
12166,12166,12166,肐,⿰月⿱𠂉乙,月
12167,12167,12167,肒,⿰月⿻九丶,月
12168,12168,12168,肓,⿱⿱⿱丶一𠃊月,月
12169,12169,12169,肕,⿰月⿹⿹𠃌丿丿,月
12170,12170,12170,肜,⿰月彡,月
12171,12171,12171,肗,⿰月女,月
12172,12172,12172,肟,⿰月⿱一⿱一㇉,月
12173,12173,12173,肖,⿱⺌月,月
12174,12174,12174,肢,⿰月⿱十又,月
12175,12175,12175,肙,⿱口月,月
12176,12176,12176,肘,⿰月寸,月
12177,12177,12177,肦,⿰⿵⺆冫⿱八⿹𠃌丿,月
12178,12178,12178,肪,⿰月⿱⿱丶一&CDP-8B6C;,月
12179,12179,12179,肺,⿰月⿻一巾,月
12180,12180,12180,肥,⿰月巴,月
12181,12181,12181,朌,⿰月⿱八⿹𠃌丿,月
12182,12182,12182,服,⿰月⿸卩又,月
12183,12183,12183,肤,⿰月⿻⿱一一人,月
12184,12184,12184,肱,⿰月⿸𠂇厶,月
12185,12185,12185,股,⿰月⿱𠘧又,月
12186,12186,12186,肩,⿸⿱丶尸月,月
12187,12187,12187,肼,⿰月井,月
12188,12188,12188,肯,⿱止月,月
12189,12189,12189,肻,⿱⺊⿱冖月,月
12190,12190,12190,肭,⿰月⿻冂人,月
12191,12191,12191,肨,⿰月⿻⿱一⿱一一丨,月
12192,12192,12192,朋,⿰月月,月
12193,12193,12193,肶,⿰月比,月
12194,12194,12194,肧,⿰月⿱一&CDP-8665;,月
12195,12195,12195,肷,⿰月欠,月
12196,12196,12196,肵,⿰月⿸𠂆⿱一丨,月
12197,12197,12197,肣,⿰月⿱⿱人丶㇇,月
12198,12198,12198,朊,⿰月⿱一⿱一⿰丿乚,月
12199,12199,12199,肰,⿰月犬,月
12200,12200,12200,肾,⿱⿰⿰丨丨又月,月
12201,12201,12201,肽,⿰月⿵⿻一人丶,月
12202,12202,12202,肳,⿰月⿹勹&CDP-89A6;,月
12203,12203,12203,胁,⿰月⿻⿻丿𠃌八,月
12204,12204,12204,肸,⿰月⿱八十,月
12205,12205,12205,肹,⿰月⿱八⿱一㇉,月
12206,12206,12206,肴,⿱㐅⿸𠂇月,月
12207,12207,12207,肬,⿰月⿺尢丶,月
12208,12208,12208,肫,⿰月⿻丿⿻凵乚,月
12209,12209,12209,肿,⿰月⿻口丨,月
12210,12210,12210,胏,⿰月⿹&CDP-87C2;丿,月
12211,12211,12211,肮,⿰月⿱⿱丶一几,月
12212,12212,12212,育,⿱⿻一厶月,月
12213,12213,12213,胀,⿰月长,月
12214,12214,12214,胈,⿰月⿺⿸𠂇又丶,月
12215,12215,12215,背,⿱⿰&CDP-8BC5;⿺乚丿月,月
12216,12216,12216,胉,⿰月白,月
12217,12217,12217,胞,⿰月⿹勹巳,月
12218,12218,12218,胣,⿰月⿱𠂉也,月
12219,12219,12219,胅,⿰月⿰丿⿻⿱一一人,月
12220,12220,12220,脉,⿰月永,月
12221,12221,12221,胟,⿰月母,月
12222,12222,12222,胨,⿰月东,月
12223,12223,12223,胆,⿰月⿱日一,月
12224,12224,12224,胇,⿰月⿻弓&CDP-8BF5;,月
12225,12225,12225,朏,⿰月⿱⿻凵丨凵,月
12226,12226,12226,胐,⿰月⿱⿻凵丨凵,月
12227,12227,12227,胕,⿰月⿰亻寸,月
12228,12228,12228,胍,⿰月瓜,月
12229,12229,12229,胡,⿰⿱十口月,月
12230,12230,12230,胛,⿰月甲,月
12231,12231,12231,胫,⿰月⿱ス工,月
12232,12232,12232,胩,⿰月⿱⿱⺊一卜,月
12233,12233,12233,朎,⿰月⿱⿱人丶龴,月
12234,12234,12234,胧,⿰月⿻⿺尢丶丿,月
12235,12235,12235,胪,⿰月⿱⺊尸,月
12236,12236,12236,胒,⿰月⿸尸⿺乚丿,月
12237,12237,12237,胖,⿰月⿱丷&CDP-8BF1;,月
12238,12238,12238,胓,⿰月⿻干丷,月
12239,12239,12239,胚,⿰月⿱⿱一&CDP-8665;一,月
12240,12240,12240,胢,⿰月⿹⿱一亅口,月
12241,12241,12241,朐,⿰月⿹勹口,月
12242,12242,12242,胊,⿰月⿹勹口,月
12243,12243,12243,胠,⿰月⿱⿱十一厶,月
12244,12244,12244,胂,⿰月申,月
12245,12245,12245,胜,⿰月生,月
12246,12246,12246,胋,⿰月⿱⺊口,月
12247,12247,12247,胎,⿰月⿱厶口,月
12248,12248,12248,朑,⿰月世,月
12249,12249,12249,胃,⿱田月,月
12250,12250,12250,胘,⿰月⿱⿱丶一⿰&CDP-895C;丶,月
12251,12251,12251,胥,⿱疋月,月
12252,12252,12252,胤,⿲丿⿱⿰&CDP-895C;丶月乚,月
12253,12253,12253,胦,⿰月央,月
12254,12254,12254,胄,⿱由月,月
12255,12255,12255,胗,⿰月⿱人彡,月
12256,12256,12256,胑,⿰月⿱口八,月
12257,12257,12257,胝,⿰月⿱氏丶,月
12258,12258,12258,胙,⿰月乍,月
12259,12259,12259,胵,⿰月⿱⿱一厶⿱十一,月
12260,12260,12260,脃,⿰月⿱𠂊巴,月
12261,12261,12261,脆,⿰月⿸⿱𠂊厂㔾,月
12262,12262,12262,胴,⿰月⿵⿵冂一口,月
12263,12263,12263,胱,⿰月⿱⺌⿱一⿰丿乚,月
12264,12264,12264,胿,⿰月⿱⿱十一⿱十一,月
12265,12265,12265,胳,⿰月⿱夂口,月
12266,12266,12266,胻,⿰月⿰彳⿱一⿱一亅,月
12267,12267,12267,胲,⿰月⿳⿱丶一⿰𠃋丿人,月
12268,12268,12268,胶,⿰月⿱⿱丶一⿱八⿻丿乀,月
12269,12269,12269,脊,⿱&CDP-88D2;月,月
12270,12270,12270,胯,⿰月⿱⿻一人⿱一⿱一㇉,月
12271,12271,12271,脍,⿰月⿱人⿱⿱一一厶,月
12272,12272,12272,朗,⿰&CDP-8C42;月,月
12273,12273,12273,脈,⿰月⿸𠂆&CDP-8C66;,月
12274,12274,12274,脄,⿰月⿸𠂇⿱八人,月
12275,12275,12275,脒,⿰月米,月
12276,12276,12276,脌,⿰月年,月
12277,12277,12277,能,⿰⿱厶⿵⺆冫⿱⿺乚丿⿺乚丿,月
12278,12278,12278,脓,⿰月⿻冖𧘇,月
12279,12279,12279,脑,⿰月⿱⿱丶一⿶凵㐅,月
12280,12280,12280,朒,⿰月肉,月
12281,12281,12281,胼,⿰月⿱丷⿱一⿻一&CDP-8BF5;,月
12282,12282,12282,胮,⿰月⿱夂㐄,月
12283,12283,12283,脐,⿰月⿱⿱⿱丶一⿻丿乀&CDP-8BF5;,月
12284,12284,12284,朔,⿰⿱⿱丷一⿻凵丨月,月
12285,12285,12285,脠,⿰月⿺廴⿱丿&CDP-8960;,月
12286,12286,12286,脎,⿰月⿱㐅朩,月
12287,12287,12287,朓,⿰月兆,月
12288,12288,12288,脁,⿰月兆,月
12289,12289,12289,脡,⿰月⿺廴⿱丿⿱十一,月
12290,12290,12290,脅,⿱⿱⿻丿𠃌⿰⿻丿𠃌⿻丿𠃌月,月
12291,12291,12291,脇,⿰月⿱⿻丿𠃌⿰⿻丿𠃌⿻丿𠃌,月
12292,12292,12292,脋,⿱⿱⿹𠃌丿⿰⿹𠃌丿⿹𠃌丿月,月
12293,12293,12293,胷,⿱⿹勹⿶凵㐅月,月
12294,12294,12294,胸,⿰月⿹勹⿶凵㐅,月
12295,12295,12295,脩,⿰&CDP-8B7A;⿱夂月,月
12296,12296,12296,胰,⿰月⿻⿻一人弓,月
12297,12297,12297,胭,⿰月⿴囗⿻一人,月
12298,12298,12298,朕,⿰月⿱丷⿱一⿻一人,月
12299,12299,12299,脀,⿱⿱⿱乛⿲㇇亅&CDP-85BF;一月,月
12300,12300,12300,脂,⿰月⿱⿺乚丿日,月
12301,12301,12301,脏,⿰月⿸广⿱十一,月
12302,12302,12302,胺,⿰月⿱宀女,月
12303,12303,12303,胹,⿰月⿱一⿱丿⿵冂⿰丨丨,月
12304,12304,12304,脫,⿰月⿱八⿱口⿰丿乚,月
12305,12305,12305,脖,⿰月⿱⿱十冖子,月
12306,12306,12306,脭,⿰月⿱口⿱一⿱十一,月
12307,12307,12307,脣,⿸⿸厂⿱⿱一一&CDP-8CC6;月,月
12308,12308,12308,脞,⿰月⿻⿱十一⿰人人,月
12309,12309,12309,脨,⿰月束,月
12310,12310,12310,脰,⿰月豆,月
12311,12311,12311,脯,⿰月⿺&CDP-86B7;丶,月
12312,12312,12312,脵,⿰月⿱口⿱一⿻一人,月
12313,12313,12313,朚,⿱⿱⿱丶一𠃊⿰日月,月
12314,12314,12314,脝,⿰月⿳⿱丶一口⿱乛亅,月
12315,12315,12315,脥,⿰月⿻⿻一人⿰人人,月
12316,12316,12316,脚,⿰月⿰⿱⿱十一厶卩,月
12317,12317,12317,朘,⿰月⿳厶八夂,月
12318,12318,12318,脛,⿰月⿳一⿲𡿨𡿨𡿨工,月
12319,12319,12319,脸,⿰月⿳⿱人一𭕄一,月
12320,12320,12320,脟,⿰月⿱⿱丿𭕄寸,月
12321,12321,12321,脶,⿰月⿱口⿻冂人,月
12322,12322,12322,脷,⿰月⿰⿱丿木刂,月
12323,12323,12323,朖,⿰月⿱丶艮,月
12324,12324,12324,脢,⿰月⿱𠂉母,月
12325,12325,12325,朙,⿰⿴⿴囗⿰丿乚冂月,月
12326,12326,12326,脲,⿰月⿸尸⿲㇇亅&CDP-85BF;,月
12327,12327,12327,脮,⿰月⿱⿱丿𭕄女,月
12328,12328,12328,脳,⿰月⿱𭕄⿶凵㐅,月
12329,12329,12329,脬,⿰月⿱⿱丿𭕄子,月
12330,12330,12330,脴,⿰月⿱⿱一&CDP-8665;口,月
12331,12331,12331,脜,⿰月⿱一自,月
12332,12332,12332,脤,⿰月⿸厂⿱⿱一一&CDP-8CC6;,月
12333,12333,12333,脦,⿰月⿹⿺⿻一乚丶心,月
12334,12334,12334,脱,⿰月⿱丷⿱口⿰丿乚,月
12335,12335,12335,脕,⿰月⿱𠂊&CDP-8BCB;,月
12336,12336,12336,望,⿱⿰⿱⿱丶一𠃊月⿱一⿱十一,月
12337,12337,12337,脗,⿰月⿱⿹勹&CDP-89A6;口,月
12338,12338,12338,脘,⿰月⿱宀⿱一⿱一⿰丿乚,月
12339,12339,12339,脙,⿰月⿺&CDP-85DC;丶,月
12340,12340,12340,脪,⿰月⿱㐅⿸𠂇巾,月
12341,12341,12341,脧,⿰月⿳厶八夂,月
12342,12342,12342,脿,⿰月⿱龶𧘇,月
12343,12343,12343,腄,⿰月⿳丿&CDP-876E;一,月
12344,12344,12344,朝,⿰⿱十⿱日十月,月
12345,12345,12345,脺,⿰月⿱⿱⿱丶一⿰人人十,月
12346,12346,12346,腅,⿰月⿱⿱八人⿱八人,月
12347,12347,12347,腚,⿰月⿱宀⿱一龰,月
12348,12348,12348,腖,⿰月東,月
12349,12349,12349,腓,⿰月非,月
12350,12350,12350,腑,⿰月⿸广⿰亻寸,月
12351,12351,12351,腂,⿰月⿻日木,月
12352,12352,12352,腘,⿰月⿴囗⿷⿱一⿱十一丶,月
12353,12353,12353,腱,⿰月⿺廴⿻⿻&CDP-8BAB;丨⿱一一,月
12354,12354,12354,脻,⿰月疌,月
12355,12355,12355,腃,⿰月⿱⿱丷⿻⿱一一人㔾,月
12356,12356,12356,朞,⿱⿱&CDP-8B72;八月,月
12357,12357,12357,腈,⿰月⿱龶月,月
12358,12358,12358,腒,⿰月⿸尸⿱十口,月
12359,12359,12359,脼,⿰月⿱一&CDP-8C62;,月
12360,12360,12360,腡,⿰月⿵⿱⿵冂𠃍冂口,月
12361,12361,12361,腊,⿰月⿱⿱⿻十丨一日,月
12362,12362,12362,腀,⿰月⿱⿱人一⿵冂⿻十丨,月
12363,12363,12363,腉,⿰月⿱臼⿰丿乚,月
12364,12364,12364,腇,⿰月⿱⿱丿木女,月
12365,12365,12365,腁,⿰月⿰⿱丿干⿱丿干,月
12366,12366,12366,脾,⿰月⿱&CDP-89BE;十,月
12367,12367,12367,腗,⿰月⿱由⿱一&CDP-8BF5;,月
12368,12368,12368,腔,⿰月⿱⿱宀八工,月
12369,12369,12369,期,⿰⿱&CDP-8B72;八月,月
12370,12370,12370,腍,⿰月⿱⿱⿱人丶㇇心,月
12371,12371,12371,脽,⿰月隹,月
12372,12372,12372,腎,⿱⿰臣又月,月
12373,12373,12373,腆,⿰月⿱&CDP-89E0;八,月
12374,12374,12374,朜,⿰月⿳⿱丶一口子,月
12375,12375,12375,腕,⿰月⿱宀⿰⿴𠂊丶㔾,月
12376,12376,12376,腋,⿰月⿱⿱丶一⿰亻&CDP-89F3;,月
12377,12377,12377,腴,⿰月⿻臼人,月
12378,12378,12378,朠,⿰月⿱艹央,月
12379,12379,12379,腏,⿰月⿱⿰又又⿰又又,月
12380,12380,12380,脹,⿰月⿳&CDP-884A;一&CDP-8CC6;,月
12381,12381,12381,腙,⿰月⿱宀示,月
12382,12382,12382,腌,⿰月⿱⿻一人⿻日乚,月
12383,12383,12383,腷,⿰月⿱⿱一口田,月
12384,12384,12384,腸,⿰月⿱⿱日一⿹勹&CDP-89A6;,月
12385,12385,12385,腟,⿰月⿱宀⿱⿱一厶⿱十一,月
12386,12386,12386,腠,⿰月⿱⿻⿱一⿱一一人⿱一⿻一人,月
12387,12387,12387,腶,⿰月⿰&CDP-8CE4;⿱𠘧又,月
12388,12388,12388,腣,⿰月⿱&CDP-8BEC;巾,月
12389,12389,12389,腹,⿰月⿳𠂉日夂,月
12390,12390,12390,腵,⿰月⿰&CDP-8C7A;&CDP-8C79;,月
12391,12391,12391,腳,⿰月⿰谷卩,月
12392,12392,12392,腺,⿰月⿱白⿲㇇亅&CDP-85BF;,月
12393,12393,12393,腼,⿰月⿱⿱一丿⿴囗&CDP-89CC;,月
12394,12394,12394,腜,⿰月⿱甘木,月
12395,12395,12395,腻,⿰月⿹⿺⿻一乚丶⿱⿱一一贝,月
12396,12396,12396,腩,⿰月⿱十&CDP-8BDC;,月
12397,12397,12397,腦,⿰月⿱⿲𡿨𡿨𡿨⿴⿱丿囗㐅,月
12398,12398,12398,腝,⿰月⿱⿱一⿱丿⿵冂⿰丨丨⿻一人,月
12399,12399,12399,腬,⿰月⿱⿱龴⿹⿱乛亅丿木,月
12400,12400,12400,腨,⿰月⿱山⿱一⿱丿⿵冂⿰丨丨,月
12401,12401,12401,膄,⿰月⿱&CDP-884F;又,月
12402,12402,12402,腧,⿰月⿱⿱人一⿰月刂,月
12403,12403,12403,腮,⿰月⿱田心,月
12404,12404,12404,腿,⿰月⿺辶艮,月
12405,12405,12405,腾,⿰月⿱⿱丷⿻⿱一一人⿹&CDP-8A77;一,月
12406,12406,12406,腯,⿰月⿸𠂆⿱十目,月
12407,12407,12407,腽,⿰月⿱日皿,月
12408,12408,12408,腛,⿰月⿸尸⿱⿱一厶⿱十一,月
12409,12409,12409,腲,⿰月⿳田一&CDP-8CC6;,月
12410,12410,12410,腥,⿰月⿱日生,月
12411,12411,12411,腪,⿰月⿱冖車,月
12412,12412,12412,腰,⿰月⿱⿱一&CDP-86EA;女,月
12413,12413,12413,腞,⿰月⿱彑𧰨,月
12414,12414,12414,膇,⿰月⿺辶⿱丿㠯,月
12415,12415,12415,腫,⿰月重,月
12416,12416,12416,朡,⿰月⿳⿶凵㐅八夂,月
12417,12417,12417,腤,⿰月⿱⿱&CDP-8BAE;一日,月
12418,12418,12418,腭,⿰月⿱⿰口口⿱一⿱一㇉,月
12419,12419,12419,腢,⿰月禺,月
12420,12420,12420,膊,⿰月⿱⿺&CDP-86B7;丶寸,月
12421,12421,12421,膀,⿰月⿱&CDP-8BEC;⿱⿱丶一&CDP-8B6C;,月
12422,12422,12422,膑,⿰月⿱宀⿱丘八,月
12423,12423,12423,膏,⿱⿳⿱丶一口⿵冂口月,月
12424,12424,12424,膈,⿰月⿳一口⿵⿵冂⿰丿乚⿱一丨,月
12425,12425,12425,膌,⿰月⿱&CDP-88D2;月,月
12426,12426,12426,膋,⿱⿱⿰⿱八人⿱八人冖月,月
12427,12427,12427,膂,⿱⿰⿱⿱丶一&CDP-8B6C;&CDP-8D55;月,月
12428,12428,12428,膜,⿰月⿱艹⿱日⿻一人,月
12429,12429,12429,膍,⿰月⿱⿴⿱丿囗㐅比,月
12430,12430,12430,膖,⿰月⿺辶⿱夂⿻⿱一⿱一一丨,月
12431,12431,12431,膁,⿰月⿱⿱丷一&CDP-8CDE;,月
12432,12432,12432,膆,⿰月⿱龶⿱⿰&CDP-895C;丶小,月
12433,12433,12433,膅,⿰月⿸广&CDP-8CC1;,月
12434,12434,12434,膃,⿰月⿱⿴囗人皿,月
12435,12435,12435,朢,⿱⿰臣月⿱一⿱十一,月
12436,12436,12436,膎,⿰月⿱⿱丿𭕄⿱⿰&CDP-895C;丶⿻一人,月
12437,12437,12437,膉,⿰月⿱&CDP-8CF0;皿,月
12438,12438,12438,膘,⿰月⿱⿱一&CDP-86EA;示,月
12439,12439,12439,膗,⿰月⿱山隹,月
12440,12440,12440,膓,⿰月⿱𠂉⿱⿱日一⿹勹&CDP-89A6;,月
12441,12441,12441,膵,⿰月⿱艹⿱⿱⿱丶一⿰人人十,月
12442,12442,12442,膚,⿸⿸⿱⺊&CDP-88E2;⿻㇀乚⿱田月,月
12443,12443,12443,膕,⿰月⿴囗⿹⿻⿺⿻一乚丶丿⿱口一,月
12444,12444,12444,膠,⿰月⿱⿰⿹𠃌冫⿹𠃌冫⿱人彡,月
12445,12445,12445,膔,⿰月⿸&CDP-8D56;比,月
12446,12446,12446,膢,⿰月⿱&CDP-89C5;女,月
12447,12447,12447,膟,⿰月⿱⿻⿱⿱丶一⿰&CDP-895C;丶&CDP-89AE;十,月
12448,12448,12448,膛,⿰月⿱⿱⿱⺌冖口⿱十一,月
12449,12449,12449,膷,⿰月⿰乡⿰&CDP-8C42;阝,月
12450,12450,12450,膤,⿰月⿱⿱一⿻冂&CDP-8C41;彐,月
12451,12451,12451,膝,⿰月⿱木&CDP-8D71;,月
12452,12452,12452,膡,⿰月⿱⿱丷⿻⿱一一人目,月
12453,12453,12453,膼,⿰月⿺辶⿵⿱⿵冂𠃍冂口,月
12454,12454,12454,膞,⿰月⿱&CDP-8BD0;寸,月
12455,12455,12455,膣,⿰月⿱⿱宀八⿱⿱一厶⿱十一,月
12456,12456,12456,膒,⿰月⿷匚⿱口⿰口口,月
12457,12457,12457,膪,⿰月⿱⿱&CDP-8BEC;巾口,月
12458,12458,12458,膬,⿰月⿱⿱丿&CDP-8A43;⿰⿱丿&CDP-8A43;⿱丿&CDP-8A43;,月
12459,12459,12459,膰,⿰月⿱⿱丿米田,月
12460,12460,12460,膹,⿰月⿱⿱十⿻一&CDP-8BF5;⿱目八,月
12461,12461,12461,膴,⿰月⿱&CDP-8BBE;灬,月
12462,12462,12462,膲,⿰月⿱隹灬,月
12463,12463,12463,膙,⿰月⿰弓⿱口虫,月
12464,12464,12464,臇,⿰月⿱隹&CDP-8DDF;,月
12465,12465,12465,膭,⿰月⿱⿱⿻口丨一⿱目八,月
12466,12466,12466,膫,⿰月⿱⿱⿻⿻一人丷日小,月
12467,12467,12467,臈,⿰月⿱艹⿱日⿹勹⿺𠃊人,月
12468,12468,12468,膦,⿰月⿱米⿰⿴𠂊丶㐄,月
12469,12469,12469,朤,⿱⿰月月⿰月月,月
12470,12470,12470,朥,⿰月⿱⿱⿰⿱八人⿱八人冖⿻丿𠃌,月
12471,12471,12471,膩,⿰月⿹⿺⿻一乚丶⿱⿱一一⿱目八,月
12472,12472,12472,膨,⿰月⿰⿱十豆彡,月
12473,12473,12473,膶,⿰月⿵⿰𠁣𠃛⿱一⿱十一,月
12474,12474,12474,膳,⿰月⿱⿱⿱⿱丷一&CDP-8BF1;⿱丷一口,月
12475,12475,12475,膸,⿰月⿺辶&CDP-8CA9;,月
12476,12476,12476,朣,⿰月⿱⿱&CDP-8BAE;一⿱&CDP-8BD9;一,月
12477,12477,12477,膧,⿰月⿱⿱&CDP-8BAE;一⿱&CDP-8BD9;一,月
12478,12478,12478,膯,⿰月⿱⿰&CDP-88D3;&CDP-88D5;豆,月
12479,12479,12479,膮,⿰月⿱⿱⿱十一⿰⿱十一⿱十一⿱一⿰丿乚,月
12480,12480,12480,膽,⿰月⿸⿱𠂊厂&CDP-8CC3;,月
12481,12481,12481,朦,⿰月⿱艹⿳冖一⿱一𧰨,月
12482,12482,12482,膱,⿰月⿹&CDP-88A7;日,月
12483,12483,12483,臂,⿱⿰⿸尸口⿱⿱&CDP-8BAE;一十月,月
12484,12484,12484,臅,⿰月⿱罒⿹勹虫,月
12485,12485,12485,臌,⿰月⿰⿱十豆⿱十又,月
12486,12486,12486,臄,⿰月⿸⿸⿱⺊&CDP-88E2;⿻㇀乚⿱一𧰨,月
12487,12487,12487,膾,⿰月⿱⿱人一⿱&CDP-8B62;日,月
12488,12488,12488,臁,⿰月⿸广⿱⿱丷一&CDP-8CDE;,月
12489,12489,12489,臉,⿰月⿳⿱人一⿰口口⿰人人,月
12490,12490,12490,膿,⿰月⿱曲⿸厂⿱⿱一一&CDP-8CC6;,月
12491,12491,12491,膻,⿰月⿱⿱⿱丶一⿴囗口⿱日一,月
12492,12492,12492,臊,⿰月⿱⿱口⿰口口木,月
12493,12493,12493,臀,⿱⿰⿸尸⿱⿱⿻十丨一八⿱𠘧又月,月
12494,12494,12494,臒,⿰月⿱艹⿱隹又,月
12495,12495,12495,臆,⿰月⿱⿱⿱&CDP-8BAE;一日心,月
12496,12496,12496,膺,⿸⿸广⿰亻隹月,月
12497,12497,12497,臃,⿰月⿱⿱丶一&CDP-8DB5;,月
12498,12498,12498,臏,⿰月⿱&CDP-8D74;⿱目八,月
12499,12499,12499,臎,⿰月⿱⿰⿹𠃌冫⿹𠃌冫⿱⿱⿱丶一⿰人人十,月
12500,12500,12500,臗,⿰月⿱宀⿱艹⿷⿱目⿰丿乚丶,月
12501,12501,12501,臍,⿰月⿱&CDP-8DEB;&CDP-89C6;,月
12502,12502,12502,臐,⿰月熏,月
12503,12503,12503,臓,⿰月⿱艹⿵戊臣,月
12504,12504,12504,臑,⿰月⿱⿱一⿻冂&CDP-8C41;⿱一⿱丿⿵冂⿰丨丨,月
12505,12505,12505,臕,⿰月⿸⿸&CDP-8D56;比灬,月
12506,12506,12506,臘,⿰月⿳⿲𡿨𡿨𡿨⿴囗㐅&CDP-8D46;,月
12507,12507,12507,臔,⿰月⿱⿰臣又⿱目八,月
12508,12508,12508,臛,⿰月⿱⿱一⿻冂&CDP-8C41;隹,月
12509,12509,12509,朧,⿰月⿰⿱⿱&CDP-8BAE;一月&CDP-89B0;,月
12510,12510,12510,臚,⿰月⿸⿸⿱⺊&CDP-88E2;⿻㇀乚&CDP-8CF4;,月
12511,12511,12511,臖,⿱⿶&CDP-8BA8;⿵⿵冂一口月,月
12512,12512,12512,臙,⿰月⿳廿&CDP-8D76;灬,月
12513,12513,12513,臜,⿰月⿱⿰⿱⿰丿土⿰丿乚⿱⿰丿土⿰丿乚贝,月
12514,12514,12514,臝,⿱⿱⿱⿱丶一𠃊口⿲月⿻日木⿵几丶,月
12515,12515,12515,臟,⿰月⿱艹⿵⿰爿⿻⿺⿻一乚丶丿臣,月
12516,12516,12516,臞,⿰月⿱⿰目目隹,月
12517,12517,12517,臢,⿰月⿱⿰⿱⿰丿土⿰丿乚⿱⿰丿土⿰丿乚⿱目八,月
12518,12518,12518,爫,⿱丿𭕄,爫
12519,12519,12519,爭,⿱⿱丿𭕄&CDP-8BFE;,爫
12520,12520,12520,爯,⿱⿱丿𭕄冉,爫
12521,12521,12521,爰,⿳⿱丿𭕄一⿸𠂇又,爫
12522,12522,12522,爱,⿱&CDP-8BB8;⿸𠂇又,爫
12523,12523,12523,爲,爲,爫
12524,12524,12524,爳,⿱爲⿱乛亅,爫
12525,12525,12525,爵,⿳⿱丿𭕄罒⿰&CDP-8B7C;寸,爫
12526,12526,12526,攰,⿺⿱十又⿻丿𠃌,支
12527,12527,12527,支,⿱十又,支
12528,12528,12528,攱,⿰⿱&CDP-8BAE;一⿱十又,支
12529,12529,12529,攲,⿰⿱⿻一人⿹⿱一亅口⿱十又,支
12530,12530,12530,攳,⿺⿱十又⿳彐&CDP-8CFA;寸,支
12531,12531,12531,此,⿰止⿺乚丿,止
12532,12532,12532,止,止,止
12533,12533,12533,正,⿱一止,止
12534,12534,12534,步,⿱止𣥂,止
12535,12535,12535,歨,⿱止龰,止
12536,12536,12536,歩,⿱止⿱小丿,止
12537,12537,12537,歫,⿰止巨,止
12538,12538,12538,歧,⿰止⿱十又,止
12539,12539,12539,武,⿹&CDP-8CB8;止,止
12540,12540,12540,歪,⿱⿱一&CDP-8665;⿱一止,止
12541,12541,12541,歬,⿱止舟,止
12542,12542,12542,歭,⿰止⿱⿱十一寸,止
12543,12543,12543,歯,⿱止⿶凵米,止
12544,12544,12544,歮,⿱止⿰止止,止
12545,12545,12545,歳,⿱止⿵⿵戊一小,止
12546,12546,12546,歲,⿱止&CDP-8CB3;,止
12547,12547,12547,歱,⿰止重,止
12548,12548,12548,歴,⿸⿸厂⿰木木止,止
12549,12549,12549,歰,⿱⿰⿹⿹𠃌丿丿⿹⿹𠃌丿丿⿰止止,止
12550,12550,12550,歶,⿱⿰止⿺乚丿禺,止
12551,12551,12551,歵,⿰止⿱龶⿱目八,止
12552,12552,12552,歷,⿸⿸厂⿰⿱丿木⿱丿木止,止
12553,12553,12553,歸,⿰⿱𠂤止⿳彐冖巾,止
12554,12554,12554,爪,爪,爪
12555,12555,12555,爬,⿺爪巴,爪
12556,12556,12556,爮,⿺爪⿹勹巳,爪
12557,12557,12557,爴,⿰⿴囗⿹⿻⿺⿻一乚丶丿⿱口一爪,爪
12558,12558,12558,百,⿱一白,白
12559,12559,12559,癿,⿰白乚,白
12560,12560,12560,白,白,白
12561,12561,12561,皀,⿱白⿺乚丿,白
12562,12562,12562,皃,⿱白⿰丿乚,白
12563,12563,12563,皁,⿱白十,白
12564,12564,12564,皂,⿱白⿻㇀乚,白
12565,12565,12565,的,⿰白⿹勹丶,白
12566,12566,12566,皈,⿰白⿸𠂆又,白
12567,12567,12567,皇,⿱白⿱一⿱十一,白
12568,12568,12568,皆,⿱比白,白
12569,12569,12569,皍,⿱白⿰⿺乚丿卩,白
12570,12570,12570,皅,⿰白巴,白
12571,12571,12571,皋,⿱白⿱⿻一人十,白
12572,12572,12572,皊,⿰白⿱⿱人丶龴,白
12573,12573,12573,皌,⿰白末,白
12574,12574,12574,皉,⿰白⿰止⿺乚丿,白
12575,12575,12575,皐,⿱白⿻十&CDP-89AE;,白
12576,12576,12576,皎,⿰白⿱⿱丶一⿱八⿻丿乀,白
12577,12577,12577,皏,⿰白⿱丷⿱一⿻一&CDP-8BF5;,白
12578,12578,12578,皑,⿰白⿱山己,白
12579,12579,12579,皕,⿰⿱一白⿱一白,白
12580,12580,12580,皔,⿰白⿱日干,白
12581,12581,12581,皓,⿰白⿱⿰丿土口,白
12582,12582,12582,皖,⿰白⿱宀⿱一⿱一⿰丿乚,白
12583,12583,12583,皙,⿱⿰木⿸𠂆⿱一丨白,白
12584,12584,12584,皒,⿰白我,白
12585,12585,12585,皗,⿰白⿵⺆⿱⿱十一口,白
12586,12586,12586,皘,⿰白⿱龶月,白
12587,12587,12587,皝,⿰⿱白⿱一⿱十一⿱⺌⿱一⿰丿乚,白
12588,12588,12588,皜,⿰白⿳⿱丶一口⿵冂口,白
12589,12589,12589,皞,⿰白⿱白⿱⿻一人十,白
12590,12590,12590,皛,⿱白⿰白白,白
12591,12591,12591,皣,⿰白⿱艹&CDP-8BF8;,白
12592,12592,12592,皚,⿰白⿱山豆,白
12593,12593,12593,皠,⿰白⿱山隹,白
12594,12594,12594,皡,⿰白⿱白⿻十&CDP-89AE;,白
12595,12595,12595,皟,⿰白⿱龶⿱目八,白
12596,12596,12596,皥,⿰白⿱自⿻十&CDP-89AE;,白
12597,12597,12597,皤,⿰白⿱⿱丿米田,白
12598,12598,12598,皢,⿰白⿱⿱⿱十一⿰⿱十一⿱十一⿱一⿰丿乚,白
12599,12599,12599,皦,⿰白⿰⿱白⿱⿱丶一&CDP-8B6C;攵,白
12600,12600,12600,皨,⿱⿱白⿰白白⿱十一,白
12601,12601,12601,皧,⿰白⿱&CDP-8BB8;⿱心夂,白
12602,12602,12602,皩,⿰⿱白⿱一⿱十一⿱日⿱⺌⿱一⿰丿乚,白
12603,12603,12603,皭,⿰白⿳⿱丿𭕄罒⿰&CDP-8B7C;寸,白
12604,12604,12604,皪,⿰白⿱&CDP-8BF4;木,白
12605,12605,12605,皫,⿰白⿸⿸&CDP-8D56;比灬,白
12606,12606,12606,皬,⿰白⿱⿱一⿻冂&CDP-8C41;隹,白
12607,12607,12607,癶,⿰&CDP-88D3;&CDP-88D5;,癶
12608,12608,12608,癷,⿱⿰&CDP-88D3;&CDP-88D5;干,癶
12609,12609,12609,癹,⿱⿰&CDP-88D3;&CDP-88D5;⿱𠘧又,癶
12610,12610,12610,発,⿱⿰&CDP-88D3;&CDP-88D5;&CDP-89FD;,癶
12611,12611,12611,癸,⿱⿰&CDP-88D3;&CDP-88D5;⿱一⿻一人,癶
12612,12612,12612,登,⿱⿰&CDP-88D3;&CDP-88D5;豆,癶
12613,12613,12613,發,⿱⿰&CDP-88D3;&CDP-88D5;⿰弓⿱𠘧又,癶
12614,12614,12614,歺,⿱⺊⿴𠂊丶,歺
12615,12615,12615,甘,甘,甘
12616,12616,12616,甙,⿹⿺⿻一乚丶甘,甘
12617,12617,12617,甚,⿱&CDP-88C8;⿷匚⿰丿乚,甘
12618,12618,12618,甛,⿰甘⿱⿱丿十口,甘
12619,12619,12619,甜,⿰⿱⿱丿十口甘,甘
12620,12620,12620,甞,⿱⿱⿱⺌冖口甘,甘
12621,12621,12621,甝,⿺⿸⿸⿱⺊&CDP-88E2;⿻㇀乚几甘,甘
12622,12622,12622,瓜,瓜,瓜
12623,12623,12623,瓝,⿺瓜⿹勹丶,瓜
12624,12624,12624,瓟,⿺瓜⿹勹巳,瓜
12625,12625,12625,瓞,⿺瓜⿰丿⿻⿱一一人,瓜
12626,12626,12626,瓠,⿰⿱⿻一人⿱一⿱一㇉瓜,瓜
12627,12627,12627,瓡,⿰⿱⿱十一⿱丷干瓜,瓜
12628,12628,12628,瓢,⿰⿱⿱一&CDP-86EA;示瓜,瓜
12629,12629,12629,瓣,⿲⿱⿱&CDP-8BAE;一十瓜⿱⿱&CDP-8BAE;一十,瓜
12630,12630,12630,瓤,⿰⿳⿱丶一&CDP-8CA3;𧘇瓜,瓜
12631,12631,12631,瓥,⿱⿰瓜⿱一𧰨⿰虫虫,瓜
12632,12632,12632,禾,⿱丿木,禾
12633,12633,12633,秂,⿱⿱丿木人,禾
12634,12634,12634,私,⿰⿱丿木厶,禾
12635,12635,12635,禿,⿱⿱丿木⿰丿乚,禾
12636,12636,12636,秃,⿱⿱丿木几,禾
12637,12637,12637,秀,⿱⿱丿木⿹𠄎丿,禾
12638,12638,12638,秉,⿻⿱丿木&CDP-8BAB;,禾
12639,12639,12639,秅,⿰⿱丿木⿱丿⿻㇀乚,禾
12640,12640,12640,秆,⿰⿱丿木干,禾
12641,12641,12641,秊,⿱⿱丿木⿱丿十,禾
12642,12642,12642,秈,⿰⿱丿木山,禾
12643,12643,12643,秇,⿰⿱丿木⿻九丶,禾
12644,12644,12644,秄,⿰⿱丿木子,禾
12645,12645,12645,秕,⿰⿱丿木比,禾
12646,12646,12646,种,⿰⿱丿木⿻口丨,禾
12647,12647,12647,科,⿰⿱丿木斗,禾
12648,12648,12648,秒,⿰⿱丿木⿱小丿,禾
12649,12649,12649,秎,⿰⿱丿木⿱八⿹𠃌丿,禾
12650,12650,12650,秏,⿰⿱丿木⿱丿&CDP-8A43;,禾
12651,12651,12651,秬,⿰⿱丿木巨,禾
12652,12652,12652,秔,⿰⿱丿木⿱⿱丶一几,禾
12653,12653,12653,秋,⿰⿱丿木⿱八人,禾
12654,12654,12654,秌,⿰⿱八人⿱丿木,禾
12655,12655,12655,秗,⿰⿱丿木⿱丿⿻一人,禾
12656,12656,12656,秐,⿰⿱丿木⿱⿱一一厶,禾
12657,12657,12657,秓,⿰⿱丿木⿱十又,禾
12658,12658,12658,秖,⿰⿱丿木氏,禾
12659,12659,12659,秭,⿰⿱丿木⿹&CDP-87C2;丿,禾
12660,12660,12660,秪,⿰⿱丿木⿱氏丶,禾
12661,12661,12661,秚,⿰⿱丿木⿱丷&CDP-8BF1;,禾
12662,12662,12662,秘,⿰⿱丿木⿻心丿,禾
12663,12663,12663,秡,⿰⿱丿木⿺⿸𠂇又丶,禾
12664,12664,12664,称,⿰⿱丿木⿱𠂊小,禾
12665,12665,12665,秤,⿰⿱丿木⿻干丷,禾
12666,12666,12666,秮,⿰⿱丿木⿱厶口,禾
12667,12667,12667,积,⿰⿱丿木⿱口八,禾
12668,12668,12668,秙,⿰⿱丿木⿱十口,禾
12669,12669,12669,秝,⿰⿱丿木⿱丿木,禾
12670,12670,12670,秢,⿰⿱丿木⿱⿱人丶龴,禾
12671,12671,12671,秣,⿰⿱丿木末,禾
12672,12672,12672,秥,⿰⿱丿木⿱⺊口,禾
12673,12673,12673,秜,⿰⿱丿木⿸尸⿺乚丿,禾
12674,12674,12674,秛,⿰⿱丿木皮,禾
12675,12675,12675,秠,⿰⿱丿木⿱⿱一&CDP-8665;一,禾
12676,12676,12676,秦,⿱⿻⿱一⿱一一人⿱丿木,禾
12677,12677,12677,秫,⿰⿱丿木⿺木丶,禾
12678,12678,12678,秞,⿰⿱丿木由,禾
12679,12679,12679,秧,⿰⿱丿木央,禾
12680,12680,12680,秩,⿰⿱丿木⿰丿⿻⿱一一人,禾
12681,12681,12681,秨,⿰⿱丿木乍,禾
12682,12682,12682,租,⿰⿱丿木且,禾
12683,12683,12683,秺,⿰⿱丿木⿱宀⿱丿⿻㇀乚,禾
12684,12684,12684,秽,⿰⿱丿木⿱山⿴𠂊丶,禾
12685,12685,12685,秳,⿰⿱丿木⿱⿱丿十口,禾
12686,12686,12686,秴,⿰⿱丿木⿱⿱人一口,禾
12687,12687,12687,秸,⿰⿱丿木⿱⿱十一口,禾
12688,12688,12688,稆,⿰⿱丿木⿱口口,禾
12689,12689,12689,秾,⿰⿱丿木⿻冖𧘇,禾
12690,12690,12690,秹,⿰⿱丿木⿰亻⿱丿⿱十一,禾
12691,12691,12691,秲,⿰⿱丿木⿱⿱十一寸,禾
12692,12692,12692,秱,⿰⿱丿木⿵⿵冂一口,禾
12693,12693,12693,移,⿰⿱丿木⿱⿴𠂊丶⿴𠂊丶,禾
12694,12694,12694,秵,⿰⿱丿木⿴囗⿻一人,禾
12695,12695,12695,秷,⿰⿱丿木⿱⿱一厶⿱十一,禾
12696,12696,12696,秼,⿰⿱丿木朱,禾
12697,12697,12697,秶,⿱⿰冫欠⿱丿木,禾
12698,12698,12698,程,⿰⿱丿木⿱口⿱一⿱十一,禾
12699,12699,12699,秿,⿰⿱丿木⿺&CDP-86B7;丶,禾
12700,12700,12700,稃,⿰⿱丿木⿱⿱丿𭕄子,禾
12701,12701,12701,稈,⿰⿱丿木⿱日干,禾
12702,12702,12702,稁,⿱&CDP-8C4D;⿱丿木,禾
12703,12703,12703,稉,⿰⿱丿木⿱一&CDP-89E7;,禾
12704,12704,12704,稇,⿰⿱丿木⿴囗木,禾
12705,12705,12705,稂,⿰⿱丿木⿱丶艮,禾
12706,12706,12706,稅,⿰⿱丿木⿱八⿱口⿰丿乚,禾
12707,12707,12707,税,⿰⿱丿木⿱丷⿱口⿰丿乚,禾
12708,12708,12708,稍,⿰⿱丿木⿱⺌月,禾
12709,12709,12709,稊,⿰⿱丿木⿱丷⿹⿻弓丨丿,禾
12710,12710,12710,稌,⿰⿱丿木⿱⿱人一朩,禾
12711,12711,12711,稄,⿰⿱丿木⿳厶八夂,禾
12712,12712,12712,稀,⿰⿱丿木⿱㐅⿸𠂇巾,禾
12713,12713,12713,稗,⿰⿱丿木⿱&CDP-89BE;十,禾
12714,12714,12714,稖,⿰⿱丿木⿱⿱&CDP-8BAE;一口,禾
12715,12715,12715,稟,⿱⿱⿱丶一⿴囗口⿱丿木,禾
12716,12716,12716,稠,⿰⿱丿木⿵⺆⿱⿱十一口,禾
12717,12717,12717,稒,⿰⿱丿木⿴囗⿱十口,禾
12718,12718,12718,稘,⿰⿱丿木⿱&CDP-8B72;八,禾
12719,12719,12719,稞,⿰⿱丿木⿻日木,禾
12720,12720,12720,稛,⿰⿱丿木⿴囗⿱丿木,禾
12721,12721,12721,稤,⿰⿱丿木⿳⿱丶一口小,禾
12722,12722,12722,稜,⿰⿱丿木⿳⿱十一八夂,禾
12723,12723,12723,稑,⿰⿱丿木⿱⿱⿱十一⿰丿乚⿱十一,禾
12724,12724,12724,稐,⿰⿱丿木⿱⿱人一⿵冂⿻十丨,禾
12725,12725,12725,稝,⿰⿱丿木⿰月月,禾
12726,12726,12726,稔,⿰⿱丿木⿱⿱⿱人丶㇇心,禾
12727,12727,12727,稣,⿰⿳𠂊田一⿱丿木,禾
12728,12728,12728,稥,⿱⿱⿱丿木灬日,禾
12729,12729,12729,稏,⿰⿱丿木⿳一&CDP-88A1;一,禾
12730,12730,12730,稢,⿰⿱丿木⿹⿻⿺⿻一乚丶丿⿱口一,禾
12731,12731,12731,稚,⿰⿱丿木隹,禾
12732,12732,12732,稕,⿰⿱丿木⿳⿱丶一口子,禾
12733,12733,12733,稙,⿰⿱丿木⿱十&CDP-8BA5;,禾
12734,12734,12734,稡,⿰⿱丿木⿱⿱⿱丶一⿰人人十,禾
12735,12735,12735,稓,⿰⿱丿木⿱⿱⿻十丨一日,禾
12736,12736,12736,稨,⿰⿱丿木⿸⿱丶尸⿵冂⿻十丨,禾
12737,12737,12737,稱,⿰⿱丿木⿱⿱丿𭕄冉,禾
12738,12738,12738,稲,⿰⿱丿木⿱⿱丿𭕄⿰丨日,禾
12739,12739,12739,稪,⿰⿱丿木⿳𠂉日夂,禾
12740,12740,12740,稭,⿰⿱丿木⿱比白,禾
12741,12741,12741,稩,⿰⿱丿木⿱田月,禾
12742,12742,12742,穊,⿰⿱丿木⿰&CDP-8B7C;旡,禾
12743,12743,12743,稬,⿰⿱丿木⿱⿱一⿱丿⿵冂⿰丨丨⿻一人,禾
12744,12744,12744,稫,⿰⿱丿木⿱⿱一口田,禾
12745,12745,12745,穁,⿰⿱丿木⿱艹耳,禾
12746,12746,12746,稳,⿰⿱丿木⿱⿱𠂊彐心,禾
12747,12747,12747,稧,⿰⿱丿木⿱⿰⿻⿱一⿱一一丨⿹𠃌丿⿻一人,禾
12748,12748,12748,稰,⿰⿱丿木⿱疋月,禾
12749,12749,12749,稦,⿰⿱丿木⿳𫝀口㐄,禾
12750,12750,12750,種,⿰⿱丿木重,禾
12751,12751,12751,稵,⿰⿱丿木⿱⿱丷一⿰⿰&CDP-895C;丶⿰&CDP-895C;丶,禾
12752,12752,12752,稯,⿰⿱丿木⿳⿶凵㐅八夂,禾
12753,12753,12753,稻,⿰⿱丿木⿱⿱丿𭕄臼,禾
12754,12754,12754,稾,⿱⿳⿱丶一口⿵冂口⿱丿木,禾
12755,12755,12755,稿,⿰⿱丿木⿳⿱丶一口⿵冂口,禾
12756,12756,12756,穀,⿰⿱⿱⿱⿱十一冖一⿱丿木⿱𠘧又,禾
12757,12757,12757,稼,⿰⿱丿木⿱宀⿱一𧰨,禾
12758,12758,12758,稷,⿰⿱丿木⿳田八夂,禾
12759,12759,12759,稽,⿰⿱丿木⿱⿺尢丶⿱⿺乚丿日,禾
12760,12760,12760,穃,⿰⿱丿木⿱宀谷,禾
12761,12761,12761,穂,⿰⿱丿木⿱⿻一由心,禾
12762,12762,12762,稴,⿰⿱丿木⿱⿱丷一&CDP-8CDE;,禾
12763,12763,12763,稸,⿰⿱丿木⿱⿱⿱丶一⿰&CDP-895C;丶田,禾
12764,12764,12764,稶,⿰⿱丿木⿻⿹⿻⿺⿻一乚丶丿⿱口一&CDP-89A6;,禾
12765,12765,12765,稺,⿰⿱丿木⿸尸⿱⿱&CDP-8BAE;一十,禾
12766,12766,12766,稹,⿰⿱丿木⿱十⿱&CDP-8BA5;八,禾
12767,12767,12767,穄,⿰⿱丿木⿱&CDP-8C4F;示,禾
12768,12768,12768,穏,⿰⿱丿木⿱⿱⿱丿𭕄&CDP-8BAB;心,禾
12769,12769,12769,穇,⿰⿱丿木⿱⿱⿱厶⿰厶厶人彡,禾
12770,12770,12770,穔,⿰⿱丿木⿳⿱⿻十丨一由八,禾
12771,12771,12771,積,⿰⿱丿木⿱龶⿱目八,禾
12772,12772,12772,穅,⿰⿱丿木⿸广隶,禾
12773,12773,12773,穋,⿰⿱丿木⿱⿰⿹𠃌冫⿹𠃌冫⿱人彡,禾
12774,12774,12774,穈,⿸⿸广⿰木木⿱丿木,禾
12775,12775,12775,穆,⿰⿱丿木⿱&CDP-8BC4;彡,禾
12776,12776,12776,穐,⿰⿱丿木⿱𠂊&CDP-89BD;,禾
12777,12777,12777,穑,⿰⿱丿木⿱&CDP-8A65;⿴囗口,禾
12778,12778,12778,穌,⿰⿳𠂊田灬⿱丿木,禾
12779,12779,12779,穒,⿱⿱丿木⿹&CDP-8CBB;灬,禾
12780,12780,12780,穓,⿰⿱丿木⿱田⿱⿱⿻十丨一八,禾
12781,12781,12781,穕,⿰⿱丿木⿱隹木,禾
12782,12782,12782,穎,⿰⿱⿺乚丿⿱丿木頁,禾
12783,12783,12783,穚,⿰⿱丿木⿱⿱⿱丿⿻一人口⿵冂口,禾
12784,12784,12784,穖,⿰⿱丿木⿹&CDP-8BA4;人,禾
12785,12785,12785,穞,⿰⿱丿木⿱⿳𠂊田一日,禾
12786,12786,12786,穙,⿰⿱丿木⿳⿱&CDP-85F0;一⿱丷一⿻⿱一一人,禾
12787,12787,12787,穗,⿰⿱丿木⿱&CDP-8BD0;心,禾
12788,12788,12788,穟,⿰⿱丿木⿺辶⿱丷⿱一𧰨,禾
12789,12789,12789,穜,⿰⿱丿木⿱⿱&CDP-8BAE;一⿱&CDP-8BD9;一,禾
12790,12790,12790,穘,⿰⿱丿木⿱⿱⿱十一⿰⿱十一⿱十一⿱一⿰丿乚,禾
12791,12791,12791,穛,⿰⿱丿木⿱隹灬,禾
12792,12792,12792,穉,⿰⿱丿木⿸尸⿱⿻亅&CDP-89AE;牛,禾
12793,12793,12793,穝,⿰⿱丿木⿱日⿰耳又,禾
12794,12794,12794,穢,⿰⿱丿木⿱止&CDP-8CB3;,禾
12795,12795,12795,穫,⿰⿱丿木⿱艹⿱隹又,禾
12796,12796,12796,穠,⿰⿱丿木⿱曲⿸厂⿱⿱一一&CDP-8CC6;,禾
12797,12797,12797,穣,⿰⿱丿木⿳⿱⿱丶一八⿱井一𧘇,禾
12798,12798,12798,穡,⿰⿱丿木⿱&CDP-8D5B;⿴囗口,禾
12799,12799,12799,穥,⿰⿱丿木⿶&CDP-8BA8;&CDP-8BC2;,禾
12800,12800,12800,穪,⿰⿱丿木⿱一&CDP-88D6;,禾
12801,12801,12801,穧,⿰⿱丿木⿱&CDP-8DEB;&CDP-89C6;,禾
12802,12802,12802,穬,⿰⿱丿木⿸广⿳⿱⿻十丨一由八,禾
12803,12803,12803,穤,⿰⿱丿木⿱⿱一⿻冂&CDP-8C41;⿱一⿱丿⿵冂⿰丨丨,禾
12804,12804,12804,穦,⿰⿱丿木⿱&CDP-8D74;⿱目八,禾
12805,12805,12805,穨,⿰⿱⿱丿木几⿱⿱⿻口丨一⿱目八,禾
12806,12806,12806,穩,⿰⿱丿木⿱⿳⿱丿𭕄工彐心,禾
12807,12807,12807,穮,⿰⿱丿木⿸⿸&CDP-8D56;比灬,禾
12808,12808,12808,穭,⿰⿱丿木⿱⿳𠂊田灬日,禾
12809,12809,12809,穯,⿰⿱丿木⿱&CDP-88A5;⿴囗口,禾
12810,12810,12810,龝,⿰⿱丿木龜,禾
12811,12811,12811,穰,⿰⿱丿木⿳⿱丶一&CDP-8CA3;𧘇,禾
12812,12812,12812,穱,⿰⿱丿木⿳⿱丿𭕄罒⿰&CDP-8B7C;寸,禾
12813,12813,12813,穳,⿰⿱丿木⿱⿰⿱⿰丿土⿰丿乚⿱⿰丿土⿰丿乚⿱目八,禾
12814,12814,12814,穲,⿰⿱丿木⿱⿰⿱一⿵冂一⿱一⿵冂一⿸&CDP-8D56;比,禾
12815,12815,12815,钆,⿰钅乚,钅
12816,12816,12816,钇,⿰钅乙,钅
12817,12817,12817,钅,钅,钅
12818,12818,12818,钉,⿰钅⿱一亅,钅
12819,12819,12819,钌,⿰钅⿱乛亅,钅
12820,12820,12820,钋,⿰钅卜,钅
12821,12821,12821,钊,⿰钅刂,钅
12822,12822,12822,针,⿰钅十,钅
12823,12823,12823,钏,⿰钅川,钅
12824,12824,12824,钗,⿰钅⿴又丶,钅
12825,12825,12825,钓,⿰钅⿹勹丶,钅
12826,12826,12826,钒,⿰钅⿵几丶,钅
12827,12827,12827,钔,⿰钅门,钅
12828,12828,12828,钕,⿰钅女,钅
12829,12829,12829,钎,⿰钅⿱丿十,钅
12830,12830,12830,钐,⿰钅彡,钅
12831,12831,12831,钑,⿰钅及,钅
12832,12832,12832,钍,⿰钅⿱十一,钅
12833,12833,12833,钖,⿰钅𠃓,钅
12834,12834,12834,钡,⿰钅贝,钅
12835,12835,12835,钚,⿰钅⿱一&CDP-8665;,钅
12836,12836,12836,钯,⿰钅巴,钅
12837,12837,12837,钣,⿰钅⿸𠂆又,钅
12838,12838,12838,钞,⿰钅⿱小丿,钅
12839,12839,12839,钭,⿰钅斗,钅
12840,12840,12840,钝,⿰钅⿻丿⿻凵乚,钅
12841,12841,12841,钫,⿰钅⿱⿱丶一&CDP-8B6C;,钅
12842,12842,12842,钙,⿰钅丐,钅
12843,12843,12843,钢,⿰钅⿵冂㐅,钅
12844,12844,12844,钩,⿰钅⿹勹厶,钅
12845,12845,12845,钬,⿰钅⿱八人,钅
12846,12846,12846,钜,⿰钅巨,钅
12847,12847,12847,钧,⿰钅⿹勹冫,钅
12848,12848,12848,钪,⿰钅⿱⿱丶一几,钅
12849,12849,12849,钮,⿰钅丑,钅
12850,12850,12850,钠,⿰钅⿻冂人,钅
12851,12851,12851,钤,⿰钅⿱⿱人丶㇇,钅
12852,12852,12852,钦,⿰钅欠,钅
12853,12853,12853,钛,⿰钅⿵⿻一人丶,钅
12854,12854,12854,钨,⿰钅⿹&CDP-89DE;一,钅
12855,12855,12855,钘,⿰钅⿱一⿻一&CDP-8BF5;,钅
12856,12856,12856,钥,⿰钅月,钅
12857,12857,12857,钟,⿰钅⿻口丨,钅
12858,12858,12858,钿,⿰钅田,钅
12859,12859,12859,铇,⿰钅⿹勹巳,钅
12860,12860,12860,铋,⿰钅⿻心丿,钅
12861,12861,12861,钹,⿰钅⿺⿸𠂇又丶,钅
12862,12862,12862,铂,⿰钅白,钅
12863,12863,12863,钵,⿰钅本,钅
12864,12864,12864,铎,⿰钅⿱又&CDP-8BF1;,钅
12865,12865,12865,钴,⿰钅⿱十口,钅
12866,12866,12866,钾,⿰钅甲,钅
12867,12867,12867,钶,⿰钅⿹⿱一亅口,钅
12868,12868,12868,铃,⿰钅⿱⿱人丶龴,钅
12869,12869,12869,钼,⿰钅目,钅
12870,12870,12870,铆,⿰钅⿰𠂎卩,钅
12871,12871,12871,铌,⿰钅⿸尸⿺乚丿,钅
12872,12872,12872,铍,⿰钅皮,钅
12873,12873,12873,钷,⿰钅⿷匚口,钅
12874,12874,12874,钱,⿰钅⿻⿻⿺⿻一乚丶丿一,钅
12875,12875,12875,钳,⿰钅甘,钅
12876,12876,12876,铅,⿰钅⿱𠘧口,钅
12877,12877,12877,铄,⿰钅乐,钅
12878,12878,12878,铈,⿰钅⿱⿱丶一巾,钅
12879,12879,12879,铁,⿰钅⿰丿⿻⿱一一人,钅
12880,12880,12880,铊,⿰钅⿱宀⿺乚丿,钅
12881,12881,12881,钽,⿰钅⿱日一,钅
12882,12882,12882,铉,⿰钅⿱⿱丶一⿰&CDP-895C;丶,钅
12883,12883,12883,钺,⿰钅戉,钅
12884,12884,12884,铀,⿰钅由,钅
12885,12885,12885,钰,⿰钅⿷⿱一⿱十一丶,钅
12886,12886,12886,钲,⿰钅⿱一止,钅
12887,12887,12887,钻,⿰钅⿱⺊口,钅
12888,12888,12888,铙,⿰钅⿱⿻⿻一乚丿⿱一⿰丿乚,钅
12889,12889,12889,铖,⿰钅⿵戊𠃌,钅
12890,12890,12890,铳,⿰钅⿱⿻一厶⿰丿乚,钅
12891,12891,12891,铛,⿰钅⿱⺌彐,钅
12892,12892,12892,铲,⿰钅⿱&CDP-8BAE;厂,钅
12893,12893,12893,铞,⿰钅⿱口巾,钅
12894,12894,12894,铫,⿰钅兆,钅
12895,12895,12895,铥,⿰钅⿱丿⿱⿱十一厶,钅
12896,12896,12896,铤,⿰钅⿺廴⿱丿⿱十一,钅
12897,12897,12897,铬,⿰钅⿱夂口,钅
12898,12898,12898,铧,⿰钅⿱⿰亻⿻乚丿十,钅
12899,12899,12899,铪,⿰钅⿱⿱人一口,钅
12900,12900,12900,铗,⿰钅⿻⿻⿱一一人丷,钅
12901,12901,12901,铰,⿰钅⿱⿱丶一⿱八⿻丿乀,钅
12902,12902,12902,铐,⿰钅⿸耂⿱一㇉,钅
12903,12903,12903,铠,⿰钅⿱山己,钅
12904,12904,12904,铑,⿰钅⿸耂⿺乚丿,钅
12905,12905,12905,铝,⿰钅⿱口口,钅
12906,12906,12906,铓,⿰钅⿱艹⿱⿱丶一𠃊,钅
12907,12907,12907,铭,⿰钅⿱⿴𠂊丶口,钅
12908,12908,12908,铨,⿰钅⿱人⿱一⿱十一,钅
12909,12909,12909,铷,⿰钅⿰女口,钅
12910,12910,12910,铩,⿰钅⿱㐅朩,钅
12911,12911,12911,铯,⿰钅⿱𠂊巴,钅
12912,12912,12912,铴,⿰钅⿰氵𠃓,钅
12913,12913,12913,铜,⿰钅⿵⿵冂一口,钅
12914,12914,12914,铦,⿰钅⿱⿱丿十口,钅
12915,12915,12915,铏,⿰钅⿰⿱一⿻一&CDP-8BF5;刂,钅
12916,12916,12916,铣,⿰钅⿱⿰丿土⿰丿乚,钅
12917,12917,12917,铘,⿰钅⿰牙阝,钅
12918,12918,12918,银,⿰钅艮,钅
12919,12919,12919,铔,⿰钅⿱一⿱&CDP-85F0;一,钅
12920,12920,12920,铱,⿰钅⿱⿱丶一𧘇,钅
12921,12921,12921,铟,⿰钅⿴囗⿻一人,钅
12922,12922,12922,铕,⿰钅⿸𠂇月,钅
12923,12923,12923,铡,⿰钅⿰贝刂,钅
12924,12924,12924,铮,⿰钅⿱𠂊&CDP-8BFE;,钅
12925,12925,12925,铚,⿰钅⿱⿱一厶⿱十一,钅
12926,12926,12926,铢,⿰钅朱,钅
12927,12927,12927,铒,⿰钅耳,钅
12928,12928,12928,铵,⿰钅⿱宀女,钅
12929,12929,12929,锄,⿰钅⿰且⿻丿𠃌,钅
12930,12930,12930,锉,⿰钅⿻⿱十一⿰人人,钅
12931,12931,12931,锋,⿰钅⿱夂⿻⿱一⿱一一丨,钅
12932,12932,12932,锅,⿰钅⿱口⿻冂人,钅
12933,12933,12933,锆,⿰钅⿱⿰丿土口,钅
12934,12934,12934,锏,⿰钅⿵门日,钅
12935,12935,12935,锔,⿰钅⿸尸⿹𠃌口,钅
12936,12936,12936,锎,⿰钅⿵门⿱一⿻一&CDP-8BF5;,钅
12937,12937,12937,铿,⿰钅⿱⿰⿰丨丨又⿱十一,钅
12938,12938,12938,链,⿰钅⿺辶车,钅
12939,12939,12939,锍,⿰钅⿱⿻一厶⿴⿰丿乚丨,钅
12940,12940,12940,锒,⿰钅⿱丶艮,钅
12941,12941,12941,铹,⿰钅⿱⿱艹冖⿻丿𠃌,钅
12942,12942,12942,锊,⿰钅⿱⿱丿𭕄寸,钅
12943,12943,12943,铼,⿰钅来,钅
12944,12944,12944,锂,⿰钅⿱&CDP-8BD9;一,钅
12945,12945,12945,铺,⿰钅⿺&CDP-86B7;丶,钅
12946,12946,12946,锓,⿰钅⿳&CDP-8BAB;冖又,钅
12947,12947,12947,锐,⿰钅⿱丷⿱口⿰丿乚,钅
12948,12948,12948,锁,⿰钅⿱⺌贝,钅
12949,12949,12949,铽,⿰钅⿹⿺⿻一乚丶心,钅
12950,12950,12950,锑,⿰钅⿱丷⿹⿻弓丨丿,钅
12951,12951,12951,铻,⿰钅⿱⿱一𫝀口,钅
12952,12952,12952,锈,⿰钅⿱⿱丿木⿹𠄎丿,钅
12953,12953,12953,销,⿰钅⿱⺌月,钅
12954,12954,12954,锌,⿰钅⿱⿱&CDP-8BAE;一十,钅
12955,12955,12955,铸,⿰钅⿸⿻⿱一⿱一一丨寸,钅
12956,12956,12956,锃,⿰钅⿱口⿱一⿱十一,钅
12957,12957,12957,锇,⿰钅我,钅
12958,12958,12958,锕,⿰钅⿰阝⿹⿱一亅口,钅
12959,12959,12959,锛,⿰钅⿱⿻一人⿱十⿻一&CDP-8BF5;,钅
12960,12960,12960,锤,⿰钅⿳丿&CDP-876E;一,钅
12961,12961,12961,锠,⿰钅⿱日日,钅
12962,12962,12962,错,⿰钅⿱⿱⿻十丨一日,钅
12963,12963,12963,锝,⿰钅⿱⿱日一寸,钅
12964,12964,12964,锭,⿰钅⿱宀⿱一龰,钅
12965,12965,12965,锢,⿰钅⿴囗⿱十口,钅
12966,12966,12966,锪,⿰钅⿱⿹勹&CDP-89A6;心,钅
12967,12967,12967,键,⿰钅⿺廴⿻⿻&CDP-8BAB;丨⿱一一,钅
12968,12968,12968,锩,⿰钅⿱⿱丷⿻⿱一一人㔾,钅
12969,12969,12969,锯,⿰钅⿸尸⿱十口,钅
12970,12970,12970,锦,⿰钅⿱白巾,钅
12971,12971,12971,锞,⿰钅⿻日木,钅
12972,12972,12972,锟,⿰钅⿱日比,钅
12973,12973,12973,锣,⿰钅⿱罒⿴𠂊丶,钅
12974,12974,12974,锚,⿰钅⿱艹田,钅
12975,12975,12975,锰,⿰钅⿱子皿,钅
12976,12976,12976,锘,⿰钅⿱艹⿸𠂇口,钅
12977,12977,12977,锫,⿰钅⿱⿱&CDP-8BAE;一口,钅
12978,12978,12978,锖,⿰钅⿱龶月,钅
12979,12979,12979,锜,⿰钅⿱⿻一人⿹⿱一亅口,钅
12980,12980,12980,锬,⿰钅⿱⿱八人⿱八人,钅
12981,12981,12981,锨,⿰钅⿰⿸𠂆⿱一丨欠,钅
12982,12982,12982,锡,⿰钅⿱日⿹勹&CDP-89A6;,钅
12983,12983,12983,锳,⿰钅⿱艹央,钅
12984,12984,12984,锥,⿰钅隹,钅
12985,12985,12985,锧,⿰钅⿸𠂆⿱十贝,钅
12986,12986,12986,锗,⿰钅⿸耂日,钅
12987,12987,12987,锱,⿰钅⿱⿲𡿨𡿨𡿨田,钅
12988,12988,12988,锸,⿰钅⿻⿱丿十臼,钅
12989,12989,12989,锻,⿰钅⿰&CDP-8CE4;⿱𠘧又,钅
12990,12990,12990,镀,⿰钅⿸广⿱廿又,钅
12991,12991,12991,镄,⿰钅⿱⿻弓&CDP-8BF5;贝,钅
12992,12992,12992,锾,⿰钅⿳⿱丿𭕄一⿸𠂇又,钅
12993,12993,12993,锽,⿰钅⿱白⿱一⿱十一,钅
12994,12994,12994,锴,⿰钅⿱比白,钅
12995,12995,12995,镓,⿰钅⿱宀⿱一𧰨,钅
12996,12996,12996,镂,⿰钅⿱米女,钅
12997,12997,12997,镅,⿰钅⿸𠃜目,钅
12998,12998,12998,镁,⿰钅⿱⿱⿱丷一⿱十一⿻一人,钅
12999,12999,12999,锲,⿰钅⿱⿰⿻⿱一⿱一一丨⿹𠃌丿⿻一人,钅
13000,13000,13000,锵,⿰钅⿰丬⿱⿴𠂊丶寸,钅
13001,13001,13001,锹,⿰钅⿰⿱丿木⿱八人,钅
13002,13002,13002,锶,⿰钅⿱田心,钅
13003,13003,13003,锼,⿰钅⿱&CDP-884F;又,钅
13004,13004,13004,锺,⿰钅重,钅
13005,13005,13005,镃,⿰钅⿱⿱丷一⿰⿰&CDP-895C;丶⿰&CDP-895C;丶,钅
13006,13006,13006,锿,⿰钅⿳⿱丶一口𧘇,钅
13007,13007,13007,锷,⿰钅⿱⿰口口⿱一⿱一㇉,钅
13008,13008,13008,镑,⿰钅⿱&CDP-8BEC;⿱⿱丶一&CDP-8B6C;,钅
13009,13009,13009,镈,⿰钅⿱⿺&CDP-86B7;丶寸,钅
13010,13010,13010,镔,⿰钅⿱宀⿱丘八,钅
13011,13011,13011,镉,⿰钅⿳一口⿵⿵冂⿰丿乚⿱一丨,钅
13012,13012,13012,镐,⿰钅⿳⿱丶一口⿵冂口,钅
13013,13013,13013,镌,⿰钅⿱隹⿹𠄎丿,钅
13014,13014,13014,镏,⿰钅⿱&CDP-8C69;田,钅
13015,13015,13015,镆,⿰钅⿱艹⿱日⿻一人,钅
13016,13016,13016,镊,⿰钅⿱耳⿰又又,钅
13017,13017,13017,镍,⿰钅⿱自木,钅
13018,13018,13018,镎,⿰钅⿱⿱⿱人一口手,钅
13019,13019,13019,镕,⿰钅⿱宀谷,钅
13020,13020,13020,镋,⿰钅⿱⿱⺌冖⿱口⿰丿乚,钅
13021,13021,13021,镒,⿰钅⿱&CDP-8CF0;皿,钅
13022,13022,13022,镇,⿰钅⿱十⿱&CDP-8BA5;八,钅
13023,13023,13023,镚,⿰钅⿱山⿰月月,钅
13024,13024,13024,镖,⿰钅⿱⿱一&CDP-86EA;示,钅
13025,13025,13025,镝,⿰钅⿱&CDP-8BAE;&CDP-8C6C;,钅
13026,13026,13026,镜,⿰钅⿱⿱⿱&CDP-8BAE;一日⿰丿乚,钅
13027,13027,13027,镠,⿰钅⿱⿰⿹𠃌冫⿹𠃌冫⿱人彡,钅
13028,13028,13028,镙,⿰钅⿱田⿱⿰&CDP-895C;丶小,钅
13029,13029,13029,镘,⿰钅⿳日罒又,钅
13030,13030,13030,镗,⿰钅⿱⿱⿱⺌冖口⿱十一,钅
13031,13031,13031,镟,⿰钅⿰⿱⿱丶一&CDP-8B6C;⿱𠂉疋,钅
13032,13032,13032,镛,⿰钅⿸广⿻⿻&CDP-8BAB;丨月,钅
13033,13033,13033,镞,⿰钅⿰⿱⿱丶一&CDP-8B6C;⿱𠂉⿱𠂉⿻一人,钅
13034,13034,13034,镩,⿰钅⿱⿱宀八⿻⿱口口丨,钅
13035,13035,13035,镦,⿰钅⿰⿳⿱丶一口子攵,钅
13036,13036,13036,镫,⿰钅⿱⿰&CDP-88D3;&CDP-88D5;豆,钅
13037,13037,13037,镢,⿰钅⿸厂⿰⿱⿱丷一⿻凵丨欠,钅
13038,13038,13038,镣,⿰钅⿱⿱⿻⿻一人丷日小,钅
13039,13039,13039,镧,⿰钅⿵门柬,钅
13040,13040,13040,镥,⿰钅⿱⿳𠂊田一日,钅
13041,13041,13041,镤,⿰钅⿳⿱&CDP-85F0;一⿱丷一⿻⿱一一人,钅
13042,13042,13042,镨,⿰钅⿱⿱⿱丷一⿱&CDP-85F0;一日,钅
13043,13043,13043,镪,⿰钅⿰弓⿱口虫,钅
13044,13044,13044,镱,⿰钅⿱⿱⿱&CDP-8BAE;一日心,钅
13045,13045,13045,镯,⿰钅⿱罒⿹勹虫,钅
13046,13046,13046,镡,⿰钅⿱⿱一&CDP-86EA;⿱日十,钅
13047,13047,13047,镮,⿰钅⿳罒⿱一口𧘇,钅
13048,13048,13048,镬,⿰钅⿱艹⿱隹又,钅
13049,13049,13049,镰,⿰钅⿸广⿱⿱丷一&CDP-8CDE;,钅
13050,13050,13050,镭,⿰钅⿱⿱一⿻冂&CDP-8C41;田,钅
13051,13051,13051,镲,⿰钅⿱宀⿱&CDP-8C4F;示,钅
13052,13052,13052,镳,⿰钅⿸⿸&CDP-8D56;比灬,钅
13053,13053,13053,镴,⿰钅⿳⿲𡿨𡿨𡿨⿴囗㐅&CDP-8D46;,钅
13054,13054,13054,镵,⿰钅⿱⿱⿱𠂊口比⿷⿱𠂊&CDP-8BCB;丶,钅
13055,13055,13055,镶,⿰钅⿳⿱丶一&CDP-8CA3;𧘇,钅
13056,13056,13056,立,⿱&CDP-8BAE;一,立
13057,13057,13057,竌,⿰⿱&CDP-8BAE;一几,立
13058,13058,13058,竍,⿰⿱&CDP-8BAE;一十,立
13059,13059,13059,竎,⿱⿱&CDP-8BAE;一⿻一&CDP-8BF5;,立
13060,13060,13060,竏,⿰⿱&CDP-8BAE;一⿱丿十,立
13061,13061,13061,竐,⿰⿱&CDP-8BAE;一⿱𠘧又,立
13062,13062,13062,竕,⿰⿱&CDP-8BAE;一⿱八⿹𠃌丿,立
13063,13063,13063,竑,⿰⿱&CDP-8BAE;一⿸𠂇厶,立
13064,13064,13064,竓,⿰⿱&CDP-8BAE;一⿱丿&CDP-8A43;,立
13065,13065,13065,竗,⿰⿱&CDP-8BAE;一⿱小丿,立
13066,13066,13066,竒,⿱&CDP-8BAE;⿹⿱一亅口,立
13067,13067,13067,亲,⿱⿱&CDP-8BAE;一朩,立
13068,13068,13068,竔,⿰⿱&CDP-8BAE;一⿱丿⿻一&CDP-8BF5;,立
13069,13069,13069,竖,⿱⿰⿰丨丨又⿱&CDP-8BAE;一,立
13070,13070,13070,竝,⿰⿱&CDP-8BAE;一⿱&CDP-8BAE;一,立
13071,13071,13071,竞,⿱⿱&CDP-8BAE;一⿱口⿰丿乚,立
13072,13072,13072,竛,⿰⿱&CDP-8BAE;一⿱⿱人丶龴,立
13073,13073,13073,竜,⿱⿱&CDP-8BAE;一&CDP-8BE8;,立
13074,13074,13074,竘,⿰⿱&CDP-8BAE;一⿹勹口,立
13075,13075,13075,站,⿰⿱&CDP-8BAE;一⿱⺊口,立
13076,13076,13076,竚,⿰⿱&CDP-8BAE;一⿱宀⿱一亅,立
13077,13077,13077,竡,⿰⿱&CDP-8BAE;一⿱一白,立
13078,13078,13078,竟,⿱⿱⿱&CDP-8BAE;一日⿰丿乚,立
13079,13079,13079,竫,⿰⿱&CDP-8BAE;一⿱𠂊&CDP-8BFE;,立
13080,13080,13080,章,⿱⿱&CDP-8BAE;一⿱日十,立
13081,13081,13081,竤,⿰⿱&CDP-8BAE;一⿱宀⿸𠂇厶,立
13082,13082,13082,竧,⿰⿱&CDP-8BAE;一身,立
13083,13083,13083,竣,⿰⿱&CDP-8BAE;一⿳厶八夂,立
13084,13084,13084,竢,⿰⿱&CDP-8BAE;一⿱厶⿱𠂉⿻一人,立
13085,13085,13085,竦,⿰⿱&CDP-8BAE;一束,立
13086,13086,13086,童,⿱⿱&CDP-8BAE;一⿱&CDP-8BD9;一,立
13087,13087,13087,竨,⿰⿱&CDP-8BAE;一⿱⺊⿱日十,立
13088,13088,13088,竪,⿱⿰臣又⿱&CDP-8BAE;一,立
13089,13089,13089,竩,⿰⿱&CDP-8BAE;一⿱宀且,立
13090,13090,13090,端,⿰⿱&CDP-8BAE;一⿱山⿱一⿱丿⿵冂⿰丨丨,立
13091,13091,13091,竭,⿰⿱&CDP-8BAE;一⿱日⿹勹⿺𠃊人,立
13092,13092,13092,竰,⿰⿱&CDP-8BAE;一⿸厂⿱&CDP-8BD9;一,立
13093,13093,13093,竮,⿰⿱&CDP-8BAE;一⿸尸⿱丷⿱一⿻一&CDP-8BF5;,立
13094,13094,13094,竬,⿰⿱&CDP-8BAE;一禹,立
13095,13095,13095,竱,⿰⿱&CDP-8BAE;一⿱&CDP-8BD0;寸,立
13096,13096,13096,竲,⿰⿱&CDP-8BAE;一⿱丷⿱&CDP-8B62;日,立
13097,13097,13097,竴,⿰⿱&CDP-8BAE;一⿱⿱丷酉寸,立
13098,13098,13098,竳,⿰⿱&CDP-8BAE;一⿱⿰&CDP-88D3;&CDP-88D5;豆,立
13099,13099,13099,竵,⿰⿱&CDP-8BAE;一⿳一⿰口㐄⿵⿵冂⿰丿乚⿱一丨,立
13100,13100,13100,競,⿰⿱⿱&CDP-8BAE;一⿱口⿰丿乚⿱⿱&CDP-8BAE;一⿱口⿰丿乚,立
13101,13101,13101,竷,⿰⿱⿱&CDP-8BAE;一⿱日十⿱⿱夂㐄夂,立
13102,13102,13102,竸,⿰⿱⿱⿱&CDP-8BAE;一日⿰丿乚⿱⿱⿱&CDP-8BAE;一日⿰丿乚,立
13103,13103,13103,龙,⿻⿺尢丶丿,龙
13104,13104,13104,龚,⿱⿻⿺尢丶丿⿱⿱⿻十丨一八,龙
13105,13105,13105,龛,⿱⿱⿱人一口⿻⿺尢丶丿,龙
13106,13106,13106,笼,⿱竹⿻⿺尢丶丿,龙
13107,13107,13107,矛,⿱龴⿹⿱乛亅丿,矛
13108,13108,13108,矜,⿰⿱龴⿹⿱乛亅丿⿱⿱人丶㇇,矛
13109,13109,13109,矝,⿰⿱龴⿹⿱乛亅丿⿱⿱人丶龴,矛
13110,13110,13110,矟,⿰⿱龴⿹⿱乛亅丿⿱⺌月,矛
13111,13111,13111,矞,⿱⿱龴⿹⿱乛亅丿⿵冂⿱八口,矛
13112,13112,13112,矠,⿰⿱龴⿹⿱乛亅丿⿱⿱⿻十丨一日,矛
13113,13113,13113,矡,⿰⿱龴⿹⿱乛亅丿⿱⿱⿰目目隹又,矛
13114,13114,13114,皿,皿,皿
13115,13115,13115,盀,⿱卜皿,皿
13116,13116,13116,盁,⿱⿹𠄎丿皿,皿
13117,13117,13117,盂,⿱于皿,皿
13118,13118,13118,盃,⿱⿱一&CDP-8665;皿,皿
13119,13119,13119,盄,⿱⿻弓丨皿,皿
13120,13120,13120,盇,⿱⿵⿻一人丶皿,皿
13121,13121,13121,盆,⿱⿱八⿹𠃌丿皿,皿
13122,13122,13122,盈,⿱⿵⿹𠄎丿又皿,皿
13123,13123,13123,盅,⿱⿻口丨皿,皿
13124,13124,13124,盋,⿱⿺⿸𠂇又丶皿,皿
13125,13125,13125,盉,⿱⿱丿木皿,皿
13126,13126,13126,盍,⿱⿱⿱十一厶皿,皿
13127,13127,13127,监,⿱⿰⿰丨丨&CDP-89BC;皿,皿
13128,13128,13128,盌,⿱⿰⿴𠂊丶㔾皿,皿
13129,13129,13129,盐,⿱⿰⿱十一卜皿,皿
13130,13130,13130,益,⿱&CDP-8CF0;皿,皿
13131,13131,13131,盏,⿱⿻⿻⿺⿻一乚丶丿一皿,皿
13132,13132,13132,盎,⿱央皿,皿
13133,13133,13133,盛,⿱⿵戊𠃌皿,皿
13134,13134,13134,盗,⿱⿰冫欠皿,皿
13135,13135,13135,盕,⿱⿰氵⿵几丶皿,皿
13136,13136,13136,盖,⿱⿱⿱丷一⿱十一皿,皿
13137,13137,13137,盒,⿱⿱⿱人一口皿,皿
13138,13138,13138,盔,⿱⿸𠂇⿱八人皿,皿
13139,13139,13139,盘,⿱舟皿,皿
13140,13140,13140,盓,⿱⿰氵于皿,皿
13141,13141,13141,盜,⿱⿰氵欠皿,皿
13142,13142,13142,盙,⿱⿺&CDP-86B7;丶皿,皿
13143,13143,13143,盚,⿱⿺&CDP-85DC;丶皿,皿
13144,13144,13144,盝,⿱⿱彐⿻亅&CDP-89AE;皿,皿
13145,13145,13145,盟,⿱⿰日月皿,皿
13146,13146,13146,盞,⿱⿱⿻⿺⿻一乚丶丿⿻⿺⿻一乚丶丿皿,皿
13147,13147,13147,監,⿱⿰臣&CDP-89BC;皿,皿
13148,13148,13148,盡,⿱⿱⿱⿻&CDP-8BAB;丨一灬皿,皿
13149,13149,13149,盠,⿱⿱彑𧰨皿,皿
13150,13150,13150,盢,⿱⿰田犬皿,皿
13151,13151,13151,盤,⿱⿰舟⿱𠘧又皿,皿
13152,13152,13152,盥,⿱⿴⿰&CDP-8CAC;彐⿲㇇亅&CDP-85BF;皿,皿
13153,13153,13153,盧,⿸⿸⿱⺊&CDP-88E2;⿻㇀乚&CDP-8CF4;,皿
13154,13154,13154,盦,⿱⿱⿱⿱人丶㇇酉皿,皿
13155,13155,13155,盪,⿱⿰氵⿱⿱日一⿹勹&CDP-89A6;皿,皿
13156,13156,13156,簋,⿳竹艮皿,皿
13157,13157,13157,盨,⿱⿰彡頁皿,皿
13158,13158,13158,盩,⿱⿰⿱⿱十一⿱丷干攵皿,皿
13159,13159,13159,簠,⿱竹⿱⿺&CDP-86B7;丶皿,皿
13160,13160,13160,盬,⿱⿰臣⿱𠂉⿱十口皿,皿
13161,13161,13161,盫,⿱⿱⿱⿱人一口酉皿,皿
13162,13162,13162,盭,⿱⿰⿱⿰&CDP-895C;丶⿱⿱十一⿱丷干攵皿,皿
13163,13163,13163,母,母,母
13164,13164,13164,每,⿱𠂉母,母
13165,13165,13165,毑,⿰母也,母
13166,13166,13166,毒,⿱龶母,母
13167,13167,13167,毓,⿰⿱𠂉母⿱⿻一厶⿴⿰丿乚丨,母
13168,13168,13168,目,目,目
13169,13169,13169,盯,⿰目⿱一亅,目
13170,13170,13170,盰,⿰目干,目
13171,13171,13171,盲,⿱⿱⿱丶一𠃊目,目
13172,13172,13172,盳,⿰目⿱⿱丶一𠃊,目
13173,13173,13173,盵,⿰目⿱𠂉乙,目
13174,13174,13174,盱,⿰目于,目
13175,13175,13175,直,⿱十&CDP-8BA5;,目
13176,13176,13176,盹,⿰目⿻丿⿻凵乚,目
13177,13177,13177,眊,⿰目⿱丿&CDP-8A43;,目
13178,13178,13178,盾,⿸𠂆⿱十目,目
13179,13179,13179,眈,⿰目冘,目
13180,13180,13180,盽,⿰目⿻⿱一⿱一一丨,目
13181,13181,13181,眆,⿰目⿱⿱丶一&CDP-8B6C;,目
13182,13182,13182,看,⿱龵目,目
13183,13183,13183,眍,⿰目⿷匚㐅,目
13184,13184,13184,眄,⿰目丏,目
13185,13185,13185,眇,⿰目⿱小丿,目
13186,13186,13186,眉,⿸𠃜目,目
13187,13187,13187,盿,⿰目⿱⿱丶一⿻丿乀,目
13188,13188,13188,眀,⿰目月,目
13189,13189,13189,盼,⿰目⿱八⿹𠃌丿,目
13190,13190,13190,眅,⿰目⿸𠂆又,目
13191,13191,13191,眂,⿰目氏,目
13192,13192,13192,省,⿱⿱小丿目,目
13193,13193,13193,県,⿱⿺𠃊目小,目
13194,13194,13194,相,⿰木目,目
13195,13195,13195,盷,⿰目⿹勹冫,目
13196,13196,13196,盻,⿰目⿱八⿱一㇉,目
13197,13197,13197,盺,⿰目⿸𠂆⿱一丨,目
13198,13198,13198,盶,⿰目⿱一⿱一⿰丿乚,目
13199,13199,13199,眃,⿰目⿱⿱一一厶,目
13200,13200,13200,眨,⿰目⿱丿⿱丶&CDP-8661;,目
13201,13201,13201,眪,⿰目⿱一⿻冂人,目
13202,13202,13202,眧,⿰目⿱⿹𠃌丿口,目
13203,13203,13203,眣,⿰目⿰丿⿻⿱一一人,目
13204,13204,13204,眔,⿱罒&CDP-8977;,目
13205,13205,13205,眩,⿰目⿱⿱丶一⿰&CDP-895C;丶,目
13206,13206,13206,眓,⿰目戉,目
13207,13207,13207,眗,⿰目⿹勹口,目
13208,13208,13208,眖,⿰目⿱口⿰丿乚,目
13209,13209,13209,眬,⿰目⿻⿺尢丶丿,目
13210,13210,13210,眠,⿰目民,目
13211,13211,13211,眛,⿰目未,目
13212,13212,13212,眜,⿰目末,目
13213,13213,13213,眿,⿰目永,目
13214,13214,13214,眤,⿰目⿸尸⿺乚丿,目
13215,13215,13215,眫,⿰目⿱丷&CDP-8BF1;,目
13216,13216,13216,眘,⿱⿻⿻一人丷目,目
13217,13217,13217,眎,⿰目示,目
13218,13218,13218,眡,⿰目⿱氏丶,目
13219,13219,13219,眒,⿰目申,目
13220,13220,13220,眚,⿱生目,目
13221,13221,13221,眢,⿱⿰⿴𠂊丶㔾目,目
13222,13222,13222,眙,⿰目⿱厶口,目
13223,13223,13223,眏,⿰目央,目
13224,13224,13224,眑,⿰目⿰⿰&CDP-895C;丶⿻丿𠃌,目
13225,13225,13225,眝,⿰目⿱宀⿱一亅,目
13226,13226,13226,眞,⿳⿺乚丿⿺𠃊目八,目
13227,13227,13227,真,⿱十⿱&CDP-8BA5;八,目
13228,13228,13228,眐,⿰目⿱一止,目
13229,13229,13229,眕,⿰目⿱人彡,目
13230,13230,13230,眲,⿰目耳,目
13231,13231,13231,眵,⿰目⿱⿴𠂊丶⿴𠂊丶,目
13232,13232,13232,眰,⿰目⿱⿱一厶⿱十一,目
13233,13233,13233,眱,⿰目⿻⿻一人弓,目
13234,13234,13234,眷,⿱⿱丷⿻⿱一一人目,目
13235,13235,13235,眶,⿰目⿷匚⿱一⿱十一,目
13236,13236,13236,眯,⿰目米,目
13237,13237,13237,眳,⿰目⿱⿴𠂊丶口,目
13238,13238,13238,眽,⿰目⿸𠂆&CDP-8C66;,目
13239,13239,13239,眸,⿰目⿱厶牛,目
13240,13240,13240,眭,⿰目⿱⿱十一⿱十一,目
13241,13241,13241,眺,⿰目兆,目
13242,13242,13242,眮,⿰目⿵⿵冂一口,目
13243,13243,13243,眴,⿰目⿹勹日,目
13244,13244,13244,眻,⿰目⿱⿱丷一&CDP-8BF1;,目
13245,13245,13245,眼,⿰目艮,目
13246,13246,13246,着,⿸⿱⿱丷一&CDP-8BF1;目,目
13247,13247,13247,眹,⿰目⿱丷⿱一⿻一人,目
13248,13248,13248,眾,⿱罒乑,目
13249,13249,13249,睁,⿰目⿱𠂊&CDP-8BFE;,目
13250,13250,13250,眥,⿱⿰止⿺乚丿目,目
13251,13251,13251,眦,⿰目⿰止⿺乚丿,目
13252,13252,13252,睈,⿰目⿱口⿱一⿱十一,目
13253,13253,13253,睉,⿰目⿻⿱十一⿰人人,目
13254,13254,13254,睇,⿰目⿱丷⿹⿻弓丨丿,目
13255,13255,13255,睆,⿰目⿱宀⿱一⿱一⿰丿乚,目
13256,13256,13256,睅,⿰目⿱日干,目
13257,13257,13257,睑,⿰目⿳⿱人一𭕄一,目
13258,13258,13258,睊,⿰目⿱口月,目
13259,13259,13259,睏,⿰目⿴囗木,目
13260,13260,13260,睐,⿰目来,目
13261,13261,13261,睌,⿰目⿱𠂊&CDP-8BCB;,目
13262,13262,13262,睂,⿱⿰⿱人人丨⿸厂目,目
13263,13263,13263,睄,⿰目⿱⺌月,目
13264,13264,13264,睃,⿰目⿳厶八夂,目
13265,13265,13265,睍,⿰目⿱目⿰丿乚,目
13266,13266,13266,睎,⿰目⿱㐅⿸𠂇巾,目
13267,13267,13267,睋,⿰目我,目
13268,13268,13268,睤,⿰目⿱田⿱一&CDP-8BF5;,目
13269,13269,13269,睥,⿰目⿱&CDP-89BE;十,目
13270,13270,13270,睬,⿰目⿱⿱丿𭕄木,目
13271,13271,13271,督,⿱⿰⿱⿱⺊一小又目,目
13272,13272,13272,睹,⿰目⿸耂日,目
13273,13273,13273,睔,⿰目⿱⿱人一⿵冂⿻十丨,目
13274,13274,13274,睢,⿰目隹,目
13275,13275,13275,睧,⿰目⿱氏日,目
13276,13276,13276,睫,⿰目疌,目
13277,13277,13277,睷,⿰目⿺廴⿻⿻&CDP-8BAB;丨⿱一一,目
13278,13278,13278,睠,⿰目⿱⿱丷⿻⿱一一人㔾,目
13279,13279,13279,睛,⿰目⿱龶月,目
13280,13280,13280,睟,⿰目⿱⿱⿱丶一⿰人人十,目
13281,13281,13281,睝,⿱⿰⿱丿木&CDP-8DC9;目,目
13282,13282,13282,睞,⿰目⿻木⿰人人,目
13283,13283,13283,睖,⿰目⿳⿱十一八夂,目
13284,13284,13284,睙,⿰目⿸⿱丶尸犬,目
13285,13285,13285,睩,⿰目⿱彐⿻亅&CDP-89AE;,目
13286,13286,13286,瞄,⿰目⿱艹田,目
13287,13287,13287,睰,⿰目⿱艹⿸𠂇口,目
13288,13288,13288,睦,⿰目⿱⿱⿱十一⿰丿乚⿱十一,目
13289,13289,13289,睨,⿰目⿱臼⿰丿乚,目
13290,13290,13290,睘,⿳罒⿱一口𧘇,目
13291,13291,13291,睡,⿰目⿳丿&CDP-876E;一,目
13292,13292,13292,睗,⿰目⿱日⿹勹&CDP-89A6;,目
13293,13293,13293,睒,⿰目⿱⿱八人⿱八人,目
13294,13294,13294,睓,⿰目⿱&CDP-89E0;八,目
13295,13295,13295,睕,⿰目⿱宀⿰⿴𠂊丶㔾,目
13296,13296,13296,睚,⿰目⿸厂⿱⿱十一⿱十一,目
13297,13297,13297,睪,⿱罒⿱⿱十一⿱丷干,目
13298,13298,13298,睜,⿰目⿱⿱丿𭕄&CDP-8BFE;,目
13299,13299,13299,睭,⿰目⿵⺆⿱⿱十一口,目
13300,13300,13300,瞅,⿰目⿰⿱丿木⿱八人,目
13301,13301,13301,睶,⿰目⿱⿻⿱一⿱一一人日,目
13302,13302,13302,瞂,⿰⿸𠂆⿱十目⿺⿸𠂇又丶,目
13303,13303,13303,瞆,⿰目⿱⿱⿻口丨一贝,目
13304,13304,13304,睾,⿱丿⿱罒⿱⿱十一⿱丷干,目
13305,13305,13305,睳,⿰目⿱⿻一人⿱⿱十一⿱十一,目
13306,13306,13306,睺,⿰目⿰亻&CDP-8BC7;,目
13307,13307,13307,睴,⿰目⿱冖車,目
13308,13308,13308,睯,⿱⿰民攵目,目
13309,13309,13309,睽,⿰目⿱⿰&CDP-88D3;&CDP-88D5;⿱一⿻一人,目
13310,13310,13310,瞏,⿱罒⿱⿱⿱十一口𧘇,目
13311,13311,13311,瞀,⿱⿰⿱龴⿹⿱乛亅丿攵目,目
13312,13312,13312,睸,⿰目⿸𠃜目,目
13313,13313,13313,瞇,⿰目⿺辶米,目
13314,13314,13314,睿,⿳⿱⺊⿵冂一八⿱人目,目
13315,13315,13315,瞍,⿰目⿱&CDP-884F;又,目
13316,13316,13316,睼,⿰目⿱日⿱一龰,目
13317,13317,13317,瞃,⿰目⿸𠂆⿱十目,目
13318,13318,13318,睱,⿰目⿰&CDP-8C7A;&CDP-8C79;,目
13319,13319,13319,睻,⿰目⿱宀⿱一⿱日一,目
13320,13320,13320,瞁,⿰目⿱目犬,目
13321,13321,13321,睲,⿰目⿱日生,目
13322,13322,13322,睮,⿰目⿱⿱人一⿰月刂,目
13323,13323,13323,睵,⿰目⿹⿶⿻⿺⿻一乚丶丿十口,目
13324,13324,13324,瞋,⿰目⿱十⿱&CDP-8BA5;八,目
13325,13325,13325,瞝,⿰目⿱⿱⿱丶一⿶凵㐅⿻冂厶,目
13326,13326,13326,瞊,⿰目⿸广&CDP-8CC1;,目
13327,13327,13327,瞓,⿰目⿰言川,目
13328,13328,13328,瞉,⿰⿱⿱⿱⿱十一冖一目⿱𠘧又,目
13329,13329,13329,瞌,⿰目⿱⿱⿱十一厶皿,目
13330,13330,13330,瞒,⿰目⿱艹⿱一&CDP-854B;,目
13331,13331,13331,瞢,⿳⿱艹罒冖目,目
13332,13332,13332,瞑,⿰目⿱冖⿱日⿱⿱丶一八,目
13333,13333,13333,瞐,⿱目⿰目目,目
13334,13334,13334,瞙,⿰目⿱艹⿱日⿻一人,目
13335,13335,13335,瞈,⿰目⿱⿱八厶⿰⿹𠃌冫⿹𠃌冫,目
13336,13336,13336,瞎,⿰目⿱⿱宀⿻⿱一⿱一一丨口,目
13337,13337,13337,瞱,⿰目⿱艹&CDP-8BF8;,目
13338,13338,13338,瞠,⿰目⿱⿱⿱⺌冖口⿱十一,目
13339,13339,13339,瞛,⿰目⿰彳&CDP-8BB0;,目
13340,13340,13340,瞗,⿰目⿹&CDP-8CBB;灬,目
13341,13341,13341,瞡,⿰目⿰⿻⿱一一人⿱目⿰丿乚,目
13342,13342,13342,瞰,⿰目⿰⿱乛耳攵,目
13343,13343,13343,瞘,⿰目⿷匚⿱口⿰口口,目
13344,13344,13344,瞜,⿰目⿱&CDP-89C5;女,目
13345,13345,13345,瞞,⿰目⿱廿&CDP-8C62;,目
13346,13346,13346,瞥,⿱⿰⿻丷⿻巾八攵目,目
13347,13347,13347,瞟,⿰目⿱⿱一&CDP-86EA;示,目
13348,13348,13348,瞚,⿰目⿱宀&CDP-8CE6;,目
13349,13349,13349,瞣,⿰目⿱⿻⿱口口丨心,目
13350,13350,13350,瞖,⿱⿰⿷匚⿱𠂉⿻一人⿱𠘧又目,目
13351,13351,13351,瞷,⿰目⿵⿰𠁣𠃛日,目
13352,13352,13352,瞧,⿰目⿱隹灬,目
13353,13353,13353,瞕,⿰目⿱⿱&CDP-8BAE;一⿱日十,目
13354,13354,13354,瞔,⿰目⿱龶⿱目八,目
13355,13355,13355,瞮,⿲目⿱⿻一厶月攵,目
13356,13356,13356,瞪,⿰目⿱⿰&CDP-88D3;&CDP-88D5;豆,目
13357,13357,13357,瞶,⿰目⿱⿱⿻口丨一⿱目八,目
13358,13358,13358,瞭,⿰目⿱⿱⿻⿻一人丷日小,目
13359,13359,13359,瞵,⿰目⿱米⿰⿴𠂊丶㐄,目
13360,13360,13360,瞨,⿰目⿳⿱&CDP-85F0;一⿱丷一⿻⿱一一人,目
13361,13361,13361,瞤,⿰目⿵⿰𠁣𠃛⿱一⿱十一,目
13362,13362,13362,瞬,⿰目⿱&CDP-8BB8;⿰⿴𠂊丶㐄,目
13363,13363,13363,瞫,⿰目⿱⿱一&CDP-86EA;⿱日十,目
13364,13364,13364,瞳,⿰目⿱⿱&CDP-8BAE;一⿱&CDP-8BD9;一,目
13365,13365,13365,瞴,⿰目⿱&CDP-8BBE;灬,目
13366,13366,13366,瞯,⿰目⿵⿰𠁣𠃛月,目
13367,13367,13367,瞲,⿰目⿱⿱龴⿹⿱乛亅丿⿵冂⿱八口,目
13368,13368,13368,瞦,⿰目⿱⿱十豆口,目
13369,13369,13369,瞸,⿰目⿱艹⿱世木,目
13370,13370,13370,瞩,⿰目⿸尸禹,目
13371,13371,13371,矁,⿰目⿱⿰⿱丿木⿱八人心,目
13372,13372,13372,瞽,⿱⿰⿱十豆⿱十又目,目
13373,13373,13373,瞺,⿰目⿱⿱人一⿱&CDP-8B62;日,目
13374,13374,13374,矆,⿰目⿱艹⿱隹又,目
13375,13375,13375,瞼,⿰目⿳⿱人一⿰口口⿰人人,目
13376,13376,13376,矇,⿰目⿱艹⿳冖一⿱一𧰨,目
13377,13377,13377,瞿,⿱⿰目目隹,目
13378,13378,13378,矂,⿰目⿱⿱口⿰口口木,目
13379,13379,13379,矀,⿰目⿰彳⿰⿳山一几攵,目
13380,13380,13380,瞾,⿱⿰目目⿱⿱宀八工,目
13381,13381,13381,瞻,⿰目⿸⿱𠂊厂&CDP-8CC3;,目
13382,13382,13382,瞹,⿰目⿱&CDP-8BB8;⿱心夂,目
13383,13383,13383,矌,⿰目⿸广⿳⿱⿻十丨一由八,目
13384,13384,13384,矋,⿰目⿸厂⿱艹禺,目
13385,13385,13385,矈,⿰目⿳白⿱宀八⿱⿱丶一&CDP-8B6C;,目
13386,13386,13386,矊,⿰目⿰⿱⿰&CDP-895C;丶&CDP-885E;⿱白巾,目
13387,13387,13387,矃,⿰目⿱⿱宀⿱心皿⿱一亅,目
13388,13388,13388,矉,⿰目⿱&CDP-8D74;⿱目八,目
13389,13389,13389,矎,⿰目⿳&CDP-8CAF;目夂,目
13390,13390,13390,矄,⿰目熏,目
13391,13391,13391,矅,⿰目⿱⿰⿹𠃌冫⿹𠃌冫隹,目
13392,13392,13392,矐,⿰目⿱⿱一⿻冂&CDP-8C41;隹,目
13393,13393,13393,矍,⿱⿱⿰目目隹又,目
13394,13394,13394,矏,⿰目⿳自⿱宀八⿱⿱丶一&CDP-8B6C;,目
13395,13395,13395,矒,⿰目⿳⿱艹罒冖目,目
13396,13396,13396,矓,⿰目⿰⿱⿱&CDP-8BAE;一月&CDP-89B0;,目
13397,13397,13397,矑,⿰目⿸⿸⿱⺊&CDP-88E2;⿻㇀乚&CDP-8CF4;,目
13398,13398,13398,矔,⿰目⿱艹⿱⿰口口隹,目
13399,13399,13399,矗,⿱⿱十&CDP-8BA5;⿰⿱十&CDP-8BA5;⿱十&CDP-8BA5;,目
13400,13400,13400,矙,⿰目⿵⿰𠁣𠃛⿰⿱乛耳攵,目
13401,13401,13401,矕,⿱⿲⿱⿰&CDP-895C;丶小言⿱⿰&CDP-895C;丶小目,目
13402,13402,13402,矖,⿰目⿱⿰⿱一⿵冂一⿱一⿵冂一⿸&CDP-8D56;比,目
13403,13403,13403,矘,⿰目⿱⿱⿱⺌冖口⿱&CDP-88D4;灬,目
13404,13404,13404,矚,⿰目⿸尸⿱⿻亅&CDP-89AE;⿱⺫⿹勹虫,目
13405,13405,13405,疒,疒,疒
13406,13406,13406,疕,⿸疒⿺乚丿,疒
13407,13407,13407,疔,⿸疒⿱一亅,疒
13408,13408,13408,疖,⿸疒&CDP-8A60;,疒
13409,13409,13409,疗,⿸疒⿱乛亅,疒
13410,13410,13410,疓,⿸疒⿹𠄎丿,疒
13411,13411,13411,疘,⿸疒工,疒
13412,13412,13412,疙,⿸疒⿱𠂉乙,疒
13413,13413,13413,疚,⿸疒久,疒
13414,13414,13414,疠,⿸疒⿱一&CDP-8B6C;,疒
13415,13415,13415,疟,⿸疒&CDP-8DC1;,疒
13416,13416,13416,疝,⿸疒山,疒
13417,13417,13417,疜,⿸疒⿱一卜,疒
13418,13418,13418,疞,⿸疒⿱一⿱一㇉,疒
13419,13419,13419,疡,⿸疒𠃓,疒
13420,13420,13420,疛,⿸疒寸,疒
13421,13421,13421,疪,⿸疒比,疒
13422,13422,13422,疤,⿸疒巴,疒
13423,13423,13423,疮,⿸疒⿱人㔾,疒
13424,13424,13424,疢,⿸疒⿱八人,疒
13425,13425,13425,疩,⿸疒⿱九十,疒
13426,13426,13426,疺,⿸疒⿱丿⿱丶&CDP-8661;,疒
13427,13427,13427,疯,⿸疒⿵几㐅,疒
13428,13428,13428,疥,⿸疒⿱人&CDP-8BF5;,疒
13429,13429,13429,疦,⿸疒⿻𠃍⿻一人,疒
13430,13430,13430,疬,⿸疒⿸厂⿻丿𠃌,疒
13431,13431,13431,疧,⿸疒氏,疒
13432,13432,13432,疫,⿸疒⿱𠘧又,疒
13433,13433,13433,疣,⿸疒⿺尢丶,疒
13434,13434,13434,疨,⿸疒牙,疒
13435,13435,13435,疭,⿸疒⿰人人,疒
13436,13436,13436,痂,⿸疒⿰⿻丿𠃌口,疒
13437,13437,13437,疶,⿸疒世,疒
13438,13438,13438,病,⿸疒⿱一⿻冂人,疒
13439,13439,13439,疸,⿸疒⿱日一,疒
13440,13440,13440,疿,⿸疒⿻弓&CDP-8BF5;,疒
13441,13441,13441,疳,⿸疒甘,疒
13442,13442,13442,痀,⿸疒⿹勹口,疒
13443,13443,13443,痉,⿸疒⿱ス工,疒
13444,13444,13444,疾,⿸疒⿱𠂉⿻一人,疒
13445,13445,13445,疽,⿸疒且,疒
13446,13446,13446,疴,⿸疒⿹⿱一亅口,疒
13447,13447,13447,痆,⿸疒⿸尸⿺乚丿,疒
13448,13448,13448,疱,⿸疒⿹勹巳,疒
13449,13449,13449,疲,⿸疒皮,疒
13450,13450,13450,痁,⿸疒⿱⺊口,疒
13451,13451,13451,疼,⿸疒⿱夂⿱丶丶,疒
13452,13452,13452,痃,⿸疒⿱⿱丶一⿰&CDP-895C;丶,疒
13453,13453,13453,痈,⿸疒⿵冂&CDP-8BF1;,疒
13454,13454,13454,痄,⿸疒乍,疒
13455,13455,13455,症,⿸疒⿱一止,疒
13456,13456,13456,疰,⿸疒⿱⿱丶一⿱十一,疒
13457,13457,13457,疹,⿸疒⿱人彡,疒
13458,13458,13458,疷,⿸疒⿱氏丶,疒
13459,13459,13459,疻,⿸疒⿱口八,疒
13460,13460,13460,疵,⿸疒⿰止⿺乚丿,疒
13461,13461,13461,痐,⿸疒⿴囗口,疒
13462,13462,13462,痕,⿸疒艮,疒
13463,13463,13463,痎,⿸疒⿳⿱丶一⿰𠃋丿人,疒
13464,13464,13464,痊,⿸疒⿱人⿱一⿱十一,疒
13465,13465,13465,痋,⿸疒虫,疒
13466,13466,13466,痑,⿸疒⿱⿴𠂊丶⿴𠂊丶,疒
13467,13467,13467,痌,⿸疒⿵⿵冂一口,疒
13468,13468,13468,痏,⿸疒⿸𠂇月,疒
13469,13469,13469,痍,⿸疒⿻⿻一人弓,疒
13470,13470,13470,痖,⿸疒⿱一⿱&CDP-85F0;一,疒
13471,13471,13471,痒,⿸疒⿱⿱丷一&CDP-8BF1;,疒
13472,13472,13472,痓,⿸疒⿱⿱一厶⿱十一,疒
13473,13473,13473,痔,⿸疒⿱⿱十一寸,疒
13474,13474,13474,痤,⿸疒⿻⿱十一⿰人人,疒
13475,13475,13475,痥,⿸疒⿱丷⿱口⿰丿乚,疒
13476,13476,13476,痘,⿸疒豆,疒
13477,13477,13477,痪,⿸疒⿳𠂊冂⿻一人,疒
13478,13478,13478,痙,⿸疒⿳一⿲𡿨𡿨𡿨工,疒
13479,13479,13479,痾,⿸疒⿰阝⿹⿱一亅口,疒
13480,13480,13480,痨,⿸疒⿱⿱艹冖⿻丿𠃌,疒
13481,13481,13481,痢,⿸疒⿰⿱丿木刂,疒
13482,13482,13482,痝,⿸疒⿷⿺尢丶彡,疒
13483,13483,13483,痗,⿸疒⿱𠂉母,疒
13484,13484,13484,痡,⿸疒⿺&CDP-86B7;丶,疒
13485,13485,13485,痞,⿸疒⿱⿱一&CDP-8665;口,疒
13486,13486,13486,痩,⿸疒⿱申又,疒
13487,13487,13487,痧,⿸疒⿰氵⿱小丿,疒
13488,13488,13488,痠,⿸疒⿳厶八夂,疒
13489,13489,13489,痛,⿸疒⿱龴⿵冂&CDP-8BF1;,疒
13490,13490,13490,痜,⿸疒⿱⿱丿木几,疒
13491,13491,13491,痦,⿸疒⿱⿱一𫝀口,疒
13492,13492,13492,痫,⿸疒⿵门木,疒
13493,13493,13493,痚,⿸疒⿸耂子,疒
13494,13494,13494,痟,⿸疒⿱⺌月,疒
13495,13495,13495,痣,⿸疒⿱⿱十一心,疒
13496,13496,13496,痹,⿸疒⿱田⿱一&CDP-8BF5;,疒
13497,13497,13497,痺,⿸疒⿱&CDP-89BE;十,疒
13498,13498,13498,痭,⿸疒⿰月月,疒
13499,13499,13499,痸,⿸疒⿰&CDP-89EC;刂,疒
13500,13500,13500,痴,⿸疒⿰⿱𠂉⿻一人口,疒
13501,13501,13501,瘁,⿸疒⿱⿱⿱丶一⿰人人十,疒
13502,13502,13502,瘄,⿸疒⿱⿱⿻十丨一日,疒
13503,13503,13503,痽,⿸疒隹,疒
13504,13504,13504,瘅,⿸疒⿱丷&CDP-8BD9;,疒
13505,13505,13505,痱,⿸疒非,疒
13506,13506,13506,瘑,⿸疒⿵⿱⿵冂𠃍冂口,疒
13507,13507,13507,痯,⿸疒⿱宀㠯,疒
13508,13508,13508,痼,⿸疒⿴囗⿱十口,疒
13509,13509,13509,痵,⿸疒⿱⿱丿木子,疒
13510,13510,13510,瘔,⿸疒⿱艹⿱十口,疒
13511,13511,13511,痳,⿸疒⿰木木,疒
13512,13512,13512,痲,⿸疒⿰⿻十儿⿻十儿,疒
13513,13513,13513,痻,⿸疒⿱氏日,疒
13514,13514,13514,瘆,⿸疒⿳厶⿻一人彡,疒
13515,13515,13515,痶,⿸疒⿱&CDP-89E0;八,疒
13516,13516,13516,痰,⿸疒⿱⿱八人⿱八人,疒
13517,13517,13517,瘏,⿸疒⿸耂日,疒
13518,13518,13518,痿,⿸疒⿱⿱丿木女,疒
13519,13519,13519,痬,⿸疒⿱日⿹勹&CDP-89A6;,疒
13520,13520,13520,瘀,⿸疒⿰⿱⿱丶一&CDP-8B6C;⿱人⿱丶丶,疒
13521,13521,13521,瘂,⿸疒⿳一&CDP-88A1;一,疒
13522,13522,13522,瘐,⿸疒⿻臼人,疒
13523,13523,13523,痮,⿸疒⿳&CDP-884A;一&CDP-8CC6;,疒
13524,13524,13524,瘃,⿸疒⿻⿱一𧰨丶,疒
13525,13525,13525,痷,⿸疒⿱⿻一人⿻日乚,疒
13526,13526,13526,瘎,⿸疒⿱&CDP-88C8;⿷匚⿰丿乚,疒
13527,13527,13527,瘈,⿸疒⿱⿰⿻⿱一⿱一一丨⿹𠃌丿⿻一人,疒
13528,13528,13528,瘥,⿸疒⿸⿱⿱丷一&CDP-8BF1;工,疒
13529,13529,13529,瘩,⿸疒⿱艹⿱⿱人一口,疒
13530,13530,13530,瘋,⿸疒⿵几⿱丿虫,疒
13531,13531,13531,瘓,⿸疒⿳𠂊⿵冂八⿻一人,疒
13532,13532,13532,瘣,⿸疒⿱⿱丿田⿺⿰丿乚厶,疒
13533,13533,13533,瘊,⿸疒⿰亻&CDP-8BC7;,疒
13534,13534,13534,瘕,⿸疒⿰&CDP-8C7A;&CDP-8C79;,疒
13535,13535,13535,瘌,⿸疒⿰束刂,疒
13536,13536,13536,瘘,⿸疒⿱米女,疒
13537,13537,13537,瘧,⿸疒⿸⿸⿱⺊&CDP-88E2;⿻㇀乚&CDP-8DC1;,疒
13538,13538,13538,瘦,⿸疒⿱&CDP-884F;又,疒
13539,13539,13539,瘙,⿸疒⿱⿴又丶虫,疒
13540,13540,13540,瘒,⿸疒⿱冖車,疒
13541,13541,13541,瘟,⿸疒⿱日皿,疒
13542,13542,13542,瘍,⿸疒⿱⿱日一⿹勹&CDP-89A6;,疒
13543,13543,13543,瘗,⿸疒⿱⿻⿻⿱一一人丷⿱十一,疒
13544,13544,13544,瘉,⿸疒⿱⿱人一⿰月刂,疒
13545,13545,13545,瘖,⿸疒⿱⿱&CDP-8BAE;一日,疒
13546,13546,13546,瘇,⿸疒重,疒
13547,13547,13547,瘪,⿸疒⿱自⿱人㔾,疒
13548,13548,13548,瘢,⿸疒⿰舟⿱𠘧又,疒
13549,13549,13549,瘡,⿸疒⿱⿱人丶⿸&CDP-89CE;口,疒
13550,13550,13550,瘛,⿸疒⿱⿰⿻⿱一⿱一一丨⿹𠃌丿心,疒
13551,13551,13551,瘨,⿸疒⿱十⿱&CDP-8BA5;八,疒
13552,13552,13552,瘝,⿸疒⿱罒&CDP-8977;,疒
13553,13553,13553,瘚,⿸疒⿰⿱⿱丷一⿻凵丨欠,疒
13554,13554,13554,瘠,⿸疒⿱&CDP-88D2;月,疒
13555,13555,13555,瘤,⿸疒⿱&CDP-8C69;田,疒
13556,13556,13556,瘼,⿸疒⿱艹⿱日⿻一人,疒
13557,13557,13557,瘫,⿸疒⿰又隹,疒
13558,13558,13558,瘜,⿸疒⿱自心,疒
13559,13559,13559,瘞,⿸⿸疒⿻⿻一人⿰人人⿱十一,疒
13560,13560,13560,癊,⿸疒⿰阝⿱⿱⿱人丶㇇⿱⿱一一厶,疒
13561,13561,13561,瘭,⿸疒⿱⿱一&CDP-86EA;示,疒
13562,13562,13562,瘳,⿸疒⿱⿰⿹𠃌冫⿹𠃌冫⿱人彡,疒
13563,13563,13563,瘯,⿸疒⿰⿱⿱丶一&CDP-8B6C;⿱𠂉⿱𠂉⿻一人,疒
13564,13564,13564,瘹,⿸疒⿰⿱人&CDP-8DE3;⿹勹丶,疒
13565,13565,13565,癀,⿸疒⿳⿱⿻十丨一由八,疒
13566,13566,13566,瘰,⿸疒⿱田⿱⿰&CDP-895C;丶小,疒
13567,13567,13567,瘺,⿸疒⿸尸⿱一⿻冂&CDP-8C41;,疒
13568,13568,13568,瘻,⿸疒⿱&CDP-89C5;女,疒
13569,13569,13569,癃,⿸疒⿰阝⿱夂⿱一生,疒
13570,13570,13570,瘸,⿸疒⿱⿰⿻丿𠃌口肉,疒
13571,13571,13571,瘽,⿸疒⿱廿&CDP-8A6D;,疒
13572,13572,13572,瘮,⿸疒⿱⿱⿱厶⿰厶厶人彡,疒
13573,13573,13573,瘷,⿸疒⿰束攵,疒
13574,13574,13574,瘶,⿸疒⿰束欠,疒
13575,13575,13575,瘱,⿸疒⿱⿻⿻一人⿰人人心,疒
13576,13576,13576,癍,⿸疒⿲⿱一⿱十一⿱⿱丶一⿻丿乀⿱一⿱十一,疒
13577,13577,13577,癄,⿸疒⿱隹灬,疒
13578,13578,13578,瘾,⿸疒⿰阝⿱⿱𠂊彐心,疒
13579,13579,13579,瘿,⿸疒⿱⿰贝贝女,疒
13580,13580,13580,瘬,⿸疒⿰弓⿳&CDP-884A;一&CDP-8CC6;,疒
13581,13581,13581,瘴,⿸疒⿱⿱&CDP-8BAE;一⿱日十,疒
13582,13582,13582,瘵,⿸疒⿱&CDP-8C4F;示,疒
13583,13583,13583,瘲,⿸疒⿰彳&CDP-8BB0;,疒
13584,13584,13584,癉,⿸疒⿱⿰口口&CDP-8BD9;,疒
13585,13585,13585,癈,⿸疒⿱⿰&CDP-88D3;&CDP-88D5;⿰弓⿱𠘧又,疒
13586,13586,13586,癁,⿸疒⿰彳⿳𠂉日夂,疒
13587,13587,13587,癋,⿸疒⿱⿳一&CDP-88A1;一心,疒
13588,13588,13588,療,⿸疒⿱⿱⿻⿻一人丷日小,疒
13589,13589,13589,癅,⿸疒⿱丣田,疒
13590,13590,13590,癆,⿸疒⿱⿱⿰⿱八人⿱八人冖⿻丿𠃌,疒
13591,13591,13591,癘,⿸疒⿱艹禺,疒
13592,13592,13592,癇,⿸疒⿵⿰𠁣𠃛月,疒
13593,13593,13593,癎,⿸疒⿵⿰𠁣𠃛日,疒
13594,13594,13594,癌,⿸疒⿱⿱口⿰口口山,疒
13595,13595,13595,癜,⿸疒⿰⿸尸⿱⿱⿻十丨一八⿱𠘧又,疒
13596,13596,13596,癚,⿸疒⿸⿱𠂊厂&CDP-8CC3;,疒
13597,13597,13597,癐,⿸疒⿱⿱人一⿱&CDP-8B62;日,疒
13598,13598,13598,癏,⿸疒⿳罒⿱一口𧘇,疒
13599,13599,13599,癤,⿸疒⿱竹⿰&CDP-8B7C;卩,疒
13600,13600,13600,癞,⿸疒⿰束⿱𠂊贝,疒
13601,13601,13601,癗,⿸疒⿱⿱一⿻冂&CDP-8C41;田,疒
13602,13602,13602,癛,⿸疒⿱⿱⿱丶一⿴囗口⿱丿木,疒
13603,13603,13603,癝,⿸疒⿱⿱⿱丶一⿴囗口示,疒
13604,13604,13604,癑,⿸疒⿱曲⿸厂⿱⿱一一&CDP-8CC6;,疒
13605,13605,13605,癖,⿸疒⿰⿸尸口⿱⿱&CDP-8BAE;一十,疒
13606,13606,13606,癙,⿸疒⿱臼&CDP-8D46;,疒
13607,13607,13607,癓,⿸疒⿰彳⿰⿳山一几攵,疒
13608,13608,13608,癔,⿸疒⿱⿱⿱&CDP-8BAE;一日心,疒
13609,13609,13609,癒,⿸疒⿱⿱⿱人一⿰月刂心,疒
13610,13610,13610,癕,⿸疒⿱⿱丶一&CDP-8DB5;,疒
13611,13611,13611,癟,⿸疒⿱自⿱⿱人一⿵冂⿻十丨,疒
13612,13612,13612,癡,⿸疒⿰⿱⿺乚丿⿱𠂉⿻一人⿱龴疋,疒
13613,13613,13613,癠,⿸疒⿱&CDP-8DEB;&CDP-89C6;,疒
13614,13614,13614,癣,⿸疒⿰⿳𠂊田一⿱⿱丷一&CDP-8BF1;,疒
13615,13615,13615,癢,⿸疒⿱⿱⿱丷一⿱十一⿱人⿱丶艮,疒
13616,13616,13616,癨,⿸疒⿱⿱一⿻冂&CDP-8C41;隹,疒
13617,13617,13617,癦,⿸疒⿱⿱&CDP-88D4;灬⿱十一,疒
13618,13618,13618,癥,⿸疒⿰彳⿰&CDP-8DB6;攵,疒
13619,13619,13619,癫,⿸疒⿰⿱十⿱&CDP-8BA5;八页,疒
13620,13620,13620,癪,⿸疒⿰⿱丿木⿱龶⿱目八,疒
13621,13621,13621,癩,⿸疒⿰束⿱𠂊⿱目八,疒
13622,13622,13622,癧,⿸疒⿸⿸厂⿰⿱丿木⿱丿木止,疒
13623,13623,13623,癮,⿸疒⿰阝⿱⿳⿱丿𭕄工彐心,疒
13624,13624,13624,癬,⿸疒⿰⿳𠂊田灬⿱⿱丷一&CDP-8BF1;,疒
13625,13625,13625,癭,⿸疒⿱⿰⿱目八⿱目八女,疒
13626,13626,13626,癰,⿸疒⿰⿱⿲𡿨𡿨𡿨⿱口巴隹,疒
13627,13627,13627,癯,⿸疒⿱⿰目目隹,疒
13628,13628,13628,癲,⿸疒⿰⿱十⿱&CDP-8BA5;八頁,疒
13629,13629,13629,癱,⿸疒⿰&CDP-8BD3;隹,疒
13630,13630,13630,癳,⿸疒⿱⿱田⿰田田⿱⿰&CDP-895C;丶小,疒
13631,13631,13631,癴,⿸疒⿱⿲⿱⿰&CDP-895C;丶小言⿱⿰&CDP-895C;丶小手,疒
13632,13632,13632,癵,⿸疒⿱⿲⿱⿰&CDP-895C;丶小言⿱⿰&CDP-895C;丶小肉,疒
13633,13633,13633,鸟,⿹&CDP-8964;一,鸟
13634,13634,13634,鸠,⿰九⿹&CDP-8964;一,鸟
13635,13635,13635,鸡,⿰又⿹&CDP-8964;一,鸟
13636,13636,13636,鸣,⿰口⿹&CDP-8964;一,鸟
13637,13637,13637,鸤,⿰尸⿹&CDP-8964;一,鸟
13638,13638,13638,鸢,⿱⿺⿻一乚丶⿹&CDP-8964;一,鸟
13639,13639,13639,鸨,⿰⿱⿺乚丿十⿹&CDP-8964;一,鸟
13640,13640,13640,鸧,⿰⿱人㔾⿹&CDP-8964;一,鸟
13641,13641,13641,鸦,⿰牙⿹&CDP-8964;一,鸟
13642,13642,13642,鸩,⿰冘⿹&CDP-8964;一,鸟
13643,13643,13643,鸥,⿰⿷匚㐅⿹&CDP-8964;一,鸟
13644,13644,13644,鸫,⿰东⿹&CDP-8964;一,鸟
13645,13645,13645,鸴,⿳𭕄冖⿹&CDP-8964;一,鸟
13646,13646,13646,鸱,⿰⿱氏丶⿹&CDP-8964;一,鸟
13647,13647,13647,鸪,⿰⿱十口⿹&CDP-8964;一,鸟
13648,13648,13648,鸰,⿰⿱⿱人丶龴⿹&CDP-8964;一,鸟
13649,13649,13649,鸬,⿰⿱⺊尸⿹&CDP-8964;一,鸟
13650,13650,13650,鸲,⿰⿹勹口⿹&CDP-8964;一,鸟
13651,13651,13651,鸶,⿱⿱⿰&CDP-895C;&CDP-895C;一⿹&CDP-8964;一,鸟
13652,13652,13652,鸵,⿰⿹&CDP-8964;一⿱宀⿺乚丿,鸟
13653,13653,13653,鸮,⿰⿱口⿱一㇉⿹&CDP-8964;一,鸟
13654,13654,13654,鸳,⿱⿰⿴𠂊丶㔾⿹&CDP-8964;一,鸟
13655,13655,13655,鸭,⿰甲⿹&CDP-8964;一,鸟
13656,13656,13656,鸯,⿱央⿹&CDP-8964;一,鸟
13657,13657,13657,鸹,⿰⿱⿱丿十口⿹&CDP-8964;一,鸟
13658,13658,13658,鸽,⿰⿱⿱人一口⿹&CDP-8964;一,鸟
13659,13659,13659,鸻,⿰⿰彳⿱一⿱一亅⿹&CDP-8964;一,鸟
13660,13660,13660,鸿,⿰⿰氵工⿹&CDP-8964;一,鸟
13661,13661,13661,鸾,⿱⿱⿱丶一&CDP-8CB5;⿹&CDP-8964;一,鸟
13662,13662,13662,鸺,⿰⿰亻木⿹&CDP-8964;一,鸟
13663,13663,13663,鸷,⿱⿰扌⿻九丶⿹&CDP-8964;一,鸟
13664,13664,13664,鸼,⿰舟⿹&CDP-8964;一,鸟
13665,13665,13665,鸸,⿰⿱一⿱丿⿵冂⿰丨丨⿹&CDP-8964;一,鸟
13666,13666,13666,鹁,⿰⿱⿱十冖子⿹&CDP-8964;一,鸟
13667,13667,13667,鹄,⿰⿱⿰丿土口⿹&CDP-8964;一,鸟
13668,13668,13668,鹃,⿰⿱口月⿹&CDP-8964;一,鸟
13669,13669,13669,鹂,⿰⿱一⿰⿵冂丶⿵冂丶⿹&CDP-8964;一,鸟
13670,13670,13670,鹈,⿰⿱丷⿹⿻弓丨丿⿹&CDP-8964;一,鸟
13671,13671,13671,鹀,⿰⿻工⿰人人⿹&CDP-8964;一,鸟
13672,13672,13672,鹇,⿰⿵门木⿹&CDP-8964;一,鸟
13673,13673,13673,鹆,⿰谷⿹&CDP-8964;一,鸟
13674,13674,13674,鹅,⿰我⿹&CDP-8964;一,鸟
13675,13675,13675,鹎,⿰⿱&CDP-89BE;十⿹&CDP-8964;一,鸟
13676,13676,13676,鹑,⿰⿳⿱丶一口子⿹&CDP-8964;一,鸟
13677,13677,13677,鹒,⿰⿸广&CDP-8DE2;⿹&CDP-8964;一,鸟
13678,13678,13678,鹍,⿰⿱日比⿹&CDP-8964;一,鸟
13679,13679,13679,鹋,⿰⿱艹田⿹&CDP-8964;一,鸟
13680,13680,13680,鹏,⿰⿰月月⿹&CDP-8964;一,鸟
13681,13681,13681,鹐,⿰⿱勹臼⿹&CDP-8964;一,鸟
13682,13682,13682,鹊,⿰⿱⿱⿻十丨一日⿹&CDP-8964;一,鸟
13683,13683,13683,鹔,⿰肃⿹&CDP-8964;一,鸟
13684,13684,13684,鹉,⿰⿹&CDP-8CB8;止⿹&CDP-8964;一,鸟
13685,13685,13685,鹓,⿰⿱宀⿰⿴𠂊丶㔾⿹&CDP-8964;一,鸟
13686,13686,13686,鹌,⿰⿱⿻一人⿻日乚⿹&CDP-8964;一,鸟
13687,13687,13687,鹚,⿰⿱⿱丷一⿰⿰&CDP-895C;丶⿰&CDP-895C;丶⿹&CDP-8964;一,鸟
13688,13688,13688,鹘,⿰⿱&CDP-89A9;月⿹&CDP-8964;一,鸟
13689,13689,13689,鹖,⿰⿱日⿹勹⿺𠃊人⿹&CDP-8964;一,鸟
13690,13690,13690,鹕,⿰⿰⿱十口月⿹&CDP-8964;一,鸟
13691,13691,13691,鹡,⿰⿱&CDP-88D2;月⿹&CDP-8964;一,鸟
13692,13692,13692,鹛,⿰⿸𠃜目⿹&CDP-8964;一,鸟
13693,13693,13693,鹙,⿱⿰⿱丿木⿱八人⿹&CDP-8964;一,鸟
13694,13694,13694,鹜,⿱⿰⿱龴⿹⿱乛亅丿攵⿹&CDP-8964;一,鸟
13695,13695,13695,鹗,⿰⿱⿰口口⿱一⿱一㇉⿹&CDP-8964;一,鸟
13696,13696,13696,鹤,⿰⿻冖隹⿹&CDP-8964;一,鸟
13697,13697,13697,鹣,⿰⿱⿱丷一&CDP-8CDE;⿹&CDP-8964;一,鸟
13698,13698,13698,鹠,⿰⿱&CDP-8C69;田⿹&CDP-8964;一,鸟
13699,13699,13699,鹟,⿰⿱⿱八厶⿰⿹𠃌冫⿹𠃌冫⿹&CDP-8964;一,鸟
13700,13700,13700,鹞,⿰⿱⿱丿𭕄缶⿹&CDP-8964;一,鸟
13701,13701,13701,鹝,⿰⿳一口⿵⿵冂⿰丿乚⿱一丨⿹&CDP-8964;一,鸟
13702,13702,13702,鹢,⿰⿱&CDP-8CF0;皿⿹&CDP-8964;一,鸟
13703,13703,13703,鹨,⿰⿱⿰⿹𠃌冫⿹𠃌冫⿱人彡⿹&CDP-8964;一,鸟
13704,13704,13704,鹥,⿱⿰⿷匚⿱𠂉⿻一人⿱𠘧又⿹&CDP-8964;一,鸟
13705,13705,13705,鹦,⿰⿱⿰贝贝女⿹&CDP-8964;一,鸟
13706,13706,13706,鹧,⿰⿸广⿱廿灬⿹&CDP-8964;一,鸟
13707,13707,13707,鹫,⿱⿰⿳⿱丶一口小⿺尢丶⿹&CDP-8964;一,鸟
13708,13708,13708,鹪,⿰⿱隹灬⿹&CDP-8964;一,鸟
13709,13709,13709,鹩,⿰⿱⿱⿻⿻一人丷日小⿹&CDP-8964;一,鸟
13710,13710,13710,鹬,⿰⿱⿱龴⿹⿱乛亅丿⿵冂⿱八口⿹&CDP-8964;一,鸟
13711,13711,13711,鹮,⿰⿳罒⿱一口𧘇⿹&CDP-8964;一,鸟
13712,13712,13712,鹱,⿰⿹&CDP-8964;一⿱艹⿱隹又,鸟
13713,13713,13713,鹭,⿱⿰⿱口止⿱夂口⿹&CDP-8964;一,鸟
13714,13714,13714,鹲,⿰⿱艹⿳冖一⿱一𧰨⿹&CDP-8964;一,鸟
13715,13715,13715,鹰,⿸⿸广⿰亻隹⿹&CDP-8964;一,鸟
13716,13716,13716,鹯,⿰⿱⿱⿱丶一⿴囗口⿱日一⿹&CDP-8964;一,鸟
13717,13717,13717,鹳,⿰⿱艹⿱⿰口口隹⿹&CDP-8964;一,鸟
13718,13718,13718,鹴,⿰⿱⿱一⿻冂&CDP-8C41;⿰木目⿹&CDP-8964;一,鸟
13719,13719,13719,皮,皮,皮
13720,13720,13720,皯,⿰皮干,皮
13721,13721,13721,皰,⿰皮⿹勹巳,皮
13722,13722,13722,皱,⿰⿱𠂊彐皮,皮
13723,13723,13723,皲,⿰⿱冖车皮,皮
13724,13724,13724,皴,⿰⿳厶八夂皮,皮
13725,13725,13725,皳,⿰⿺&CDP-85DC;丶皮,皮
13726,13726,13726,皵,⿰⿱⿱⿻十丨一日皮,皮
13727,13727,13727,皷,⿰⿱十豆皮,皮
13728,13728,13728,皸,⿰⿱冖車皮,皮
13729,13729,13729,皹,⿰皮⿱冖車,皮
13730,13730,13730,皶,⿰⿱木⿱日一皮,皮
13731,13731,13731,皺,⿰⿱&CDP-8D65;&CDP-8D65;皮,皮
13732,13732,13732,皻,⿰⿸⿸⿱⺊&CDP-88E2;⿻㇀乚且皮,皮
13733,13733,13733,皼,⿰⿳⿱十一冖豆皮,皮
13734,13734,13734,皽,⿰⿱⿱⿱丶一⿴囗口⿱日一皮,皮
13735,13735,13735,皾,⿰⿱⿱十一⿱罒⿱目八皮,皮
13736,13736,13736,生,生,生
13737,13737,13737,甠,⿰日生,生
13738,13738,13738,甡,⿰生生,生
13739,13739,13739,產,⿱⿱⿱丶一⿻丿乀&CDP-8C45;,生
13740,13740,13740,産,⿸⿱&CDP-8BAE;厂生,生
13741,13741,13741,甤,⿺⿱一𧰨生,生
13742,13742,13742,甥,⿰生⿱田⿻丿𠃌,生
13743,13743,13743,甦,⿺⿱一&CDP-89E7;生,生
13744,13744,13744,甧,⿱⿰生生月,生
13745,13745,13745,石,⿸⿱一丿口,石
13746,13746,13746,矴,⿰⿸⿱一丿口⿱一亅,石
13747,13747,13747,矶,⿰⿸⿱一丿口几,石
13748,13748,13748,矵,⿰⿸⿱一丿口刂,石
13749,13749,13749,砀,⿰⿸⿱一丿口𠃓,石
13750,13750,13750,矾,⿰⿸⿱一丿口⿵几丶,石
13751,13751,13751,矸,⿰⿸⿱一丿口干,石
13752,13752,13752,矼,⿰⿸⿱一丿口工,石
13753,13753,13753,矿,⿰⿸⿱一丿口广,石
13754,13754,13754,矻,⿰⿸⿱一丿口⿱𠂉乙,石
13755,13755,13755,码,⿰⿸⿱一丿口⿹&CDP-8A77;一,石
13756,13756,13756,矹,⿰⿸⿱一丿口⿱一⿰丿乚,石
13757,13757,13757,矽,⿰⿸⿱一丿口⿴𠂊丶,石
13758,13758,13758,矷,⿰⿸⿱一丿口子,石
13759,13759,13759,砐,⿰⿸⿱一丿口及,石
13760,13760,13760,矺,⿰⿸⿱一丿口⿱丿⿻㇀乚,石
13761,13761,13761,砭,⿰⿸⿱一丿口⿱丿⿱丶&CDP-8661;,石
13762,13762,13762,砗,⿰⿸⿱一丿口车,石
13763,13763,13763,砊,⿰⿸⿱一丿口⿱⿱丶一几,石
13764,13764,13764,砘,⿰⿸⿱一丿口⿻丿⿻凵乚,石
13765,13765,13765,砃,⿰⿸⿱一丿口丹,石
13766,13766,13766,砜,⿰⿸⿱一丿口⿵几㐅,石
13767,13767,13767,砆,⿰⿸⿱一丿口⿻⿱一一人,石
13768,13768,13768,砉,⿱⿻⿱一⿱一一丨⿸⿱一丿口,石
13769,13769,13769,砛,⿰⿸⿱一丿口⿱⿱人丶㇇,石
13770,13770,13770,砎,⿰⿸⿱一丿口⿱人&CDP-8BF5;,石
13771,13771,13771,砄,⿰⿸⿱一丿口⿻𠃍⿻一人,石
13772,13772,13772,砍,⿰⿸⿱一丿口欠,石
13773,13773,13773,砅,⿰⿸⿱一丿口⿲㇇亅&CDP-85BF;,石
13774,13774,13774,砇,⿰⿸⿱一丿口⿱⿱丶一⿻丿乀,石
13775,13775,13775,砒,⿰⿸⿱一丿口比,石
13776,13776,13776,砏,⿰⿸⿱一丿口⿱八⿹𠃌丿,石
13777,13777,13777,砌,⿰⿸⿱一丿口⿰⿻㇀乚⿹𠃌丿,石
13778,13778,13778,砂,⿰⿸⿱一丿口⿱小丿,石
13779,13779,13779,砕,⿰⿸⿱一丿口⿱九十,石
13780,13780,13780,砙,⿰⿸⿱一丿口瓦,石
13781,13781,13781,砑,⿰⿸⿱一丿口牙,石
13782,13782,13782,砚,⿰⿸⿱一丿口见,石
13783,13783,13783,研,⿰⿸⿱一丿口⿱一⿻一&CDP-8BF5;,石
13784,13784,13784,砖,⿰⿸⿱一丿口专,石
13785,13785,13785,砓,⿰⿸⿱一丿口⿱𠘧又,石
13786,13786,13786,砋,⿰⿸⿱一丿口止,石
13787,13787,13787,砈,⿰⿸⿱一丿口⿸厂㔾,石
13788,13788,13788,砵,⿰⿸⿱一丿口本,石
13789,13789,13789,础,⿰⿸⿱一丿口⿱⿻凵丨凵,石
13790,13790,13790,砥,⿰⿸⿱一丿口⿱氏丶,石
13791,13791,13791,砩,⿰⿸⿱一丿口⿻弓&CDP-8BF5;,石
13792,13792,13792,砝,⿰⿸⿱一丿口⿱⿱十一厶,石
13793,13793,13793,砠,⿰⿸⿱一丿口且,石
13794,13794,13794,砿,⿰⿸⿱一丿口⿸广厶,石
13795,13795,13795,砢,⿰⿸⿱一丿口⿹⿱一亅口,石
13796,13796,13796,硁,⿰⿸⿱一丿口⿱ス工,石
13797,13797,13797,砬,⿰⿸⿱一丿口⿱&CDP-8BAE;一,石
13798,13798,13798,砳,⿰⿸⿱一丿口⿸⿱一丿口,石
13799,13799,13799,砺,⿰⿸⿱一丿口⿸厂⿱一&CDP-8B6C;,石
13800,13800,13800,砾,⿰⿸⿱一丿口乐,石
13801,13801,13801,砱,⿰⿸⿱一丿口⿱⿱人丶龴,石
13802,13802,13802,砻,⿱⿻⿺尢丶丿⿸⿱一丿口,石
13803,13803,13803,砞,⿰⿸⿱一丿口末,石
13804,13804,13804,砪,⿰⿸⿱一丿口母,石
13805,13805,13805,砮,⿱⿰女又⿸⿱一丿口,石
13806,13806,13806,砲,⿰⿸⿱一丿口⿹勹巳,石
13807,13807,13807,破,⿰⿸⿱一丿口皮,石
13808,13808,13808,砶,⿰⿸⿱一丿口白,石
13809,13809,13809,砰,⿰⿸⿱一丿口⿻干丷,石
13810,13810,13810,砯,⿰⿸⿱一丿口⿻⿲㇇亅&CDP-85BF;丶,石
13811,13811,13811,砷,⿰⿸⿱一丿口申,石
13812,13812,13812,砣,⿰⿸⿱一丿口⿱宀⿺乚丿,石
13813,13813,13813,砤,⿰⿸⿱一丿口⿱𠂉也,石
13814,13814,13814,砼,⿰⿸⿱一丿口⿱人工,石
13815,13815,13815,砽,⿰⿸⿱一丿口⿵冂&CDP-8BF1;,石
13816,13816,13816,砡,⿰⿸⿱一丿口⿷⿱一⿱十一丶,石
13817,13817,13817,砫,⿰⿸⿱一丿口⿱⿱丶一⿱十一,石
13818,13818,13818,砧,⿰⿸⿱一丿口⿱⺊口,石
13819,13819,13819,砟,⿰⿸⿱一丿口乍,石
13820,13820,13820,砸,⿰⿸⿱一丿口⿷匚巾,石
13821,13821,13821,砹,⿰⿸⿱一丿口⿱艹⿻丿乀,石
13822,13822,13822,砨,⿰⿸⿱一丿口⿸⿱丶尸乙,石
13823,13823,13823,砦,⿱⿰止⿺乚丿⿸⿱一丿口,石
13824,13824,13824,硛,⿰⿸⿱一丿口⿱⿱丶一&CDP-8CB5;,石
13825,13825,13825,硟,⿰⿸⿱一丿口⿺廴⿱丿&CDP-8960;,石
13826,13826,13826,碀,⿰⿸⿱一丿口⿱𠂊&CDP-8BFE;,石
13827,13827,13827,硐,⿰⿸⿱一丿口⿵⿵冂一口,石
13828,13828,13828,硅,⿰⿸⿱一丿口⿱⿱十一⿱十一,石
13829,13829,13829,硌,⿰⿸⿱一丿口⿱夂口,石
13830,13830,13830,硔,⿰⿸⿱一丿口⿱⿱⿻十丨一八,石
13831,13831,13831,硄,⿰⿸⿱一丿口⿱⺌⿱一⿰丿乚,石
13832,13832,13832,硍,⿰⿸⿱一丿口艮,石
13833,13833,13833,硉,⿰⿸⿱一丿口⿻⿻&CDP-8BAB;丨⿱一一,石
13834,13834,13834,硓,⿰⿸⿱一丿口⿸耂⿺乚丿,石
13835,13835,13835,硭,⿰⿸⿱一丿口⿱艹⿱⿱丶一𠃊,石
13836,13836,13836,硇,⿰⿸⿱一丿口⿴⿱丿囗㐅,石
13837,13837,13837,硑,⿰⿸⿱一丿口⿱丷⿱一⿻一&CDP-8BF5;,石
13838,13838,13838,硘,⿰⿸⿱一丿口⿴囗口,石
13839,13839,13839,硈,⿰⿸⿱一丿口⿱⿱十一口,石
13840,13840,13840,硚,⿰⿸⿱一丿口⿱⿱丿⿻一人&CDP-8BF5;,石
13841,13841,13841,硗,⿰⿸⿱一丿口⿱⿻⿻一乚丿⿱一⿰丿乚,石
13842,13842,13842,硂,⿰⿸⿱一丿口⿱人⿱一⿱十一,石
13843,13843,13843,硕,⿰⿸⿱一丿口页,石
13844,13844,13844,硙,⿰⿸⿱一丿口⿱山己,石
13845,13845,13845,硊,⿰⿸⿱一丿口⿸⿱𠂊厂㔾,石
13846,13846,13846,硖,⿰⿸⿱一丿口⿻⿻⿱一一人丷,石
13847,13847,13847,硎,⿰⿸⿱一丿口⿰⿱一⿻一&CDP-8BF5;刂,石
13848,13848,13848,硒,⿰⿸⿱一丿口⿱一⿻⿰丿乚口,石
13849,13849,13849,硏,⿰⿸⿱一丿口⿰干干,石
13850,13850,13850,硃,⿰⿸⿱一丿口朱,石
13851,13851,13851,硳,⿰⿸⿱一丿口⿱⿱十一&CDP-8CB5;,石
13852,13852,13852,硋,⿰⿸⿱一丿口⿳⿱丶一⿰𠃋丿人,石
13853,13853,13853,硆,⿰⿸⿱一丿口⿱⿱人一口,石
13854,13854,13854,硩,⿱⿰扌⿸𠂆⿱一丨⿸⿱一丿口,石
13855,13855,13855,硨,⿰⿸⿱一丿口車,石
13856,13856,13856,硶,⿰⿸⿱一丿口⿱山⿱⿱人丶㇇,石
13857,13857,13857,硴,⿰⿸⿱一丿口⿱艹⿰亻⿻乚丿,石
13858,13858,13858,硡,⿰⿸⿱一丿口⿱宀⿸𠂇厶,石
13859,13859,13859,硷,⿰⿸⿱一丿口⿳⿱人一𭕄一,石
13860,13860,13860,硜,⿰⿸⿱一丿口⿳一⿲𡿨𡿨𡿨工,石
13861,13861,13861,硱,⿰⿸⿱一丿口⿴囗木,石
13862,13862,13862,硫,⿰⿸⿱一丿口⿱⿻一厶⿴⿰丿乚丨,石
13863,13863,13863,硦,⿰⿸⿱一丿口⿱⿱一⿱十一⿻一&CDP-8BF5;,石
13864,13864,13864,硠,⿰⿸⿱一丿口⿱丶艮,石
13865,13865,13865,硵,⿰⿸⿱一丿口⿱⺊⿴囗㐅,石
13866,13866,13866,硥,⿰⿸⿱一丿口⿷⿺尢丶彡,石
13867,13867,13867,硞,⿰⿸⿱一丿口⿱⿰丿土口,石
13868,13868,13868,确,⿰⿸⿱一丿口角,石
13869,13869,13869,硰,⿱⿰氵⿱小丿⿸⿱一丿口,石
13870,13870,13870,硪,⿰⿸⿱一丿口我,石
13871,13871,13871,硤,⿰⿸⿱一丿口⿻⿻一人⿰人人,石
13872,13872,13872,硯,⿰⿸⿱一丿口⿱目⿰丿乚,石
13873,13873,13873,硝,⿰⿸⿱一丿口⿱⺌月,石
13874,13874,13874,硣,⿰⿸⿱一丿口⿸耂子,石
13875,13875,13875,硬,⿰⿸⿱一丿口⿱一&CDP-89E7;,石
13876,13876,13876,硲,⿰⿸⿱一丿口谷,石
13877,13877,13877,硢,⿰⿸⿱一丿口⿱⿱人一朩,石
13878,13878,13878,硧,⿰⿸⿱一丿口⿱龴⿵冂&CDP-8BF1;,石
13879,13879,13879,碚,⿰⿸⿱一丿口⿱⿱&CDP-8BAE;一口,石
13880,13880,13880,碑,⿰⿸⿱一丿口⿱&CDP-89BE;十,石
13881,13881,13881,碆,⿱⿰氵皮⿸⿱一丿口,石
13882,13882,13882,碜,⿰⿸⿱一丿口⿳厶⿻一人彡,石
13883,13883,13883,碉,⿰⿸⿱一丿口⿵⺆⿱⿱十一口,石
13884,13884,13884,碘,⿰⿸⿱一丿口⿱&CDP-89E0;八,石
13885,13885,13885,碓,⿰⿸⿱一丿口隹,石
13886,13886,13886,碇,⿰⿸⿱一丿口⿱宀⿱一龰,石
13887,13887,13887,碋,⿰⿸⿱一丿口⿱山⿹⿱一亅口,石
13888,13888,13888,碊,⿰⿸⿱一丿口⿱⿻⿺⿻一乚丶丿⿻⿺⿻一乚丶丿,石
13889,13889,13889,碎,⿰⿸⿱一丿口⿱⿱⿱丶一⿰人人十,石
13890,13890,13890,碢,⿰⿸⿱一丿口⿵⿱⿵冂𠃍冂口,石
13891,13891,13891,碂,⿰⿸⿱一丿口⿱宀示,石
13892,13892,13892,碅,⿰⿸⿱一丿口⿴囗⿱丿木,石
13893,13893,13893,硻,⿱⿰臣又⿸⿱一丿口,石
13894,13894,13894,硿,⿰⿸⿱一丿口⿱⿱宀八工,石
13895,13895,13895,碌,⿰⿸⿱一丿口⿱彐⿻亅&CDP-89AE;,石
13896,13896,13896,碐,⿰⿸⿱一丿口⿳⿱十一八夂,石
13897,13897,13897,碄,⿰⿸⿱一丿口⿰木木,石
13898,13898,13898,碖,⿰⿸⿱一丿口⿱⿱人一⿵冂⿻十丨,石
13899,13899,13899,碈,⿰⿸⿱一丿口⿱氏日,石
13900,13900,13900,硸,⿰⿸⿱一丿口⿱山⿸厂干,石
13901,13901,13901,碙,⿰⿸⿱一丿口⿵冂⿱䒑山,石
13902,13902,13902,碰,⿰⿸⿱一丿口⿱⿱丷一⿱&CDP-85F0;一,石
13903,13903,13903,硼,⿰⿸⿱一丿口⿰月月,石
13904,13904,13904,碏,⿰⿸⿱一丿口⿱⿱⿻十丨一日,石
13905,13905,13905,碛,⿰⿸⿱一丿口⿱龶贝,石
13906,13906,13906,碃,⿰⿸⿱一丿口⿱龶月,石
13907,13907,13907,碁,⿱⿱&CDP-8B72;八⿸⿱一丿口,石
13908,13908,13908,碕,⿰⿸⿱一丿口⿱⿻一人⿹⿱一亅口,石
13909,13909,13909,硹,⿰⿸⿱一丿口⿰木⿱八厶,石
13910,13910,13910,碗,⿰⿸⿱一丿口⿱宀⿰⿴𠂊丶㔾,石
13911,13911,13911,碔,⿰⿸⿱一丿口⿹&CDP-8CB8;止,石
13912,13912,13912,碒,⿰⿸⿱一丿口⿱人&CDP-8DE3;,石
13913,13913,13913,硽,⿰⿸⿱一丿口⿱⿻一人⿻日乚,石
13914,13914,13914,碤,⿰⿸⿱一丿口⿱艹央,石
13915,13915,13915,硾,⿰⿸⿱一丿口⿳丿&CDP-876E;一,石
13916,13916,13916,硺,⿰⿸⿱一丿口⿻⿱一𧰨丶,石
13917,13917,13917,碍,⿰⿸⿱一丿口⿱⿱日一寸,石
13918,13918,13918,碥,⿰⿸⿱一丿口⿸⿱丶尸⿵冂⿻十丨,石
13919,13919,13919,碧,⿱⿰⿱一⿱十一白⿸⿱一丿口,石
13920,13920,13920,碴,⿰⿸⿱一丿口⿱木⿱日一,石
13921,13921,13921,磋,⿰⿸⿱一丿口⿸⿱⿱丷一&CDP-8BF1;工,石
13922,13922,13922,磁,⿰⿸⿱一丿口⿱⿱丷一⿰⿰&CDP-895C;丶⿰&CDP-895C;丶,石
13923,13923,13923,碟,⿰⿸⿱一丿口⿱世木,石
13924,13924,13924,碷,⿰⿸⿱一丿口⿸𠂆⿱十目,石
13925,13925,13925,碫,⿰⿸⿱一丿口⿰&CDP-8CE4;⿱𠘧又,石
13926,13926,13926,磓,⿰⿸⿱一丿口⿺辶⿱丿㠯,石
13927,13927,13927,碭,⿰⿸⿱一丿口⿱⿱日一⿹勹&CDP-89A6;,石
13928,13928,13928,碲,⿰⿸⿱一丿口⿱&CDP-8BEC;巾,石
13929,13929,13929,碠,⿰⿸⿱一丿口⿱&CDP-8C4D;⿱一亅,石
13930,13930,13930,碸,⿰⿸⿱一丿口⿵几⿱丿虫,石
13931,13931,13931,磆,⿰⿸⿱一丿口⿱&CDP-89A9;月,石
13932,13932,13932,碣,⿰⿸⿱一丿口⿱日⿹勹⿺𠃊人,石
13933,13933,13933,碱,⿰⿸⿱一丿口⿵⿵戊一口,石
13934,13934,13934,磈,⿰⿸⿱一丿口⿱⿱丿田⿺⿰丿乚厶,石
13935,13935,13935,碦,⿰⿸⿱一丿口⿱宀⿱夂口,石
13936,13936,13936,碯,⿰⿸⿱一丿口⿱⿲𡿨𡿨𡿨⿴⿱丿囗㐅,石
13937,13937,13937,碶,⿰⿸⿱一丿口⿱⿰⿻⿱一⿱一一丨⿹𠃌丿⿻一人,石
13938,13938,13938,碝,⿰⿸⿱一丿口⿱⿱一⿱丿⿵冂⿰丨丨⿻一人,石
13939,13939,13939,碩,⿰⿸⿱一丿口頁,石
13940,13940,13940,碵,⿰⿸⿱一丿口⿱⺊⿱目八,石
13941,13941,13941,碳,⿰⿸⿱一丿口⿱山⿸𠂇⿱八人,石
13942,13942,13942,碮,⿰⿸⿱一丿口⿱日⿱一龰,石
13943,13943,13943,碨,⿰⿸⿱一丿口⿳田一&CDP-8CC6;,石
13944,13944,13944,碬,⿰⿸⿱一丿口⿰&CDP-8C7A;&CDP-8C79;,石
13945,13945,13945,碹,⿰⿸⿱一丿口⿱宀⿱一⿱日一,石
13946,13946,13946,碞,⿱⿱口⿰口口⿸⿱一丿口,石
13947,13947,13947,碡,⿰⿸⿱一丿口⿱龶母,石
13948,13948,13948,碪,⿰⿸⿱一丿口⿱&CDP-88C8;⿷匚⿰丿乚,石
13949,13949,13949,磀,⿰⿸⿱一丿口⿺辶⿱⿱丷一⿻凵丨,石
13950,13950,13950,磅,⿰⿸⿱一丿口⿱&CDP-8BEC;⿱⿱丶一&CDP-8B6C;,石
13951,13951,13951,碽,⿰⿸⿱一丿口⿱工⿱目八,石
13952,13952,13952,磙,⿰⿸⿱一丿口⿳⿱丶一⿱八厶𧘇,石
13953,13953,13953,磕,⿰⿸⿱一丿口⿱⿱⿱十一厶皿,石
13954,13954,13954,磏,⿰⿸⿱一丿口⿱⿱丷一&CDP-8CDE;,石
13955,13955,13955,磂,⿰⿸⿱一丿口⿱&CDP-8C69;田,石
13956,13956,13956,磊,⿱⿸⿱一丿口⿰⿸⿱一丿口⿸⿱一丿口,石
13957,13957,13957,碼,⿰⿸⿱一丿口⿹&CDP-896A;灬,石
13958,13958,13958,碾,⿰⿸⿱一丿口⿸尸&CDP-8CE5;,石
13959,13959,13959,磐,⿱⿰舟⿱𠘧又⿸⿱一丿口,石
13960,13960,13960,磇,⿰⿸⿱一丿口⿱⿴⿱丿囗㐅比,石
13961,13961,13961,碻,⿰⿸⿱一丿口⿳⿱丶一口⿵冂口,石
13962,13962,13962,確,⿰⿸⿱一丿口⿻冖隹,石
13963,13963,13963,碿,⿰⿸⿱一丿口⿸尸⿱⺌月,石
13964,13964,13964,磃,⿰⿸⿱一丿口⿸𠂆⿸⿸⿱⺊&CDP-88E2;⿻㇀乚几,石
13965,13965,13965,磉,⿰⿸⿱一丿口⿱⿱又⿰又又木,石
13966,13966,13966,磌,⿰⿸⿱一丿口⿱十⿱&CDP-8BA5;八,石
13967,13967,13967,磄,⿰⿸⿱一丿口⿸广&CDP-8CC1;,石
13968,13968,13968,磑,⿰⿸⿱一丿口⿱山豆,石
13969,13969,13969,磍,⿰⿸⿱一丿口⿱⿱宀⿻⿱一⿱一一丨口,石
13970,13970,13970,磎,⿰⿸⿱一丿口⿱⿱丿𭕄⿱⿰&CDP-895C;丶⿻一人,石
13971,13971,13971,磘,⿰⿸⿱一丿口⿱⿱丿𭕄缶,石
13972,13972,13972,磤,⿰⿸⿱一丿口⿰㐆⿱𠘧又,石
13973,13973,13973,磒,⿰⿸⿱一丿口⿱口⿱目八,石
13974,13974,13974,磗,⿰⿸⿱一丿口⿱⿺&CDP-86B7;丶寸,石
13975,13975,13975,磔,⿰⿸⿱一丿口⿱⿰⿴𠂊丶㐄木,石
13976,13976,13976,磝,⿰⿸⿱一丿口⿰⿱龶&CDP-8B6C;攵,石
13977,13977,13977,磦,⿰⿸⿱一丿口⿱⿱一&CDP-86EA;示,石
13978,13978,13978,磭,⿰⿸⿱一丿口⿸⿸厂⿱⿱一一&CDP-8CC6;月,石
13979,13979,13979,磢,⿰⿸⿱一丿口⿻⿻一人⿰⿱㐅⿻丿乀⿱㐅⿻丿乀,石
13980,13980,13980,磛,⿱⿰車⿸𠂆⿱一丨⿸⿱一丿口,石
13981,13981,13981,磣,⿰⿸⿱一丿口⿱⿱⿱厶⿰厶厶人彡,石
13982,13982,13982,磪,⿰⿸⿱一丿口⿱山隹,石
13983,13983,13983,磺,⿰⿸⿱一丿口⿳⿱⿻十丨一由八,石
13984,13984,13984,磡,⿰⿸⿱一丿口⿰⿱&CDP-88C8;⿷匚⿰丿乚⿻丿𠃌,石
13985,13985,13985,磟,⿰⿸⿱一丿口⿱⿰⿹𠃌冫⿹𠃌冫⿱人彡,石
13986,13986,13986,磮,⿰⿸⿱一丿口⿱山⿱⿱人一⿵冂⿻十丨,石
13987,13987,13987,磖,⿰⿸⿱一丿口⿱⿰⿹𠃌冫⿹𠃌冫白,石
13988,13988,13988,磥,⿰⿸⿱一丿口⿱田⿱⿰&CDP-895C;丶小,石
13989,13989,13989,磠,⿰⿸⿱一丿口⿱⺊⿴囗⿻㐅⿳丶⿰丶丶丶,石
13990,13990,13990,磨,⿸⿸广⿰木木⿸⿱一丿口,石
13991,13991,13991,磞,⿰⿸⿱一丿口⿱山⿰月月,石
13992,13992,13992,磜,⿰⿸⿱一丿口⿱&CDP-8C4F;示,石
13993,13993,13993,磧,⿰⿸⿱一丿口⿱龶⿱目八,石
13994,13994,13994,磩,⿰⿸⿱一丿口⿵戊⿱⿱⺊一小,石
13995,13995,13995,磬,⿱⿰⿱⿱十一𠃜⿱𠘧又⿸⿱一丿口,石
13996,13996,13996,磲,⿰⿸⿱一丿口⿱⿰氵巨木,石
13997,13997,13997,磾,⿰⿸⿱一丿口⿱⿰口口&CDP-8BD9;,石
13998,13998,13998,礅,⿰⿸⿱一丿口⿰⿳⿱丶一口子攵,石
13999,13999,13999,磵,⿰⿸⿱一丿口⿵⿰𠁣𠃛日,石
14000,14000,14000,礄,⿰⿸⿱一丿口⿱⿱⿱丿⿻一人口⿵冂口,石
14001,14001,14001,磚,⿰⿸⿱一丿口⿱&CDP-8BD0;寸,石
14002,14002,14002,磫,⿰⿸⿱一丿口⿰彳&CDP-8BB0;,石
14003,14003,14003,磹,⿰⿸⿱一丿口⿱⿱一&CDP-86EA;⿱日十,石
14004,14004,14004,磴,⿰⿸⿱一丿口⿱⿰&CDP-88D3;&CDP-88D5;豆,石
14005,14005,14005,磸,⿰⿸⿱一丿口⿱⿱丷酉⿻一人,石
14006,14006,14006,礀,⿰⿸⿱一丿口⿵⿰𠁣𠃛月,石
14007,14007,14007,礍,⿰⿸⿱一丿口⿱艹⿱日⿹勹⿺𠃊人,石
14008,14008,14008,礁,⿰⿸⿱一丿口⿱隹灬,石
14009,14009,14009,磼,⿰⿸⿱一丿口⿱隹木,石
14010,14010,14010,磯,⿰⿸⿱一丿口⿹&CDP-8BA4;人,石
14011,14011,14011,磱,⿰⿸⿱一丿口⿱⿱⿰⿱八人⿱八人冖⿻丿𠃌,石
14012,14012,14012,磿,⿸⿸厂⿰⿱丿木⿱丿木⿸⿱一丿口,石
14013,14013,14013,磷,⿰⿸⿱一丿口⿱米⿰⿴𠂊丶㐄,石
14014,14014,14014,磻,⿰⿸⿱一丿口⿱⿱丿米田,石
14015,14015,14015,磽,⿰⿸⿱一丿口⿱⿱⿱十一⿰⿱十一⿱十一⿱一⿰丿乚,石
14016,14016,14016,磰,⿰⿸⿱一丿口⿱⿱⿱⿱丷一&CDP-8BF1;⿱丷一口,石
14017,14017,14017,礒,⿰⿸⿱一丿口⿱⿱⿱丷一⿱十一我,石
14018,14018,14018,礂,⿰⿸⿱一丿口⿱⿱十豆口,石
14019,14019,14019,磶,⿰⿸⿱一丿口⿱臼&CDP-8C40;,石
14020,14020,14020,礇,⿰⿸⿱一丿口⿱⿵&CDP-8BD6;米⿻一人,石
14021,14021,14021,礈,⿰⿸⿱一丿口⿺辶⿱丷⿱一𧰨,石
14022,14022,14022,礃,⿰⿸⿱一丿口⿱⿱⿱⺌冖口手,石
14023,14023,14023,磳,⿰⿸⿱一丿口⿱丷⿱&CDP-8B62;日,石
14024,14024,14024,礡,⿰⿸⿱一丿口⿱艹⿱⿺&CDP-86B7;丶寸,石
14025,14025,14025,礎,⿰⿸⿱一丿口⿱⿰木木疋,石
14026,14026,14026,礠,⿰⿸⿱一丿口⿱⿱⿱丷一⿰⿰&CDP-895C;丶⿰&CDP-895C;丶心,石
14027,14027,14027,礑,⿰⿸⿱一丿口⿱⿱⿱⺌冖口田,石
14028,14028,14028,礉,⿰⿸⿱一丿口⿰⿱白⿱⿱丶一&CDP-8B6C;攵,石
14029,14029,14029,礓,⿰⿸⿱一丿口⿳&CDP-8D5E;&CDP-8D5E;一,石
14030,14030,14030,礆,⿰⿸⿱一丿口⿳⿱人一⿰口口⿰人人,石
14031,14031,14031,礊,⿱⿰⿱車凵⿱𠘧又⿸⿱一丿口,石
14032,14032,14032,礚,⿰⿸⿱一丿口⿱艹⿱⿱⿱十一厶皿,石
14033,14033,14033,礌,⿰⿸⿱一丿口⿱⿱一⿻冂&CDP-8C41;田,石
14034,14034,14034,礞,⿰⿸⿱一丿口⿱艹⿳冖一⿱一𧰨,石
14035,14035,14035,礔,⿰⿸⿱一丿口⿰⿸尸口⿱⿱&CDP-8BAE;一十,石
14036,14036,14036,礕,⿱⿰⿸尸口⿱⿱&CDP-8BAE;一十⿸⿱一丿口,石
14037,14037,14037,礐,⿱⿶&CDP-8B64;⿱㐅⿻丿乀⿸⿱一丿口,石
14038,14038,14038,礖,⿰⿸⿱一丿口⿶&CDP-8BA8;&CDP-8BC2;,石
14039,14039,14039,礏,⿰⿸⿱一丿口⿱⿱&CDP-85F0;一⿱⿱丷一未,石
14040,14040,14040,礜,⿱⿶&CDP-8BA8;&CDP-8BC2;⿸⿱一丿口,石
14041,14041,14041,礋,⿰⿸⿱一丿口⿱罒⿱⿱十一⿱丷干,石
14042,14042,14042,礤,⿰⿸⿱一丿口⿱艹⿱&CDP-8C4F;示,石
14043,14043,14043,礛,⿰⿸⿱一丿口⿱⿰臣&CDP-89BC;皿,石
14044,14044,14044,礦,⿰⿸⿱一丿口⿸广⿳⿱⿻十丨一由八,石
14045,14045,14045,礪,⿰⿸⿱一丿口⿸厂⿱艹禺,石
14046,14046,14046,礣,⿰⿸⿱一丿口⿱⿱艹罒⿵戊丶,石
14047,14047,14047,礟,⿰⿸⿱一丿口⿰⿹&CDP-896A;灬⿱㐅⿻丿乀,石
14048,14048,14048,礗,⿰⿸⿱一丿口⿱&CDP-8D74;⿱目八,石
14049,14049,14049,礝,⿰⿸⿱一丿口⿱⿱一⿻冂&CDP-8C41;⿱一⿱丿⿵冂⿰丨丨,石
14050,14050,14050,礢,⿰⿸⿱一丿口⿱⿱⿱丷一⿱十一⿱人⿱丶艮,石
14051,14051,14051,礙,⿰⿸⿱一丿口⿰⿱⿺乚丿⿱𠂉⿻一人⿱龴疋,石
14052,14052,14052,礘,⿰⿸⿱一丿口⿱日⿱⿰⿰&CDP-895C;丶⿰&CDP-895C;丶灬,石
14053,14053,14053,礬,⿱⿱⿲木⿱㐅⿻丿乀木⿻一人⿸⿱一丿口,石
14054,14054,14054,礧,⿰⿸⿱一丿口⿱田⿰田田,石
14055,14055,14055,礫,⿰⿸⿱一丿口⿱&CDP-8BF4;木,石
14056,14056,14056,礨,⿱⿱田⿰田田⿸⿱一丿口,石
14057,14057,14057,礥,⿰⿸⿱一丿口⿱⿰臣又⿱目八,石
14058,14058,14058,礩,⿰⿸⿱一丿口⿱⿰⿸𠂆⿱一丨⿸𠂆⿱一丨⿱目八,石
14059,14059,14059,礴,⿰⿸⿱一丿口⿱艹⿰氵⿱⿺&CDP-86B7;丶寸,石
14060,14060,14060,礰,⿰⿸⿱一丿口⿸⿸厂⿰⿱丿木⿱丿木止,石
14061,14061,14061,礱,⿱⿰⿱⿱&CDP-8BAE;一月&CDP-89B0;⿸⿱一丿口,石
14062,14062,14062,礲,⿰⿸⿱一丿口⿰⿱⿱&CDP-8BAE;一月&CDP-89B0;,石
14063,14063,14063,礳,⿰⿸⿱一丿口⿸⿸广⿰木木⿸⿱一丿口,石
14064,14064,14064,礮,⿰⿸⿱一丿口⿰⿹&CDP-896A;灬⿱⿱丶一⿱八⿻丿乀,石
14065,14065,14065,礭,⿰⿸⿱一丿口⿱⿱一⿻冂&CDP-8C41;隹,石
14066,14066,14066,礯,⿰⿸⿱一丿口⿱⿱⿰⿱八人⿱八人冖⿱⿰&CDP-895C;丶小,石
14067,14067,14067,礶,⿰⿸⿱一丿口⿱艹⿱⿰口口隹,石
14068,14068,14068,礷,⿰⿸⿱一丿口⿱艹⿱⿰臣&CDP-89BC;皿,石
14069,14069,14069,礵,⿰⿸⿱一丿口⿱⿱一⿻冂&CDP-8C41;⿰木目,石
14070,14070,14070,礸,⿰⿸⿱一丿口⿱⿰⿱⿰丿土⿰丿乚⿱⿰丿土⿰丿乚⿱目八,石
14071,14071,14071,礹,⿰⿸⿱一丿口⿱⿰口口⿸厂⿰⿱乛耳攵,石
14072,14072,14072,矢,⿱𠂉⿻一人,矢
14073,14073,14073,知,⿰⿱𠂉⿻一人口,矢
14074,14074,14074,矣,⿱厶⿱𠂉⿻一人,矢
14075,14075,14075,矤,⿰弓⿱𠂉⿻一人,矢
14076,14076,14076,矦,⿸⿱𠂊厂⿱𠂉⿻一人,矢
14077,14077,14077,矩,⿰⿱𠂉⿻一人巨,矢
14078,14078,14078,矧,⿰⿱𠂉⿻一人⿰弓丨,矢
14079,14079,14079,矨,⿰⿱𠂉⿻一人⿱丿⿻一人,矢
14080,14080,14080,矫,⿰⿱𠂉⿻一人⿱⿱丿⿻一人&CDP-8BF5;,矢
14081,14081,14081,矪,⿰⿱𠂉⿻一人舟,矢
14082,14082,14082,矬,⿰⿱𠂉⿻一人⿻⿱十一⿰人人,矢
14083,14083,14083,短,⿰⿱𠂉⿻一人豆,矢
14084,14084,14084,矮,⿰⿱𠂉⿻一人⿱⿱丿木女,矢
14085,14085,14085,矯,⿰⿱𠂉⿻一人⿱⿱⿱丿⿻一人口⿵冂口,矢
14086,14086,14086,矰,⿰⿱𠂉⿻一人⿱丷⿱&CDP-8B62;日,矢
14087,14087,14087,矱,⿰⿱𠂉⿻一人⿱艹⿱隹又,矢
14088,14088,14088,矲,⿰⿱𠂉⿻一人⿱罒⿰⿱厶⿵⺆冫⿱⿺乚丿⿺乚丿,矢
14089,14089,14089,示,示,示
14090,14090,14090,祘,⿰示示,示
14091,14091,14091,祟,⿱⿱⿻凵丨凵示,示
14092,14092,14092,祡,⿱⿰止⿺乚丿示,示
14093,14093,14093,祭,⿱&CDP-8C4F;示,示
14094,14094,14094,票,⿱⿱一&CDP-86EA;示,示
14095,14095,14095,禀,⿱⿱⿱丶一⿴囗口示,示
14096,14096,14096,禁,⿱⿰木木示,示
14097,14097,14097,禜,⿱⿱⿰⿱八人⿱八人冖示,示
14098,14098,14098,禦,⿱⿰彳⿰⿱𠂉⿻一&CDP-8960;卩示,示
14099,14099,14099,罒,罒,罒
14100,14100,14100,罗,⿱罒⿴𠂊丶,罒
14101,14101,14101,罖,⿱罒⿱人丶,罒
14102,14102,14102,罚,⿱罒⿰讠刂,罒
14103,14103,14103,罘,⿱罒⿱一&CDP-8665;,罒
14104,14104,14104,罢,⿱罒⿱⿱十一厶,罒
14105,14105,14105,罡,⿱罒⿱一止,罒
14106,14106,14106,罛,⿱罒瓜,罒
14107,14107,14107,罟,⿱罒⿱十口,罒
14108,14108,14108,罝,⿱罒且,罒
14109,14109,14109,罞,⿱罒⿱龴⿹⿱乛亅丿,罒
14110,14110,14110,罠,⿱罒民,罒
14111,14111,14111,罜,⿱罒⿱⿱丶一⿱十一,罒
14112,14112,14112,罣,⿱罒⿱⿱十一⿱十一,罒
14113,14113,14113,罦,⿱罒⿱⿱丿𭕄子,罒
14114,14114,14114,罥,⿱罒⿱口月,罒
14115,14115,14115,罤,⿱罒⿱丷⿹⿻弓丨丿,罒
14116,14116,14116,罫,⿱罒⿰⿱⿱十一⿱十一卜,罒
14117,14117,14117,罧,⿱罒⿰木木,罒
14118,14118,14118,署,⿱罒⿸耂日,罒
14119,14119,14119,罭,⿱罒⿹⿻⿺⿻一乚丶丿⿱口一,罒
14120,14120,14120,罨,⿱罒⿱⿻一人⿻日乚,罒
14121,14121,14121,罬,⿱罒⿱⿰又又⿰又又,罒
14122,14122,14122,罩,⿱罒⿱⺊⿱日十,罒
14123,14123,14123,置,⿱罒⿱十&CDP-8BA5;,罒
14124,14124,14124,罪,⿱罒非,罒
14125,14125,14125,罰,⿱罒⿰言刂,罒
14126,14126,14126,罱,⿱罒⿱十&CDP-8BDC;,罒
14127,14127,14127,罴,⿱⿱罒⿱⿱十一厶灬,罒
14128,14128,14128,罳,⿱罒⿱田心,罒
14129,14129,14129,罯,⿱罒⿱⿱&CDP-8BAE;一日,罒
14130,14130,14130,罷,⿱罒⿰⿱厶⿵⺆冫⿱⿺乚丿⿺乚丿,罒
14131,14131,14131,罼,⿱罒⿻&CDP-87C5;一,罒
14132,14132,14132,罸,⿱罒⿰言寸,罒
14133,14133,14133,罶,⿱罒⿱&CDP-8C69;田,罒
14134,14134,14134,罵,⿱罒⿹&CDP-896A;灬,罒
14135,14135,14135,罺,⿱罒⿱⿲𡿨𡿨𡿨⿻日木,罒
14136,14136,14136,罹,⿱罒⿰忄隹,罒
14137,14137,14137,罻,⿱罒⿰⿸尸示寸,罒
14138,14138,14138,罿,⿱罒⿱⿱&CDP-8BAE;一⿱&CDP-8BD9;一,罒
14139,14139,14139,罽,⿱罒&CDP-8AD6;,罒
14140,14140,14140,羁,⿱罒⿰革⿹&CDP-8A77;一,罒
14141,14141,14141,罾,⿱罒⿱丷⿱&CDP-8B62;日,罒
14142,14142,14142,羂,⿱罒⿰⿱⿰&CDP-895C;丶&CDP-885E;⿱口月,罒
14143,14143,14143,羃,⿱罒⿱⿱艹⿱日⿻一人巾,罒
14144,14144,14144,羅,⿱罒⿰⿱⿰&CDP-895C;丶&CDP-885E;隹,罒
14145,14145,14145,羆,⿱罒⿱⿰⿱厶⿵⺆冫⿱⿺乚丿⿺乚丿灬,罒
14146,14146,14146,羄,⿱罒⿰⿱⿰&CDP-895C;丶&CDP-885E;⿱⺊⿱日十,罒
14147,14147,14147,羇,⿱罒⿰革⿱⿻一人⿹⿱一亅口,罒
14148,14148,14148,羈,⿱罒⿰革⿹&CDP-896A;灬,罒
14149,14149,14149,羉,⿱罒⿲⿱⿰&CDP-895C;丶小言⿱⿰&CDP-895C;丶小,罒
14150,14150,14150,甶,⿱丿田,田
14151,14151,14151,电,⿻日乚,田
14152,14152,14152,甲,甲,田
14153,14153,14153,申,申,田
14154,14154,14154,田,田,田
14155,14155,14155,由,由,田
14156,14156,14156,甴,⿻口⿱丨一,田
14157,14157,14157,甸,⿹勹田,田
14158,14158,14158,町,⿰田⿱一亅,田
14159,14159,14159,男,⿱田⿻丿𠃌,田
14160,14160,14160,甹,⿱由⿱一㇉,田
14161,14161,14161,甼,⿱田⿱一亅,田
14162,14162,14162,畀,⿱田⿱一&CDP-8BF5;,田
14163,14163,14163,畁,⿱由⿱一&CDP-8BF5;,田
14164,14164,14164,畅,⿰申𠃓,田
14165,14165,14165,画,⿱一⿶凵田,田
14166,14166,14166,甿,⿰田⿱⿱丶一𠃊,田
14167,14167,14167,畂,⿰田久,田
14168,14168,14168,畃,⿰申⿹勹丶,田
14169,14169,14169,甾,⿱⿲𡿨𡿨𡿨田,田
14170,14170,14170,甽,⿰田川,田
14171,14171,14171,畆,⿰⿱⿱丶一田厶,田
14172,14172,14172,畒,⿰⿱⿱丶一田人,田
14173,14173,14173,畓,⿱⿲㇇亅&CDP-85BF;田,田
14174,14174,14174,畈,⿰田⿸𠂆又,田
14175,14175,14175,畉,⿰田⿻⿱一一人,田
14176,14176,14176,畐,⿱⿱一口田,田
14177,14177,14177,畊,⿰田井,田
14178,14178,14178,界,⿱田⿱人&CDP-8BF5;,田
14179,14179,14179,畍,⿰田⿱人&CDP-8BF5;,田
14180,14180,14180,畎,⿰田犬,田
14181,14181,14181,畋,⿰田攵,田
14182,14182,14182,畑,⿰⿱八人田,田
14183,14183,14183,畏,⿳田一&CDP-8CC6;,田
14184,14184,14184,禺,禺,田
14185,14185,14185,畇,⿰田⿹勹⿱一一,田
14186,14186,14186,畢,⿻&CDP-87C5;一,田
14187,14187,14187,畚,⿳厶⿻一人田,田
14188,14188,14188,畜,⿱⿱⿱丶一⿰&CDP-895C;丶田,田
14189,14189,14189,畗,⿳⿱丶一口田,田
14190,14190,14190,畕,⿱田田,田
14191,14191,14191,畟,⿳田八夂,田
14192,14192,14192,留,⿱&CDP-8C69;田,田
14193,14193,14193,畝,⿰⿱⿱丶一田久,田
14194,14194,14194,畞,⿻十⿰田久,田
14195,14195,14195,畘,⿰田冉,田
14196,14196,14196,畔,⿰田⿱丷&CDP-8BF1;,田
14197,14197,14197,畠,⿱白田,田
14198,14198,14198,畖,⿰田瓜,田
14199,14199,14199,畛,⿰田⿱人彡,田
14200,14200,14200,畣,⿱⿱⿱人一口田,田
14201,14201,14201,畨,⿱米田,田
14202,14202,14202,畡,⿰田⿳⿱丶一⿰𠃋丿人,田
14203,14203,14203,畧,⿱田⿱夂口,田
14204,14204,14204,略,⿰田⿱夂口,田
14205,14205,14205,畦,⿰田⿱⿱十一⿱十一,田
14206,14206,14206,畩,⿰田⿱⿱丶一𧘇,田
14207,14207,14207,異,⿱田⿱⿱⿻十丨一八,田
14208,14208,14208,畤,⿰田⿱⿱十一寸,田
14209,14209,14209,畴,⿰田⿸⿻⿱一⿱一一丨寸,田
14210,14210,14210,畳,⿱田⿱冖且,田
14211,14211,14211,番,⿱⿱丿米田,田
14212,14212,14212,畫,⿳&CDP-8BC6;田一,田
14213,14213,14213,畯,⿰田⿳厶八夂,田
14214,14214,14214,畱,⿱丣田,田
14215,14215,14215,畮,⿰田⿱𠂉母,田
14216,14216,14216,畲,⿱⿱人示田,田
14217,14217,14217,畭,⿰田⿱⿱人一朩,田
14218,14218,14218,畬,⿱⿱⿱人一朩田,田
14219,14219,14219,畺,⿳&CDP-8D5E;&CDP-8D5E;一,田
14220,14220,14220,當,⿱⿱⿱⺌冖口田,田
14221,14221,14221,畵,⿱&CDP-8BC6;⿶凵田,田
14222,14222,14222,畸,⿰田⿱⿻一人⿹⿱一亅口,田
14223,14223,14223,畹,⿰田⿱宀⿰⿴𠂊丶㔾,田
14224,14224,14224,畷,⿰田⿱⿰又又⿰又又,田
14225,14225,14225,畼,⿰田⿱⿱日一⿹勹&CDP-89A6;,田
14226,14226,14226,畻,⿰田⿱⿱丷⿻⿱一一人⿱十一,田
14227,14227,14227,畽,⿰田重,田
14228,14228,14228,畿,⿹&CDP-8BA4;田,田
14229,14229,14229,畾,⿱田⿰田田,田
14230,14230,14230,疀,⿰⿱⿲𡿨𡿨𡿨田疌,田
14231,14231,14231,疂,⿳田&CDP-89AE;⿱冖且,田
14232,14232,14232,疁,⿰田⿱⿰⿹𠃌冫⿹𠃌冫⿱人彡,田
14233,14233,14233,疄,⿰田⿱米⿰⿴𠂊丶㐄,田
14234,14234,14234,疃,⿰田⿱⿱&CDP-8BAE;一⿱&CDP-8BD9;一,田
14235,14235,14235,疅,⿰田⿳&CDP-8D5E;&CDP-8D5E;一,田
14236,14236,14236,疇,⿰田⿳⿳⿱十一乛工一⿰口寸,田
14237,14237,14237,疆,⿰⿴弓⿱十一⿳&CDP-8D5E;&CDP-8D5E;一,田
14238,14238,14238,疉,⿳⿱田⿰田田冖彑,田
14239,14239,14239,疈,⿲⿱⿱一口田&CDP-8BEA;⿱⿱一口田,田
14240,14240,14240,疊,⿱⿱田⿰田田⿱冖且,田
14241,14241,14241,玄,⿱⿱丶一⿰&CDP-895C;丶,玄
14242,14242,14242,玅,⿰⿱⿱丶一⿰&CDP-895C;丶⿱小丿,玄
14243,14243,14243,玆,⿰⿱⿱丶一⿰&CDP-895C;丶⿱⿱丶一⿰&CDP-895C;丶,玄
14244,14244,14244,玈,⿰⿱⿱丶一⿰&CDP-895C;丶&CDP-8D55;,玄
14245,14245,14245,率,⿱⿻⿱⿱丶一⿰&CDP-895C;丶&CDP-89AE;十,玄
14246,14246,14246,穵,⿱⿱宀八乙,穴
14247,14247,14247,穴,⿱宀八,穴
14248,14248,14248,究,⿱⿱宀八九,穴
14249,14249,14249,穷,⿱⿱宀八⿻丿𠃌,穴
14250,14250,14250,穹,⿱⿱宀八弓,穴
14251,14251,14251,空,⿱⿱宀八工,穴
14252,14252,14252,穸,⿱⿱宀八⿴𠂊丶,穴
14253,14253,14253,穻,⿱⿱宀八于,穴
14254,14254,14254,窆,⿱⿱宀八⿱丿⿱丶&CDP-8661;,穴
14255,14255,14255,穿,⿱⿱宀八牙,穴
14256,14256,14256,穽,⿱⿱宀八井,穴
14257,14257,14257,窂,⿱⿱宀八牛,穴
14258,14258,14258,窃,⿱⿱宀八⿰⿻㇀乚⿹𠃌丿,穴
14259,14259,14259,穼,⿱⿱宀八木,穴
14260,14260,14260,突,⿱⿱宀八犬,穴
14261,14261,14261,穾,⿱⿱宀八⿱丿⿻一人,穴
14262,14262,14262,窀,⿱⿱宀八⿻丿⿻凵乚,穴
14263,14263,14263,窎,⿱⿱宀八⿹&CDP-8964;一,穴
14264,14264,14264,窇,⿱⿱宀八⿹勹巳,穴
14265,14265,14265,窉,⿱⿱宀八⿱一⿻冂人,穴
14266,14266,14266,窌,⿱⿱宀八⿰𠂎卩,穴
14267,14267,14267,窍,⿱⿱宀八⿰工⿱一㇉,穴
14268,14268,14268,窊,⿱⿱宀八瓜,穴
14269,14269,14269,窅,⿱⿱宀八目,穴
14270,14270,14270,窈,⿱⿱宀八⿰⿰&CDP-895C;丶⿻丿𠃌,穴
14271,14271,14271,窋,⿱⿱宀八⿱⿻凵丨凵,穴
14272,14272,14272,窄,⿱⿱宀八乍,穴
14273,14273,14273,窓,⿳⿱宀八厶心,穴
14274,14274,14274,窚,⿱⿱宀八⿵戊𠃌,穴
14275,14275,14275,窕,⿱⿱宀八兆,穴
14276,14276,14276,窐,⿱⿱宀八⿱⿱十一⿱十一,穴
14277,14277,14277,窏,⿱⿱宀八⿰氵于,穴
14278,14278,14278,窔,⿱⿱宀八⿱⿱丶一⿱八⿻丿乀,穴
14279,14279,14279,窑,⿱⿱宀八缶,穴
14280,14280,14280,窒,⿱⿱宀八⿱⿱一厶⿱十一,穴
14281,14281,14281,窗,⿱⿱宀八⿴⿱丿囗夂,穴
14282,14282,14282,窜,⿱⿱宀八⿻⿱口口丨,穴
14283,14283,14283,窖,⿱⿱宀八⿱⿰丿土口,穴
14284,14284,14284,窘,⿱⿱宀八⿸⿻&CDP-8BAB;丿口,穴
14285,14285,14285,窛,⿱⿱宀八⿺⿱一⿱一⿰丿乚女,穴
14286,14286,14286,窝,⿱⿱宀八⿱口⿻冂人,穴
14287,14287,14287,窙,⿱⿱宀八⿸耂子,穴
14288,14288,14288,窞,⿱⿱宀八⿱勹臼,穴
14289,14289,14289,窦,⿱⿱宀八⿱十⿱乛头,穴
14290,14290,14290,窤,⿱⿱宀八⿱日比,穴
14291,14291,14291,窢,⿱⿱宀八⿹⿻⿺⿻一乚丶丿⿱口一,穴
14292,14292,14292,窥,⿱⿱宀八⿰⿻⿱一一人见,穴
14293,14293,14293,窠,⿱⿱宀八⿻日木,穴
14294,14294,14294,窟,⿱⿱宀八⿸尸⿱⿻凵丨凵,穴
14295,14295,14295,窣,⿱⿱宀八⿱⿱⿱丶一⿰人人十,穴
14296,14296,14296,窩,⿱⿱宀八⿵⿱⿵冂𠃍冂口,穴
14297,14297,14297,窧,⿱⿱宀八⿱⺊⿱日十,穴
14298,14298,14298,窡,⿱⿱宀八⿱⿰又又⿰又又,穴
14299,14299,14299,窭,⿱⿱宀八⿱米女,穴
14300,14300,14300,窪,⿱⿱宀八⿰氵⿱⿱十一⿱十一,穴
14301,14301,14301,窨,⿱⿱宀八⿱⿱&CDP-8BAE;一日,穴
14302,14302,14302,窫,⿱⿱宀八⿱⿰⿻⿱一⿱一一丨⿹𠃌丿⿻一人,穴
14303,14303,14303,窬,⿱⿱宀八⿱⿱人一⿰月刂,穴
14304,14304,14304,窲,⿱⿱宀八⿰米斗,穴
14305,14305,14305,窮,⿱⿱宀八⿰身弓,穴
14306,14306,14306,窴,⿱⿱宀八⿱十⿱&CDP-8BA5;八,穴
14307,14307,14307,窱,⿱⿱宀八⿰&CDP-8B7A;⿱夂朩,穴
14308,14308,14308,窯,⿱⿱宀八⿱⿱⿱丷一⿱十一灬,穴
14309,14309,14309,窰,⿱⿱宀八⿱⿱丿𭕄缶,穴
14310,14310,14310,窳,⿱⿱宀八⿰瓜瓜,穴
14311,14311,14311,窻,⿱⿱宀八⿱⿴⿱丿囗夂心,穴
14312,14312,14312,窼,⿱⿱宀八⿱⿲𡿨𡿨𡿨⿻日木,穴
14313,14313,14313,窵,⿱⿱宀八⿹&CDP-8CBB;灬,穴
14314,14314,14314,窶,⿱⿱宀八⿱&CDP-89C5;女,穴
14315,14315,14315,窺,⿱⿱宀八⿰⿻⿱一一人⿱目⿰丿乚,穴
14316,14316,14316,窽,⿱⿱宀八⿰⿱⿺乚丿⿱𠂉⿻一人欠,穴
14317,14317,14317,窷,⿱⿱宀八⿰耳⿰𠂎卩,穴
14318,14318,14318,窿,⿱⿱宀八⿰阝⿱夂⿱一生,穴
14319,14319,14319,窹,⿱⿱宀八⿰爿⿱⿱一𫝀口,穴
14320,14320,14320,窸,⿱⿱宀八⿱⿱丿米心,穴
14321,14321,14321,竀,⿱⿱宀八⿰⿱一止⿱目⿰丿乚,穴
14322,14322,14322,竁,⿱⿱宀八⿱⿱丿&CDP-8A43;⿰⿱丿&CDP-8A43;⿱丿&CDP-8A43;,穴
14323,14323,14323,窾,⿱⿱宀八⿰&CDP-8C6A;欠,穴
14324,14324,14324,竂,⿱⿱宀八⿱⿱⿻⿻一人丷日小,穴
14325,14325,14325,竃,⿳⿱宀八⿱十一&CDP-89BD;,穴
14326,14326,14326,竄,⿱⿱宀八⿱臼&CDP-8D46;,穴
14327,14327,14327,竅,⿱⿱宀八⿰⿱白⿱⿱丶一&CDP-8B6C;攵,穴
14328,14328,14328,竆,⿱⿱宀八⿰身⿱口口,穴
14329,14329,14329,竇,⿱⿱宀八⿱⿱十一⿱罒⿱目八,穴
14330,14330,14330,竈,⿳⿱宀八⿱十一黽,穴
14331,14331,14331,竉,⿱⿱宀八⿰⿱⿱&CDP-8BAE;一月&CDP-89B0;,穴
14332,14332,14332,竊,⿱⿱宀八⿰⿱丿米&CDP-8ACE;,穴
14333,14333,14333,疋,疋,疋
14334,14334,14334,疌,疌,疋
14335,14335,14335,疍,⿱疋⿱日一,疋
14336,14336,14336,疎,⿰𤴔束,疋
14337,14337,14337,疏,⿰𤴔⿱⿻一厶⿴⿰丿乚丨,疋
14338,14338,14338,疑,⿰⿱⿺乚丿⿱𠂉⿻一人⿱龴疋,疋
14339,14339,14339,疐,⿳⿱十冖田疋,疋
14340,14340,14340,丵,⿱⿱&CDP-85F0;一⿱丷干,业
14341,14341,14341,衤,衤,衤
14342,14342,14342,补,⿰衤卜,衤
14343,14343,14343,衩,⿰衤⿴又丶,衤
14344,14344,14344,衬,⿰衤寸,衤
14345,14345,14345,衦,⿰衤干,衤
14346,14346,14346,衱,⿰衤及,衤
14347,14347,14347,衫,⿰衤彡,衤
14348,14348,14348,衪,⿰衤也,衤
14349,14349,14349,衧,⿰衤于,衤
14350,14350,14350,袆,⿰衤韦,衤
14351,14351,14351,衽,⿰衤⿱丿⿱十一,衤
14352,14352,14352,衵,⿰衤日,衤
14353,14353,14353,衴,⿰衤冘,衤
14354,14354,14354,衯,⿰衤⿱八⿹𠃌丿,衤
14355,14355,14355,衭,⿰衤⿻⿱一一人,衤
14356,14356,14356,衸,⿰衤⿱人&CDP-8BF5;,衤
14357,14357,14357,衿,⿰衤⿱⿱人丶㇇,衤
14358,14358,14358,袀,⿰衤⿹勹冫,衤
14359,14359,14359,袂,⿰衤⿻𠃍⿻一人,衤
14360,14360,14360,衲,⿰衤⿻冂人,衤
14361,14361,14361,衻,⿰衤⿻冂⿱一一,衤
14362,14362,14362,袇,⿰衤丹,衤
14363,14363,14363,衶,⿰衤⿻口丨,衤
14364,14364,14364,衼,⿰衤⿱十又,衤
14365,14365,14365,衳,⿰衤⿱八厶,衤
14366,14366,14366,衹,⿰衤氏,衤
14367,14367,14367,袄,⿰衤⿱丿⿻一人,衤
14368,14368,14368,袜,⿰衤末,衤
14369,14369,14369,被,⿰衤皮,衤
14370,14370,14370,袐,⿰衤⿻心丿,衤
14371,14371,14371,袯,⿰衤发,衤
14372,14372,14372,袛,⿰衤⿱氏丶,衤
14373,14373,14373,袢,⿰衤⿱丷&CDP-8BF1;,衤
14374,14374,14374,袝,⿰衤⿰亻寸,衤
14375,14375,14375,袚,⿰衤⿺⿸𠂇又丶,衤
14376,14376,14376,袧,⿰衤⿹勹口,衤
14377,14377,14377,袔,⿰衤⿹⿱一亅口,衤
14378,14378,14378,袓,⿰衤且,衤
14379,14379,14379,袊,⿰衤⿱⿱人丶龴,衤
14380,14380,14380,袮,⿰衤⿱𠂉小,衤
14381,14381,14381,袦,⿰衤⿱⿻凵丨凵,衤
14382,14382,14382,袙,⿰衤白,衤
14383,14383,14383,袍,⿰衤⿹勹巳,衤
14384,14384,14384,袪,⿰衤⿱⿱十一厶,衤
14385,14385,14385,袡,⿰衤冉,衤
14386,14386,14386,袑,⿰衤⿱⿹𠃌丿口,衤
14387,14387,14387,袉,⿰衤⿱宀⿺乚丿,衤
14388,14388,14388,袥,⿰衤⿸⿱一丿口,衤
14389,14389,14389,袒,⿰衤⿱日一,衤
14390,14390,14390,袖,⿰衤由,衤
14391,14391,14391,袨,⿰衤⿱⿱丶一⿰&CDP-895C;丶,衤
14392,14392,14392,袕,⿰衤⿱宀八,衤
14393,14393,14393,袎,⿰衤⿰⿰&CDP-895C;丶⿻丿𠃌,衤
14394,14394,14394,袣,⿰衤世,衤
14395,14395,14395,袘,⿰衤⿱𠂉也,衤
14396,14396,14396,袩,⿰衤⿱⺊口,衤
14397,14397,14397,袟,⿰衤⿰丿⿻⿱一一人,衤
14398,14398,14398,袗,⿰衤⿱人彡,衤
14399,14399,14399,袏,⿰衤⿸𠂇工,衤
14400,14400,14400,袹,⿰衤⿱一白,衤
14401,14401,14401,袳,⿰衤⿱⿴𠂊丶⿴𠂊丶,衤
14402,14402,14402,裆,⿰衤⿱⺌彐,衤
14403,14403,14403,袱,⿰衤⿰亻犬,衤
14404,14404,14404,袿,⿰衤⿱⿱十一⿱十一,衤
14405,14405,14405,袼,⿰衤⿱夂口,衤
14406,14406,14406,裄,⿰衤⿰彳⿱一⿱一亅,衤
14407,14407,14407,袸,⿰衤⿸&CDP-88F1;子,衤
14408,14408,14408,袺,⿰衤⿱⿱十一口,衤
14409,14409,14409,裉,⿰衤艮,衤
14410,14410,14410,袴,⿰衤⿱⿻一人⿱一⿱一㇉,衤
14411,14411,14411,裈,⿰衤⿱冖车,衤
14412,14412,14412,裃,⿰衤⿱⿱⺊一⿱一卜,衤
14413,14413,14413,袶,⿰衤⿱夂㐄,衤
14414,14414,14414,袷,⿰衤⿱⿱人一口,衤
14415,14415,14415,袵,⿰衤⿰亻⿱丿⿱十一,衤
14416,14416,14416,袽,⿰衤⿰女口,衤
14417,14417,14417,裇,⿰衤⿱丿皿,衤
14418,14418,14418,裀,⿰衤⿴囗⿻一人,衤
14419,14419,14419,袾,⿰衤朱,衤
14420,14420,14420,補,⿰衤⿺&CDP-86B7;丶,衤
14421,14421,14421,袻,⿰衤⿱一⿱丿⿵冂⿰丨丨,衤
14422,14422,14422,裎,⿰衤⿱口⿱一⿱十一,衤
14423,14423,14423,裓,⿰衤⿹⿻⿺⿻一乚丶丿⿻一&CDP-8BF5;,衤
14424,14424,14424,裌,⿰衤⿻⿻一人⿰人人,衤
14425,14425,14425,裥,⿰衤⿵门日,衤
14426,14426,14426,裐,⿰衤⿱口月,衤
14427,14427,14427,裤,⿰衤⿸广车,衤
14428,14428,14428,裍,⿰衤⿴囗木,衤
14429,14429,14429,裢,⿰衤⿺辶车,衤
14430,14430,14430,裗,⿰衤⿱⿻一厶⿴⿰丿乚丨,衤
14431,14431,14431,裣,⿰衤⿳⿱人一𭕄一,衤
14432,14432,14432,裡,⿰衤⿱&CDP-8BD9;一,衤
14433,14433,14433,裙,⿰衤⿸⿻&CDP-8BAB;丿口,衤
14434,14434,14434,裞,⿰衤⿱丷⿱口⿰丿乚,衤
14435,14435,14435,裋,⿰衤豆,衤
14436,14436,14436,裑,⿰衤身,衤
14437,14437,14437,裕,⿰衤谷,衤
14438,14438,14438,裖,⿰衤⿸厂⿱⿱一一&CDP-8CC6;,衤
14439,14439,14439,裱,⿰衤⿱龶𧘇,衤
14440,14440,14440,裨,⿰衤⿱&CDP-89BE;十,衤
14441,14441,14441,裯,⿰衤⿵⺆⿱⿱十一口,衤
14442,14442,14442,裧,⿰衤⿱⿱八人⿱八人,衤
14443,14443,14443,裮,⿰衤⿱日日,衤
14444,14444,14444,裭,⿰衤⿸⿸⿱⺊&CDP-88E2;⿻㇀乚几,衤
14445,14445,14445,褚,⿰衤⿸耂日,衤
14446,14446,14446,裰,⿰衤⿱⿰又又⿰又又,衤
14447,14447,14447,裶,⿰衤非,衤
14448,14448,14448,褂,⿰衤⿰⿱⿱十一⿱十一卜,衤
14449,14449,14449,褝,⿰衤⿱丷&CDP-8BD9;,衤
14450,14450,14450,裾,⿰衤⿸尸⿱十口,衤
14451,14451,14451,褃,⿰衤⿱止月,衤
14452,14452,14452,裩,⿰衤⿱日比,衤
14453,14453,14453,裲,⿰衤⿱一&CDP-8C62;,衤
14454,14454,14454,裸,⿰衤⿻日木,衤
14455,14455,14455,裬,⿰衤⿳⿱十一八夂,衤
14456,14456,14456,褄,⿰衤⿱&CDP-89E5;女,衤
14457,14457,14457,褀,⿰衤⿱&CDP-8B72;八,衤
14458,14458,14458,裪,⿰衤⿹勹缶,衤
14459,14459,14459,裼,⿰衤⿱日⿹勹&CDP-89A6;,衤
14460,14460,14460,裷,⿰衤⿱⿱丷⿻⿱一一人㔾,衤
14461,14461,14461,裺,⿰衤⿱⿻一人⿻日乚,衤
14462,14462,14462,裿,⿰衤⿱⿻一人⿹⿱一亅口,衤
14463,14463,14463,褊,⿰衤⿸⿱丶尸⿵冂⿻十丨,衤
14464,14464,14464,褙,⿰衤⿱⿰&CDP-8BC5;⿺乚丿月,衤
14465,14465,14465,褓,⿰衤⿰亻⿱口木,衤
14466,14466,14466,褈,⿰衤重,衤
14467,14467,14467,褋,⿰衤⿱世木,衤
14468,14468,14468,褍,⿰衤⿱山⿱一⿱丿⿵冂⿰丨丨,衤
14469,14469,14469,褡,⿰衤⿱艹⿱⿱人一口,衤
14470,14470,14470,複,⿰衤⿳𠂉日夂,衤
14471,14471,14471,褔,⿰衤⿱⿱一口田,衤
14472,14472,14472,褘,⿰衤⿳𫝀口㐄,衤
14473,14473,14473,褐,⿰衤⿱日⿹勹⿺𠃊人,衤
14474,14474,14474,褌,⿰衤⿱冖車,衤
14475,14475,14475,褛,⿰衤⿱米女,衤
14476,14476,14476,褨,⿰衤⿸⿱⿱丷一&CDP-8BF1;工,衤
14477,14477,14477,褖,⿰衤⿱彑𧰨,衤
14478,14478,14478,褪,⿰衤⿺辶艮,衤
14479,14479,14479,褅,⿰衤⿱&CDP-8BEC;巾,衤
14480,14480,14480,褆,⿰衤⿱日⿱一龰,衤
14481,14481,14481,褉,⿰衤⿱⿰⿻⿱一⿱一一丨⿹𠃌丿⿻一人,衤
14482,14482,14482,裫,⿰衤⿴&CDP-89CD;一,衤
14483,14483,14483,褑,⿰衤⿳⿱丿𭕄一⿸𠂇又,衤
14484,14484,14484,褞,⿰衤⿱日皿,衤
14485,14485,14485,褕,⿰衤⿱⿱人一⿰月刂,衤
14486,14486,14486,褗,⿰衤⿷匚⿱日女,衤
14487,14487,14487,襅,⿰衤⿻&CDP-87C5;一,衤
14488,14488,14488,褫,⿰衤⿸𠂆⿸⿸⿱⺊&CDP-88E2;⿻㇀乚几,衤
14489,14489,14489,褠,⿰衤⿱⿱井一冉,衤
14490,14490,14490,褯,⿰衤⿸广&CDP-8D40;,衤
14491,14491,14491,褲,⿰衤⿸广車,衤
14492,14492,14492,褳,⿰衤⿺辶車,衤
14493,14493,14493,褴,⿰衤⿱⿰⿰丨丨&CDP-89BC;皿,衤
14494,14494,14494,褵,⿰衤⿱⿱⿱丶一⿶凵㐅⿻冂厶,衤
14495,14495,14495,褦,⿰衤⿰⿱厶⿵⺆冫⿱⿺乚丿⿺乚丿,衤
14496,14496,14496,褣,⿰衤⿱宀谷,衤
14497,14497,14497,褥,⿰衤⿱⿸厂⿱⿱一一&CDP-8CC6;寸,衤
14498,14498,14498,褬,⿰衤⿱⿱又⿰又又木,衤
14499,14499,14499,褟,⿰衤⿱日⿰⿹𠃌冫⿹𠃌冫,衤
14500,14500,14500,褤,⿰衤⿱⿱⿱十一口𧘇,衤
14501,14501,14501,襒,⿰衤⿰⿻丷⿻巾八攵,衤
14502,14502,14502,褾,⿰衤⿱⿱一&CDP-86EA;示,衤
14503,14503,14503,褿,⿰衤⿱&CDP-8D61;日,衤
14504,14504,14504,褧,⿱⿰耳⿱八人⿱⿱丶一𧘇,衤
14505,14505,14505,襀,⿰衤⿱龶⿱目八,衤
14506,14506,14506,褸,⿰衤⿱&CDP-89C5;女,衤
14507,14507,14507,襔,⿰衤⿱廿&CDP-8C62;,衤
14508,14508,14508,褷,⿰衤⿰彳⿱止龰,衤
14509,14509,14509,襂,⿰衤⿱⿱⿱厶⿰厶厶人彡,衤
14510,14510,14510,襐,⿰衤⿳𠂊⿴囗丨𧰨,衤
14511,14511,14511,褶,⿰衤⿱⿰⿹𠃌冫⿹𠃌冫白,衤
14512,14512,14512,褹,⿰衤⿰⿱⿱⿱十一⿰丿乚⿱十一⿻九丶,衤
14513,14513,14513,襏,⿰衤⿱⿰&CDP-88D3;&CDP-88D5;⿰弓⿱𠘧又,衤
14514,14514,14514,襊,⿰衤⿱日⿰耳又,衤
14515,14515,14515,襌,⿰衤⿱⿰口口&CDP-8BD9;,衤
14516,14516,14516,襎,⿰衤⿱⿱丿米田,衤
14517,14517,14517,襆,⿰衤⿳⿱&CDP-85F0;一⿱丷一⿻⿱一一人,衤
14518,14518,14518,襇,⿰衤⿵⿰𠁣𠃛日,衤
14519,14519,14519,襉,⿰衤⿵⿰𠁣𠃛月,衤
14520,14520,14520,襋,⿰衤⿰朿朿,衤
14521,14521,14521,襕,⿰衤⿵门柬,衤
14522,14522,14522,襁,⿰衤⿰弓⿱口虫,衤
14523,14523,14523,襓,⿰衤⿱⿱⿱十一⿰⿱十一⿱十一⿱一⿰丿乚,衤
14524,14524,14524,襚,⿰衤⿺辶⿱丷⿱一𧰨,衤
14525,14525,14525,褼,⿰衤⿱⿱⿱一&CDP-86EA;⿻一人巳,衤
14526,14526,14526,襑,⿰衤⿳彐&CDP-8CFA;寸,衤
14527,14527,14527,襈,⿰衤⿱⿰巳巳⿱⿱⿻十丨一八,衤
14528,14528,14528,襍,⿰衤⿱隹木,衤
14529,14529,14529,襖,⿰衤⿱⿵&CDP-8BD6;米⿻一人,衤
14530,14530,14530,襜,⿰衤⿸⿱𠂊厂&CDP-8CC3;,衤
14531,14531,14531,襙,⿰衤⿱⿱口⿰口口木,衤
14532,14532,14532,襠,⿰衤⿱⿱⿱⺌冖口田,衤
14533,14533,14533,襘,⿰衤⿱⿱人一⿱&CDP-8B62;日,衤
14534,14534,14534,襟,⿰衤⿱⿰木木示,衤
14535,14535,14535,襝,⿰衤⿳⿱人一⿰口口⿰人人,衤
14536,14536,14536,襛,⿰衤⿱曲⿸厂⿱⿱一一&CDP-8CC6;,衤
14537,14537,14537,襡,⿰衤⿱罒⿹勹虫,衤
14538,14538,14538,襢,⿰衤⿱⿱⿱丶一⿴囗口⿱日一,衤
14539,14539,14539,襗,⿰衤⿱罒⿱⿱十一⿱丷干,衤
14540,14540,14540,襣,⿰衤⿱自⿱田⿱一&CDP-8BF5;,衤
14541,14541,14541,襥,⿰衤⿰亻⿳⿱&CDP-85F0;一⿱丷一⿻⿱一一人,衤
14542,14542,14542,襬,⿰衤⿱罒⿰⿱厶⿵⺆冫⿱⿺乚丿⿺乚丿,衤
14543,14543,14543,襯,⿰衤⿰⿱⿱&CDP-8BAE;一朩⿱目⿰丿乚,衤
14544,14544,14544,襤,⿰衤⿱⿰臣&CDP-89BC;皿,衤
14545,14545,14545,襦,⿰衤⿱⿱一⿻冂&CDP-8C41;⿱一⿱丿⿵冂⿰丨丨,衤
14546,14546,14546,襨,⿰衤⿰&CDP-8BBD;寸,衤
14547,14547,14547,襪,⿰衤⿱⿱艹罒⿵戊丶,衤
14548,14548,14548,襧,⿰衤⿱一&CDP-88D6;,衤
14549,14549,14549,襮,⿰衤⿱日⿱⿱⿱⿻十丨一八⿻亅&CDP-89AE;,衤
14550,14550,14550,襫,⿰衤⿻⿻一人⿰⿱一白⿱一白,衤
14551,14551,14551,襩,⿰衤⿱⿱十一⿱罒⿱目八,衤
14552,14552,14552,襭,⿰衤⿰⿱⿱十一口頁,衤
14553,14553,14553,襱,⿰衤⿰⿱⿱&CDP-8BAE;一月&CDP-89B0;,衤
14554,14554,14554,襰,⿰衤⿰束⿱𠂊⿱目八,衤
14555,14555,14555,襶,⿰衤⿹⿶⿻⿺⿻一乚丶丿十⿱田⿱⿱⿻十丨一八,衤
14556,14556,14556,襷,⿰衤⿱⿶&CDP-8BA8;&CDP-8BC2;手,衤
14557,14557,14557,襴,⿰衤⿵⿰𠁣𠃛柬,衤
14558,14558,14558,襳,⿰衤⿹⿶⿻⿺⿻一乚丶丿⿰人人⿱非一,衤
14559,14559,14559,襼,⿰衤⿱⿱艹⿰⿱⿱⿱十一⿰丿乚⿱十一⿻九丶⿱⿱一一厶,衤
14560,14560,14560,襺,⿰衤⿱艹&CDP-8DDC;,衤
14561,14561,14561,襵,⿰衤⿱耳⿰耳耳,衤
14562,14562,14562,襻,⿰衤⿱⿱⿲木⿱㐅⿻丿乀木⿻一人手,衤
14563,14563,14563,襹,⿰衤⿱⿰⿱一⿵冂一⿱一⿵冂一⿸&CDP-8D56;比,衤
14564,14564,14564,襸,⿰衤⿱⿰⿱⿰丿土⿰丿乚⿱⿰丿土⿰丿乚⿱目八,衤
14565,14565,14565,襽,⿰衤⿱艹⿵⿰𠁣𠃛柬,衤
14566,14566,14566,甪,⿱丿⿵冂&CDP-8BF1;,用
14567,14567,14567,甩,⿵冂&CDP-8A43;,用
14568,14568,14568,用,⿵冂&CDP-8BF1;,用
14569,14569,14569,甫,⿺&CDP-86B7;丶,用
14570,14570,14570,甬,⿱龴⿵冂&CDP-8BF1;,用
14571,14571,14571,甭,⿱⿱一&CDP-8665;⿵冂&CDP-8BF1;,用
14572,14572,14572,甮,⿱⿹勹&CDP-89A6;⿵冂&CDP-8BF1;,用
14573,14573,14573,甯,⿱⿱宀心⿵冂&CDP-8BF1;,用
14574,14574,14574,玊,⿷⿱一⿱十一丶,玉
14575,14575,14575,玉,⿷⿱一⿱十一丶,玉
14576,14576,14576,玺,⿱⿱𠂊小⿷⿱一⿱十一丶,玉
14577,14577,14577,琞,⿱⿰日月⿷⿱一⿱十一丶,玉
14578,14578,14578,琧,⿱⿳一&CDP-88A1;一⿷⿱一⿱十一丶,玉
14579,14579,14579,瑬,⿱⿰氵⿱⿻一厶⿴⿰丿乚丨⿷⿱一⿱十一丶,玉
14580,14580,14580,瑩,⿱⿱⿰⿱八人⿱八人冖⿷⿱一⿱十一丶,玉
14581,14581,14581,瑿,⿱⿰⿷匚⿱𠂉⿻一人⿱𠘧又⿷⿱一⿱十一丶,玉
14582,14582,14582,璗,⿱⿰氵⿱⿱日一⿹勹&CDP-89A6;⿷⿱一⿱十一丶,玉
14583,14583,14583,璧,⿱⿰⿸尸口⿱⿱&CDP-8BAE;一十⿷⿱一⿱十一丶,玉
14584,14584,14584,璽,⿱⿱一&CDP-88D6;⿷⿱一⿱十一丶,玉
14585,14585,14585,璺,⿱⿶&CDP-8B64;⿵⿵冂一口⿷⿱一⿱十一丶,玉
14586,14586,14586,瓕,⿱⿰弓⿱一&CDP-88D6;⿷⿱一⿱十一丶,玉
14587,14587,14587,耒,⿻一未,耒
14588,14588,14588,耓,⿰⿻一未⿱一亅,耒
14589,14589,14589,耔,⿰⿻一未子,耒
14590,14590,14590,耙,⿰⿻一未巴,耒
14591,14591,14591,耖,⿰⿻一未⿱小丿,耒
14592,14592,14592,耕,⿰⿻一未井,耒
14593,14593,14593,耗,⿰⿻一未⿱丿&CDP-8A43;,耒
14594,14594,14594,耟,⿰⿻一未巨,耒
14595,14595,14595,耘,⿰⿻一未⿱⿱一一厶,耒
14596,14596,14596,耞,⿰⿻一未⿰⿻丿𠃌口,耒
14597,14597,14597,耚,⿰⿻一未皮,耒
14598,14598,14598,耝,⿰⿻一未且,耒
14599,14599,14599,耛,⿰⿻一未⿱厶口,耒
14600,14600,14600,耜,⿰⿻一未㠯,耒
14601,14601,14601,耠,⿰⿻一未⿱⿱人一口,耒
14602,14602,14602,耡,⿰⿻一未⿰且⿻丿𠃌,耒
14603,14603,14603,耢,⿰⿻一未⿱⿱艹冖⿻丿𠃌,耒
14604,14604,14604,耤,⿰⿻一未⿱⿱⿻十丨一日,耒
14605,14605,14605,耣,⿰⿻一未⿱⿱人一⿵冂⿻十丨,耒
14606,14606,14606,耥,⿰⿻一未⿱⺌⿵冂口,耒
14607,14607,14607,耧,⿰⿻一未⿱米女,耒
14608,14608,14608,耦,⿰⿻一未禺,耒
14609,14609,14609,耩,⿰⿻一未⿱⿱井一冉,耒
14610,14610,14610,耨,⿰⿻一未⿱⿸厂⿱⿱一一&CDP-8CC6;寸,耒
14611,14611,14611,耪,⿰⿻一未⿱&CDP-8BEC;⿱⿱丶一&CDP-8B6C;,耒
14612,14612,14612,耬,⿰⿻一未⿱&CDP-89C5;女,耒
14613,14613,14613,耫,⿰⿻一未⿱龶⿱目八,耒
14614,14614,14614,耭,⿰⿻一未⿹&CDP-8BA4;人,耒
14615,14615,14615,耮,⿰⿻一未⿱⿱⿰⿱八人⿱八人冖⿻丿𠃌,耒
14616,14616,14616,耯,⿰⿻一未⿱艹⿱隹又,耒
14617,14617,14617,耰,⿰⿻一未⿱⿱&CDP-8CD4;心夂,耒
14618,14618,14618,耲,⿰⿻一未⿳⿱丶一⿱罒&CDP-8977;𧘇,耒
14619,14619,14619,耱,⿰⿻一未⿸⿸广⿰木木⿸⿱一丿口,耒
14620,14620,14620,艸,⿰⿻凵丨⿻凵丨,艸
14621,14621,14621,芔,⿱⿻凵丨⿰⿻凵丨⿻凵丨,艸
14622,14622,14622,芻,⿱&CDP-8D65;&CDP-8D65;,艸
14623,14623,14623,茻,⿱⿰⿻凵丨⿻凵丨⿰⿻凵丨⿻凵丨,艸
14624,14624,14624,臣,臣,臣
14625,14625,14625,臤,⿰臣又,臣
14626,14626,14626,臥,⿰臣人,臣
14627,14627,14627,臦,⿰&CDP-8AF2;臣,臣
14628,14628,14628,臧,⿵⿰爿⿻⿺⿻一乚丶丿臣,臣
14629,14629,14629,臨,⿰臣⿱𠂉⿱口⿰口口,臣
14630,14630,14630,臩,⿱⿰&CDP-8AF2;臣⿱⿻一人&CDP-8BF5;,臣
14631,14631,14631,虫,虫,虫
14632,14632,14632,虬,⿰虫乚,虫
14633,14633,14633,虯,⿰虫丩,虫
14634,14634,14634,虭,⿰虫⿹𠃌丿,虫
14635,14635,14635,虰,⿰虫⿱一亅,虫
14636,14636,14636,虮,⿰虫几,虫
14637,14637,14637,虱,⿹⺄⿱丿虫,虫
14638,14638,14638,虲,⿰虫卜,虫
14639,14639,14639,虿,⿱⿱一&CDP-8B6C;虫,虫
14640,14640,14640,蚂,⿰虫⿹&CDP-8A77;一,虫
14641,14641,14641,虼,⿰虫⿱𠂉乙,虫
14642,14642,14642,虺,⿺⿱一⿰丿乚虫,虫
14643,14643,14643,虾,⿰虫⿱一卜,虫
14644,14644,14644,虷,⿰虫干,虫
14645,14645,14645,虹,⿰虫工,虫
14646,14646,14646,虳,⿰虫⿹勹丶,虫
14647,14647,14647,虻,⿰虫⿱⿱丶一𠃊,虫
14648,14648,14648,虵,⿰虫也,虫
14649,14649,14649,蚀,⿰饣虫,虫
14650,14650,14650,虽,⿱口虫,虫
14651,14651,14651,蚃,⿱乡虫,虫
14652,14652,14652,虶,⿰虫于,虫
14653,14653,14653,蚁,⿰虫⿶⿻丿乀丶,虫
14654,14654,14654,虴,⿰虫⿱丿⿻㇀乚,虫
14655,14655,14655,蚤,⿱⿴又丶虫,虫
14656,14656,14656,虸,⿰虫子,虫
14657,14657,14657,蚞,⿰虫木,虫
14658,14658,14658,蚌,⿰虫⿻⿱一⿱一一丨,虫
14659,14659,14659,蚆,⿰虫巴,虫
14660,14660,14660,蚩,⿱⿱⿻凵丨一虫,虫
14661,14661,14661,蚇,⿰虫尺,虫
14662,14662,14662,蚕,⿱⿱一⿻一人虫,虫
14663,14663,14663,蚪,⿰虫斗,虫
14664,14664,14664,蚠,⿱⿱八⿹𠃌丿虫,虫
14665,14665,14665,蚡,⿰虫⿱八⿹𠃌丿,虫
14666,14666,14666,蚥,⿰虫⿱八⿻丿乀,虫
14667,14667,14667,蚨,⿰虫⿻⿱一一人,虫
14668,14668,14668,蚄,⿰虫⿱⿱丶一&CDP-8B6C;,虫
14669,14669,14669,蚣,⿰虫⿱八厶,虫
14670,14670,14670,蚘,⿰虫⿺尢丶,虫
14671,14671,14671,蚢,⿰虫⿱⿱丶一几,虫
14672,14672,14672,蚝,⿰虫⿱丿&CDP-8A43;,虫
14673,14673,14673,蚧,⿰虫⿱人&CDP-8BF5;,虫
14674,14674,14674,蚗,⿰虫⿻𠃍⿻一人,虫
14675,14675,14675,蚷,⿰虫巨,虫
14676,14676,14676,蚐,⿰虫⿹勹冫,虫
14677,14677,14677,蚍,⿰虫比,虫
14678,14678,14678,蚈,⿰虫⿱一⿻一&CDP-8BF5;,虫
14679,14679,14679,蚑,⿰虫⿱十又,虫
14680,14680,14680,蚔,⿰虫氏,虫
14681,14681,14681,蚚,⿰虫⿸𠂆⿱一丨,虫
14682,14682,14682,蚙,⿰虫⿱⿱人丶㇇,虫
14683,14683,14683,蚋,⿰虫⿻冂人,虫
14684,14684,14684,蚦,⿰虫⿻冂⿱一一,虫
14685,14685,14685,蚒,⿰虫丹,虫
14686,14686,14686,蚟,⿰虫⿱一⿱十一,虫
14687,14687,14687,蚉,⿱⿱⿱丶一⿻丿乀虫,虫
14688,14688,14688,蚊,⿰虫⿱⿱丶一⿻丿乀,虫
14689,14689,14689,蚬,⿰虫见,虫
14690,14690,14690,蚖,⿰虫⿱一⿱一⿰丿乚,虫
14691,14691,14691,蚎,⿰虫日,虫
14692,14692,14692,蚏,⿰虫月,虫
14693,14693,14693,蚜,⿰虫牙,虫
14694,14694,14694,蚓,⿰虫⿰弓丨,虫
14695,14695,14695,蚛,⿰虫⿻口丨,虫
14696,14696,14696,蚅,⿰虫⿸厂㔾,虫
14697,14697,14697,蛂,⿰虫⿺⿸𠂇又丶,虫
14698,14698,14698,蚱,⿰虫乍,虫
14699,14699,14699,蚫,⿰虫⿹勹巳,虫
14700,14700,14700,蛃,⿰虫⿱一⿻冂人,虫
14701,14701,14701,蚳,⿰虫⿱氏丶,虫
14702,14702,14702,蛏,⿰虫⿱又⿱十一,虫
14703,14703,14703,蛁,⿰虫⿱⿹𠃌丿口,虫
14704,14704,14704,蚮,⿰虫⿰亻⿺⿻一乚丶,虫
14705,14705,14705,蛋,⿱疋虫,虫
14706,14706,14706,蚹,⿰虫⿰亻寸,虫
14707,14707,14707,蚼,⿰虫⿹勹口,虫
14708,14708,14708,蛊,⿱虫皿,虫
14709,14709,14709,蛄,⿰虫⿱十口,虫
14710,14710,14710,蚶,⿰虫甘,虫
14711,14711,14711,蛆,⿰虫且,虫
14712,14712,14712,蚵,⿰虫⿹⿱一亅口,虫
14713,14713,14713,蚸,⿰虫⿻⿸𠂆⿱一丨丶,虫
14714,14714,14714,蛎,⿰虫⿸厂⿱一&CDP-8B6C;,虫
14715,14715,14715,蛉,⿰虫⿱⿱人丶龴,虫
14716,14716,14716,蚭,⿰虫⿸尸⿺乚丿,虫
14717,14717,14717,蚾,⿰虫皮,虫
14718,14718,14718,蚽,⿰虫⿱⿱一&CDP-8665;一,虫
14719,14719,14719,蚲,⿰虫⿻干丷,虫
14720,14720,14720,蚯,⿰虫丘,虫
14721,14721,14721,蚺,⿰虫冉,虫
14722,14722,14722,蛇,⿰虫⿱宀⿺乚丿,虫
14723,14723,14723,蛈,⿰虫⿰丿⿻⿱一一人,虫
14724,14724,14724,蛌,⿰虫瓜,虫
14725,14725,14725,蚿,⿰虫⿱⿱丶一⿰&CDP-895C;丶,虫
14726,14726,14726,蛍,⿳𭕄冖虫,虫
14727,14727,14727,蚴,⿰虫⿰⿰&CDP-895C;丶⿻丿𠃌,虫
14728,14728,14728,蚰,⿰虫由,虫
14729,14729,14729,蚻,⿱⿰木乚虫,虫
14730,14730,14730,蛀,⿰虫⿱⿱丶一⿱十一,虫
14731,14731,14731,蛅,⿰虫⿱⺊口,虫
14732,14732,14732,蛩,⿱⿰工⿵几丶虫,虫
14733,14733,14733,蛬,⿱⿱⿱⿻十丨一八虫,虫
14734,14734,14734,蛓,⿹⿶⿻⿺⿻一乚丶丿十虫,虫
14735,14735,14735,蜑,⿱⿺廴⿱丿&CDP-8960;虫,虫
14736,14736,14736,蛗,⿱⿱丿㠯虫,虫
14737,14737,14737,蛫,⿰虫⿸⿱𠂊厂㔾,虫
14738,14738,14738,蛒,⿰虫⿱夂口,虫
14739,14739,14739,蛤,⿰虫⿱⿱人一口,虫
14740,14740,14740,蛔,⿰虫⿴囗口,虫
14741,14741,14741,蛕,⿰虫⿸𠂇月,虫
14742,14742,14742,蛱,⿰虫⿻⿻⿱一一人丷,虫
14743,14743,14743,蛣,⿰虫⿱⿱十一口,虫
14744,14744,14744,蛟,⿰虫⿱⿱丶一⿱八⿻丿乀,虫
14745,14745,14745,蛞,⿰虫⿱⿱丿十口,虫
14746,14746,14746,蛚,⿰虫⿰⿱一⿴𠂊丶刂,虫
14747,14747,14747,蛠,⿰虫⿱⿻丿𠃌⿰⿻丿𠃌⿻丿𠃌,虫
14748,14748,14748,蛯,⿰虫⿸耂⿺乚丿,虫
14749,14749,14749,蛮,⿱⿱⿱丶一&CDP-8CB5;虫,虫
14750,14750,14750,蛨,⿰虫⿱一白,虫
14751,14751,14751,蛑,⿰虫⿱厶牛,虫
14752,14752,14752,蛲,⿰虫⿱⿻⿻一乚丿⿱一⿰丿乚,虫
14753,14753,14753,蛢,⿰虫⿱丷⿱一⿻一&CDP-8BF5;,虫
14754,14754,14754,蛪,⿱⿰⿻⿱一⿱一一丨⿹𠃌丿虫,虫
14755,14755,14755,蛴,⿰虫⿱⿱⿱丶一⿻丿乀&CDP-8BF5;,虫
14756,14756,14756,蛐,⿰虫曲,虫
14757,14757,14757,蛥,⿰虫⿱⿴𠂊丶⿴𠂊丶,虫
14758,14758,14758,蛳,⿰虫⿰&CDP-8968;⿱一巾,虫
14759,14759,14759,蜓,⿰虫⿺廴⿱丿⿱十一,虫
14760,14760,14760,蛙,⿰虫⿱⿱十一⿱十一,虫
14761,14761,14761,蛧,⿰虫⿵冂⿰㐅㐅,虫
14762,14762,14762,蛝,⿰虫艮,虫
14763,14763,14763,蛽,⿰虫⿱目八,虫
14764,14764,14764,蜒,⿰虫⿺廴⿱丿&CDP-8960;,虫
14765,14765,14765,蛘,⿰虫⿱⿱丷一&CDP-8BF1;,虫
14766,14766,14766,蛡,⿰虫⿰⿹𠃌冫⿹𠃌冫,虫
14767,14767,14767,蛦,⿰虫⿻⿻一人弓,虫
14768,14768,14768,蛜,⿰虫⿰亻⿻&CDP-8BAB;丿,虫
14769,14769,14769,蛰,⿱⿰扌⿻九丶虫,虫
14770,14770,14770,蛭,⿰虫⿱⿱一厶⿱十一,虫
14771,14771,14771,蛛,⿰虫朱,虫
14772,14772,14772,蜌,⿰虫⿱比⿱十一,虫
14773,14773,14773,蜍,⿰虫⿱⿱人一朩,虫
14774,14774,14774,蛼,⿰虫車,虫
14775,14775,14775,蜔,⿰虫⿹勹田,虫
14776,14776,14776,蜉,⿰虫⿱⿱丿𭕄子,虫
14777,14777,14777,蜂,⿰虫⿱夂⿻⿱一⿱一一丨,虫
14778,14778,14778,蜅,⿰虫⿺&CDP-86B7;丶,虫
14779,14779,14779,蜖,⿰虫⿴囗&CDP-89CC;,虫
14780,14780,14780,蛿,⿰虫⿱⿱⿱人丶㇇口,虫
14781,14781,14781,蛺,⿰虫⿻⿻一人⿰人人,虫
14782,14782,14782,蛶,⿰虫⿱⿱丿𭕄寸,虫
14783,14783,14783,蜐,⿰虫⿰⿱⿱十一厶⿻丿𠃌,虫
14784,14784,14784,蝍,⿰虫⿰&CDP-8B7C;卩,虫
14785,14785,14785,蜋,⿰虫⿱丶艮,虫
14786,14786,14786,蜊,⿰虫⿰⿱丿木刂,虫
14787,14787,14787,蛖,⿰虫⿷⿺尢丶彡,虫
14788,14788,14788,蛷,⿰虫⿺&CDP-85DC;丶,虫
14789,14789,14789,蜣,⿰虫⿸⿱⿱丷一&CDP-8BF1;乚,虫
14790,14790,14790,蜹,⿰虫⿱艹⿻冂人,虫
14791,14791,14791,蜃,⿸⿸厂⿱⿱一一&CDP-8CC6;虫,虫
14792,14792,14792,蜄,⿰虫⿸厂⿱⿱一一&CDP-8CC6;,虫
14793,14793,14793,蛸,⿰虫⿱⺌月,虫
14794,14794,14794,蜀,⿱罒⿹勹虫,虫
14795,14795,14795,蛻,⿰虫⿱八⿱口⿰丿乚,虫
14796,14796,14796,蜕,⿰虫⿱丷⿱口⿰丿乚,虫
14797,14797,14797,蜈,⿰虫⿱口⿱一⿻一人,虫
14798,14798,14798,蜗,⿰虫⿱口⿻冂人,虫
14799,14799,14799,蜆,⿰虫⿱目⿰丿乚,虫
14800,14800,14800,蜁,⿰虫⿱𠂉疋,虫
14801,14801,14801,蛵,⿰虫⿳一⿲𡿨𡿨𡿨工,虫
14802,14802,14802,蜎,⿰虫⿱口月,虫
14803,14803,14803,蛹,⿰虫⿱龴⿵冂&CDP-8BF1;,虫
14804,14804,14804,蜏,⿰虫⿱⿱丿木⿹𠄎丿,虫
14805,14805,14805,蜇,⿱⿰扌⿸𠂆⿱一丨虫,虫
14806,14806,14806,蛾,⿰虫我,虫
14807,14807,14807,蜯,⿰虫⿱⿻⿱一⿱一一人&CDP-8BF1;,虫
14808,14808,14808,蝂,⿰虫⿰片⿸𠂆又,虫
14809,14809,14809,蝉,⿰虫⿱丷&CDP-8BD9;,虫
14810,14810,14810,蝅,⿱⿰⿱一⿻一人⿱一⿻一人虫,虫
14811,14811,14811,蜨,⿰虫疌,虫
14812,14812,14812,蝃,⿰虫⿱⿰又又⿰又又,虫
14813,14813,14813,蝀,⿰虫東,虫
14814,14814,14814,蜳,⿰虫⿳⿱丶一口子,虫
14815,14815,14815,蜰,⿱⿰月巴虫,虫
14816,14816,14816,蜚,⿱非虫,虫
14817,14817,14817,蝈,⿰虫⿴囗⿷⿱一⿱十一丶,虫
14818,14818,14818,蜾,⿰虫⿻日木,虫
14819,14819,14819,蜭,⿰虫⿱勹臼,虫
14820,14820,14820,蜬,⿰虫⿶凵⿻⿱乛亅&CDP-89AE;,虫
14821,14821,14821,蜠,⿰虫⿴囗⿱丿木,虫
14822,14822,14822,蜛,⿰虫⿸尸⿱十口,虫
14823,14823,14823,蜫,⿰虫⿱日比,虫
14824,14824,14824,蝩,⿰虫重,虫
14825,14825,14825,蜽,⿰虫⿱一&CDP-8C62;,虫
14826,14826,14826,蝋,⿰虫⿱𭕄⿵几&CDP-8BF1;,虫
14827,14827,14827,蜡,⿰虫⿱⿱⿻十丨一日,虫
14828,14828,14828,螂,⿰虫⿰&CDP-8C42;阝,虫
14829,14829,14829,蜧,⿰虫⿸⿱丶尸犬,虫
14830,14830,14830,蜦,⿰虫⿱⿱人一⿵冂⿻十丨,虫
14831,14831,14831,蜜,⿱⿱宀⿻心丿虫,虫
14832,14832,14832,蜢,⿰虫⿱子皿,虫
14833,14833,14833,蜺,⿰虫⿱臼⿰丿乚,虫
14834,14834,14834,蜱,⿰虫⿱&CDP-89BE;十,虫
14835,14835,14835,蜸,⿱⿰臣又虫,虫
14836,14836,14836,蜷,⿰虫⿱⿱丷⿻⿱一一人㔾,虫
14837,14837,14837,蜝,⿱⿱&CDP-8B72;八虫,虫
14838,14838,14838,蜞,⿰虫⿱&CDP-8B72;八,虫
14839,14839,14839,蜻,⿰虫⿱龶月,虫
14840,14840,14840,蝕,⿰⿱人&CDP-8C42;虫,虫
14841,14841,14841,蜶,⿰虫⿱⿱⿱丶一⿰人人十,虫
14842,14842,14842,蜤,⿱⿰木⿸𠂆⿱一丨虫,虫
14843,14843,14843,蜩,⿰虫⿵⺆⿱⿱十一口,虫
14844,14844,14844,蜪,⿰虫⿹勹缶,虫
14845,14845,14845,蝊,⿰虫⿱宀⿱一龰,虫
14846,14846,14846,蜼,⿰虫隹,虫
14847,14847,14847,蜿,⿰虫⿱宀⿰⿴𠂊丶㔾,虫
14848,14848,14848,蜲,⿰虫⿱⿱丿木女,虫
14849,14849,14849,蝸,⿰虫⿵⿱⿵冂𠃍冂口,虫
14850,14850,14850,蝄,⿰虫⿵冂⿱⿱丷一⿱⿱丶一𠃊,虫
14851,14851,14851,蜥,⿰虫⿰木⿸𠂆⿱一丨,虫
14852,14852,14852,蜴,⿰虫⿱日⿹勹&CDP-89A6;,虫
14853,14853,14853,蝇,⿰虫⿱口⿻日乚,虫
14854,14854,14854,蜟,⿰虫⿱⿻一厶月,虫
14855,14855,14855,蜮,⿰虫⿹⿻⿺⿻一乚丶丿⿱口一,虫
14856,14856,14856,蝧,⿰虫⿱艹央,虫
14857,14857,14857,蝆,⿰虫⿱艹&CDP-8BF1;,虫
14858,14858,14858,蜘,⿰虫⿰⿱𠂉⿻一人口,虫
14859,14859,14859,蜙,⿰虫⿰木⿱八厶,虫
14860,14860,14860,蝫,⿰虫⿸耂日,虫
14861,14861,14861,蝁,⿱⿳一&CDP-88A1;一虫,虫
14862,14862,14862,蝙,⿰虫⿸⿱丶尸⿵冂⿻十丨,虫
14863,14863,14863,螁,⿰虫⿺辶艮,虫
14864,14864,14864,蝽,⿰虫⿱⿻⿱一⿱一一人日,虫
14865,14865,14865,螆,⿰虫⿱⿱丷一⿰⿰&CDP-895C;丶⿰&CDP-895C;丶,虫
14866,14866,14866,蝶,⿰虫⿱世木,虫
14867,14867,14867,蝳,⿰虫⿱龶母,虫
14868,14868,14868,蝭,⿰虫⿱日⿱一龰,虫
14869,14869,14869,蝜,⿰虫⿱𠂊⿱目八,虫
14870,14870,14870,蝮,⿰虫⿳𠂉日夂,虫
14871,14871,14871,蝠,⿰虫⿱⿱一口田,虫
14872,14872,14872,螝,⿰虫⿱⿱丿田⿺⿰丿乚厶,虫
14873,14873,14873,螖,⿰虫⿱&CDP-89A9;月,虫
14874,14874,14874,蝗,⿰虫⿱白⿱一⿱十一,虫
14875,14875,14875,蝴,⿰虫⿰⿱十口月,虫
14876,14876,14876,螀,⿱⿰丬⿱⿴𠂊丶寸虫,虫
14877,14877,14877,蝔,⿰虫⿱比白,虫
14878,14878,14878,蝰,⿰虫⿱⿻一人⿱⿱十一⿱十一,虫
14879,14879,14879,蝌,⿰虫⿰⿱丿木斗,虫
14880,14880,14880,蝲,⿰虫⿰束刂,虫
14881,14881,14881,蝷,⿰虫⿸广⿱⿱丷一⿻凵丨,虫
14882,14882,14882,蝼,⿰虫⿱米女,虫
14883,14883,14883,蝒,⿰虫⿱⿱一丿⿴囗&CDP-89CC;,虫
14884,14884,14884,蝐,⿰虫⿱⿵冂⿱一一目,虫
14885,14885,14885,蝥,⿱⿰⿱龴⿹⿱乛亅丿攵虫,虫
14886,14886,14886,蝞,⿰虫⿸𠃜目,虫
14887,14887,14887,蝱,⿱⿱⿱丶一𠃊⿰虫虫,虫
14888,14888,14888,蝻,⿰虫⿱十&CDP-8BDC;,虫
14889,14889,14889,蝤,⿰虫⿱丷酉,虫
14890,14890,14890,蝵,⿱⿰⿱丿木⿱八人虫,虫
14891,14891,14891,蝺,⿰虫禹,虫
14892,14892,14892,蝾,⿰虫⿱艹⿱冖木,虫
14893,14893,14893,蝚,⿰虫⿱⿱龴⿹⿱乛亅丿木,虫
14894,14894,14894,蝡,⿰虫⿱⿱一⿱丿⿵冂⿰丨丨⿻一人,虫
14895,14895,14895,蝨,⿱⿹⺄十⿰虫虫,虫
14896,14896,14896,螋,⿰虫⿱&CDP-884F;又,虫
14897,14897,14897,蝏,⿰虫⿱&CDP-8C4D;⿱一亅,虫
14898,14898,14898,蝪,⿰虫⿱⿱日一⿹勹&CDP-89A6;,虫
14899,14899,14899,蝟,⿰虫⿱田月,虫
14900,14900,14900,蝛,⿰虫⿵⿵戊一女,虫
14901,14901,14901,蝢,⿰虫頁,虫
14902,14902,14902,蝦,⿰虫⿰&CDP-8C7A;&CDP-8C79;,虫
14903,14903,14903,蝎,⿰虫⿱日⿹勹⿺𠃊人,虫
14904,14904,14904,蝖,⿰虫⿱宀⿱一⿱日一,虫
14905,14905,14905,蝑,⿰虫⿱疋月,虫
14906,14906,14906,蝝,⿰虫⿱彑𧰨,虫
14907,14907,14907,蝯,⿰虫⿳⿱丿𭕄一⿸𠂇又,虫
14908,14908,14908,蜵,⿰虫⿴&CDP-89CD;一,虫
14909,14909,14909,蝿,⿰虫&CDP-89BD;,虫
14910,14910,14910,蝣,⿰虫⿰⿱⿱丶一&CDP-8B6C;⿱𠂉子,虫
14911,14911,14911,蝓,⿰虫⿱⿱人一⿰月刂,虫
14912,14912,14912,蝹,⿰虫⿱日皿,虫
14913,14913,14913,蝘,⿰虫⿷匚⿱日女,虫
14914,14914,14914,螐,⿰虫⿹&CDP-89DF;灬,虫
14915,14915,14915,蝬,⿰虫⿳⿶凵㐅八夂,虫
14916,14916,14916,螌,⿱⿰舟⿱𠘧又虫,虫
14917,14917,14917,螕,⿰虫⿱⿴⿱丿囗㐅比,虫
14918,14918,14918,螴,⿱⿰阝東虫,虫
14919,14919,14919,螭,⿰虫⿱⿱⿱丶一⿶凵㐅⿻冂厶,虫
14920,14920,14920,螥,⿰虫⿱⿱人丶⿸&CDP-89CE;口,虫
14921,14921,14921,螙,⿱木⿰虫虫,虫
14922,14922,14922,螩,⿰虫⿰&CDP-8B7A;⿱夂朩,虫
14923,14923,14923,螒,⿰⿱十⿱日十⿱人虫,虫
14924,14924,14924,螛,⿰虫⿱⿱宀⿻⿱一⿱一一丨口,虫
14925,14925,14925,螜,⿱⿰⿱⿱⿱十一冖一⿱𠘧又虫,虫
14926,14926,14926,螏,⿰虫⿸疒⿱𠂉⿻一人,虫
14927,14927,14927,螊,⿰虫⿱⿱丷一&CDP-8CDE;,虫
14928,14928,14928,蟆,⿰虫⿱艹⿱日⿻一人,虫
14929,14929,14929,螟,⿰虫⿱冖⿱日⿱⿱丶一八,虫
14930,14930,14930,螞,⿰虫⿹&CDP-896A;灬,虫
14931,14931,14931,螨,⿰虫⿱艹⿱一&CDP-854B;,虫
14932,14932,14932,蟒,⿰虫⿱⿱艹犬⿻一&CDP-8BF5;,虫
14933,14933,14933,蟇,⿱⿱艹⿱日⿻一人虫,虫
14934,14934,14934,螚,⿱⿰⿱厶⿵⺆冫⿱⿺乚丿⿺乚丿虫,虫
14935,14935,14935,螃,⿰虫⿱&CDP-8BEC;⿱⿱丶一&CDP-8B6C;,虫
14936,14936,14936,螧,⿰虫⿱⿸耂⿺乚丿日,虫
14937,14937,14937,螓,⿰虫⿱⿻⿱一⿱一一人⿱丿木,虫
14938,14938,14938,螶,⿱巨⿰虫虫,虫
14939,14939,14939,融,⿰⿳一口⿵⿵冂⿰丿乚⿱一丨虫,虫
14940,14940,14940,螎,⿰虫⿳一口⿵⿵冂⿰丿乚⿱一丨,虫
14941,14941,14941,螦,⿰虫⿱龶⿱⿰&CDP-895C;丶小,虫
14942,14942,14942,螄,⿰虫⿰⿱丿㠯⿱一巾,虫
14943,14943,14943,螗,⿰虫⿸广&CDP-8CC1;,虫
14944,14944,14944,螣,⿰月⿱⿱丷⿻⿱一一人虫,虫
14945,14945,14945,螡,⿱⿱⿱丶一⿻丿乀⿰虫虫,虫
14946,14946,14946,螉,⿰虫⿱⿱八厶⿰⿹𠃌冫⿹𠃌冫,虫
14947,14947,14947,螑,⿰虫⿱自犬,虫
14948,14948,14948,螅,⿰虫⿱自心,虫
14949,14949,14949,螇,⿰虫⿱⿱丿𭕄⿱⿰&CDP-895C;丶⿻一人,虫
14950,14950,14950,螈,⿰虫⿸厂&CDP-8BC4;,虫
14951,14951,14951,螠,⿰虫⿱&CDP-8CF0;皿,虫
14952,14952,14952,螔,⿰虫⿸𠂆⿸⿸⿱⺊&CDP-88E2;⿻㇀乚几,虫
14953,14953,14953,螢,⿱⿱⿰⿱八人⿱八人冖虫,虫
14954,14954,14954,螷,⿱⿸广⿱&CDP-89BE;十虫,虫
14955,14955,14955,螘,⿰虫⿱山豆,虫
14956,14956,14956,螤,⿰⿱⿱⿱丶一⿻丿乀虫⿻日人,虫
14957,14957,14957,螯,⿱⿰⿱龶&CDP-8B6C;攵虫,虫
14958,14958,14958,蟞,⿱⿰⿻丷⿻巾八攵虫,虫
14959,14959,14959,螹,⿰虫⿰車⿸𠂆⿱一丨,虫
14960,14960,14960,蟐,⿰虫⿱⿱⿱⺌冖口巾,虫
14961,14961,14961,螬,⿰虫⿱&CDP-8D61;日,虫
14962,14962,14962,蟌,⿰虫⿱⿴⿱丿囗夂心,虫
14963,14963,14963,螲,⿰虫⿱⿱宀八⿱⿱一厶⿱十一,虫
14964,14964,14964,螮,⿰虫⿳&CDP-8C4B;冖巾,虫
14965,14965,14965,蟈,⿰虫⿴囗⿹⿻⿺⿻一乚丶丿⿱口一,虫
14966,14966,14966,蟥,⿰虫⿳⿱⿻十丨一由八,虫
14967,14967,14967,螿,⿱⿰爿&CDP-8BC3;虫,虫
14968,14968,14968,蟉,⿰虫⿱⿰⿹𠃌冫⿹𠃌冫⿱人彡,虫
14969,14969,14969,螺,⿰虫⿱田⿱⿰&CDP-895C;丶小,虫
14970,14970,14970,蟍,⿰虫⿱⿰⿱丿木刂木,虫
14971,14971,14971,螻,⿰虫⿱&CDP-89C5;女,虫
14972,14972,14972,螰,⿰虫⿸&CDP-8D56;比,虫
14973,14973,14973,蟊,⿱⿱龴⿹⿱乛亅丿⿰虫虫,虫
14974,14974,14974,蟎,⿰虫⿱廿&CDP-8C62;,虫
14975,14975,14975,蠎,⿰虫⿱艹⿱⿻一人⿱十⿻一&CDP-8BF5;,虫
14976,14976,14976,螵,⿰虫⿱⿱一&CDP-86EA;示,虫
14977,14977,14977,蟝,⿰虫⿱⿰氵巨木,虫
14978,14978,14978,螼,⿰虫⿱廿&CDP-8A6D;,虫
14979,14979,14979,蟀,⿰虫⿱⿻⿱⿱丶一⿰&CDP-895C;丶&CDP-89AE;十,虫
14980,14980,14980,螫,⿱⿰⿱⿱十一&CDP-8CB5;攵虫,虫
14981,14981,14981,蟤,⿰虫⿱⿰巳巳⿱⿱⿻十丨一八,虫
14982,14982,14982,螪,⿰虫⿱&CDP-8BAE;⿵冂⿱八口,虫
14983,14983,14983,螳,⿰虫⿱⿱⿱⺌冖口⿱十一,虫
14984,14984,14984,蟃,⿰虫⿳日罒又,虫
14985,14985,14985,螱,⿱⿰⿸尸示寸虫,虫
14986,14986,14986,蟁,⿱民⿰虫虫,虫
14987,14987,14987,蟓,⿰虫⿳𠂊⿴囗丨𧰨,虫
14988,14988,14988,蟂,⿰虫⿹&CDP-8CBB;木,虫
14989,14989,14989,蟏,⿰虫⿱艹肃,虫
14990,14990,14990,蠁,⿱⿰乡⿰&CDP-8C42;阝虫,虫
14991,14991,14991,蟋,⿰虫⿱⿱丿米心,虫
14992,14992,14992,螸,⿱⿰谷欠虫,虫
14993,14993,14993,螾,⿰虫⿱宀&CDP-8CE6;,虫
14994,14994,14994,蟅,⿰虫⿸广⿱廿灬,虫
14995,14995,14995,蟄,⿱⿰⿱⿱十一⿱丷干⿻九丶虫,虫
14996,14996,14996,蟑,⿰虫⿱⿱&CDP-8BAE;一⿱日十,虫
14997,14997,14997,螽,⿱⿱夂⿱丶丶⿰虫虫,虫
14998,14998,14998,蟵,⿰虫⿸厂⿰豆寸,虫
14999,14999,14999,蠆,⿱⿱艹禺虫,虫
15000,15000,15000,蟬,⿰虫⿱⿰口口&CDP-8BD9;,虫
15001,15001,15001,蟲,⿱虫⿰虫虫,虫
15002,15002,15002,蟽,⿰虫⿺辶⿱⿱十一⿱⿱丷一&CDP-8BF1;,虫
15003,15003,15003,蟦,⿰虫⿱⿱十⿻一&CDP-8BF5;⿱目八,虫
15004,15004,15004,蟡,⿰虫爲,虫
15005,15005,15005,蟪,⿰虫⿱&CDP-8BD0;心,虫
15006,15006,15006,蟭,⿰虫⿱隹灬,虫
15007,15007,15007,蟜,⿰虫⿱⿱⿱丿⿻一人口⿵冂口,虫
15008,15008,15008,蟨,⿸⿸厂⿰⿱⿱丷一⿻凵丨欠虫,虫
15009,15009,15009,蟩,⿰虫⿸厂⿰⿱⿱丷一⿻凵丨欠,虫
15010,15010,15010,蟣,⿰虫⿹&CDP-8BA4;人,虫
15011,15011,15011,蟼,⿱⿰⿱艹⿹勹口攵虫,虫
15012,15012,15012,蟟,⿰虫⿱⿱⿻⿻一人丷日小,虫
15013,15013,15013,蟧,⿰虫⿱⿱⿰⿱八人⿱八人冖⿻丿𠃌,虫
15014,15014,15014,蠇,⿰虫⿱艹禺,虫
15015,15015,15015,蟔,⿰虫⿱&CDP-88D4;灬,虫
15016,15016,15016,蟯,⿰虫⿱⿱⿱十一⿰⿱十一⿱十一⿱一⿰丿乚,虫
15017,15017,15017,蟠,⿰虫⿱⿱丿米田,虫
15018,15018,15018,蟚,⿱⿰⿱十豆彡虫,虫
15019,15019,15019,蟛,⿰虫⿰⿱十豆彡,虫
15020,15020,15020,蟗,⿱⿳&CDP-8DDD;冖⿱⿻凵丨凵虫,虫
15021,15021,15021,蠄,⿰虫⿱人⿱⿱⿱丶一⿶凵㐅⿻冂厶,虫
15022,15022,15022,蟮,⿰虫⿱⿱⿱⿱丷一&CDP-8BF1;⿱丷一口,虫
15023,15023,15023,蠂,⿰虫⿱艹⿱世木,虫
15024,15024,15024,蟖,⿰虫⿰⿱&CDP-8B72;八⿸𠂆⿱一丨,虫
15025,15025,15025,蟴,⿱⿰⿱&CDP-8B72;八⿸𠂆⿱一丨虫,虫
15026,15026,15026,蟘,⿰虫⿱⿰亻⿺⿻一乚丶⿱目八,虫
15027,15027,15027,蟱,⿰虫⿱&CDP-8BBE;灬,虫
15028,15028,15028,蟳,⿰虫⿳彐&CDP-8CFA;寸,虫
15029,15029,15029,蟢,⿰虫⿱⿱十豆口,虫
15030,15030,15030,蟫,⿰虫⿱⿱一&CDP-86EA;⿱日十,虫
15031,15031,15031,蠅,⿰虫黽,虫
15032,15032,15032,蟙,⿰虫⿹&CDP-88A7;日,虫
15033,15033,15033,蟾,⿰虫⿸⿱𠂊厂&CDP-8CC3;,虫
15034,15034,15034,蟶,⿰虫⿱⿰耳口⿱一⿱十一,虫
15035,15035,15035,蠀,⿰虫⿱⿰冫欠⿱目八,虫
15036,15036,15036,蟷,⿰虫⿱⿱⿱⺌冖口田,虫
15037,15037,15037,蠖,⿰虫⿱艹⿱隹又,虫
15038,15038,15038,蠉,⿰虫⿳罒⿱一口𧘇,虫
15039,15039,15039,蠙,⿰虫⿱&CDP-8D74;⿱目八,虫
15040,15040,15040,蠞,⿱⿱竹⿰&CDP-8B7C;卩虫,虫
15041,15041,15041,蠊,⿰虫⿸广⿱⿱丷一&CDP-8CDE;,虫
15042,15042,15042,蠃,⿱⿱⿱⿱丶一𠃊口⿲月虫⿵几丶,虫
15043,15043,15043,蟸,⿱⿱一𧰨⿰虫虫,虫
15044,15044,15044,蠓,⿰虫⿱艹⿳冖一⿱一𧰨,虫
15045,15045,15045,蟿,⿱⿰⿱車凵⿱𠘧又虫,虫
15046,15046,15046,蟺,⿰虫⿱⿱⿱丶一⿴囗口⿱日一,虫
15047,15047,15047,蟹,⿱⿰角⿱⿹𠃌丿牛虫,虫
15048,15048,15048,蠏,⿰虫⿰角⿱⿹𠃌丿牛,虫
15049,15049,15049,蟰,⿰虫肅,虫
15050,15050,15050,蠍,⿰虫⿰⿱日⿹勹⿺𠃊人欠,虫
15051,15051,15051,蟻,⿰虫⿱⿱⿱丷一⿱十一我,虫
15052,15052,15052,蠋,⿰虫⿱罒⿹勹虫,虫
15053,15053,15053,蟕,⿰虫⿱⿰止⿺乚丿角,虫
15054,15054,15054,蠌,⿰虫⿱罒⿱⿱十一⿱丷干,虫
15055,15055,15055,蠈,⿱⿰⿱目八⿹⿻⿺⿻一乚丶丿𠂇虫,虫
15056,15056,15056,蠔,⿰虫⿱&CDP-8C4D;⿱一𧰨,虫
15057,15057,15057,蠚,⿱⿱艹⿸𠂇口⿰虫虫,虫
15058,15058,15058,蠘,⿰虫⿹⿶⿻⿺⿻一乚丶丿十隹,虫
15059,15059,15059,蠒,⿱⿱一&CDP-88D6;虫,虫
15060,15060,15060,蠣,⿰虫⿸厂⿱艹禺,虫
15061,15061,15061,蠛,⿰虫⿱⿱艹罒⿵戊丶,虫
15062,15062,15062,蠐,⿰虫⿱&CDP-8DEB;&CDP-89C6;,虫
15063,15063,15063,蠑,⿰虫⿱⿱⿰⿱八人⿱八人冖木,虫
15064,15064,15064,蠕,⿰虫⿱⿱一⿻冂&CDP-8C41;⿱一⿱丿⿵冂⿰丨丨,虫
15065,15065,15065,蠗,⿰虫⿱⿰⿹𠃌冫⿹𠃌冫隹,虫
15066,15066,15066,蠢,⿱⿱⿻⿱一⿱一一人日⿰虫虫,虫
15067,15067,15067,蠜,⿱⿱⿲木⿱㐅⿻丿乀木⿻一人虫,虫
15068,15068,15068,蠟,⿰虫⿳⿲𡿨𡿨𡿨⿴囗㐅&CDP-8D46;,虫
15069,15069,15069,蠫,⿱⿰豸刂⿰虫虫,虫
15070,15070,15070,蠡,⿱⿱彑𧰨⿰虫虫,虫
15071,15071,15071,蠝,⿰虫⿱田⿰田田,虫
15072,15072,15072,蠠,⿱⿱⿱一丿⿴囗&CDP-89CC;⿰虫虫,虫
15073,15073,15073,蠤,⿱⿱丷酉⿰虫虫,虫
15074,15074,15074,蠩,⿰虫⿰言⿸耂日,虫
15075,15075,15075,蠧,⿱⿳⿱十一冖⿸⿱一丿口⿰虫虫,虫
15076,15076,15076,蠭,⿱⿺辶⿱夂⿻⿱一⿱一一丨⿰虫虫,虫
15077,15077,15077,蠪,⿱⿰⿱⿱&CDP-8BAE;一月&CDP-89B0;虫,虫
15078,15078,15078,蠬,⿰虫⿰⿱⿱&CDP-8BAE;一月&CDP-89B0;,虫
15079,15079,15079,蠦,⿰虫⿸⿸⿱⺊&CDP-88E2;⿻㇀乚&CDP-8CF4;,虫
15080,15080,15080,蠥,⿱⿰⿱⿻凵丨⿱丿㠯⿱⿱&CDP-8BAE;一十虫,虫
15081,15081,15081,蠴,⿰虫⿱艹⿱罒⿸耂日,虫
15082,15082,15082,蠨,⿰虫⿱艹肅,虫
15083,15083,15083,蠿,⿱⿱⿶𠃎⿰⿰&CDP-895C;丶⿰&CDP-895C;丶⿶𠃎⿰⿰&CDP-895C;丶⿰&CDP-895C;丶⿰虫虫,虫
15084,15084,15084,蠾,⿰虫⿸尸⿱⿻亅&CDP-89AE;⿱⺫⿹勹虫,虫
15085,15085,15085,蠱,⿱⿱虫⿰虫虫皿,虫
15086,15086,15086,蠲,⿰⿱&CDP-8CF0;皿⿱罒⿹勹虫,虫
15087,15087,15087,蠰,⿰虫⿳⿱丶一&CDP-8CA3;𧘇,虫
15088,15088,15088,蠯,⿸⿸广⿱&CDP-89BE;十⿰虫虫,虫
15089,15089,15089,蠸,⿰虫⿱艹⿱⿰口口隹,虫
15090,15090,15090,蠮,⿰虫⿱⿰⿷匚⿱𠂉⿻一人⿱𠘧又⿰⿹𠃌冫⿹𠃌冫,虫
15091,15091,15091,蠳,⿰虫⿱⿰⿱目八⿱目八女,虫
15092,15092,15092,蠶,⿱⿱⿰旡旡日⿰虫虫,虫
15093,15093,15093,蠺,⿳⿰⿱一⿻一人⿱一⿻一人日⿰虫虫,虫
15094,15094,15094,蠹,⿱⿳&CDP-8DDD;冖⿸⿱一丿口⿰虫虫,虫
15095,15095,15095,蠷,⿰虫⿱⿰目目隹,虫
15096,15096,15096,蠵,⿰虫⿱⿱山隹⿵冂⿱八口,虫
15097,15097,15097,蠻,⿱⿲⿱⿰&CDP-895C;丶小言⿱⿰&CDP-895C;丶小虫,虫
15098,15098,15098,蠼,⿰虫⿱⿱⿰目目隹又,虫
15099,15099,15099,蠽,⿱⿰⿱小隹⿻⿺⿻一乚丶丿⿰虫虫,虫
15100,15100,15100,而,⿱一⿱丿⿵冂⿰丨丨,而
15101,15101,15101,耑,⿱山⿱一⿱丿⿵冂⿰丨丨,而
15102,15102,15102,耐,⿰⿱一⿱丿⿵冂⿰丨丨寸,而
15103,15103,15103,耎,⿱⿱一⿱丿⿵冂⿰丨丨⿻一人,而
15104,15104,15104,耍,⿱⿱一⿱丿⿵冂⿰丨丨女,而
15105,15105,15105,耏,⿰⿱一⿱丿⿵冂⿰丨丨彡,而
15106,15106,15106,耳,耳,耳
15107,15107,15107,耴,⿰耳乚,耳
15108,15108,15108,耵,⿰耳⿱一亅,耳
15109,15109,15109,耶,⿰耳阝,耳
15110,15110,15110,耷,⿱⿻一人耳,耳
15111,15111,15111,耻,⿰耳止,耳
15112,15112,15112,耼,⿰耳⿻冂⿱一一,耳
15113,15113,15113,耽,⿰耳冘,耳
15114,15114,15114,耿,⿰耳⿱八人,耳
15115,15115,15115,耾,⿰耳⿸𠂇厶,耳
15116,15116,15116,聂,⿱耳⿰又又,耳
15117,15117,15117,耹,⿰耳⿱⿱人丶㇇,耳
15118,15118,15118,耸,⿱⿰人人耳,耳
15119,15119,15119,聁,⿰耳⿱八⿹𠃌丿,耳
15120,15120,15120,耺,⿰耳⿱⿱一一厶,耳
15121,15121,15121,聀,⿰耳⿻⿺⿻一乚丶丿,耳
15122,15122,15122,聅,⿰耳⿱𠂉⿻一人,耳
15123,15123,15123,聃,⿰耳冉,耳
15124,15124,15124,聊,⿰耳⿰𠂎卩,耳
15125,15125,15125,聆,⿰耳⿱⿱人丶龴,耳
15126,15126,15126,聋,⿱⿻⿺尢丶丿耳,耳
15127,15127,15127,聍,⿰耳⿱宀⿱一亅,耳
15128,15128,15128,聉,⿰耳⿱⿻凵丨凵,耳
15129,15129,15129,聈,⿰耳⿰⿰&CDP-895C;丶⿻丿𠃌,耳
15130,15130,15130,职,⿰耳⿱口八,耳
15131,15131,15131,聇,⿰耳⿱一止,耳
15132,15132,15132,聄,⿰耳⿱人彡,耳
15133,15133,15133,聒,⿰耳⿱⿱丿十口,耳
15134,15134,15134,联,⿰耳⿱丷⿱一⿻一人,耳
15135,15135,15135,聠,⿰耳⿱丷⿱一⿻一&CDP-8BF5;,耳
15136,15136,15136,聎,⿰耳兆,耳
15137,15137,15137,聑,⿰耳耳,耳
15138,15138,15138,聓,⿱⿰工⿵几丶耳,耳
15139,15139,15139,聐,⿰耳⿱⿱十一口,耳
15140,15140,15140,聏,⿰耳⿱一⿱丿⿵冂⿰丨丨,耳
15141,15141,15141,聕,⿰耳⿱⿰丿土口,耳
15142,15142,15142,聗,⿰耳⿻⿻一人⿰人人,耳
15143,15143,15143,聘,⿰耳⿱由⿱一㇉,耳
15144,15144,15144,聖,⿱⿰耳口⿱一⿱十一,耳
15145,15145,15145,聛,⿰耳⿱&CDP-89BE;十,耳
15146,15146,15146,聡,⿰耳⿱⿱八厶心,耳
15147,15147,15147,聢,⿰耳⿱宀⿱一龰,耳
15148,15148,15148,聜,⿰耳⿱⿱宀八工,耳
15149,15149,15149,聝,⿰耳⿹⿻⿺⿻一乚丶丿⿱口一,耳
15150,15150,15150,聚,⿱⿰耳又乑,耳
15151,15151,15151,聙,⿰耳⿱龶月,耳
15152,15152,15152,聣,⿰耳⿱臼⿰丿乚,耳
15153,15153,15153,聞,⿵⿰𠁣𠃛耳,耳
15154,15154,15154,聟,⿱⿰⿱𠂉⿻一人口耳,耳
15155,15155,15155,聦,⿰耳⿱⿻⿹勹&CDP-89A6;丶心,耳
15156,15156,15156,聪,⿰耳⿱⿱丷口心,耳
15157,15157,15157,聥,⿰耳禹,耳
15158,15158,15158,聩,⿰耳⿱⿱⿻口丨一贝,耳
15159,15159,15159,聭,⿰耳⿱⿱丿田⿺⿰丿乚厶,耳
15160,15160,15160,聧,⿰耳⿱⿰&CDP-88D3;&CDP-88D5;⿱一⿻一人,耳
15161,15161,15161,聨,⿰耳⿱⿰⿰&CDP-895C;丶⿰&CDP-895C;丶⿻一&CDP-8BF5;,耳
15162,15162,15162,聫,⿰耳⿱⿰⿰&CDP-895C;丶⿰&CDP-895C;丶⿻一人,耳
15163,15163,15163,聤,⿰耳⿱&CDP-8C4D;⿱一亅,耳
15164,15164,15164,聬,⿰耳⿱⿱八厶⿰⿹𠃌冫⿹𠃌冫,耳
15165,15165,15165,聮,⿰耳⿱⿰⿰&CDP-895C;丶⿰&CDP-895C;丶灬,耳
15166,15166,15166,聱,⿱⿰⿱龶&CDP-8B6C;攵耳,耳
15167,15167,15167,聰,⿰耳⿱⿴⿱丿囗夂心,耳
15168,15168,15168,聯,⿰耳⿱⿰⿰&CDP-895C;丶⿰&CDP-895C;丶丱,耳
15169,15169,15169,聴,⿰耳⿳十罒心,耳
15170,15170,15170,聲,⿱⿰⿱⿱十一𠃜⿱𠘧又耳,耳
15171,15171,15171,聳,⿱⿰彳&CDP-8BB0;耳,耳
15172,15172,15172,聵,⿰耳⿱⿱⿻口丨一⿱目八,耳
15173,15173,15173,聶,⿱耳⿰耳耳,耳
15174,15174,15174,職,⿰耳⿹&CDP-88A7;日,耳
15175,15175,15175,聸,⿰耳⿸⿱𠂊厂&CDP-8CC3;,耳
15176,15176,15176,聼,⿰⿱乛耳⿱&CDP-8BB2;心,耳
15177,15177,15177,聹,⿰耳⿱⿱宀⿱心皿⿱一亅,耳
15178,15178,15178,聻,⿱⿰氵⿰車⿸𠂆⿱一丨耳,耳
15179,15179,15179,聺,⿰耳⿱宀⿱&CDP-8C4F;示,耳
15180,15180,15180,聾,⿱⿰⿱⿱&CDP-8BAE;一月&CDP-89B0;耳,耳
15181,15181,15181,聽,⿰&CDP-8BD1;⿱&CDP-8BB2;心,耳
15182,15182,15182,缶,缶,缶
15183,15183,15183,缷,⿰缶卩,缶
15184,15184,15184,缸,⿰缶工,缶
15185,15185,15185,缹,⿱缶灬,缶
15186,15186,15186,缻,⿰缶瓦,缶
15187,15187,15187,缼,⿰缶欠,缶
15188,15188,15188,缺,⿰缶⿻𠃍⿻一人,缶
15189,15189,15189,缽,⿰缶本,缶
15190,15190,15190,缾,⿰缶⿱丷⿱一⿻一&CDP-8BF5;,缶
15191,15191,15191,缿,⿰缶⿸⿸𠂆一口,缶
15192,15192,15192,罀,⿰缶兆,缶
15193,15193,15193,罁,⿰缶⿵冂⿱䒑山,缶
15194,15194,15194,罂,⿱⿰贝贝缶,缶
15195,15195,15195,罃,⿱⿱⿰⿱八人⿱八人冖缶,缶
15196,15196,15196,罆,⿰缶⿱毌⿱目八,缶
15197,15197,15197,罄,⿱⿰⿱⿱十一𠃜⿱𠘧又缶,缶
15198,15198,15198,罅,⿰缶⿸⿸⿱⺊&CDP-88E2;⿻㇀乚乎,缶
15199,15199,15199,罉,⿰缶⿱⿱⿱⺌冖口手,缶
15200,15200,15200,罈,⿰缶⿱⿱一&CDP-86EA;⿱日十,缶
15201,15201,15201,罇,⿰缶⿱⿱丷酉寸,缶
15202,15202,15202,罊,⿱⿰⿱車凵⿱𠘧又缶,缶
15203,15203,15203,罋,⿱⿱⿱丶一&CDP-8DB5;缶,缶
15204,15204,15204,罌,⿱⿰⿱目八⿱目八缶,缶
15205,15205,15205,罍,⿱⿱田⿰田田缶,缶
15206,15206,15206,罏,⿰缶⿸⿸⿱⺊&CDP-88E2;⿻㇀乚&CDP-8CF4;,缶
15207,15207,15207,罎,⿰缶⿱日⿱⿱一⿻冂&CDP-8C41;⿱⿱一一厶,缶
15208,15208,15208,罐,⿰缶⿱艹⿱⿰口口隹,缶
15209,15209,15209,艮,艮,艮
15210,15210,15210,良,⿱丶艮,艮
15211,15211,15211,艰,⿰又艮,艮
15212,15212,15212,艱,⿰&CDP-8BD3;艮,艮
15213,15213,15213,虍,⿸⿱⺊&CDP-88E2;⿻㇀乚,虍
15214,15214,15214,虎,⿸⿸⿱⺊&CDP-88E2;⿻㇀乚几,虍
15215,15215,15215,虏,⿸⿸⿱⺊&CDP-88E2;⿻㇀乚⿻丿𠃌,虍
15216,15216,15216,虐,⿸⿸⿱⺊&CDP-88E2;⿻㇀乚&CDP-8DC1;,虍
15217,15217,15217,虑,⿸⿸⿱⺊&CDP-88E2;⿻㇀乚心,虍
15218,15218,15218,虔,⿸⿸⿱⺊&CDP-88E2;⿻㇀乚⿱⿱丶一⿻丿乀,虍
15219,15219,15219,虒,⿸𠂆⿸⿸⿱⺊&CDP-88E2;⿻㇀乚几,虍
15220,15220,15220,虓,⿰九⿸⿸⿱⺊&CDP-88E2;⿻㇀乚几,虍
15221,15221,15221,處,⿸⿸⿱⺊&CDP-88E2;⿻㇀乚⿺夂几,虍
15222,15222,15222,虘,⿸⿸⿱⺊&CDP-88E2;⿻㇀乚且,虍
15223,15223,15223,虙,⿸⿸⿱⺊&CDP-88E2;⿻㇀乚⿻心丿,虍
15224,15224,15224,虖,⿸⿸⿱⺊&CDP-88E2;⿻㇀乚乎,虍
15225,15225,15225,虗,⿸⿸⿱⺊&CDP-88E2;⿻㇀乚丘,虍
15226,15226,15226,虚,⿸⿸⿱⺊&CDP-88E2;⿻㇀乚⿱&CDP-85F0;一,虍
15227,15227,15227,虝,⿺⿸⿸⿱⺊&CDP-88E2;⿻㇀乚几⿹勹&CDP-89A6;,虍
15228,15228,15228,虛,⿸⿸⿱⺊&CDP-88E2;⿻㇀乚&CDP-8D6B;,虍
15229,15229,15229,號,⿰⿱口⿱一㇉⿸⿸⿱⺊&CDP-88E2;⿻㇀乚几,虍
15230,15230,15230,虡,⿸⿸⿸⿱⺊&CDP-88E2;⿻㇀乚⿱&CDP-85F0;一八,虍
15231,15231,15231,虜,⿸⿸⿱⺊&CDP-88E2;⿻㇀乚⿱田⿻丿𠃌,虍
15232,15232,15232,虞,⿸⿸⿱⺊&CDP-88E2;⿻㇀乚⿱口⿱一⿻一人,虍
15233,15233,15233,虠,⿰⿱⿱丶一⿱八⿻丿乀⿸⿸⿱⺊&CDP-88E2;⿻㇀乚几,虍
15234,15234,15234,虢,⿰⿱⿱丿𭕄寸⿸⿸⿱⺊&CDP-88E2;⿻㇀乚几,虍
15235,15235,15235,虣,⿰⿹&CDP-8CB8;止⿸⿸⿱⺊&CDP-88E2;⿻㇀乚几,虍
15236,15236,15236,虤,⿰⿸⿸⿱⺊&CDP-88E2;⿻㇀乚几⿸⿸⿱⺊&CDP-88E2;⿻㇀乚几,虍
15237,15237,15237,虥,⿰⿸⿸⿱⺊&CDP-88E2;⿻㇀乚几⿱⿻⿺⿻一乚丶丿⿻⿺⿻一乚丶丿,虍
15238,15238,15238,虦,⿰⿱⿻⿺⿻一乚丶丿⿻⿺⿻一乚丶丿⿸⿸⿱⺊&CDP-88E2;⿻㇀乚几,虍
15239,15239,15239,虨,⿰⿸⿸⿱⺊&CDP-88E2;⿻㇀乚⿰木木彡,虍
15240,15240,15240,虧,⿰⿸⿸⿱⺊&CDP-88E2;⿻㇀乚隹⿱一⿱一㇉,虍
15241,15241,15241,虩,⿰⿱小&CDP-8CED;⿸⿸⿱⺊&CDP-88E2;⿻㇀乚几,虍
15242,15242,15242,虪,⿰⿸⿸⿱⺊&CDP-88E2;⿻㇀乚几⿰&CDP-8B7A;⿱夂⿱&CDP-88D4;灬,虍
15243,15243,15243,臼,臼,臼
15244,15244,15244,臽,⿱勹臼,臼
15245,15245,15245,臾,⿻臼人,臼
15246,15246,15246,臿,⿻⿱丿十臼,臼
15247,15247,15247,舁,⿱臼⿻一&CDP-8BF5;,臼
15248,15248,15248,舀,⿱⿱丿𭕄臼,臼
15249,15249,15249,舂,⿱⿻⿱一⿱一一人臼,臼
15250,15250,15250,舃,⿱臼&CDP-8DBF;,臼
15251,15251,15251,舄,⿱臼&CDP-8C40;,臼
15252,15252,15252,舅,⿱臼⿱田⿻丿𠃌,臼
15253,15253,15253,與,⿶&CDP-8BA8;&CDP-8BC2;,臼
15254,15254,15254,舆,⿶&CDP-8BA8;车,臼
15255,15255,15255,舉,⿱⿶&CDP-8BA8;&CDP-8BC2;&CDP-8BF1;,臼
15256,15256,15256,興,⿶&CDP-8BA8;⿵⿵冂一口,臼
15257,15257,15257,舊,⿱⿱艹隹臼,臼
15258,15258,15258,舋,⿱⿶&CDP-8B64;⿵⿵冂一口且,臼
15259,15259,15259,米,米,米
15260,15260,15260,籴,⿱入米,米
15261,15261,15261,籵,⿰米十,米
15262,15262,15262,籶,⿰米几,米
15263,15263,15263,籿,⿰米寸,米
15264,15264,15264,籺,⿰米⿱𠂉乙,米
15265,15265,15265,类,⿱米⿻一人,米
15266,15266,15266,籾,⿰米⿹⿹𠃌丿丿,米
15267,15267,15267,籹,⿰米女,米
15268,15268,15268,粁,⿰米⿱丿十,米
15269,15269,15269,籸,⿰米⿹⺄十,米
15270,15270,15270,籼,⿰米山,米
15271,15271,15271,籷,⿰米⿱丿⿻㇀乚,米
15272,15272,15272,粂,⿱久米,米
15273,15273,15273,粀,⿰米丈,米
15274,15274,15274,籽,⿰米子,米
15275,15275,15275,粊,⿱比米,米
15276,15276,15276,粑,⿰米巴,米
15277,15277,15277,粄,⿰米⿸𠂆又,米
15278,15278,15278,粃,⿰米比,米
15279,15279,15279,粋,⿰米⿱九十,米
15280,15280,15280,粉,⿰米⿱八⿹𠃌丿,米
15281,15281,15281,粐,⿰米⿱丶尸,米
15282,15282,15282,粔,⿰米巨,米
15283,15283,15283,粇,⿰米⿱⿱丶一几,米
15284,15284,15284,粎,⿰米尺,米
15285,15285,15285,粈,⿰米丑,米
15286,15286,15286,粆,⿰米⿱小丿,米
15287,15287,15287,粏,⿰米⿵⿻一人丶,米
15288,15288,15288,粅,⿰米⿹勹&CDP-89A6;,米
15289,15289,15289,粌,⿰米⿰弓丨,米
15290,15290,15290,粍,⿰米⿱丿&CDP-8A43;,米
15291,15291,15291,粚,⿰米⿱𠂉也,米
15292,15292,15292,粣,⿰米册,米
15293,15293,15293,粗,⿰米且,米
15294,15294,15294,粓,⿰米甘,米
15295,15295,15295,粒,⿰米⿱&CDP-8BAE;一,米
15296,15296,15296,粝,⿰米⿸厂⿱一&CDP-8B6C;,米
15297,15297,15297,粘,⿰米⿱⺊口,米
15298,15298,15298,粕,⿰米白,米
15299,15299,15299,粛,粛,米
15300,15300,15300,粜,⿱⿱⿻凵丨凵米,米
15301,15301,15301,粖,⿰米末,米
15302,15302,15302,粙,⿰米由,米
15303,15303,15303,粨,⿰米⿱一白,米
15304,15304,15304,粫,⿰米⿱一⿱丿⿵冂⿰丨丨,米
15305,15305,15305,粪,⿱米⿱⿱⿻十丨一八,米
15306,15306,15306,粭,⿰米⿱⿱人一口,米
15307,15307,15307,粠,⿰米⿱⿱⿻十丨一八,米
15308,15308,15308,粦,⿱米⿰⿴𠂊丶㐄,米
15309,15309,15309,粩,⿰米⿸耂⿺乚丿,米
15310,15310,15310,粬,⿰米曲,米
15311,15311,15311,粟,⿱⿱一&CDP-86EA;米,米
15312,15312,15312,粡,⿰米⿵⿵冂一口,米
15313,15313,15313,粞,⿰米⿱一⿻⿰丿乚口,米
15314,15314,15314,粤,⿱⿴⿱丿囗米⿱一㇉,米
15315,15315,15315,粥,⿲弓米弓,米
15316,15316,15316,粧,⿰米⿸广⿱十一,米
15317,15317,15317,粢,⿱⿰冫欠米,米
15318,15318,15318,粲,⿱⿰⿱⺊⿴𠂊丶又米,米
15319,15319,15319,粰,⿰米⿱⿱丿𭕄子,米
15320,15320,15320,糀,⿰米⿱艹⿰亻⿻乚丿,米
15321,15321,15321,粳,⿰米⿱一&CDP-89E7;,米
15322,15322,15322,粴,⿰米⿱&CDP-8BD9;一,米
15323,15323,15323,粮,⿰米⿱丶艮,米
15324,15324,15324,粱,⿱&CDP-8DBC;米,米
15325,15325,15325,粯,⿰米⿱目⿰丿乚,米
15326,15326,15326,粵,⿱&CDP-8DB9;⿱一㇉,米
15327,15327,15327,粺,⿰米⿱&CDP-89BE;十,米
15328,15328,15328,粹,⿰米⿱⿱⿱丶一⿰人人十,米
15329,15329,15329,粿,⿰米⿻日木,米
15330,15330,15330,粷,⿰米⿹勹米,米
15331,15331,15331,精,⿰米⿱龶月,米
15332,15332,15332,粻,⿰米⿳&CDP-884A;一&CDP-8CC6;,米
15333,15333,15333,粼,⿰⿱米⿰⿴𠂊丶㐄⿰𡿨𡿨,米
15334,15334,15334,粶,⿰米⿱彐⿻亅&CDP-89AE;,米
15335,15335,15335,粸,⿰米⿱&CDP-8B72;八,米
15336,15336,15336,糁,⿰米⿳厶⿻一人彡,米
15337,15337,15337,粽,⿰米⿱宀示,米
15338,15338,15338,糄,⿰米⿸⿱丶尸⿵冂⿻十丨,米
15339,15339,15339,糍,⿰米⿱⿱丷一⿰⿰&CDP-895C;丶⿰&CDP-895C;丶,米
15340,15340,15340,糇,⿰米⿰亻&CDP-8BC7;,米
15341,15341,15341,糊,⿰米⿰⿱十口月,米
15342,15342,15342,糋,⿰米⿱⿱丷一⿰月刂,米
15343,15343,15343,糎,⿰米⿸厂⿱&CDP-8BD9;一,米
15344,15344,15344,糆,⿰米⿱⿱一丿⿴囗&CDP-89CC;,米
15345,15345,15345,糅,⿰米⿱⿱龴⿹⿱乛亅丿木,米
15346,15346,15346,糂,⿰米⿱&CDP-88C8;⿷匚⿰丿乚,米
15347,15347,15347,糃,⿰米⿱⿱日一⿹勹&CDP-89A6;,米
15348,15348,15348,糔,⿰米⿱⿴又丶虫,米
15349,15349,15349,糈,⿰米⿱疋月,米
15350,15350,15350,糒,⿰米⿱艹⿸⿱一丿⿵冂&CDP-8BF1;,米
15351,15351,15351,糉,⿰米⿳⿶凵㐅八夂,米
15352,15352,15352,糌,⿰米⿱⿺夂卜日,米
15353,15353,15353,糙,⿰米⿺辶⿱⿰丿土口,米
15354,15354,15354,糐,⿰米⿱⿺&CDP-86B7;丶寸,米
15355,15355,15355,糕,⿰米⿱⿱⿱丷一⿱十一灬,米
15356,15356,15356,糓,⿰⿱⿱⿱⿱十一冖一米⿱𠘧又,米
15357,15357,15357,糘,⿰米⿱宀⿱一𧰨,米
15358,15358,15358,糢,⿰米⿱艹⿱日⿻一人,米
15359,15359,15359,糑,⿰米⿰&CDP-8CC4;&CDP-8CC4;,米
15360,15360,15360,糗,⿰米⿱自犬,米
15361,15361,15361,糖,⿰米⿸广&CDP-8CC1;,米
15362,15362,15362,糏,⿰米⿸尸⿱⺌月,米
15363,15363,15363,糚,⿰米⿱艹⿰爿⿱十一,米
15364,15364,15364,糞,⿱米⿱田⿱⿱⿻十丨一八,米
15365,15365,15365,糡,⿰米⿱⿱⿱&CDP-8BAE;一日⿰丿乚,米
15366,15366,15366,糠,⿰米⿸广隶,米
15367,15367,15367,糜,⿸⿸广⿰木木米,米
15368,15368,15368,糝,⿰米⿱⿱⿱厶⿰厶厶人彡,米
15369,15369,15369,糛,⿰米⿱⿱⿱⺌冖口⿱十一,米
15370,15370,15370,糟,⿰米⿱&CDP-8D61;日,米
15371,15371,15371,糨,⿰米⿰弓⿱口虫,米
15372,15372,15372,糧,⿰米⿱⿱日一⿱&CDP-8BD9;一,米
15373,15373,15373,糥,⿰米⿱⿱一⿱丿⿵冂⿰丨丨⿱一⿱丿⿵冂⿰丨丨,米
15374,15374,15374,糣,⿰米⿱⿰旡旡日,米
15375,15375,15375,糤,⿰米⿰&CDP-8CEC;攵,米
15376,15376,15376,糦,⿰米⿱⿱十豆口,米
15377,15377,15377,糪,⿱⿰⿸尸口⿱⿱&CDP-8BAE;一十米,米
15378,15378,15378,糫,⿰米⿳罒⿱一口𧘇,米
15379,15379,15379,糩,⿰米⿱⿱人一⿱&CDP-8B62;日,米
15380,15380,15380,糬,⿰米⿱罒⿸耂日,米
15381,15381,15381,糭,⿰米⿳⿶凵⿻㐅⿳丶⿰丶丶丶八夂,米
15382,15382,15382,糰,⿰米⿴囗⿱&CDP-8BD0;寸,米
15383,15383,15383,糲,⿰米⿸厂⿱艹禺,米
15384,15384,15384,糯,⿰米⿱⿱一⿻冂&CDP-8C41;⿱一⿱丿⿵冂⿰丨丨,米
15385,15385,15385,糮,⿰米⿱⿰臣&CDP-89BC;皿,米
15386,15386,15386,糴,⿰⿱入米⿱⿰⿹𠃌冫⿹𠃌冫隹,米
15387,15387,15387,糱,⿱⿰⿱⿻凵丨⿱丿㠯⿱⿱&CDP-8BAE;一十米,米
15388,15388,15388,糵,⿱⿱艹⿰⿱丿㠯⿱⿱&CDP-8BAE;一十米,米
15389,15389,15389,糶,⿰⿱⿱⿻凵丨凵米⿱⿰⿹𠃌冫⿹𠃌冫隹,米
15390,15390,15390,糷,⿰米⿱艹⿵⿰𠁣𠃛柬,米
15391,15391,15391,糳,⿱⿰⿱⿱⿱&CDP-85F0;一⿱丷干臼⿱𠘧又米,米
15392,15392,15392,齐,⿱⿱⿱丶一⿻丿乀&CDP-8BF5;,齐
15393,15393,15393,齑,⿵⿱⿱⿱丶一⿻丿乀&CDP-8BF5;⿱非一,齐
15394,15394,15394,肉,肉,肉
15395,15395,15395,肏,⿱入肉,肉
15396,15396,15396,胬,⿱⿰女又肉,肉
15397,15397,15397,脔,⿱⿱⿱丶一&CDP-8CB5;肉,肉
15398,15398,15398,胔,⿱⿰止⿺乚丿肉,肉
15399,15399,15399,胾,⿹⿶⿻⿺⿻一乚丶丿十肉,肉
15400,15400,15400,腐,⿸⿸广⿰亻寸肉,肉
15401,15401,15401,膐,⿱⿰⿱⿱丶一&CDP-8B6C;&CDP-8D55;肉,肉
15402,15402,15402,膥,⿱⿰末⿵戊𠃌肉,肉
15403,15403,15403,臋,⿱⿰⿸尸⿱⿱⿻十丨一八⿱𠘧又肉,肉
15404,15404,15404,臠,⿱⿲⿱⿰&CDP-895C;丶小言⿱⿰&CDP-895C;丶小肉,肉
15405,15405,15405,臡,⿱⿰&CDP-8BD3;隹肉,肉
15406,15406,15406,色,⿱𠂊巴,色
15407,15407,15407,艳,⿰⿻⿱一⿱一一丨⿱𠂊巴,色
15408,15408,15408,艴,⿰⿻弓&CDP-8BF5;⿱𠂊巴,色
15409,15409,15409,艵,⿰⿱丷⿱一⿻一&CDP-8BF5;⿱𠂊巴,色
15410,15410,15410,艶,⿰⿱曲豆⿱𠂊巴,色
15411,15411,15411,艷,⿰⿱⿻山⿰⿻⿱一⿱一一丨⿻⿱一⿱一一丨豆⿱𠂊巴,色
15412,15412,15412,舌,⿱⿱丿十口,舌
15413,15413,15413,舏,⿰⿱⿱丿十口丩,舌
15414,15414,15414,舎,⿱人⿱⿱十一口,舌
15415,15415,15415,舍,⿱人⿱⿱丿十口,舌
15416,15416,15416,舐,⿰⿱⿱丿十口氏,舌
15417,15417,15417,舑,⿰⿱⿱丿十口冉,舌
15418,15418,15418,舒,⿰⿱人⿱⿱丿十口⿱龴⿱乛亅,舌
15419,15419,15419,舓,⿰⿱⿱丿十口⿱日⿹勹&CDP-89A6;,舌
15420,15420,15420,舔,⿰⿱⿱丿十口⿱⿱一⿻一人⿰小丶,舌
15421,15421,15421,舕,⿰⿱⿱丿十口⿱⿱八人⿱八人,舌
15422,15422,15422,舖,⿰⿱人⿱⿱丿十口⿺&CDP-86B7;丶,舌
15423,15423,15423,舗,⿰⿱人⿱⿱十一口⿺&CDP-86B7;丶,舌
15424,15424,15424,舘,⿰⿱人⿱⿱丿十口⿱宀㠯,舌
15425,15425,15425,舙,⿱⿱⿱丿十口⿰⿱⿱丿十口⿱⿱丿十口,舌
15426,15426,15426,舚,⿰⿱⿱丿十口⿸⿱𠂊厂&CDP-8CC3;,舌
15427,15427,15427,西,⿱一⿻⿰丿乚口,覀
15428,15428,15428,覀,⿱一&CDP-86EA;,覀
15429,15429,15429,要,⿱⿱一&CDP-86EA;女,覀
15430,15430,15430,覂,⿱⿱一&CDP-86EA;⿱丿⿱丶&CDP-8661;,覀
15431,15431,15431,覄,⿱⿱一&CDP-86EA;⿰亻犬,覀
15432,15432,15432,覃,⿱⿱一&CDP-86EA;⿱日十,覀
15433,15433,15433,覅,⿰⿱⿱一&CDP-86EA;女⿹勹&CDP-89A6;,覀
15434,15434,15434,覆,⿱⿱一&CDP-86EA;⿰彳⿳𠂉日夂,覀
15435,15435,15435,覇,⿱⿱一&CDP-86EA;⿰革月,覀
15436,15436,15436,覈,⿱⿱一&CDP-86EA;⿰⿱白⿱⿱丶一&CDP-8B6C;攵,覀
15437,15437,15437,覉,⿱⿱一&CDP-86EA;⿰革⿱⿻一人⿹⿱一亅口,覀
15438,15438,15438,覊,⿱⿱一&CDP-86EA;⿰革⿹&CDP-896A;灬,覀
15439,15439,15439,页,页,页
15440,15440,15440,顶,⿰⿱一亅页,页
15441,15441,15441,顷,⿰⿺乚丿页,页
15442,15442,15442,顸,⿰干页,页
15443,15443,15443,顺,⿰川页,页
15444,15444,15444,项,⿰工页,页
15445,15445,15445,须,⿰彡页,页
15446,15446,15446,顼,⿰⿱一⿱十一页,页
15447,15447,15447,颁,⿰⿱八⿹𠃌丿页,页
15448,15448,15448,顿,⿰⿻丿⿻凵乚页,页
15449,15449,15449,顾,⿰⿸厂㔾页,页
15450,15450,15450,颃,⿰⿱⿱丶一几页,页
15451,15451,15451,颀,⿰⿸𠂆⿱一丨页,页
15452,15452,15452,颂,⿰⿱八厶页,页
15453,15453,15453,顽,⿰⿱一⿱一⿰丿乚页,页
15454,15454,15454,预,⿰⿱龴⿱乛亅页,页
15455,15455,15455,颈,⿰⿱ス工页,页
15456,15456,15456,颅,⿰⿱⺊尸页,页
15457,15457,15457,领,⿰⿱⿱人丶龴页,页
15458,15458,15458,颇,⿰皮页,页
15459,15459,15459,颌,⿰⿱⿱人一口页,页
15460,15460,15460,颊,⿰⿻⿻⿱一一人丷页,页
15461,15461,15461,颉,⿰⿱⿱十一口页,页
15462,15462,15462,颎,⿰⿱⿺乚丿⿱八人页,页
15463,15463,15463,颏,⿰⿳⿱丶一⿰𠃋丿人页,页
15464,15464,15464,颋,⿰⿺廴⿱丿⿱十一页,页
15465,15465,15465,颍,⿰⿱⿺乚丿⿲㇇亅&CDP-85BF;页,页
15466,15466,15466,颒,⿰⿱⿲㇇亅&CDP-85BF;⿻一&CDP-8BF5;頁,页
15467,15467,15467,颔,⿰⿱⿱⿱人丶㇇口页,页
15468,15468,15468,颓,⿰⿱⿱丿木几页,页
15469,15469,15469,频,⿰⿱止𣥂页,页
15470,15470,15470,颐,⿰𦣞页,页
15471,15471,15471,颖,⿰⿱⿺乚丿⿱丿木页,页
15472,15472,15472,颕,⿰⿱⿺乚丿示页,页
15473,15473,15473,颗,⿰⿻日木页,页
15474,15474,15474,题,⿺⿱日⿱一龰页,页
15475,15475,15475,颜,⿰⿸⿱&CDP-8BAE;厂彡页,页
15476,15476,15476,颙,⿰禺页,页
15477,15477,15477,颛,⿰⿱山⿱一⿱丿⿵冂⿰丨丨页,页
15478,15478,15478,颚,⿰⿱⿰口口⿱一⿱一㇉页,页
15479,15479,15479,额,⿰⿱宀⿱夂口页,页
15480,15480,15480,颠,⿰⿱十⿱&CDP-8BA5;八页,页
15481,15481,15481,颟,⿰⿱艹⿱一&CDP-854B;页,页
15482,15482,15482,颞,⿰⿱耳⿰又又页,页
15483,15483,15483,颡,⿰⿱⿱又⿰又又木页,页
15484,15484,15484,颢,⿰⿱日⿳⿱丶一口小页,页
15485,15485,15485,颣,⿰⿱米⿱⿰&CDP-895C;丶小页,页
15486,15486,15486,颤,⿰⿱⿱⿱丶一⿴囗口⿱日一页,页
15487,15487,15487,颥,⿰⿱⿱一⿻冂&CDP-8C41;⿱一⿱丿⿵冂⿰丨丨页,页
15488,15488,15488,颦,⿱⿰⿱止𣥂页⿱&CDP-89BE;十,页
15489,15489,15489,颧,⿰⿱艹⿱⿰口口隹页,页
15490,15490,15490,兟,⿰⿱⿰丿土⿰丿乚⿱⿰丿土⿰丿乚,先
15491,15491,15491,行,⿰彳⿱一⿱一亅,行
15492,15492,15492,衎,⿲彳干⿱一⿱一亅,行
15493,15493,15493,衍,⿲彳氵⿱一⿱一亅,行
15494,15494,15494,衐,⿲彳巨⿱一⿱一亅,行
15495,15495,15495,衏,⿲彳⿱一⿱一⿰丿乚⿱一⿱一亅,行
15496,15496,15496,衑,⿲彳⿱⿱人丶龴⿱一⿱一亅,行
15497,15497,15497,術,⿲彳⿺木丶⿱一⿱一亅,行
15498,15498,15498,衔,⿲彳钅⿱一⿱一亅,行
15499,15499,15499,衒,⿲彳⿱⿱丶一⿰&CDP-895C;丶⿱一⿱一亅,行
15500,15500,15500,街,⿲彳⿱⿱十一⿱十一⿱一⿱一亅,行
15501,15501,15501,衕,⿲彳⿵⿵冂一口⿱一⿱一亅,行
15502,15502,15502,衖,⿲彳⿱⿱⿻十丨一八⿱一⿱一亅,行
15503,15503,15503,衘,⿲彳⿱𠂉⿻一&CDP-8960;⿱一⿱一亅,行
15504,15504,15504,衙,⿲彳⿱⿱一𫝀口⿱一⿱一亅,行
15505,15505,15505,衝,⿲彳重⿱一⿱一亅,行
15506,15506,15506,衜,⿲彳⿱⿱丷一自⿱一⿱一亅,行
15507,15507,15507,衚,⿲彳⿰⿱十口月⿱一⿱一亅,行
15508,15508,15508,衛,⿲彳⿳𫝀口㐄⿱一⿱一亅,行
15509,15509,15509,衟,⿲彳⿱⿲𡿨𡿨𡿨⿱一自⿱一⿱一亅,行
15510,15510,15510,衡,⿲彳⿳𠂊田⿻一人⿱一⿱一亅,行
15511,15511,15511,衞,⿲彳⿳𫝀口⿱一巾⿱一⿱一亅,行
15512,15512,15512,衠,⿲彳⿱十⿱&CDP-8BA5;八⿱一⿱一亅,行
15513,15513,15513,衢,⿲彳⿱⿰目目隹⿱一⿱一亅,行
15514,15514,15514,血,⿱丿皿,血
15515,15515,15515,衁,⿱⿱⿱丶一𠃊⿱丿皿,血
15516,15516,15516,衂,⿰⿱丿皿⿹⿹𠃌丿丿,血
15517,15517,15517,衄,⿰⿱丿皿丑,血
15518,15518,15518,衃,⿰⿱丿皿⿱一&CDP-8665;,血
15519,15519,15519,衅,⿰⿱丿皿⿱丷&CDP-8BF1;,血
15520,15520,15520,衉,⿰⿱丿皿⿱夂口,血
15521,15521,15521,衇,⿰⿱丿皿⿸𠂆&CDP-8C66;,血
15522,15522,15522,衆,⿱⿱丿皿乑,血
15523,15523,15523,衈,⿰⿱丿皿耳,血
15524,15524,15524,衊,⿰⿱丿皿⿱⿱艹罒⿵戊丶,血
15525,15525,15525,衋,⿳⿻⿻&CDP-8BAB;丨⿱一一⿰⿱一白⿱一白⿱丿皿,血
15526,15526,15526,羊,⿱⿱丷一&CDP-8BF1;,羊
15527,15527,15527,羍,⿱⿻一人⿱⿱丷一&CDP-8BF1;,羊
15528,15528,15528,羏,⿰⿱⿱丷一&CDP-8BF1;彡,羊
15529,15529,15529,羓,⿰⿱⿱丷一&CDP-8BF1;巴,羊
15530,15530,15530,羒,⿰⿱⿱丷一&CDP-8BF1;⿱八⿹𠃌丿,羊
15531,15531,15531,羖,⿰⿱⿱丷一&CDP-8BF1;⿱𠘧又,羊
15532,15532,15532,羙,⿱⿱⿱丷一⿱十一⿱八人,羊
15533,15533,15533,羘,⿰月⿱⿱丷一&CDP-8BF1;,羊
15534,15534,15534,羝,⿰⿱⿱丷一&CDP-8BF1;⿱氏丶,羊
15535,15535,15535,羚,⿰⿱⿱丷一&CDP-8BF1;⿱⿱人丶龴,羊
15536,15536,15536,羟,⿰⿱⿱丷一&CDP-8BF1;⿱ス工,羊
15537,15537,15537,羕,⿱⿱⿱丷一⿱十一永,羊
15538,15538,15538,羛,⿱⿱⿱丷一⿱十一⿻弓&CDP-8BF5;,羊
15539,15539,15539,羜,⿰⿱⿱丷一&CDP-8BF1;⿱宀⿱一亅,羊
15540,15540,15540,羢,⿰⿱⿱丷一&CDP-8BF1;⿹⿻⿺⿻一乚丶丿𠂇,羊
15541,15541,15541,羠,⿰⿱⿱丷一&CDP-8BF1;⿻⿻一人弓,羊
15542,15542,15542,羦,⿰⿱⿱丷一&CDP-8BF1;⿱宀⿱一⿱一⿰丿乚,羊
15543,15543,15543,羥,⿰⿱⿱丷一&CDP-8BF1;⿳一⿲𡿨𡿨𡿨工,羊
15544,15544,15544,羣,⿱⿸⿻&CDP-8BAB;丿口⿱⿱丷一&CDP-8BF1;,羊
15545,15545,15545,群,⿰⿸⿻&CDP-8BAB;丿口⿱⿱丷一&CDP-8BF1;,羊
15546,15546,15546,羧,⿰⿱⿱丷一&CDP-8BF1;⿳厶八夂,羊
15547,15547,15547,羪,⿰⿱⿱丷一&CDP-8BF1;⿱丶艮,羊
15548,15548,15548,羫,⿰⿱⿱丷一&CDP-8BF1;⿱⿱宀八工,羊
15549,15549,15549,羮,⿳⿱⿱⿱丷一⿱十一灬一⿻⿱一一人,羊
15550,15550,15550,羯,⿰⿱⿱丷一&CDP-8BF1;⿱日⿹勹⿺𠃊人,羊
15551,15551,15551,羰,⿰⿱⿱丷一&CDP-8BF1;⿱山⿸𠂇⿱八人,羊
15552,15552,15552,羬,⿰⿱⿱丷一&CDP-8BF1;⿵⿵戊一口,羊
15553,15553,15553,羭,⿰⿱⿱丷一&CDP-8BF1;⿱⿱人一⿰月刂,羊
15554,15554,15554,羲,⿱⿱⿱丷一⿱十一&CDP-8DBA;,羊
15555,15555,15555,羱,⿰⿱⿱丷一&CDP-8BF1;⿸厂&CDP-8BC4;,羊
15556,15556,15556,羳,⿰⿱⿱丷一&CDP-8BF1;⿱⿱丿米田,羊
15557,15557,15557,羵,⿰⿱⿱丷一&CDP-8BF1;⿱⿱十⿻一&CDP-8BF5;⿱目八,羊
15558,15558,15558,羴,⿱⿱⿱丷一&CDP-8BF1;⿰⿱⿱丷一&CDP-8BF1;⿱⿱丷一&CDP-8BF1;,羊
15559,15559,15559,羹,⿱⿱⿱⿱丷一⿱十一灬⿱⿱⿱丷一⿱十一⿻一人,羊
15560,15560,15560,羷,⿰⿱⿱丷一&CDP-8BF1;⿳⿱人一⿰口口⿰人人,羊
15561,15561,15561,羸,⿱⿱⿱⿱丶一𠃊口⿲月⿱⿱丷一&CDP-8BF1;⿵几丶,羊
15562,15562,15562,羶,⿰⿱⿱丷一&CDP-8BF1;⿱⿱⿱丶一⿴囗口⿱日一,羊
15563,15563,15563,羺,⿰⿱⿱丷一&CDP-8BF1;⿱⿱一⿻冂&CDP-8C41;⿱一⿱丿⿵冂⿰丨丨,羊
15564,15564,15564,羼,⿸尸⿱⿱⿱丷一&CDP-8BF1;⿰⿱⿱丷一&CDP-8BF1;⿱⿱丷一&CDP-8BF1;,羊
15565,15565,15565,羻,⿰⿱⿱丷一&CDP-8BF1;⿸&CDP-8D56;&CDP-8D57;,羊
15566,15566,15566,聿,⿻⿻&CDP-8BAB;丨⿱一一,聿
15567,15567,15567,肃,肃,聿
15568,15568,15568,肂,⿰⿱一⿴𠂊丶⿻⿻&CDP-8BAB;丨⿱一一,聿
15569,15569,15569,肁,⿸⿱丶尸⿻⿻&CDP-8BAB;丨⿱一一,聿
15570,15570,15570,肆,⿰⿱&CDP-884A;⿱一厶⿻⿻&CDP-8BAB;丨⿱一一,聿
15571,15571,15571,肅,肅,聿
15572,15572,15572,肄,⿰⿱⿺乚丿⿱𠂉⿻一人⿻⿻&CDP-8BAB;丨⿱一一,聿
15573,15573,15573,肇,⿱⿰⿱丶尸攵⿻⿻&CDP-8BAB;丨⿱一一,聿
15574,15574,15574,肈,⿱⿰⿱丶尸⿻⿺⿻一乚丶丿⿻⿻&CDP-8BAB;丨⿱一一,聿
15575,15575,15575,至,⿱⿱一厶⿱十一,至
15576,15576,15576,致,⿰⿱⿱一厶⿱十一攵,至
15577,15577,15577,臷,⿹⿶⿻⿺⿻一乚丶丿十⿱⿱一厶⿱十一,至
15578,15578,15578,臵,⿰⿱⿱一厶⿱十一⿱夂口,至
15579,15579,15579,臶,⿰⿱⿱一厶⿱十一⿸&CDP-88F1;子,至
15580,15580,15580,臹,⿰⿱⿱一厶⿱十一⿵戊𠃌,至
15581,15581,15581,臸,⿰⿱⿱一厶⿱十一⿱⿱一厶⿱十一,至
15582,15582,15582,臺,⿳⿱⿱十一口冖⿱⿱一厶⿱十一,至
15583,15583,15583,臻,⿰⿱⿱一厶⿱十一⿱⿻⿱一⿱一一人⿱丿木,至
15584,15584,15584,舟,舟,舟
15585,15585,15585,舠,⿰舟⿹𠃌丿,舟
15586,15586,15586,舡,⿰舟工,舟
15587,15587,15587,舤,⿰舟⿵几丶,舟
15588,15588,15588,舢,⿰舟山,舟
15589,15589,15589,舣,⿰舟⿶⿻丿乀丶,舟
15590,15590,15590,舱,⿰舟⿱人㔾,舟
15591,15591,15591,般,⿰舟⿱𠘧又,舟
15592,15592,15592,舨,⿰舟⿸𠂆又,舟
15593,15593,15593,舭,⿰舟比,舟
15594,15594,15594,舩,⿰舟⿱八厶,舟
15595,15595,15595,舧,⿰舟⿵⿱丿几丶,舟
15596,15596,15596,舫,⿰舟⿱⿱丶一&CDP-8B6C;,舟
15597,15597,15597,航,⿰舟⿱⿱丶一几,舟
15598,15598,15598,舰,⿰舟见,舟
15599,15599,15599,舮,⿰舟⿱丶尸,舟
15600,15600,15600,舥,⿰舟巴,舟
15601,15601,15601,舦,⿰舟⿵⿻一人丶,舟
15602,15602,15602,舯,⿰舟⿻口丨,舟
15603,15603,15603,舶,⿰舟白,舟
15604,15604,15604,船,⿰舟⿱𠘧口,舟
15605,15605,15605,舵,⿰舟⿱宀⿺乚丿,舟
15606,15606,15606,舸,⿰舟⿹⿱一亅口,舟
15607,15607,15607,舲,⿰舟⿱⿱人丶龴,舟
15608,15608,15608,舻,⿰舟⿱⺊尸,舟
15609,15609,15609,舺,⿰舟甲,舟
15610,15610,15610,舷,⿰舟⿱⿱丶一⿰&CDP-895C;丶,舟
15611,15611,15611,舳,⿰舟由,舟
15612,15612,15612,舼,⿰舟⿱⿱⿻十丨一八,舟
15613,15613,15613,舴,⿰舟乍,舟
15614,15614,15614,舿,⿰舟⿱⿻一人⿱一⿱一㇉,舟
15615,15615,15615,舽,⿰舟⿱夂㐄,舟
15616,15616,15616,艇,⿰舟⿺廴⿱丿⿱十一,舟
15617,15617,15617,舾,⿰舟⿱一⿻⿰丿乚口,舟
15618,15618,15618,艂,⿰舟⿱夂⿻⿱一⿱一一丨,舟
15619,15619,15619,艀,⿰舟⿱⿱丿𭕄子,舟
15620,15620,15620,艆,⿰舟⿱丶艮,舟
15621,15621,15621,艃,⿰舟⿱&CDP-8BD9;一,舟
15622,15622,15622,艄,⿰舟⿱⺌月,舟
15623,15623,15623,艈,⿰舟⿱⿻一厶⿴⿰丿乚丨,舟
15624,15624,15624,艉,⿰舟⿸尸⿱丿&CDP-8A43;,舟
15625,15625,15625,艅,⿰舟⿱⿱人一朩,舟
15626,15626,15626,艁,⿰舟⿱⿰丿土口,舟
15627,15627,15627,艊,⿰舟⿱白巾,舟
15628,15628,15628,艍,⿰舟⿸尸⿱十口,舟
15629,15629,15629,艋,⿰舟⿱子皿,舟
15630,15630,15630,艌,⿰舟⿱⿱⿱人丶㇇心,舟
15631,15631,15631,艑,⿰舟⿸⿱丶尸⿵冂⿻十丨,舟
15632,15632,15632,艖,⿰舟⿸⿱⿱丷一&CDP-8BF1;工,舟
15633,15633,15633,艓,⿰舟⿱世木,舟
15634,15634,15634,艔,⿰舟⿸广⿱廿又,舟
15635,15635,15635,艎,⿰舟⿱白⿱一⿱十一,舟
15636,15636,15636,艐,⿰舟⿳⿶凵㐅八夂,舟
15637,15637,15637,艒,⿰舟⿱⿵冂⿱一一目,舟
15638,15638,15638,艏,⿰舟⿱⿱丷一自,舟
15639,15639,15639,艘,⿰舟⿱&CDP-884F;又,舟
15640,15640,15640,艕,⿰舟⿱&CDP-8BEC;⿱⿱丶一&CDP-8B6C;,舟
15641,15641,15641,艙,⿰舟⿱⿱人丶⿸&CDP-89CE;口,舟
15642,15642,15642,艗,⿰舟⿱&CDP-8CF0;皿,舟
15643,15643,15643,艚,⿰舟⿱&CDP-8D61;日,舟
15644,15644,15644,艜,⿰舟⿳&CDP-8C4B;冖巾,舟
15645,15645,15645,艛,⿰舟⿱&CDP-89C5;女,舟
15646,15646,15646,艝,⿰舟⿱⿱一⿻冂&CDP-8C41;彐,舟
15647,15647,15647,艟,⿰舟⿱⿱&CDP-8BAE;一⿱&CDP-8BD9;一,舟
15648,15648,15648,艠,⿰舟⿱⿰&CDP-88D3;&CDP-88D5;豆,舟
15649,15649,15649,艥,⿰舟⿰⿱口耳⿻⿺⿻一乚丶丿,舟
15650,15650,15650,艞,⿰舟⿱竹兆,舟
15651,15651,15651,艡,⿰舟⿱⿱⿱⺌冖口田,舟
15652,15652,15652,艧,⿰舟⿱艹⿱隹又,舟
15653,15653,15653,艣,⿰舟⿸⿸⿱⺊&CDP-88E2;⿻㇀乚⿱田⿻丿𠃌,舟
15654,15654,15654,艨,⿰舟⿱艹⿳冖一⿱一𧰨,舟
15655,15655,15655,艢,⿰舟⿱&CDP-8D5B;⿴囗口,舟
15656,15656,15656,艤,⿰舟⿱⿱⿱丷一⿱十一我,舟
15657,15657,15657,艦,⿰舟⿱⿰臣&CDP-89BC;皿,舟
15658,15658,15658,艩,⿰舟⿱&CDP-8DEB;&CDP-89C6;,舟
15659,15659,15659,艪,⿰舟⿱⿳𠂊田灬日,舟
15660,15660,15660,艫,⿰舟⿸⿸⿱⺊&CDP-88E2;⿻㇀乚&CDP-8CF4;,舟
15661,15661,15661,艬,⿰舟⿱⿱⿱𠂊口比⿷⿱𠂊&CDP-8BCB;丶,舟
15662,15662,15662,艭,⿰舟⿱⿰隹隹又,舟
15663,15663,15663,衣,⿱⿱丶一𧘇,衣
15664,15664,15664,表,⿱龶𧘇,衣
15665,15665,15665,袃,⿱⿰⿻㇀乚⿹𠃌丿⿱⿱丶一𧘇,衣
15666,15666,15666,衮,⿳⿱丶一⿱八厶𧘇,衣
15667,15667,15667,袅,⿹&CDP-8964;⿱⿱丶一𧘇,衣
15668,15668,15668,衾,⿱⿱⿱人丶㇇⿱⿱丶一𧘇,衣
15669,15669,15669,衰,⿳⿱丶一&CDP-89EF;𧘇,衣
15670,15670,15670,衺,⿳⿱丶一牙𧘇,衣
15671,15671,15671,袁,⿱⿱⿱十一口𧘇,衣
15672,15672,15672,衷,⿳⿱丶一⿻口丨𧘇,衣
15673,15673,15673,袋,⿱⿰亻⿺⿻一乚丶⿱⿱丶一𧘇,衣
15674,15674,15674,袞,⿳⿱丶一⿱八口𧘇,衣
15675,15675,15675,袈,⿱⿰⿻丿𠃌口⿱⿱丶一𧘇,衣
15676,15676,15676,袤,⿳⿱丶一⿱龴⿹⿱乛亅丿𧘇,衣
15677,15677,15677,袌,⿳⿱丶一⿹勹巳𧘇,衣
15678,15678,15678,袰,⿱母⿱⿱丶一𧘇,衣
15679,15679,15679,袭,⿱⿻⿺尢丶丿⿱⿱丶一𧘇,衣
15680,15680,15680,袬,⿳⿱丶一⿱厶口𧘇,衣
15681,15681,15681,袠,⿳⿱丶一⿰丿⿻⿱一一人𧘇,衣
15682,15682,15682,袲,⿳⿱丶一⿱⿴𠂊丶⿴𠂊丶𧘇,衣
15683,15683,15683,裁,⿹⿶⿻⿺⿻一乚丶丿十⿱⿱丶一𧘇,衣
15684,15684,15684,褁,⿱⿻日木𧘇,衣
15685,15685,15685,裂,⿱⿰⿱一⿴𠂊丶刂⿱⿱丶一𧘇,衣
15686,15686,15686,裒,⿳⿱丶一臼𧘇,衣
15687,15687,15687,装,⿱⿰丬⿱十一⿱⿱丶一𧘇,衣
15688,15688,15688,裚,⿱⿰扌⿸𠂆⿱一丨⿱⿱丶一𧘇,衣
15689,15689,15689,裏,⿳⿱丶一⿱&CDP-8BD9;一𧘇,衣
15690,15690,15690,裊,⿹&CDP-8CBB;⿱⿱丶一𧘇,衣
15691,15691,15691,裘,⿱⿺&CDP-85DC;丶⿱⿱丶一𧘇,衣
15692,15692,15692,裠,⿱⿸⿻&CDP-8BAB;丿口⿱⿱丶一𧘇,衣
15693,15693,15693,裟,⿱⿰氵⿱小丿⿱⿱丶一𧘇,衣
15694,15694,15694,裔,⿱⿱⿱丶一𧘇⿵冂⿱八口,衣
15695,15695,15695,裛,⿳⿱丶一⿱口巴𧘇,衣
15696,15696,15696,裝,⿱⿰爿⿱十一⿱⿱丶一𧘇,衣
15697,15697,15697,裳,⿱⿱⿱⺌冖口⿱⿱丶一𧘇,衣
15698,15698,15698,裻,⿱⿰⿱⿱⺊一小又⿱⿱丶一𧘇,衣
15699,15699,15699,裹,⿳⿱丶一⿻日木𧘇,衣
15700,15700,15700,裴,⿱非⿱⿱丶一𧘇,衣
15701,15701,15701,裵,⿳⿱丶一非𧘇,衣
15702,15702,15702,褏,⿳⿱丶一⿰&CDP-8CAC;由𧘇,衣
15703,15703,15703,褎,⿳⿱丶一⿰&CDP-8CAC;⿱丿木𧘇,衣
15704,15704,15704,製,⿱⿰&CDP-89EC;刂⿱⿱丶一𧘇,衣
15705,15705,15705,褒,⿳⿱丶一⿰亻⿱口木𧘇,衣
15706,15706,15706,裦,⿳⿱丶一⿰&CDP-8CAC;⿱龴⿹⿱乛亅丿𧘇,衣
15707,15707,15707,褢,⿳⿱丶一⿱⿱丿田⿺⿰丿乚厶𧘇,衣
15708,15708,15708,褜,⿱⿰月⿹勹巳⿱⿱丶一𧘇,衣
15709,15709,15709,褩,⿱⿰舟⿱𠘧又⿱⿱丶一𧘇,衣
15710,15710,15710,襃,⿳⿱丶一⿰&CDP-8CAC;⿱口木𧘇,衣
15711,15711,15711,褱,⿳⿱丶一⿱罒&CDP-8977;𧘇,衣
15712,15712,15712,褭,⿳⿱丶一⿹&CDP-896A;灬𧘇,衣
15713,15713,15713,褰,⿱⿳宀⿱井一八⿱⿱丶一𧘇,衣
15714,15714,15714,褮,⿱⿱⿰⿱八人⿱八人冖⿱⿱丶一𧘇,衣
15715,15715,15715,褺,⿱⿰⿱⿱十一⿱丷干⿻九丶⿱⿱丶一𧘇,衣
15716,15716,15716,褽,⿱⿰⿸尸示寸⿱⿱丶一𧘇,衣
15717,15717,15717,褻,⿳⿱丶一⿰⿱⿱⿱十一⿰丿乚⿱十一⿻九丶𧘇,衣
15718,15718,15718,襄,⿳⿱丶一&CDP-8CA3;𧘇,衣
15719,15719,15719,襞,⿱⿰⿸尸口⿱⿱&CDP-8BAE;一十⿱⿱丶一𧘇,衣
15720,15720,15720,襲,⿱⿰⿱⿱&CDP-8BAE;一月&CDP-89B0;⿱⿱丶一𧘇,衣
15721,15721,15721,竹,竹,竹
15722,15722,15722,竻,⿱竹⿻丿𠃌,竹
15723,15723,15723,竺,⿱竹⿱一一,竹
15724,15724,15724,竾,⿱竹也,竹
15725,15725,15725,笃,⿱竹⿹&CDP-8A77;一,竹
15726,15726,15726,竿,⿱竹干,竹
15727,15727,15727,笈,⿱竹及,竹
15728,15728,15728,笀,⿱竹⿱⿱丶一𠃊,竹
15729,15729,15729,竼,⿱竹⿵几丶,竹
15730,15730,15730,笂,⿱竹⿻九丶,竹
15731,15731,15731,竽,⿱竹于,竹
15732,15732,15732,笁,⿱竹工,竹
15733,15733,15733,笓,⿱竹比,竹
15734,15734,15734,笆,⿱竹巴,竹
15735,15735,15735,笒,⿱竹⿱⿱人丶㇇,竹
15736,15736,15736,笐,⿱竹⿱⿱丶一几,竹
15737,15737,15737,笏,⿱竹⿹勹&CDP-89A6;,竹
15738,15738,15738,笅,⿱竹⿱㐅⿻丿乀,竹
15739,15739,15739,笄,⿱竹⿱一⿻一&CDP-8BF5;,竹
15740,15740,15740,笉,⿱竹⿹勹冫,竹
15741,15741,15741,笇,⿱竹⿱丶⿱一卜,竹
15742,15742,15742,笋,⿱竹⿻&CDP-8BAB;丿,竹
15743,15743,15743,笑,⿱竹⿱丿⿻一人,竹
15744,15744,15744,笎,⿱竹⿱一⿱一⿰丿乚,竹
15745,15745,15745,笌,⿱竹牙,竹
15746,15746,15746,笖,⿱竹以,竹
15747,15747,15747,笍,⿱竹⿻冂人,竹
15748,15748,15748,笊,⿱竹爪,竹
15749,15749,15749,笫,⿱竹⿹&CDP-87C2;丿,竹
15750,15750,15750,笾,⿱竹⿺辶⿻丿𠃌,竹
15751,15751,15751,笨,⿱竹本,竹
15752,15752,15752,笣,⿱竹⿹勹巳,竹
15753,15753,15753,笞,⿱竹⿱厶口,竹
15754,15754,15754,笧,⿱竹册,竹
15755,15755,15755,笪,⿱竹⿱日一,竹
15756,15756,15756,第,⿱竹⿹⿻弓丨丿,竹
15757,15757,15757,笛,⿱竹由,竹
15758,15758,15758,笚,⿱竹甲,竹
15759,15759,15759,笗,⿱竹⿱夂⿱丶丶,竹
15760,15760,15760,笵,⿱竹⿰氵㔾,竹
15761,15761,15761,笩,⿱竹⿰亻⿺⿻一乚丶,竹
15762,15762,15762,笲,⿱竹⿱厶⿻一&CDP-8BF5;,竹
15763,15763,15763,符,⿱竹⿰亻寸,竹
15764,15764,15764,笰,⿱竹⿻弓&CDP-8BF5;,竹
15765,15765,15765,笟,⿱竹瓜,竹
15766,15766,15766,笴,⿱竹⿹⿱一亅口,竹
15767,15767,15767,笱,⿱竹⿹勹口,竹
15768,15768,15768,笳,⿱竹⿰⿻丿𠃌口,竹
15769,15769,15769,笺,⿱竹⿻⿻⿺⿻一乚丶丿一,竹
15770,15770,15770,笠,⿱竹⿱&CDP-8BAE;一,竹
15771,15771,15771,笭,⿱竹⿱⿱人丶龴,竹
15772,15772,15772,笽,⿱竹皿,竹
15773,15773,15773,笷,⿱竹⿰𠂎卩,竹
15774,15774,15774,笢,⿱竹民,竹
15775,15775,15775,笝,⿱竹⿴囗又,竹
15776,15776,15776,笯,⿱竹⿰女又,竹
15777,15777,15777,笸,⿱竹⿷匚口,竹
15778,15778,15778,笡,⿱竹且,竹
15779,15779,15779,笻,⿱竹⿰工卩,竹
15780,15780,15780,筇,⿱竹⿰工阝,竹
15781,15781,15781,笘,⿱竹⿱⺊口,竹
15782,15782,15782,笙,⿱竹生,竹
15783,15783,15783,笶,⿱竹⿱𠂉⿻一人,竹
15784,15784,15784,笥,⿱竹⿹𠃌⿱一口,竹
15785,15785,15785,笤,⿱竹⿱⿹𠃌丿口,竹
15786,15786,15786,笹,⿱竹世,竹
15787,15787,15787,笜,⿱竹⿱⿻凵丨凵,竹
15788,15788,15788,笮,⿱竹乍,竹
15789,15789,15789,筚,⿱⿱竹比十,竹
15790,15790,15790,筆,⿱竹⿻⿻&CDP-8BAB;丨⿱一一,竹
15791,15791,15791,筬,⿱竹⿵戊𠃌,竹
15792,15792,15792,筂,⿱竹⿰氵也,竹
15793,15793,15793,策,⿱竹朿,竹
15794,15794,15794,答,⿱竹⿱⿱人一口,竹
15795,15795,15795,筜,⿱竹⿱⺌彐,竹
15796,15796,15796,等,⿱竹⿱⿱十一寸,竹
15797,15797,15797,筏,⿱竹⿰亻⿻⿺⿻一乚丶丿,竹
15798,15798,15798,筀,⿱竹⿱⿱十一⿱十一,竹
15799,15799,15799,筕,⿱竹⿰彳⿱一⿱一亅,竹
15800,15800,15800,筊,⿱竹⿱⿱丶一⿱八⿻丿乀,竹
15801,15801,15801,筓,⿱竹⿰干干,竹
15802,15802,15802,筋,⿱竹⿰月⿻丿𠃌,竹
15803,15803,15803,筥,⿱竹⿱口口,竹
15804,15804,15804,筈,⿱竹⿱⿱丿十口,竹
15805,15805,15805,筐,⿱竹⿷匚⿱一⿱十一,竹
15806,15806,15806,筘,⿱竹⿰扌口,竹
15807,15807,15807,笿,⿱竹⿱夂口,竹
15808,15808,15808,筙,⿱竹⿻一未,竹
15809,15809,15809,筌,⿱竹⿱人⿱一⿱十一,竹
15810,15810,15810,筁,⿱竹曲,竹
15811,15811,15811,筎,⿱竹⿰女口,竹
15812,15812,15812,筛,⿱竹⿰&CDP-8968;⿱一巾,竹
15813,15813,15813,筍,⿱竹⿹勹日,竹
15814,15814,15814,筳,⿱竹⿺廴⿱丿⿱十一,竹
15815,15815,15815,筒,⿱竹⿵⿵冂一口,竹
15816,15816,15816,筄,⿱竹兆,竹
15817,15817,15817,筅,⿱竹⿱⿰丿土⿰丿乚,竹
15818,15818,15818,筵,⿱竹⿺廴⿱丿&CDP-8960;,竹
15819,15819,15819,筃,⿱竹⿴囗⿻一人,竹
15820,15820,15820,筗,⿱竹⿰亻⿻口丨,竹
15821,15821,15821,筑,⿱竹⿰工⿵几丶,竹
15822,15822,15822,筝,⿱竹⿱𠂊&CDP-8BFE;,竹
15823,15823,15823,筹,⿱竹⿸⿻⿱一⿱一一丨寸,竹
15824,15824,15824,筞,⿱竹⿱宀木,竹
15825,15825,15825,筴,⿱竹⿻⿻一人⿰人人,竹
15826,15826,15826,筟,⿱竹⿱⿱丿𭕄子,竹
15827,15827,15827,筦,⿱竹⿱宀⿱一⿱一⿰丿乚,竹
15828,15828,15828,筻,⿱竹⿱一&CDP-89E7;,竹
15829,15829,15829,筶,⿱竹⿱⿰丿土口,竹
15830,15830,15830,筸,⿱竹⿱日干,竹
15831,15831,15831,筨,⿱竹⿱⿱⿱人丶㇇口,竹
15832,15832,15832,節,⿱竹⿰&CDP-8B7C;卩,竹
15833,15833,15833,筧,⿱竹⿱目⿰丿乚,竹
15834,15834,15834,简,⿱竹⿵门日,竹
15835,15835,15835,箪,⿱竹⿱丷&CDP-8BD9;,竹
15836,15836,15836,筠,⿱竹⿰⿱十一⿹勹冫,竹
15837,15837,15837,筷,⿱竹⿰忄⿻𠃍⿻一人,竹
15838,15838,15838,筺,⿱竹⿷匚⿷⿱一⿱十一丶,竹
15839,15839,15839,筤,⿱竹⿱丶艮,竹
15840,15840,15840,筣,⿱竹⿰⿱丿木刂,竹
15841,15841,15841,筽,⿱竹⿱口⿱一⿻一人,竹
15842,15842,15842,筢,⿱竹⿰扌巴,竹
15843,15843,15843,签,⿱竹⿳⿱人一𭕄一,竹
15844,15844,15844,筮,⿱竹⿻工⿰人人,竹
15845,15845,15845,筲,⿱竹⿱⺌月,竹
15846,15846,15846,筭,⿱竹⿱⿱一⿱十一⿻一&CDP-8BF5;,竹
15847,15847,15847,筡,⿱竹⿱⿱人一朩,竹
15848,15848,15848,筩,⿱竹⿱龴⿵冂&CDP-8BF1;,竹
15849,15849,15849,筪,⿱竹⿷匚甲,竹
15850,15850,15850,筱,⿱竹⿰&CDP-8B7A;攵,竹
15851,15851,15851,筿,⿱竹⿱夂朩,竹
15852,15852,15852,筼,⿱竹⿱口贝,竹
15853,15853,15853,筯,⿱竹⿰且⿻丿𠃌,竹
15854,15854,15854,筰,⿱竹⿰亻乍,竹
15855,15855,15855,箅,⿱竹⿱田⿱一&CDP-8BF5;,竹
15856,15856,15856,箆,⿳竹⿵冂人比,竹
15857,15857,15857,箔,⿱竹⿰氵白,竹
15858,15858,15858,箄,⿱竹⿱&CDP-89BE;十,竹
15859,15859,15859,箠,⿱竹⿳丿&CDP-876E;一,竹
15860,15860,15860,箎,⿱竹⿸⿸⿱⺊&CDP-88E2;⿻㇀乚几,竹
15861,15861,15861,箣,⿱竹⿰朿刂,竹
15862,15862,15862,箙,⿱竹⿰月⿸卩又,竹
15863,15863,15863,箉,⿱竹⿰扌⿱口⿻丿𠃌,竹
15864,15864,15864,管,⿱竹⿱宀㠯,竹
15865,15865,15865,箇,⿱竹⿴囗⿱十口,竹
15866,15866,15866,箍,⿱竹⿰扌⿷匚巾,竹
15867,15867,15867,箛,⿱竹⿰子瓜,竹
15868,15868,15868,箕,⿱竹⿱&CDP-8B72;八,竹
15869,15869,15869,箋,⿱竹⿱⿻⿺⿻一乚丶丿⿻⿺⿻一乚丶丿,竹
15870,15870,15870,箘,⿱竹⿴囗⿱丿木,竹
15871,15871,15871,箟,⿱竹⿱日比,竹
15872,15872,15872,箜,⿱竹⿱⿱宀八工,竹
15873,15873,15873,篓,⿱竹⿱米女,竹
15874,15874,15874,篋,⿱竹⿷匚⿻⿻一人⿰人人,竹
15875,15875,15875,箩,⿱竹⿱罒⿴𠂊丶,竹
15876,15876,15876,箂,⿱竹⿻木⿰人人,竹
15877,15877,15877,箖,⿱竹⿰木木,竹
15878,15878,15878,箓,⿱竹⿱彐⿻亅&CDP-89AE;,竹
15879,15879,15879,箁,⿱竹⿱⿱&CDP-8BAE;一口,竹
15880,15880,15880,箥,⿱竹⿰氵皮,竹
15881,15881,15881,箝,⿱竹⿰扌甘,竹
15882,15882,15882,箧,⿱竹⿷匚⿻⿻⿱一一人丷,竹
15883,15883,15883,箞,⿱竹⿱⿱丷⿻⿱一一人㔾,竹
15884,15884,15884,箐,⿱竹⿱龶月,竹
15885,15885,15885,箬,⿱竹⿱艹⿸𠂇口,竹
15886,15886,15886,箑,⿱竹疌,竹
15887,15887,15887,算,⿱竹⿱目⿻一&CDP-8BF5;,竹
15888,15888,15888,箨,⿱竹⿰扌⿱又&CDP-8BF1;,竹
15889,15889,15889,箈,⿱竹⿰氵⿱厶口,竹
15890,15890,15890,箢,⿱竹⿱宀⿰⿴𠂊丶㔾,竹
15891,15891,15891,箊,⿱竹⿰⿱⿱丶一&CDP-8B6C;⿱人⿱丶丶,竹
15892,15892,15892,箌,⿱竹⿰⿱⿱一厶⿱十一刂,竹
15893,15893,15893,箚,⿱竹⿰⿱⿱人一口刂,竹
15894,15894,15894,箸,⿱竹⿸耂日,竹
15895,15895,15895,箏,⿱竹⿱⿱丿𭕄&CDP-8BFE;,竹
15896,15896,15896,箤,⿱竹⿱⿱⿱丶一⿰人人十,竹
15897,15897,15897,箃,⿱竹⿰耳又,竹
15898,15898,15898,箯,⿱竹⿰亻⿱一&CDP-89E7;,竹
15899,15899,15899,篅,⿱竹⿱山⿱一⿱丿⿵冂⿰丨丨,竹
15900,15900,15900,篨,⿱竹⿰阝⿱⿱人一朩,竹
15901,15901,15901,箺,⿱竹⿱⿻⿱一⿱一一人日,竹
15902,15902,15902,箽,⿱竹重,竹
15903,15903,15903,範,⿱竹⿰車㔾,竹
15904,15904,15904,篈,⿱竹⿰⿱⿱十一⿱十一寸,竹
15905,15905,15905,篐,⿱竹⿰木⿷匚巾,竹
15906,15906,15906,篁,⿱竹⿱白⿱一⿱十一,竹
15907,15907,15907,篊,⿱竹⿰氵⿱⿱⿻十丨一八,竹
15908,15908,15908,篌,⿱竹⿰亻&CDP-8BC7;,竹
15909,15909,15909,箶,⿱竹⿰⿱十口月,竹
15910,15910,15910,箭,⿱竹⿱⿱丷一⿰月刂,竹
15911,15911,15911,箿,⿱竹⿱口耳,竹
15912,15912,15912,篑,⿱竹⿱⿱⿻口丨一贝,竹
15913,15913,15913,箻,⿱竹⿰彳⿻⿻&CDP-8BAB;丨⿱一一,竹
15914,15914,15914,篎,⿱竹⿰目⿱小丿,竹
15915,15915,15915,篃,⿱竹⿸𠃜目,竹
15916,15916,15916,篇,⿱竹⿸⿱丶尸⿵冂⿻十丨,竹
15917,15917,15917,箳,⿱竹⿸尸⿱丷⿱一⿻一&CDP-8BF5;,竹
15918,15918,15918,篏,⿱竹⿰甘欠,竹
15919,15919,15919,篍,⿱竹⿰⿱丿木⿱八人,竹
15920,15920,15920,箾,⿱竹⿰⿱⺌月刂,竹
15921,15921,15921,箷,⿱竹⿰⿱⿱丶一&CDP-8B6C;⿱𠂉也,竹
15922,15922,15922,箰,⿱⿱竹⿹勹日子,竹
15923,15923,15923,箼,⿱竹⿸尸⿱⿱一厶⿱十一,竹
15924,15924,15924,箱,⿱竹⿰木目,竹
15925,15925,15925,箲,⿱竹⿰氵⿱⿰丿土⿰丿乚,竹
15926,15926,15926,箮,⿱竹⿱宀⿱一⿱日一,竹
15927,15927,15927,箵,⿱竹⿱⿱小丿目,竹
15928,15928,15928,篂,⿱竹⿱日生,竹
15929,15929,15929,箹,⿱竹⿰⿱⿰&CDP-895C;丶&CDP-885E;⿹勹丶,竹
15930,15930,15930,篒,⿱竹⿱人⿱丶艮,竹
15931,15931,15931,篆,⿱竹⿱彑𧰨,竹
15932,15932,15932,箴,⿱竹⿵⿵戊一口,竹
15933,15933,15933,篦,⿱竹⿱⿴⿱丿囗㐅比,竹
15934,15934,15934,篳,⿱竹⿻&CDP-87C5;一,竹
15935,15935,15935,篰,⿱竹⿰⿱⿱&CDP-8BAE;一口阝,竹
15936,15936,15936,篪,⿱竹⿸𠂆⿸⿸⿱⺊&CDP-88E2;⿻㇀乚几,竹
15937,15937,15937,篘,⿱竹⿱&CDP-8D65;&CDP-8D65;,竹
15938,15938,15938,篡,⿱⿳竹目⿻一人厶,竹
15939,15939,15939,篤,⿱竹⿹&CDP-896A;灬,竹
15940,15940,15940,篚,⿱竹⿷匚非,竹
15941,15941,15941,篙,⿱竹⿳⿱丶一口⿵冂口,竹
15942,15942,15942,篝,⿱竹⿱⿱井一冉,竹
15943,15943,15943,篕,⿱竹⿱⿱⿱十一厶皿,竹
15944,15944,15944,篯,⿱竹⿰钅⿻⿻⿺⿻一乚丶丿一,竹
15945,15945,15945,篮,⿱竹⿱⿰⿰丨丨&CDP-89BC;皿,竹
15946,15946,15946,篥,⿱竹⿱⿱一&CDP-86EA;木,竹
15947,15947,15947,篱,⿱竹⿱⿱⿱丶一⿶凵㐅⿻冂厶,竹
15948,15948,15948,篭,⿱竹⿱⿱&CDP-8BAE;一&CDP-8BE8;,竹
15949,15949,15949,篢,⿱竹⿱工⿱目八,竹
15950,15950,15950,篞,⿱竹⿰氵⿱日⿱十一,竹
15951,15951,15951,篣,⿱竹⿱&CDP-8BEC;⿱⿱丶一&CDP-8B6C;,竹
15952,15952,15952,篷,⿱竹⿺辶⿱夂⿻⿱一⿱一一丨,竹
15953,15953,15953,篟,⿱竹⿰亻⿱龶月,竹
15954,15954,15954,篬,⿱竹⿱⿱人丶⿸&CDP-89CE;口,竹
15955,15955,15955,篛,⿱竹⿰&CDP-8CC4;&CDP-8CC4;,竹
15956,15956,15956,篩,⿱竹⿰⿱丿㠯⿱一巾,竹
15957,15957,15957,簑,⿱竹⿳⿱丶一&CDP-89EF;𧘇,竹
15958,15958,15958,篖,⿱竹⿸广&CDP-8CC1;,竹
15959,15959,15959,篠,⿱竹⿰&CDP-8B7A;⿱夂朩,竹
15960,15960,15960,篗,⿱竹⿱隹又,竹
15961,15961,15961,篔,⿱竹⿱口⿱目八,竹
15962,15962,15962,篜,⿱竹⿱⿱⿱乛⿲㇇亅&CDP-85BF;一灬,竹
15963,15963,15963,篼,⿱竹⿱⿲&CDP-8CBD;白コ⿰丿乚,竹
15964,15964,15964,篺,⿱竹⿰扌⿱&CDP-89BE;十,竹
15965,15965,15965,篧,⿱竹⿻冖隹,竹
15966,15966,15966,築,⿱⿱竹⿰工⿵几丶木,竹
15967,15967,15967,篫,⿱⿱竹⿰工⿵几丶手,竹
15968,15968,15968,篴,⿱竹⿺辶⿱一𧰨,竹
15969,15969,15969,篹,⿱⿳竹目⿻一人㔾,竹
15970,15970,15970,簉,⿱竹⿺辶⿱⿰丿土口,竹
15971,15971,15971,簅,⿱竹⿸⿱&CDP-8BAE;厂生,竹
15972,15972,15972,簒,⿱⿳竹目⿻一人⿱丿厶,竹
15973,15973,15973,簎,⿱竹⿰扌⿱⿱⿻十丨一日,竹
15974,15974,15974,簇,⿱竹⿰⿱⿱丶一&CDP-8B6C;⿱𠂉⿱𠂉⿻一人,竹
15975,15975,15975,篵,⿱竹⿰彳&CDP-8BB0;,竹
15976,15976,15976,簓,⿱竹⿰⿵⺆⿱⿱十一口彡,竹
15977,15977,15977,簖,⿱竹⿰⿺𠃊米⿸𠂆⿱一丨,竹
15978,15978,15978,簂,⿱竹⿴囗⿹⿻⿺⿻一乚丶丿⿱口一,竹
15979,15979,15979,簧,⿱竹⿳⿱⿻十丨一由八,竹
15980,15980,15980,篲,⿱竹⿱⿰⿻⿱一⿱一一丨⿻⿱一⿱一一丨彐,竹
15981,15981,15981,簄,⿱竹⿸⿱丶尸⿱口巴,竹
15982,15982,15982,簊,⿱竹⿱⿱&CDP-8B72;八⿱十一,竹
15983,15983,15983,簆,⿱竹⿱宀⿺⿱一⿱一⿰丿乚攵,竹
15984,15984,15984,簕,⿱竹⿰革⿻丿𠃌,竹
15985,15985,15985,簏,⿱竹⿸&CDP-8D56;比,竹
15986,15986,15986,簍,⿱竹⿱&CDP-89C5;女,竹
15987,15987,15987,篾,⿳竹罒⿵戊丶,竹
15988,15988,15988,簐,⿱竹⿰車欠,竹
15989,15989,15989,篻,⿱竹⿱⿱一&CDP-86EA;示,竹
15990,15990,15990,簈,⿱竹⿸尸⿰⿱丿干⿱丿干,竹
15991,15991,15991,簁,⿱竹⿰彳⿱止龰,竹
15992,15992,15992,簔,⿱竹⿳⿱丶一&CDP-89EF;𧘇,竹
15993,15993,15993,簌,⿱竹⿰束欠,竹
15994,15994,15994,篿,⿱竹⿱&CDP-8BD0;寸,竹
15995,15995,15995,簘,⿱竹粛,竹
15996,15996,15996,簃,⿱竹⿰⿱丿木⿱⿴𠂊丶⿴𠂊丶,竹
15997,15997,15997,篶,⿱竹⿱⿱一止&CDP-8DBF;,竹
15998,15998,15998,簻,⿱竹⿺辶⿵⿱⿵冂𠃍冂口,竹
15999,15999,15999,簗,⿱竹⿱&CDP-8DBC;木,竹
16000,16000,16000,簙,⿱竹⿰十⿱⿺&CDP-86B7;丶寸,竹
16001,16001,16001,簟,⿱竹⿱⿱一&CDP-86EA;⿱日十,竹
16002,16002,16002,簤,⿱竹⿱罒⿱目八,竹
16003,16003,16003,簜,⿱竹⿰氵⿱⿱日一⿹勹&CDP-89A6;,竹
16004,16004,16004,簞,⿱竹⿱⿰口口&CDP-8BD9;,竹
16005,16005,16005,簦,⿱竹⿱⿰&CDP-88D3;&CDP-88D5;豆,竹
16006,16006,16006,簥,⿱竹⿱⿱⿱丿⿻一人口⿵冂口,竹
16007,16007,16007,簡,⿱竹⿵⿰𠁣𠃛日,竹
16008,16008,16008,簣,⿱竹⿱⿱⿻口丨一⿱目八,竹
16009,16009,16009,簝,⿱竹⿱⿱⿻⿻一人丷日小,竹
16010,16010,16010,簩,⿱竹⿱⿱⿰⿱八人⿱八人冖⿻丿𠃌,竹
16011,16011,16011,簶,⿱竹⿰礻⿱彐⿻亅&CDP-89AE;,竹
16012,16012,16012,簚,⿳竹罒⿹⿻⿺⿻一乚丶丿巾,竹
16013,16013,16013,簢,⿱竹⿵⿰𠁣𠃛⿱⿱丶一⿻丿乀,竹
16014,16014,16014,簰,⿱竹⿰片⿱&CDP-89BE;十,竹
16015,16015,16015,簲,⿱竹⿰月⿱&CDP-89BE;十,竹
16016,16016,16016,簱,⿱竹⿰⿱⿱丶一&CDP-8B6C;⿱&CDP-8B72;八,竹
16017,16017,16017,簯,⿱竹⿰木⿱&CDP-8B72;八,竹
16018,16018,16018,簭,⿱⿱竹⿻工⿰人人⿱八口,竹
16019,16019,16019,簛,⿱竹⿰⿱&CDP-8B72;八⿸𠂆⿱一丨,竹
16020,16020,16020,簨,⿱竹⿱⿰巳巳⿱⿱⿻十丨一八,竹
16021,16021,16021,篽,⿱竹⿰彳⿰⿱𠂉⿻一&CDP-8960;卩,竹
16022,16022,16022,簸,⿱竹⿰⿱&CDP-8B72;八皮,竹
16023,16023,16023,簿,⿱竹⿰氵⿱⿺&CDP-86B7;丶寸,竹
16024,16024,16024,簹,⿱竹⿱⿱⿱⺌冖口田,竹
16025,16025,16025,簼,⿱竹⿰扌⿱⿱井一冉,竹
16026,16026,16026,簳,⿱竹⿰⿱十⿱日十⿱人干,竹
16027,16027,16027,簴,⿱竹⿸⿸⿸⿱⺊&CDP-88E2;⿻㇀乚⿱&CDP-85F0;一八,竹
16028,16028,16028,簾,⿱竹⿸广⿱⿱丷一&CDP-8CDE;,竹
16029,16029,16029,籁,⿱竹⿰束⿱𠂊贝,竹
16030,16030,16030,簬,⿱竹⿰⿱口止⿱夂口,竹
16031,16031,16031,簵,⿱竹⿰車⿱夂口,竹
16032,16032,16032,簽,⿱竹⿳⿱人一⿰口口⿰人人,竹
16033,16033,16033,籂,⿱竹⿰⿱人&CDP-8C42;⿱𠂉巾,竹
16034,16034,16034,簺,⿱竹⿱⿳宀⿱井一八⿱十一,竹
16035,16035,16035,簫,⿱竹肅,竹
16036,16036,16036,籆,⿱竹⿱艹⿱隹又,竹
16037,16037,16037,簷,⿱竹⿸⿱𠂊厂&CDP-8CC3;,竹
16038,16038,16038,籅,⿱竹⿶&CDP-8BA8;&CDP-8BC2;,竹
16039,16039,16039,籀,⿱竹⿰扌⿱&CDP-8C69;田,竹
16040,16040,16040,籈,⿱竹⿰⿱⿱一&CDP-86EA;⿱十一瓦,竹
16041,16041,16041,籌,⿱竹⿳⿳⿱十一乛工一⿰口寸,竹
16042,16042,16042,籇,⿱竹⿱&CDP-8C4D;⿱一𧰨,竹
16043,16043,16043,籍,⿱竹⿰⿻一未⿱⿱⿻十丨一日,竹
16044,16044,16044,籄,⿱竹⿷匚⿱⿱⿻口丨一⿱目八,竹
16045,16045,16045,籃,⿱竹⿱⿰臣&CDP-89BC;皿,竹
16046,16046,16046,籋,⿱竹⿱一&CDP-88D6;,竹
16047,16047,16047,籏,⿱竹⿰⿱⿱丶一&CDP-8B6C;⿱𠂉⿱&CDP-8B72;八,竹
16048,16048,16048,籉,⿱竹⿳⿱⿱十一口冖⿱⿱一厶⿱十一,竹
16049,16049,16049,籊,⿱竹⿱⿰⿹𠃌冫⿹𠃌冫隹,竹
16050,16050,16050,籎,⿱竹⿰⿱⿺乚丿⿱𠂉⿻一人⿱龴疋,竹
16051,16051,16051,籕,⿱竹⿰木⿱&CDP-8C69;田,竹
16052,16052,16052,籓,⿱竹⿰氵⿱⿱丿米田,竹
16053,16053,16053,籖,⿱竹⿹⿶⿻⿺⿻一乚丶丿十⿱非一,竹
16054,16054,16054,籔,⿱竹⿰⿱&CDP-89C5;女攵,竹
16055,16055,16055,籐,⿱竹⿰月⿱⿱丷⿻⿱一一人⿻亅&CDP-89AE;,竹
16056,16056,16056,籑,⿱⿳竹目⿻一人⿱丶艮,竹
16057,16057,16057,籒,⿱竹⿰扌⿱丣田,竹
16058,16058,16058,籛,⿱竹⿰⿱人&CDP-8DE3;⿱⿻⿺⿻一乚丶丿⿻⿺⿻一乚丶丿,竹
16059,16059,16059,籧,⿱竹⿺辶⿸⿸⿱⺊&CDP-88E2;⿻㇀乚⿱一𧰨,竹
16060,16060,16060,籟,⿱竹⿰束⿱𠂊⿱目八,竹
16061,16061,16061,籠,⿱竹⿰⿱⿱&CDP-8BAE;一月&CDP-89B0;,竹
16062,16062,16062,籙,⿱竹⿰⿱人&CDP-8DE3;⿱彐⿻亅&CDP-89AE;,竹
16063,16063,16063,籚,⿱竹⿸⿸⿱⺊&CDP-88E2;⿻㇀乚&CDP-8CF4;,竹
16064,16064,16064,籡,⿱竹⿰扌⿳⿱人一⿰口口⿰人人,竹
16065,16065,16065,籜,⿱竹⿰扌⿱罒⿱⿱十一⿱丷干,竹
16066,16066,16066,籘,⿱竹⿰月⿱⿱丷⿻⿱一一人⿱⿰&CDP-895C;丶小,竹
16067,16067,16067,籝,⿱竹⿱⿱⿱⿱丶一𠃊口⿲月女⿵几丶,竹
16068,16068,16068,籗,⿱竹⿱⿱一⿻冂&CDP-8C41;隹,竹
16069,16069,16069,籢,⿱竹⿰⿳⿱人一⿰口口⿰人人攵,竹
16070,16070,16070,籨,⿱竹⿰⿳⿱人一⿰口口⿰人人欠,竹
16071,16071,16071,籣,⿱竹⿵⿰𠁣𠃛柬,竹
16072,16072,16072,籤,⿱竹⿹⿶⿻⿺⿻一乚丶丿⿰人人⿱非一,竹
16073,16073,16073,籥,⿱竹⿳⿱人一⿲口口口⿵冂⿻十丨,竹
16074,16074,16074,籞,⿱竹⿱⿰彳⿰⿱𠂉⿻一&CDP-8960;卩示,竹
16075,16075,16075,籦,⿱竹⿰⿱人&CDP-8DE3;重,竹
16076,16076,16076,籩,⿱竹⿺辶⿳自⿱宀八⿱⿱丶一&CDP-8B6C;,竹
16077,16077,16077,籪,⿱竹⿰⿱⿺𠃊⿰⿰&CDP-895C;丶⿰&CDP-895C;丶⿺𠃊⿰⿰&CDP-895C;丶⿰&CDP-895C;丶⿸𠂆⿱一丨,竹
16078,16078,16078,籬,⿱竹⿰⿱⿱⿱丶一⿶凵㐅⿻冂厶隹,竹
16079,16079,16079,籮,⿱竹⿱罒⿰⿱⿰&CDP-895C;丶&CDP-885E;隹,竹
16080,16080,16080,籭,⿱竹⿱⿰⿱一⿵冂一⿱一⿵冂一⿸&CDP-8D56;比,竹
16081,16081,16081,籫,⿱竹⿱⿰⿱⿰丿土⿰丿乚⿱⿰丿土⿰丿乚⿱目八,竹
16082,16082,16082,籰,⿱竹⿱⿱⿰目目隹又,竹
16083,16083,16083,籯,⿱竹⿱⿱⿱⿱丶一𠃊口⿲月⿱目八⿵几丶,竹
16084,16084,16084,籱,⿱竹⿱⿱一⿻冂&CDP-8C41;⿰隹隹,竹
16085,16085,16085,籲,⿱竹⿰⿳⿱人一⿲口口口⿵冂⿻十丨頁,竹
16086,16086,16086,自,自,自
16087,16087,16087,臫,⿰自乚,自
16088,16088,16088,臭,⿱自犬,自
16089,16089,16089,臬,⿱自木,自
16090,16090,16090,臰,⿱自⿸⿱一⿴𠂊丶⿺乚丿,自
16091,16091,16091,臯,⿱自⿻十&CDP-89AE;,自
16092,16092,16092,臮,⿱自&CDP-8C76;,自
16093,16093,16093,臱,⿳自⿱宀八⿱⿱丶一&CDP-8B6C;,自
16094,16094,16094,臲,⿰⿱自木⿸⿱𠂊厂㔾,自
16095,16095,16095,羽,⿰⿹𠃌冫⿹𠃌冫,羽
16096,16096,16096,羾,⿰⿰⿹𠃌冫⿹𠃌冫工,羽
16097,16097,16097,羿,⿱⿰⿹𠃌冫⿹𠃌冫⿻一&CDP-8BF5;,羽
16098,16098,16098,翄,⿰⿰⿹𠃌冫⿹𠃌冫⿱十又,羽
16099,16099,16099,翅,⿺⿱十又⿰⿹𠃌冫⿹𠃌冫,羽
16100,16100,16100,翀,⿰⿰⿹𠃌冫⿹𠃌冫⿻口丨,羽
16101,16101,16101,翆,⿱⿰⿹𠃌冫⿹𠃌冫⿱九十,羽
16102,16102,16102,翂,⿰⿰⿹𠃌冫⿹𠃌冫⿱八⿹𠃌丿,羽
16103,16103,16103,翃,⿰⿸𠂇厶⿰⿹𠃌冫⿹𠃌冫,羽
16104,16104,16104,翁,⿱⿱八厶⿰⿹𠃌冫⿹𠃌冫,羽
16105,16105,16105,翉,⿰本⿰⿹𠃌冫⿹𠃌冫,羽
16106,16106,16106,翇,⿱⿰⿹𠃌冫⿹𠃌冫⿺⿸𠂇又丶,羽
16107,16107,16107,翏,⿱⿰⿹𠃌冫⿹𠃌冫⿱人彡,羽
16108,16108,16108,翋,⿰⿰⿹𠃌冫⿹𠃌冫⿱&CDP-8BAE;一,羽
16109,16109,16109,翎,⿰⿱⿱人丶龴⿰⿹𠃌冫⿹𠃌冫,羽
16110,16110,16110,翍,⿰⿰⿹𠃌冫⿹𠃌冫皮,羽
16111,16111,16111,翑,⿰⿰⿹𠃌冫⿹𠃌冫⿹勹口,羽
16112,16112,16112,翈,⿰甲⿰⿹𠃌冫⿹𠃌冫,羽
16113,16113,16113,習,⿱⿰⿹𠃌冫⿹𠃌冫白,羽
16114,16114,16114,翊,⿰⿱&CDP-8BAE;一⿰⿹𠃌冫⿹𠃌冫,羽
16115,16115,16115,翌,⿱⿰⿹𠃌冫⿹𠃌冫⿱&CDP-8BAE;一,羽
16116,16116,16116,翐,⿰⿰⿹𠃌冫⿹𠃌冫⿰丿⿻⿱一一人,羽
16117,16117,16117,翙,⿰⿱山⿴𠂊丶⿰⿹𠃌冫⿹𠃌冫,羽
16118,16118,16118,翚,⿱⿰⿹𠃌冫⿹𠃌冫⿱冖车,羽
16119,16119,16119,翗,⿰⿱⿴𠂊丶⿴𠂊丶⿰⿹𠃌冫⿹𠃌冫,羽
16120,16120,16120,翘,⿺⿱⿻⿻一乚丿⿱一⿰丿乚⿰⿹𠃌冫⿹𠃌冫,羽
16121,16121,16121,翔,⿰⿱⿱丷一&CDP-8BF1;⿰⿹𠃌冫⿹𠃌冫,羽
16122,16122,16122,翓,⿰⿱⿱十一口⿰⿹𠃌冫⿹𠃌冫,羽
16123,16123,16123,翛,⿰&CDP-8B7A;⿱夂⿰⿹𠃌冫⿹𠃌冫,羽
16124,16124,16124,翕,⿱⿱⿱人一口⿰⿹𠃌冫⿹𠃌冫,羽
16125,16125,16125,翖,⿰⿱⿱人一口⿰⿹𠃌冫⿹𠃌冫,羽
16126,16126,16126,翝,⿰⿱宀⿸𠂇厶⿰⿹𠃌冫⿹𠃌冫,羽
16127,16127,16127,翜,⿱⿰⿹𠃌冫⿹𠃌冫⿻⿻一人⿰人人,羽
16128,16128,16128,翤,⿰⿱口⿵冂⿻十丨⿰⿹𠃌冫⿹𠃌冫,羽
16129,16129,16129,翠,⿱⿰⿹𠃌冫⿹𠃌冫⿱⿱⿱丶一⿰人人十,羽
16130,16130,16130,翢,⿰⿵⺆⿱⿱十一口⿰⿹𠃌冫⿹𠃌冫,羽
16131,16131,16131,翟,⿱⿰⿹𠃌冫⿹𠃌冫隹,羽
16132,16132,16132,翡,⿱非⿰⿹𠃌冫⿹𠃌冫,羽
16133,16133,16133,翞,⿰⿰⿹𠃌冫⿹𠃌冫⿳⿱丶一口小,羽
16134,16134,16134,翣,⿱⿰⿹𠃌冫⿹𠃌冫⿱⿱&CDP-8BAE;一女,羽
16135,16135,16135,翥,⿱⿸耂日⿰⿹𠃌冫⿹𠃌冫,羽
16136,16136,16136,翨,⿱⿰⿹𠃌冫⿹𠃌冫⿱日⿱一龰,羽
16137,16137,16137,翬,⿱⿰⿹𠃌冫⿹𠃌冫⿱冖車,羽
16138,16138,16138,翭,⿰⿰⿹𠃌冫⿹𠃌冫⿰亻&CDP-8BC7;,羽
16139,16139,16139,翦,⿱⿱⿱丷一⿰月刂⿰⿹𠃌冫⿹𠃌冫,羽
16140,16140,16140,翩,⿰⿸⿱丶尸⿵冂⿻十丨⿰⿹𠃌冫⿹𠃌冫,羽
16141,16141,16141,翫,⿰⿱⿰⿹𠃌冫⿹𠃌冫白⿱一⿱一⿰丿乚,羽
16142,16142,16142,翧,⿰⿱宀⿱一⿱日一⿰⿹𠃌冫⿹𠃌冫,羽
16143,16143,16143,翪,⿰⿰⿹𠃌冫⿹𠃌冫⿳⿶凵㐅八夂,羽
16144,16144,16144,翰,⿰⿱十⿱日十⿱人⿰⿹𠃌冫⿹𠃌冫,羽
16145,16145,16145,翯,⿱⿰⿹𠃌冫⿹𠃌冫⿳⿱丶一口⿵冂口,羽
16146,16146,16146,翮,⿰⿳一口⿵⿵冂⿰丿乚⿱一丨⿰⿹𠃌冫⿹𠃌冫,羽
16147,16147,16147,翴,⿰⿰⿹𠃌冫⿹𠃌冫⿺辶車,羽
16148,16148,16148,翱,⿰⿱白⿱⿻一人十⿰⿹𠃌冫⿹𠃌冫,羽
16149,16149,16149,翵,⿰⿰⿹𠃌冫⿹𠃌冫⿹&CDP-8CBB;灬,羽
16150,16150,16150,翲,⿰⿱⿱一&CDP-86EA;示⿰⿹𠃌冫⿹𠃌冫,羽
16151,16151,16151,翳,⿱⿰⿷匚⿱𠂉⿻一人⿱𠘧又⿰⿹𠃌冫⿹𠃌冫,羽
16152,16152,16152,翼,⿱⿰⿹𠃌冫⿹𠃌冫⿱田⿱⿱⿻十丨一八,羽
16153,16153,16153,翶,⿰⿱白⿻十&CDP-89AE;⿰⿹𠃌冫⿹𠃌冫,羽
16154,16154,16154,翻,⿰⿱⿱丿米田⿰⿹𠃌冫⿹𠃌冫,羽
16155,16155,16155,翷,⿰⿱米⿰⿴𠂊丶㐄⿰⿹𠃌冫⿹𠃌冫,羽
16156,16156,16156,翸,⿰⿱⿱十⿻一&CDP-8BF5;⿱目八⿰⿹𠃌冫⿹𠃌冫,羽
16157,16157,16157,翹,⿺⿱⿱⿱十一⿰⿱十一⿱十一⿱一⿰丿乚⿰⿹𠃌冫⿹𠃌冫,羽
16158,16158,16158,翺,⿰⿱自⿻十&CDP-89AE;⿰⿹𠃌冫⿹𠃌冫,羽
16159,16159,16159,翽,⿰⿱止&CDP-8CB3;⿰⿹𠃌冫⿹𠃌冫,羽
16160,16160,16160,翾,⿰⿳罒⿱一口𧘇⿰⿹𠃌冫⿹𠃌冫,羽
16161,16161,16161,翿,⿰⿳⿳⿱十一乛工一⿰口寸⿰⿹𠃌冫⿹𠃌冫,羽
16162,16162,16162,耀,⿰⿱⺌⿱一⿰丿乚⿱⿰⿹𠃌冫⿹𠃌冫隹,羽
16163,16163,16163,糸,⿱⿰&CDP-895C;丶小,糸
16164,16164,16164,系,⿱丿⿱⿰&CDP-895C;丶小,糸
16165,16165,16165,紧,⿱⿰⿰丨丨又⿱⿰&CDP-895C;丶小,糸
16166,16166,16166,索,⿱⿱十冖⿱⿰&CDP-895C;丶小,糸
16167,16167,16167,素,⿱龶⿱⿰&CDP-895C;丶小,糸
16168,16168,16168,紊,⿱⿱⿱丶一⿻丿乀⿱⿰&CDP-895C;丶小,糸
16169,16169,16169,紥,⿱⿰扌乚⿱⿰&CDP-895C;丶小,糸
16170,16170,16170,累,⿱田⿱⿰&CDP-895C;丶小,糸
16171,16171,16171,紮,⿱⿰木乚⿱⿰&CDP-895C;丶小,糸
16172,16172,16172,絜,⿱⿰⿻⿱一⿱一一丨⿹𠃌丿⿱⿰&CDP-895C;丶小,糸
16173,16173,16173,絭,⿱⿱丷⿻⿱一一人⿱⿰&CDP-895C;丶小,糸
16174,16174,16174,絫,⿱⿱厶⿰厶厶⿱⿰&CDP-895C;丶小,糸
16175,16175,16175,絛,⿰&CDP-8B7A;⿱夂⿱⿰&CDP-895C;丶小,糸
16176,16176,16176,絮,⿱⿰女口⿱⿰&CDP-895C;丶小,糸
16177,16177,16177,絷,⿱⿰扌⿻九丶⿱⿰&CDP-895C;丶小,糸
16178,16178,16178,紫,⿱⿰止⿺乚丿⿱⿰&CDP-895C;丶小,糸
16179,16179,16179,綔,⿰⿱⿻一人⿱一⿱一㇉⿱丿⿱⿰&CDP-895C;丶小,糸
16180,16180,16180,綤,⿱⿰⿱⿹𠃌丿口阝⿱⿰&CDP-895C;丶小,糸
16181,16181,16181,緐,⿰⿱𠂉母⿱丿⿱⿰&CDP-895C;丶小,糸
16182,16182,16182,緊,⿱⿰臣又⿱⿰&CDP-895C;丶小,糸
16183,16183,16183,綦,⿱⿱&CDP-8B72;八⿱⿰&CDP-895C;丶小,糸
16184,16184,16184,綮,⿱⿰⿱丶尸攵⿱⿰&CDP-895C;丶小,糸
16185,16185,16185,緜,⿰⿱白巾⿱丿⿱⿰&CDP-895C;丶小,糸
16186,16186,16186,緳,⿸广⿱⿰⿻⿱一⿱一一丨⿹𠃌丿⿱⿰&CDP-895C;丶小,糸
16187,16187,16187,縏,⿱⿰舟⿱𠘧又⿱⿰&CDP-895C;丶小,糸
16188,16188,16188,縢,⿰月⿱⿱丷⿻⿱一一人⿱⿰&CDP-895C;丶小,糸
16189,16189,16189,縣,⿰&CDP-8C6D;⿱丿⿱⿰&CDP-895C;丶小,糸
16190,16190,16190,縈,⿱⿱⿰⿱八人⿱八人冖⿱⿰&CDP-895C;丶小,糸
16191,16191,16191,繁,⿱⿰⿱𠂉母攵⿱⿰&CDP-895C;丶小,糸
16192,16192,16192,繋,⿱⿰車⿱𠘧又⿱⿰&CDP-895C;丶小,糸
16193,16193,16193,縻,⿸⿸广⿰木木⿱⿰&CDP-895C;丶小,糸
16194,16194,16194,繇,⿰⿱⿱丿𭕄缶⿱丿⿱⿰&CDP-895C;丶小,糸
16195,16195,16195,繄,⿱⿰⿷匚⿱𠂉⿻一人⿱𠘧又⿱⿰&CDP-895C;丶小,糸
16196,16196,16196,縶,⿱⿰⿱⿱十一⿱丷干⿻九丶⿱⿰&CDP-895C;丶小,糸
16197,16197,16197,繤,⿱艹⿳目⿻一人⿱⿰&CDP-895C;丶小,糸
16198,16198,16198,繛,⿰⿱龶⿱⿰&CDP-895C;丶小⿱⺊⿱日十,糸
16199,16199,16199,繠,⿱⿱心⿰心心⿱⿰&CDP-895C;丶小,糸
16200,16200,16200,繴,⿱⿰⿸尸口⿱⿱&CDP-8BAE;一十⿱⿰&CDP-895C;丶小,糸
16201,16201,16201,繫,⿱⿰⿱車凵⿱𠘧又⿱⿰&CDP-895C;丶小,糸
16202,16202,16202,纂,⿱⿳竹目⿻一人⿱⿰&CDP-895C;丶小,糸
16203,16203,16203,纇,⿰⿱米⿱⿰&CDP-895C;丶小頁,糸
16204,16204,16204,纍,⿱⿱田⿰田田⿱⿰&CDP-895C;丶小,糸
16205,16205,16205,纛,⿱⿱龶母⿰&CDP-8C6D;⿱丿⿱⿰&CDP-895C;丶小,糸
16206,16206,16206,糹,⿱⿰&CDP-895C;丶&CDP-885E;,糹
16207,16207,16207,糺,⿰⿱⿰&CDP-895C;丶&CDP-885E;乚,糹
16208,16208,16208,糼,⿰⿱⿰&CDP-895C;丶&CDP-885E;⿻丿𠃌,糹
16209,16209,16209,糿,⿰⿱⿰&CDP-895C;丶&CDP-885E;⿹𠃌丿,糹
16210,16210,16210,糾,⿰⿱⿰&CDP-895C;丶&CDP-885E;丩,糹
16211,16211,16211,糽,⿰⿱⿰&CDP-895C;丶&CDP-885E;⿱一亅,糹
16212,16212,16212,紁,⿰⿱⿰&CDP-895C;丶&CDP-885E;⿴又丶,糹
16213,16213,16213,紉,⿰⿱⿰&CDP-895C;丶&CDP-885E;⿹⿹𠃌丿丿,糹
16214,16214,16214,紇,⿰⿱⿰&CDP-895C;丶&CDP-885E;⿱𠂉乙,糹
16215,16215,16215,紅,⿰⿱⿰&CDP-895C;丶&CDP-885E;工,糹
16216,16216,16216,紀,⿰⿱⿰&CDP-895C;丶&CDP-885E;己,糹
16217,16217,16217,級,⿰⿱⿰&CDP-895C;丶&CDP-885E;及,糹
16218,16218,16218,紈,⿰⿱⿰&CDP-895C;丶&CDP-885E;⿻九丶,糹
16219,16219,16219,紃,⿰⿱⿰&CDP-895C;丶&CDP-885E;川,糹
16220,16220,16220,約,⿰⿱⿰&CDP-895C;丶&CDP-885E;⿹勹丶,糹
16221,16221,16221,紆,⿰⿱⿰&CDP-895C;丶&CDP-885E;于,糹
16222,16222,16222,紂,⿰⿱⿰&CDP-895C;丶&CDP-885E;寸,糹
16223,16223,16223,紒,⿰⿱⿰&CDP-895C;丶&CDP-885E;⿱人&CDP-8BF5;,糹
16224,16224,16224,紟,⿰⿱⿰&CDP-895C;丶&CDP-885E;⿱⿱人丶㇇,糹
16225,16225,16225,純,⿰⿱⿰&CDP-895C;丶&CDP-885E;⿻丿⿻凵乚,糹
16226,16226,16226,紣,⿰⿱⿰&CDP-895C;丶&CDP-885E;⿱九十,糹
16227,16227,16227,紞,⿰⿱⿰&CDP-895C;丶&CDP-885E;冘,糹
16228,16228,16228,紑,⿰⿱⿰&CDP-895C;丶&CDP-885E;⿱一&CDP-8665;,糹
16229,16229,16229,紛,⿰⿱⿰&CDP-895C;丶&CDP-885E;⿱八⿹𠃌丿,糹
16230,16230,16230,紡,⿰⿱⿰&CDP-895C;丶&CDP-885E;⿱⿱丶一&CDP-8B6C;,糹
16231,16231,16231,紘,⿰⿱⿰&CDP-895C;丶&CDP-885E;⿸𠂇厶,糹
16232,16232,16232,紦,⿰⿱⿰&CDP-895C;丶&CDP-885E;巴,糹
16233,16233,16233,紤,⿰⿱⿰&CDP-895C;丶&CDP-885E;⿸𠂆⿱一丨,糹
16234,16234,16234,紐,⿰⿱⿰&CDP-895C;丶&CDP-885E;丑,糹
16235,16235,16235,納,⿰⿱⿰&CDP-895C;丶&CDP-885E;⿻冂人,糹
16236,16236,16236,紕,⿰⿱⿰&CDP-895C;丶&CDP-885E;比,糹
16237,16237,16237,紌,⿰⿱⿰&CDP-895C;丶&CDP-885E;⿺尢丶,糹
16238,16238,16238,紝,⿰⿱⿰&CDP-895C;丶&CDP-885E;⿱丿⿱十一,糹
16239,16239,16239,紗,⿰⿱⿰&CDP-895C;丶&CDP-885E;⿱小丿,糹
16240,16240,16240,紓,⿰⿱⿰&CDP-895C;丶&CDP-885E;⿱龴⿱乛亅,糹
16241,16241,16241,紏,⿰⿱⿰&CDP-895C;丶&CDP-885E;斗,糹
16242,16242,16242,紋,⿰⿱⿰&CDP-895C;丶&CDP-885E;⿱⿱丶一⿻丿乀,糹
16243,16243,16243,紜,⿰⿱⿰&CDP-895C;丶&CDP-885E;⿱⿱一一厶,糹
16244,16244,16244,紖,⿰⿱⿰&CDP-895C;丶&CDP-885E;⿰弓丨,糹
16245,16245,16245,紙,⿰⿱⿰&CDP-895C;丶&CDP-885E;氏,糹
16246,16246,16246,紎,⿰⿱⿰&CDP-895C;丶&CDP-885E;犬,糹
16247,16247,16247,紽,⿰⿱⿰&CDP-895C;丶&CDP-885E;⿱宀⿺乚丿,糹
16248,16248,16248,絆,⿰⿱⿰&CDP-895C;丶&CDP-885E;⿱丷&CDP-8BF1;,糹
16249,16249,16249,紴,⿰⿱⿰&CDP-895C;丶&CDP-885E;皮,糹
16250,16250,16250,紬,⿰⿱⿰&CDP-895C;丶&CDP-885E;由,糹
16251,16251,16251,絀,⿰⿱⿰&CDP-895C;丶&CDP-885E;⿱⿻凵丨凵,糹
16252,16252,16252,紿,⿰⿱⿰&CDP-895C;丶&CDP-885E;⿱厶口,糹
16253,16253,16253,紱,⿰⿱⿰&CDP-895C;丶&CDP-885E;⿺⿸𠂇又丶,糹
16254,16254,16254,紼,⿰⿱⿰&CDP-895C;丶&CDP-885E;⿻弓&CDP-8BF5;,糹
16255,16255,16255,紨,⿰⿱⿰&CDP-895C;丶&CDP-885E;⿰亻寸,糹
16256,16256,16256,紺,⿰⿱⿰&CDP-895C;丶&CDP-885E;甘,糹
16257,16257,16257,紭,⿰⿱⿰&CDP-895C;丶&CDP-885E;⿰弓厶,糹
16258,16258,16258,絅,⿰⿱⿰&CDP-895C;丶&CDP-885E;⿵冂口,糹
16259,16259,16259,経,⿰⿱⿰&CDP-895C;丶&CDP-885E;⿱又⿱十一,糹
16260,16260,16260,絋,⿰⿱⿰&CDP-895C;丶&CDP-885E;⿸广厶,糹
16261,16261,16261,紷,⿰⿱⿰&CDP-895C;丶&CDP-885E;⿱⿱人丶龴,糹
16262,16262,16262,絈,⿰⿱⿰&CDP-895C;丶&CDP-885E;白,糹
16263,16263,16263,絇,⿰⿱⿰&CDP-895C;丶&CDP-885E;⿹勹口,糹
16264,16264,16264,紶,⿰⿱⿰&CDP-895C;丶&CDP-885E;⿱⿱十一厶,糹
16265,16265,16265,紹,⿰⿱⿰&CDP-895C;丶&CDP-885E;⿱⿹𠃌丿口,糹
16266,16266,16266,絉,⿰⿱⿰&CDP-895C;丶&CDP-885E;⿺木丶,糹
16267,16267,16267,紳,⿰⿱⿰&CDP-895C;丶&CDP-885E;申,糹
16268,16268,16268,絁,⿰⿱⿰&CDP-895C;丶&CDP-885E;⿱𠂉也,糹
16269,16269,16269,絃,⿰⿱⿰&CDP-895C;丶&CDP-885E;⿱⿱丶一⿰&CDP-895C;丶,糹
16270,16270,16270,紲,⿰⿱⿰&CDP-895C;丶&CDP-885E;世,糹
16271,16271,16271,細,⿰⿱⿰&CDP-895C;丶&CDP-885E;田,糹
16272,16272,16272,紻,⿰⿱⿰&CDP-895C;丶&CDP-885E;央,糹
16273,16273,16273,紩,⿰⿱⿰&CDP-895C;丶&CDP-885E;⿰丿⿻⿱一一人,糹
16274,16274,16274,紵,⿰⿱⿰&CDP-895C;丶&CDP-885E;⿱宀⿱一亅,糹
16275,16275,16275,紸,⿰⿱⿰&CDP-895C;丶&CDP-885E;⿱⿱丶一⿱十一,糹
16276,16276,16276,紾,⿰⿱⿰&CDP-895C;丶&CDP-885E;⿱人彡,糹
16277,16277,16277,終,⿰⿱⿰&CDP-895C;丶&CDP-885E;⿱夂⿱丶丶,糹
16278,16278,16278,絊,⿰⿱⿰&CDP-895C;丶&CDP-885E;本,糹
16279,16279,16279,組,⿰⿱⿰&CDP-895C;丶&CDP-885E;且,糹
16280,16280,16280,絣,⿰⿱⿰&CDP-895C;丶&CDP-885E;⿱丷⿱一⿻一&CDP-8BF5;,糹
16281,16281,16281,絔,⿰⿱⿰&CDP-895C;丶&CDP-885E;⿱一白,糹
16282,16282,16282,綁,⿰⿱⿰&CDP-895C;丶&CDP-885E;⿰⿻⿱一⿱一一丨阝,糹
16283,16283,16283,絾,⿰⿱⿰&CDP-895C;丶&CDP-885E;⿵戊𠃌,糹
16284,16284,16284,絒,⿰⿱⿰&CDP-895C;丶&CDP-885E;州,糹
16285,16285,16285,絘,⿰⿱⿰&CDP-895C;丶&CDP-885E;⿰冫欠,糹
16286,16286,16286,絰,⿰⿱⿰&CDP-895C;丶&CDP-885E;⿱⿱一厶⿱十一,糹
16287,16287,16287,絥,⿰⿱⿰&CDP-895C;丶&CDP-885E;⿰亻犬,糹
16288,16288,16288,絓,⿰⿱⿰&CDP-895C;丶&CDP-885E;⿱⿱十一⿱十一,糹
16289,16289,16289,絯,⿰⿱⿰&CDP-895C;丶&CDP-885E;⿳⿱丶一⿰𠃋丿人,糹
16290,16290,16290,絚,⿰⿱⿰&CDP-895C;丶&CDP-885E;⿳一&CDP-8959;一,糹
16291,16291,16291,給,⿰⿱⿰&CDP-895C;丶&CDP-885E;⿱⿱人一口,糹
16292,16292,16292,絠,⿰⿱⿰&CDP-895C;丶&CDP-885E;⿸𠂇月,糹
16293,16293,16293,絙,⿰⿱⿰&CDP-895C;丶&CDP-885E;⿱一⿱日一,糹
16294,16294,16294,絵,⿰⿱⿰&CDP-895C;丶&CDP-885E;⿱人⿱⿱一一厶,糹
16295,16295,16295,絎,⿰⿱⿰&CDP-895C;丶&CDP-885E;⿰彳⿱一⿱一亅,糹
16296,16296,16296,絗,⿰⿱⿰&CDP-895C;丶&CDP-885E;⿴囗口,糹
16297,16297,16297,絳,⿰⿱⿰&CDP-895C;丶&CDP-885E;⿱夂㐄,糹
16298,16298,16298,結,⿰⿱⿰&CDP-895C;丶&CDP-885E;⿱⿱十一口,糹
16299,16299,16299,絞,⿰⿱⿰&CDP-895C;丶&CDP-885E;⿱⿱丶一⿱八⿻丿乀,糹
16300,16300,16300,絕,⿰⿱⿰&CDP-895C;丶&CDP-885E;&CDP-8CEA;,糹
16301,16301,16301,絶,⿰⿱⿰&CDP-895C;丶&CDP-885E;⿱𠂊巴,糹
16302,16302,16302,絖,⿰⿱⿰&CDP-895C;丶&CDP-885E;⿱⺌⿱一⿰丿乚,糹
16303,16303,16303,絝,⿰⿱⿰&CDP-895C;丶&CDP-885E;⿱⿻一人⿱一⿱一㇉,糹
16304,16304,16304,絡,⿰⿱⿰&CDP-895C;丶&CDP-885E;⿱夂口,糹
16305,16305,16305,絽,⿰⿱⿰&CDP-895C;丶&CDP-885E;⿱口口,糹
16306,16306,16306,絟,⿰⿱⿰&CDP-895C;丶&CDP-885E;⿱人⿱一⿱十一,糹
16307,16307,16307,紪,⿰⿱⿰&CDP-895C;丶&CDP-885E;⿰止⿺乚丿,糹
16308,16308,16308,絍,⿰⿱⿰&CDP-895C;丶&CDP-885E;⿰亻⿱丿⿱十一,糹
16309,16309,16309,絨,⿰⿱⿰&CDP-895C;丶&CDP-885E;⿹⿻⿺⿻一乚丶丿𠂇,糹
16310,16310,16310,絲,⿰⿱⿰&CDP-895C;丶&CDP-885E;⿱⿰&CDP-895C;丶小,糹
16311,16311,16311,絩,⿰⿱⿰&CDP-895C;丶&CDP-885E;兆,糹
16312,16312,16312,綎,⿰⿱⿰&CDP-895C;丶&CDP-885E;⿺廴⿱丿⿱十一,糹
16313,16313,16313,絧,⿰⿱⿰&CDP-895C;丶&CDP-885E;⿵⿵冂一口,糹
16314,16314,16314,統,⿰⿱⿰&CDP-895C;丶&CDP-885E;⿱⿻一厶⿰丿乚,糹
16315,16315,16315,絤,⿰⿱⿰&CDP-895C;丶&CDP-885E;⿱一⿻⿰丿乚口,糹
16316,16316,16316,絸,⿰⿱⿰&CDP-895C;丶&CDP-885E;⿱目⿰丿乚,糹
16317,16317,16317,絴,⿰⿱⿰&CDP-895C;丶&CDP-885E;⿱⿱丷一&CDP-8BF1;,糹
16318,16318,16318,絏,⿰⿱⿰&CDP-895C;丶&CDP-885E;曳,糹
16319,16319,16319,絬,⿰⿱⿰&CDP-895C;丶&CDP-885E;⿱⿱丿十口,糹
16320,16320,16320,絢,⿰⿱⿰&CDP-895C;丶&CDP-885E;⿹勹日,糹
16321,16321,16321,綖,⿰⿱⿰&CDP-895C;丶&CDP-885E;⿺廴⿱丿&CDP-8960;,糹
16322,16322,16322,絪,⿰⿱⿰&CDP-895C;丶&CDP-885E;⿴囗⿻一人,糹
16323,16323,16323,絑,⿰⿱⿰&CDP-895C;丶&CDP-885E;朱,糹
16324,16324,16324,絺,⿰⿱⿰&CDP-895C;丶&CDP-885E;⿱㐅⿸𠂇巾,糹
16325,16325,16325,綐,⿰⿱⿰&CDP-895C;丶&CDP-885E;⿱丷⿱口⿰丿乚,糹
16326,16326,16326,綘,⿰⿱⿰&CDP-895C;丶&CDP-885E;⿱夂⿻⿱一⿱一一丨,糹
16327,16327,16327,綍,⿰⿱⿰&CDP-895C;丶&CDP-885E;⿱⿱十冖子,糹
16328,16328,16328,綒,⿰⿱⿰&CDP-895C;丶&CDP-885E;⿱⿱丿𭕄子,糹
16329,16329,16329,綆,⿰⿱⿰&CDP-895C;丶&CDP-885E;⿱一&CDP-89E7;,糹
16330,16330,16330,綄,⿰⿱⿰&CDP-895C;丶&CDP-885E;⿱宀⿱一⿱一⿰丿乚,糹
16331,16331,16331,綋,⿰⿱⿰&CDP-895C;丶&CDP-885E;⿱宀⿸𠂇厶,糹
16332,16332,16332,綗,⿰⿱⿰&CDP-895C;丶&CDP-885E;⿵冂⿱八口,糹
16333,16333,16333,絹,⿰⿱⿰&CDP-895C;丶&CDP-885E;⿱口月,糹
16334,16334,16334,継,⿰⿱⿰&CDP-895C;丶&CDP-885E;⿺𠃊米,糹
16335,16335,16335,經,⿰⿱⿰&CDP-895C;丶&CDP-885E;⿳一⿲𡿨𡿨𡿨工,糹
16336,16336,16336,綏,⿰⿱⿰&CDP-895C;丶&CDP-885E;⿱⿱丿𭕄女,糹
16337,16337,16337,綑,⿰⿱⿰&CDP-895C;丶&CDP-885E;⿴囗木,糹
16338,16338,16338,絿,⿰⿱⿰&CDP-895C;丶&CDP-885E;⿺&CDP-85DC;丶,糹
16339,16339,16339,綅,⿰⿱⿰&CDP-895C;丶&CDP-885E;⿳&CDP-8BAB;冖又,糹
16340,16340,16340,綛,⿰⿱⿰&CDP-895C;丶&CDP-885E;⿱⿹⿹𠃌丿丿心,糹
16341,16341,16341,綀,⿰⿱⿰&CDP-895C;丶&CDP-885E;束,糹
16342,16342,16342,綈,⿰⿱⿰&CDP-895C;丶&CDP-885E;⿱丷⿹⿻弓丨丿,糹
16343,16343,16343,綂,⿰⿱⿰&CDP-895C;丶&CDP-885E;⿱⿱丶一⿱口⿰丿乚,糹
16344,16344,16344,絻,⿰⿱⿰&CDP-895C;丶&CDP-885E;⿱𠂊&CDP-8BCB;,糹
16345,16345,16345,綊,⿰⿱⿰&CDP-895C;丶&CDP-885E;⿻⿻一人⿰人人,糹
16346,16346,16346,綉,⿰⿱⿰&CDP-895C;丶&CDP-885E;⿱⿱丿木⿹𠄎丿,糹
16347,16347,16347,綃,⿰⿱⿰&CDP-895C;丶&CDP-885E;⿱⺌月,糹
16348,16348,16348,綌,⿰⿱⿰&CDP-895C;丶&CDP-885E;谷,糹
16349,16349,16349,続,⿰⿱⿰&CDP-895C;丶&CDP-885E;⿱⿱十一⿱冖⿰丿乚,糹
16350,16350,16350,綇,⿰⿱⿰&CDP-895C;丶&CDP-885E;酉,糹
16351,16351,16351,絼,⿰⿱⿰&CDP-895C;丶&CDP-885E;豸,糹
16352,16352,16352,綕,⿰⿱⿰&CDP-895C;丶&CDP-885E;⿱⿱十一心,糹
16353,16353,16353,綼,⿰⿱⿰&CDP-895C;丶&CDP-885E;⿱&CDP-89BE;十,糹
16354,16354,16354,綳,⿰⿱⿰&CDP-895C;丶&CDP-885E;⿰月月,糹
16355,16355,16355,綽,⿰⿱⿰&CDP-895C;丶&CDP-885E;⿱⺊⿱日十,糹
16356,16356,16356,綢,⿰⿱⿰&CDP-895C;丶&CDP-885E;⿵⺆⿱⿱十一口,糹
16357,16357,16357,綝,⿰⿱⿰&CDP-895C;丶&CDP-885E;⿰木木,糹
16358,16358,16358,綷,⿰⿱⿰&CDP-895C;丶&CDP-885E;⿱⿱⿱丶一⿰人人十,糹
16359,16359,16359,綵,⿰⿱⿰&CDP-895C;丶&CDP-885E;⿱⿱丿𭕄木,糹
16360,16360,16360,綞,⿰⿱⿰&CDP-895C;丶&CDP-885E;⿳丿&CDP-876E;一,糹
16361,16361,16361,緋,⿰⿱⿰&CDP-895C;丶&CDP-885E;非,糹
16362,16362,16362,緺,⿰⿱⿰&CDP-895C;丶&CDP-885E;⿵⿱⿵冂𠃍冂口,糹
16363,16363,16363,綶,⿰⿱⿰&CDP-895C;丶&CDP-885E;⿻日木,糹
16364,16364,16364,綱,⿰⿱⿰&CDP-895C;丶&CDP-885E;⿵冂⿱䒑山,糹
16365,16365,16365,緄,⿰⿱⿰&CDP-895C;丶&CDP-885E;⿱日比,糹
16366,16366,16366,綨,⿰⿱⿰&CDP-895C;丶&CDP-885E;⿱&CDP-8B72;八,糹
16367,16367,16367,緁,⿰⿱⿰&CDP-895C;丶&CDP-885E;疌,糹
16368,16368,16368,綡,⿰⿱⿰&CDP-895C;丶&CDP-885E;⿳⿱丶一口小,糹
16369,16369,16369,緟,⿰⿱⿰&CDP-895C;丶&CDP-885E;重,糹
16370,16370,16370,緝,⿰⿱⿰&CDP-895C;丶&CDP-885E;⿱口耳,糹
16371,16371,16371,緉,⿰⿱⿰&CDP-895C;丶&CDP-885E;⿱一&CDP-8C62;,糹
16372,16372,16372,綹,⿰⿱⿰&CDP-895C;丶&CDP-885E;⿱⿺夂卜口,糹
16373,16373,16373,綟,⿰⿱⿰&CDP-895C;丶&CDP-885E;⿸⿱丶尸犬,糹
16374,16374,16374,綾,⿰⿱⿰&CDP-895C;丶&CDP-885E;⿳⿱十一八夂,糹
16375,16375,16375,綸,⿰⿱⿰&CDP-895C;丶&CDP-885E;⿱⿱人一⿵冂⿻十丨,糹
16376,16376,16376,綠,⿰⿱⿰&CDP-895C;丶&CDP-885E;⿱彑⿻亅&CDP-89AE;,糹
16377,16377,16377,緑,⿰⿱⿰&CDP-895C;丶&CDP-885E;⿱彐⿻亅&CDP-89AE;,糹
16378,16378,16378,綿,⿰⿱⿰&CDP-895C;丶&CDP-885E;⿱白巾,糹
16379,16379,16379,緢,⿰⿱⿰&CDP-895C;丶&CDP-885E;⿱艹田,糹
16380,16380,16380,緍,⿰⿱⿰&CDP-895C;丶&CDP-885E;⿱氏日,糹
16381,16381,16381,綪,⿰⿱⿰&CDP-895C;丶&CDP-885E;⿱龶月,糹
16382,16382,16382,綣,⿰⿱⿰&CDP-895C;丶&CDP-885E;⿱⿱丷⿻⿱一一人㔾,糹
16383,16383,16383,綥,⿰⿱⿰&CDP-895C;丶&CDP-885E;⿱田⿱一&CDP-8BF5;,糹
16384,16384,16384,緀,⿰⿱⿰&CDP-895C;丶&CDP-885E;⿱&CDP-89E5;女,糹
16385,16385,16385,綺,⿰⿱⿰&CDP-895C;丶&CDP-885E;⿱⿻一人⿹⿱一亅口,糹
16386,16386,16386,緌,⿰⿱⿰&CDP-895C;丶&CDP-885E;⿱⿱丿木女,糹
16387,16387,16387,緔,⿰⿱⿰&CDP-895C;丶&CDP-885E;⿱⺌⿵冂口,糹
16388,16388,16388,綬,⿰⿱⿰&CDP-895C;丶&CDP-885E;⿱&CDP-8BB8;又,糹
16389,16389,16389,緂,⿰⿱⿰&CDP-895C;丶&CDP-885E;⿱⿱八人⿱八人,糹
16390,16390,16390,綯,⿰⿱⿰&CDP-895C;丶&CDP-885E;⿹勹缶,糹
16391,16391,16391,維,⿰⿱⿰&CDP-895C;丶&CDP-885E;隹,糹
16392,16392,16392,綩,⿰⿱⿰&CDP-895C;丶&CDP-885E;⿱宀⿰⿴𠂊丶㔾,糹
16393,16393,16393,綰,⿰⿱⿰&CDP-895C;丶&CDP-885E;⿱宀㠯,糹
16394,16394,16394,網,⿰⿱⿰&CDP-895C;丶&CDP-885E;⿵冂⿱⿱丷一⿱⿱丶一𠃊,糹
16395,16395,16395,綫,⿰⿱⿰&CDP-895C;丶&CDP-885E;⿱⿻⿺⿻一乚丶丿⿻⿺⿻一乚丶丿,糹
16396,16396,16396,緈,⿰⿱⿰&CDP-895C;丶&CDP-885E;⿱⿱十一⿱丷干,糹
16397,16397,16397,緒,⿰⿱⿰&CDP-895C;丶&CDP-885E;⿸耂日,糹
16398,16398,16398,緆,⿰⿱⿰&CDP-895C;丶&CDP-885E;⿱日⿹勹&CDP-89A6;,糹
16399,16399,16399,緎,⿰⿱⿰&CDP-895C;丶&CDP-885E;⿹⿻⿺⿻一乚丶丿⿱口一,糹
16400,16400,16400,緓,⿰⿱⿰&CDP-895C;丶&CDP-885E;⿱艹央,糹
16401,16401,16401,綴,⿰⿱⿰&CDP-895C;丶&CDP-885E;⿱⿰又又⿰又又,糹
16402,16402,16402,綻,⿰⿱⿰&CDP-895C;丶&CDP-885E;⿱宀⿱一龰,糹
16403,16403,16403,綧,⿰⿱⿰&CDP-895C;丶&CDP-885E;⿳⿱丶一口子,糹
16404,16404,16404,緕,⿰⿱⿰&CDP-895C;丶&CDP-885E;⿱⿱⿱丶一⿻丿乀&CDP-89C6;,糹
16405,16405,16405,緇,⿰⿱⿰&CDP-895C;丶&CDP-885E;⿱⿲𡿨𡿨𡿨田,糹
16406,16406,16406,綜,⿰⿱⿰&CDP-895C;丶&CDP-885E;⿱宀示,糹
16407,16407,16407,緃,⿰⿱⿰&CDP-895C;丶&CDP-885E;&CDP-8BB0;,糹
16408,16408,16408,緅,⿰⿱⿰&CDP-895C;丶&CDP-885E;⿰耳又,糹
16409,16409,16409,総,⿰⿱⿰&CDP-895C;丶&CDP-885E;⿱⿱八厶心,糹
16410,16410,16410,緶,⿰⿱⿰&CDP-895C;丶&CDP-885E;⿰亻⿱一&CDP-89E7;,糹
16411,16411,16411,編,⿰⿱⿰&CDP-895C;丶&CDP-885E;⿸⿱丶尸⿵冂⿻十丨,糹
16412,16412,16412,緥,⿰⿱⿰&CDP-895C;丶&CDP-885E;⿰亻⿱口木,糹
16413,16413,16413,緾,⿰⿱⿰&CDP-895C;丶&CDP-885E;⿸厂⿱&CDP-8BD9;一,糹
16414,16414,16414,緽,⿰⿱⿰&CDP-895C;丶&CDP-885E;⿱⺊⿱目八,糹
16415,16415,16415,縒,⿰⿱⿰&CDP-895C;丶&CDP-885E;⿸⿱⿱丷一&CDP-8BF1;工,糹
16416,16416,16416,緞,⿰⿱⿰&CDP-895C;丶&CDP-885E;⿰&CDP-8CE4;⿱𠘧又,糹
16417,16417,16417,緿,⿰⿱⿰&CDP-895C;丶&CDP-885E;⿱⿱厶口心,糹
16418,16418,16418,締,⿰⿱⿰&CDP-895C;丶&CDP-885E;⿱&CDP-8BEC;巾,糹
16419,16419,16419,緮,⿰⿱⿰&CDP-895C;丶&CDP-885E;⿳𠂉日夂,糹
16420,16420,16420,緪,⿰⿱⿰&CDP-895C;丶&CDP-885E;⿰忄⿳一&CDP-8959;一,糹
16421,16421,16421,縆,⿰⿱⿰&CDP-895C;丶&CDP-885E;⿰忄⿱一⿱日一,糹
16422,16422,16422,緱,⿰⿱⿰&CDP-895C;丶&CDP-885E;⿰亻&CDP-8BC7;,糹
16423,16423,16423,縎,⿰⿱⿰&CDP-895C;丶&CDP-885E;⿱&CDP-89A9;月,糹
16424,16424,16424,緷,⿰⿱⿰&CDP-895C;丶&CDP-885E;⿱冖車,糹
16425,16425,16425,緩,⿰⿱⿰&CDP-895C;丶&CDP-885E;⿳⿱丿𭕄一⿸𠂇又,糹
16426,16426,16426,緘,⿰⿱⿰&CDP-895C;丶&CDP-885E;⿵⿵戊一口,糹
16427,16427,16427,緙,⿰⿱⿰&CDP-895C;丶&CDP-885E;革,糹
16428,16428,16428,練,⿰⿱⿰&CDP-895C;丶&CDP-885E;柬,糹
16429,16429,16429,緬,⿰⿱⿰&CDP-895C;丶&CDP-885E;⿱⿱一丿⿴囗&CDP-89CC;,糹
16430,16430,16430,緲,⿰⿱⿰&CDP-895C;丶&CDP-885E;⿰目⿱小丿,糹
16431,16431,16431,緡,⿰⿱⿰&CDP-895C;丶&CDP-885E;⿱民日,糹
16432,16432,16432,縌,⿰⿱⿰&CDP-895C;丶&CDP-885E;⿺辶⿱⿱丷一⿻凵丨,糹
16433,16433,16433,緧,⿰⿱⿰&CDP-895C;丶&CDP-885E;⿱丷酉,糹
16434,16434,16434,緛,⿰⿱⿰&CDP-895C;丶&CDP-885E;⿱⿱一⿱丿⿵冂⿰丨丨⿻一人,糹
16435,16435,16435,縙,⿰⿱⿰&CDP-895C;丶&CDP-885E;⿱艹耳,糹
16436,16436,16436,縇,⿰⿱⿰&CDP-895C;丶&CDP-885E;⿱宀⿱一⿱日一,糹
16437,16437,16437,縄,⿰⿱⿰&CDP-895C;丶&CDP-885E;&CDP-89BD;,糹
16438,16438,16438,緦,⿰⿱⿰&CDP-895C;丶&CDP-885E;⿱田心,糹
16439,16439,16439,緹,⿰⿱⿰&CDP-895C;丶&CDP-885E;⿱日⿱一龰,糹
16440,16440,16440,緭,⿰⿱⿰&CDP-895C;丶&CDP-885E;⿱田月,糹
16441,16441,16441,縅,⿰⿱⿰&CDP-895C;丶&CDP-885E;⿵⿵戊一女,糹
16442,16442,16442,緼,⿰⿱⿰&CDP-895C;丶&CDP-885E;⿱日皿,糹
16443,16443,16443,緯,⿰⿱⿰&CDP-895C;丶&CDP-885E;⿳𫝀口㐄,糹
16444,16444,16444,線,⿰⿱⿰&CDP-895C;丶&CDP-885E;⿱白⿲㇇亅&CDP-85BF;,糹
16445,16445,16445,緤,⿰⿱⿰&CDP-895C;丶&CDP-885E;⿱世木,糹
16446,16446,16446,縀,⿰⿱⿰&CDP-895C;丶&CDP-885E;⿰&CDP-8C7A;&CDP-8C79;,糹
16447,16447,16447,緗,⿰⿱⿰&CDP-895C;丶&CDP-885E;⿰木目,糹
16448,16448,16448,緖,⿰⿱⿰&CDP-895C;丶&CDP-885E;⿸耂日,糹
16449,16449,16449,緰,⿰⿱⿰&CDP-895C;丶&CDP-885E;⿱⿱人一⿰月刂,糹
16450,16450,16450,縃,⿰⿱⿰&CDP-895C;丶&CDP-885E;⿱疋月,糹
16451,16451,16451,緣,⿰⿱⿰&CDP-895C;丶&CDP-885E;⿱彑𧰨,糹
16452,16452,16452,縁,⿰⿱⿰&CDP-895C;丶&CDP-885E;⿱彐𧰨,糹
16453,16453,16453,緸,⿰⿱⿰&CDP-895C;丶&CDP-885E;⿱⿱一&CDP-86EA;⿱十一,糹
16454,16454,16454,縋,⿰⿱⿰&CDP-895C;丶&CDP-885E;⿺辶⿱丿㠯,糹
16455,16455,16455,緵,⿰⿱⿰&CDP-895C;丶&CDP-885E;⿳⿶凵㐅八夂,糹
16456,16456,16456,緫,⿰⿱⿰&CDP-895C;丶&CDP-885E;⿱⿻⿹勹&CDP-89A6;丶心,糹
16457,16457,16457,縂,⿰⿱⿰&CDP-895C;丶&CDP-885E;⿱⿱丷口心,糹
16458,16458,16458,縪,⿰⿱⿰&CDP-895C;丶&CDP-885E;⿻&CDP-87C5;一,糹
16459,16459,16459,縍,⿰⿱⿰&CDP-895C;丶&CDP-885E;⿱&CDP-8BEC;⿱⿱丶一&CDP-8B6C;,糹
16460,16460,16460,縗,⿰⿱⿰&CDP-895C;丶&CDP-885E;⿳⿱丶一&CDP-89EF;𧘇,糹
16461,16461,16461,縫,⿰⿱⿰&CDP-895C;丶&CDP-885E;⿺辶⿱夂⿻⿱一⿱一一丨,糹
16462,16462,16462,縛,⿰⿱⿰&CDP-895C;丶&CDP-885E;⿱⿺&CDP-86B7;丶寸,糹
16463,16463,16463,縞,⿰⿱⿰&CDP-895C;丶&CDP-885E;⿳⿱丶一口⿵冂口,糹
16464,16464,16464,縨,⿰⿱⿰&CDP-895C;丶&CDP-885E;⿱日⿱⺌⿱一⿰丿乚,糹
16465,16465,16465,縠,⿰⿱⿱⿱⿱十一冖一⿱⿰&CDP-895C;丶小⿱𠘧又,糹
16466,16466,16466,縑,⿰⿱⿰&CDP-895C;丶&CDP-885E;⿱⿱丷一&CDP-8CDE;,糹
16467,16467,16467,縉,⿰⿱⿰&CDP-895C;丶&CDP-885E;⿱⿱一⿱&CDP-85F0;一日,糹
16468,16468,16468,縺,⿰⿱⿰&CDP-895C;丶&CDP-885E;⿺辶車,糹
16469,16469,16469,縭,⿰⿱⿰&CDP-895C;丶&CDP-885E;⿱⿱⿱丶一⿶凵㐅⿻冂厶,糹
16470,16470,16470,縸,⿰⿱⿰&CDP-895C;丶&CDP-885E;⿱艹⿱日⿻一人,糹
16471,16471,16471,縓,⿰⿱⿰&CDP-895C;丶&CDP-885E;⿸厂&CDP-8BC4;,糹
16472,16472,16472,縟,⿰⿱⿰&CDP-895C;丶&CDP-885E;⿱⿸厂⿱⿱一一&CDP-8CC6;寸,糹
16473,16473,16473,縔,⿰⿱⿰&CDP-895C;丶&CDP-885E;⿱⿱又⿰又又木,糹
16474,16474,16474,縤,⿰⿱⿰&CDP-895C;丶&CDP-885E;⿱龶⿱⿰&CDP-895C;丶小,糹
16475,16475,16475,縚,⿰⿱⿰&CDP-895C;丶&CDP-885E;⿱⿱丿𭕄臼,糹
16476,16476,16476,縧,⿰⿱⿰&CDP-895C;丶&CDP-885E;⿰&CDP-8B7A;⿱夂朩,糹
16477,16477,16477,縖,⿰⿱⿰&CDP-895C;丶&CDP-885E;⿱⿱宀⿻⿱一⿱一一丨口,糹
16478,16478,16478,縘,⿰⿱⿰&CDP-895C;丶&CDP-885E;⿱⿱丿𭕄⿱⿰&CDP-895C;丶⿻一人,糹
16479,16479,16479,縊,⿰⿱⿰&CDP-895C;丶&CDP-885E;⿱&CDP-8CF0;皿,糹
16480,16480,16480,縕,⿰⿱⿰&CDP-895C;丶&CDP-885E;⿱⿴囗人皿,糹
16481,16481,16481,縜,⿰⿱⿰&CDP-895C;丶&CDP-885E;⿱口⿱目八,糹
16482,16482,16482,繃,⿰⿱⿰&CDP-895C;丶&CDP-885E;⿱山⿰月月,糹
16483,16483,16483,緻,⿰⿱⿰&CDP-895C;丶&CDP-885E;⿰⿱⿱一厶⿱十一攵,糹
16484,16484,16484,縐,⿰⿱⿰&CDP-895C;丶&CDP-885E;⿱&CDP-8D65;&CDP-8D65;,糹
16485,16485,16485,縝,⿰⿱⿰&CDP-895C;丶&CDP-885E;⿱十⿱&CDP-8BA5;八,糹
16486,16486,16486,縥,⿰⿱⿰&CDP-895C;丶&CDP-885E;⿱⿻⿱一⿱一一人⿱丿木,糹
16487,16487,16487,縡,⿰⿱⿰&CDP-895C;丶&CDP-885E;⿱宀⿱⿱&CDP-8BAE;一十,糹
16488,16488,16488,縦,⿰⿱⿰&CDP-895C;丶&CDP-885E;⿰彳⿱丷⿱一龰,糹
16489,16489,16489,縩,⿰⿱⿰&CDP-895C;丶&CDP-885E;⿱&CDP-8C4F;示,糹
16490,16490,16490,縬,⿰⿱⿰&CDP-895C;丶&CDP-885E;⿵戊⿱⿱⺊一小,糹
16491,16491,16491,績,⿰⿱⿰&CDP-895C;丶&CDP-885E;⿱龶⿱目八,糹
16492,16492,16492,縲,⿰⿱⿰&CDP-895C;丶&CDP-885E;⿱田⿱⿰&CDP-895C;丶小,糹
16493,16493,16493,縷,⿰⿱⿰&CDP-895C;丶&CDP-885E;⿱&CDP-89C5;女,糹
16494,16494,16494,繂,⿰⿱⿰&CDP-895C;丶&CDP-885E;⿱⿻⿱⿱丶一⿰&CDP-895C;丶&CDP-89AE;十,糹
16495,16495,16495,縵,⿰⿱⿰&CDP-895C;丶&CDP-885E;⿳日罒又,糹
16496,16496,16496,繆,⿰⿱⿰&CDP-895C;丶&CDP-885E;⿱⿰⿹𠃌冫⿹𠃌冫⿱人彡,糹
16497,16497,16497,縹,⿰⿱⿰&CDP-895C;丶&CDP-885E;⿱⿱一&CDP-86EA;示,糹
16498,16498,16498,縴,⿰⿱⿰&CDP-895C;丶&CDP-885E;⿱&CDP-89FE;牛,糹
16499,16499,16499,繈,⿰⿱⿰&CDP-895C;丶&CDP-885E;⿰弓⿱厶虫,糹
16500,16500,16500,繉,⿰⿱⿰&CDP-895C;丶&CDP-885E;⿱目兆,糹
16501,16501,16501,縿,⿰⿱⿰&CDP-895C;丶&CDP-885E;⿱⿱⿱厶⿰厶厶人彡,糹
16502,16502,16502,繀,⿰⿱⿰&CDP-895C;丶&CDP-885E;⿱山隹,糹
16503,16503,16503,縮,⿰⿱⿰&CDP-895C;丶&CDP-885E;⿱宀⿰亻⿱一白,糹
16504,16504,16504,繅,⿰⿱⿰&CDP-895C;丶&CDP-885E;⿱⿲𡿨𡿨𡿨⿻日木,糹
16505,16505,16505,繍,⿰⿱⿰&CDP-895C;丶&CDP-885E;粛,糹
16506,16506,16506,繊,⿰⿱⿰&CDP-895C;丶&CDP-885E;⿹⿶⿻⿺⿻一乚丶丿十⿱&CDP-85F0;一,糹
16507,16507,16507,縼,⿰⿱⿰&CDP-895C;丶&CDP-885E;⿰⿱⿱丶一&CDP-8B6C;⿱𠂉疋,糹
16508,16508,16508,縰,⿰⿱⿰&CDP-895C;丶&CDP-885E;⿰彳⿱止龰,糹
16509,16509,16509,縯,⿰⿱⿰&CDP-895C;丶&CDP-885E;⿱宀&CDP-8CE6;,糹
16510,16510,16510,縳,⿰⿱⿰&CDP-895C;丶&CDP-885E;⿱&CDP-8BD0;寸,糹
16511,16511,16511,縱,⿰⿱⿰&CDP-895C;丶&CDP-885E;⿰彳&CDP-8BB0;,糹
16512,16512,16512,繌,⿰⿱⿰&CDP-895C;丶&CDP-885E;⿱⿱⿴⿱丿囗㐅⿰丿乚夊,糹
16513,16513,16513,總,⿰⿱⿰&CDP-895C;丶&CDP-885E;⿱⿴⿱丿囗夂心,糹
16514,16514,16514,繟,⿰⿱⿰&CDP-895C;丶&CDP-885E;⿱⿰口口&CDP-8BD9;,糹
16515,16515,16515,繱,⿰⿱⿰&CDP-895C;丶&CDP-885E;⿱艹⿱⿻⿹勹&CDP-89A6;丶心,糹
16516,16516,16516,繨,⿰⿱⿰&CDP-895C;丶&CDP-885E;⿺辶⿱⿱十一⿱⿱丷一&CDP-8BF1;,糹
16517,16517,16517,繙,⿰⿱⿰&CDP-895C;丶&CDP-885E;⿱⿱丿米田,糹
16518,16518,16518,繣,⿰⿱⿰&CDP-895C;丶&CDP-885E;⿳&CDP-8BC6;田一,糹
16519,16519,16519,繢,⿰⿱⿰&CDP-895C;丶&CDP-885E;⿱⿱⿻口丨一⿱目八,糹
16520,16520,16520,繝,⿰⿱⿰&CDP-895C;丶&CDP-885E;⿵⿰𠁣𠃛月,糹
16521,16521,16521,繭,⿱艹&CDP-8DDC;,糹
16522,16522,16522,繘,⿰⿱⿰&CDP-895C;丶&CDP-885E;⿱⿱龴⿹⿱乛亅丿⿵冂⿱八口,糹
16523,16523,16523,繚,⿰⿱⿰&CDP-895C;丶&CDP-885E;⿱⿱⿻⿻一人丷日小,糹
16524,16524,16524,繗,⿰⿱⿰&CDP-895C;丶&CDP-885E;⿱米⿰⿴𠂊丶㐄,糹
16525,16525,16525,繑,⿰⿱⿰&CDP-895C;丶&CDP-885E;⿱⿱⿱丿⿻一人口⿵冂口,糹
16526,16526,16526,繦,⿰⿱⿰&CDP-895C;丶&CDP-885E;⿰弓⿱口虫,糹
16527,16527,16527,繞,⿰⿱⿰&CDP-895C;丶&CDP-885E;⿱⿱⿱十一⿰⿱十一⿱十一⿱一⿰丿乚,糹
16528,16528,16528,繎,⿰⿱⿰&CDP-895C;丶&CDP-885E;⿱&CDP-8BB5;灬,糹
16529,16529,16529,繕,⿰⿱⿰&CDP-895C;丶&CDP-885E;⿱⿱⿱⿱丷一&CDP-8BF1;⿱丷一口,糹
16530,16530,16530,繩,⿰⿱⿰&CDP-895C;丶&CDP-885E;黽,糹
16531,16531,16531,繐,⿰⿱⿰&CDP-895C;丶&CDP-885E;⿱&CDP-8BD0;心,糹
16532,16532,16532,繸,⿰⿱⿰&CDP-895C;丶&CDP-885E;⿺辶⿱丷⿱一𧰨,糹
16533,16533,16533,繖,⿰⿱⿰&CDP-895C;丶&CDP-885E;⿰&CDP-8CEC;攵,糹
16534,16534,16534,繧,⿰⿱⿰&CDP-895C;丶&CDP-885E;⿱⿱一⿻冂&CDP-8C41;⿱⿱一一厶,糹
16535,16535,16535,繏,⿰⿱⿰&CDP-895C;丶&CDP-885E;⿱⿰巳巳⿱⿱⿻十丨一八,糹
16536,16536,16536,繥,⿰⿱⿰&CDP-895C;丶&CDP-885E;⿱⿱十豆口,糹
16537,16537,16537,織,⿰⿱⿰&CDP-895C;丶&CDP-885E;⿹&CDP-88A7;日,糹
16538,16538,16538,繓,⿰⿱⿰&CDP-895C;丶&CDP-885E;⿱日⿰耳又,糹
16539,16539,16539,繒,⿰⿱⿰&CDP-895C;丶&CDP-885E;⿱丷⿱&CDP-8B62;日,糹
16540,16540,16540,繜,⿰⿱⿰&CDP-895C;丶&CDP-885E;⿱⿱丷酉寸,糹
16541,16541,16541,繵,⿰⿱⿰&CDP-895C;丶&CDP-885E;⿱⿱⿱丶一⿴囗口⿱日一,糹
16542,16542,16542,繯,⿰⿱⿰&CDP-895C;丶&CDP-885E;⿳罒⿱一口𧘇,糹
16543,16543,16543,繪,⿰⿱⿰&CDP-895C;丶&CDP-885E;⿱⿱人一⿱&CDP-8B62;日,糹
16544,16544,16544,繽,⿰⿱⿰&CDP-895C;丶&CDP-885E;⿱&CDP-8D74;⿱目八,糹
16545,16545,16545,繮,⿰⿱⿰&CDP-895C;丶&CDP-885E;⿳&CDP-8D5E;&CDP-8D5E;一,糹
16546,16546,16546,繳,⿰⿱⿰&CDP-895C;丶&CDP-885E;⿰⿱白⿱⿱丶一&CDP-8B6C;攵,糹
16547,16547,16547,繷,⿰⿱⿰&CDP-895C;丶&CDP-885E;⿱曲⿸厂⿱⿱一一&CDP-8CC6;,糹
16548,16548,16548,纄,⿰⿱⿰&CDP-895C;丶&CDP-885E;⿱艹⿺辶⿱夂⿻⿱一⿱一一丨,糹
16549,16549,16549,繰,⿰⿱⿰&CDP-895C;丶&CDP-885E;⿱⿱口⿰口口木,糹
16550,16550,16550,繾,⿰⿱⿰&CDP-895C;丶&CDP-885E;⿺辶⿱⿱⿻口丨一㠯,糹
16551,16551,16551,繺,⿰⿱⿰&CDP-895C;丶&CDP-885E;⿱⿰⿱𠂊彐攵灬,糹
16552,16552,16552,繬,⿰⿱⿰&CDP-895C;丶&CDP-885E;⿱&CDP-8D5B;⿴囗口,糹
16553,16553,16553,繲,⿰⿱⿰&CDP-895C;丶&CDP-885E;⿰角⿱⿹𠃌丿牛,糹
16554,16554,16554,繡,⿰⿱⿰&CDP-895C;丶&CDP-885E;肅,糹
16555,16555,16555,繶,⿰⿱⿰&CDP-895C;丶&CDP-885E;⿱⿱⿱&CDP-8BAE;一日心,糹
16556,16556,16556,繹,⿰⿱⿰&CDP-895C;丶&CDP-885E;⿱罒⿱⿱十一⿱丷干,糹
16557,16557,16557,繼,⿰⿱⿰&CDP-895C;丶&CDP-885E;⿱⿺𠃊⿰⿰&CDP-895C;丶⿰&CDP-895C;丶⿺𠃊⿰⿰&CDP-895C;丶⿰&CDP-895C;丶,糹
16558,16558,16558,纊,⿰⿱⿰&CDP-895C;丶&CDP-885E;⿸广⿳⿱⿻十丨一由八,糹
16559,16559,16559,繿,⿰⿱⿰&CDP-895C;丶&CDP-885E;⿱⿰臣&CDP-89BC;皿,糹
16560,16560,16560,纀,⿰⿱⿰&CDP-895C;丶&CDP-885E;⿰亻⿳⿱&CDP-85F0;一⿱丷一⿻⿱一一人,糹
16561,16561,16561,繻,⿰⿱⿰&CDP-895C;丶&CDP-885E;⿱⿱一⿻冂&CDP-8C41;⿱一⿱丿⿵冂⿰丨丨,糹
16562,16562,16562,纁,⿰⿱⿰&CDP-895C;丶&CDP-885E;熏,糹
16563,16563,16563,纃,⿰⿱⿰&CDP-895C;丶&CDP-885E;⿱&CDP-8DEB;&CDP-89C6;,糹
16564,16564,16564,纏,⿰⿱⿰&CDP-895C;丶&CDP-885E;⿸广&CDP-8DC3;,糹
16565,16565,16565,纐,⿰⿱⿰&CDP-895C;丶&CDP-885E;⿰⿱⿱丶一⿱八⿻丿乀頁,糹
16566,16566,16566,纆,⿰⿱⿰&CDP-895C;丶&CDP-885E;⿱⿱&CDP-88D4;灬⿱十一,糹
16567,16567,16567,纈,⿰⿱⿰&CDP-895C;丶&CDP-885E;⿰⿱⿱十一口頁,糹
16568,16568,16568,纎,⿰⿱⿰&CDP-895C;丶&CDP-885E;⿹⿶⿻⿺⿻一乚丶丿十⿱非一,糹
16569,16569,16569,續,⿰⿱⿰&CDP-895C;丶&CDP-885E;⿱⿱十一⿱罒⿱目八,糹
16570,16570,16570,纅,⿰⿱⿰&CDP-895C;丶&CDP-885E;⿱&CDP-8BF4;木,糹
16571,16571,16571,纋,⿰⿱⿰&CDP-895C;丶&CDP-885E;⿱⿱&CDP-8CD4;心夂,糹
16572,16572,16572,纉,⿰⿱⿰&CDP-895C;丶&CDP-885E;⿱⿰⿻⿱一一人⿻⿱一一人⿱目八,糹
16573,16573,16573,纑,⿰⿱⿰&CDP-895C;丶&CDP-885E;⿸⿸⿱⺊&CDP-88E2;⿻㇀乚&CDP-8CF4;,糹
16574,16574,16574,纒,⿰⿱⿰&CDP-895C;丶&CDP-885E;⿸厂⿱⿱&CDP-88D4;灬⿱十一,糹
16575,16575,16575,纔,⿰⿱⿰&CDP-895C;丶&CDP-885E;⿱⿱⿱𠂊口比⿷⿱𠂊&CDP-8BCB;丶,糹
16576,16576,16576,纖,⿰⿱⿰&CDP-895C;丶&CDP-885E;⿹⿶⿻⿺⿻一乚丶丿⿰人人⿱非一,糹
16577,16577,16577,纕,⿰⿱⿰&CDP-895C;丶&CDP-885E;⿳⿱丶一&CDP-8CA3;𧘇,糹
16578,16578,16578,纓,⿰⿱⿰&CDP-895C;丶&CDP-885E;⿱⿰⿱目八⿱目八女,糹
16579,16579,16579,纗,⿰⿱⿰&CDP-895C;丶&CDP-885E;⿱⿱山隹⿵冂⿱八口,糹
16580,16580,16580,纙,⿰⿱⿰&CDP-895C;丶&CDP-885E;⿱罒⿰⿱⿰&CDP-895C;丶&CDP-885E;隹,糹
16581,16581,16581,纚,⿰⿱⿰&CDP-895C;丶&CDP-885E;⿱⿰⿱一⿵冂一⿱一⿵冂一⿸&CDP-8D56;比,糹
16582,16582,16582,纘,⿰⿱⿰&CDP-895C;丶&CDP-885E;⿱⿰⿱⿰丿土⿰丿乚⿱⿰丿土⿰丿乚⿱目八,糹
16583,16583,16583,纝,⿰⿱⿰&CDP-895C;丶&CDP-885E;⿱⿱田⿰田田⿱⿰&CDP-895C;丶小,糹
16584,16584,16584,纜,⿰⿱⿰&CDP-895C;丶&CDP-885E;⿱&CDP-8D50;⿱目⿰丿乚,糹
16585,16585,16585,纞,⿰⿱⿰&CDP-895C;丶&CDP-885E;⿱⿲⿱⿰&CDP-895C;丶小言⿱⿰&CDP-895C;丶小心,糹
16586,16586,16586,貝,⿱目八,貝
16587,16587,16587,負,⿱𠂊⿱目八,貝
16588,16588,16588,貟,⿱厶⿱目八,貝
16589,16589,16589,貞,⿱⺊⿱目八,貝
16590,16590,16590,財,⿰⿱目八才,貝
16591,16591,16591,貣,⿱⿺⿻一乚丶⿱目八,貝
16592,16592,16592,貢,⿱工⿱目八,貝
16593,16593,16593,貤,⿰⿱目八也,貝
16594,16594,16594,貶,⿰⿱目八⿱丿⿱丶&CDP-8661;,貝
16595,16595,16595,販,⿰⿱目八⿸𠂆又,貝
16596,16596,16596,貫,⿱毌⿱目八,貝
16597,16597,16597,貨,⿱⿰亻⿻乚丿⿱目八,貝
16598,16598,16598,貥,⿰⿱目八⿱⿱丶一几,貝
16599,16599,16599,貧,⿱⿱八⿹𠃌丿⿱目八,貝
16600,16600,16600,貪,⿱⿱⿱人丶㇇⿱目八,貝
16601,16601,16601,貦,⿰⿱目八⿱一⿱一⿰丿乚,貝
16602,16602,16602,貭,⿸𠂆⿱十⿱目八,貝
16603,16603,16603,責,⿱龶⿱目八,貝
16604,16604,16604,貮,⿹&CDP-8CB8;⿱目八,貝
16605,16605,16605,賁,⿱⿱十⿻一&CDP-8BF5;⿱目八,貝
16606,16606,16606,貱,⿰⿱目八皮,貝
16607,16607,16607,貾,⿰⿱目八⿱氏丶,貝
16608,16608,16608,貸,⿱⿰亻⿺⿻一乚丶⿱目八,貝
16609,16609,16609,費,⿱⿻弓&CDP-8BF5;⿱目八,貝
16610,16610,16610,貴,⿱⿱⿻口丨一⿱目八,貝
16611,16611,16611,賀,⿱⿰⿻丿𠃌口⿱目八,貝
16612,16612,16612,貺,⿰⿱目八⿱口⿰丿乚,貝
16613,16613,16613,貿,⿱&CDP-8C69;⿱目八,貝
16614,16614,16614,買,⿱罒⿱目八,貝
16615,16615,16615,貵,⿳厶⿻一人⿱目八,貝
16616,16616,16616,貹,⿰⿱目八生,貝
16617,16617,16617,貰,⿱世⿱目八,貝
16618,16618,16618,貼,⿰⿱目八⿱⺊口,貝
16619,16619,16619,貽,⿰⿱目八⿱厶口,貝
16620,16620,16620,貯,⿰⿱目八⿱宀⿱一亅,貝
16621,16621,16621,貳,⿹⿺⿻一乚丶⿱⿱一一⿱目八,貝
16622,16622,16622,賅,⿰⿱目八⿳⿱丶一⿰𠃋丿人,貝
16623,16623,16623,賌,⿱⿳⿱丶一⿰𠃋丿人⿱目八,貝
16624,16624,16624,賄,⿰⿱目八⿸𠂇月,貝
16625,16625,16625,賎,⿰⿱目八⿻⿻⿺⿻一乚丶丿⿱一一,貝
16626,16626,16626,賈,⿱⿱一&CDP-86EA;⿱目八,貝
16627,16627,16627,賋,⿰⿱目八⿱⿱丶一⿱八⿻丿乀,貝
16628,16628,16628,賍,⿰⿱目八⿸广⿱十一,貝
16629,16629,16629,賃,⿱⿰亻⿱丿⿱十一⿱目八,貝
16630,16630,16630,賂,⿰⿱目八⿱夂口,貝
16631,16631,16631,賆,⿰⿱目八⿱丷⿱一⿻一&CDP-8BF5;,貝
16632,16632,16632,賉,⿰⿱目八⿱丿皿,貝
16633,16633,16633,筫,⿱竹⿱目八,貝
16634,16634,16634,賊,⿰⿱目八⿹⿻⿺⿻一乚丶丿𠂇,貝
16635,16635,16635,貲,⿱⿰止⿺乚丿⿱目八,貝
16636,16636,16636,資,⿱⿰冫欠⿱目八,貝
16637,16637,16637,賓,⿱&CDP-8D74;⿱目八,貝
16638,16638,16638,賔,⿱宀⿸𠃜⿱目八,貝
16639,16639,16639,賗,⿰⿱目八⿻⿱口口丨,貝
16640,16640,16640,賐,⿰⿱目八⿳厶八夂,貝
16641,16641,16641,賕,⿰⿱目八⿺&CDP-85DC;丶,貝
16642,16642,16642,賒,⿰⿱目八⿱人示,貝
16643,16643,16643,賖,⿰⿱目八⿱⿱人一朩,貝
16644,16644,16644,賏,⿰⿱目八⿱目八,貝
16645,16645,16645,賑,⿰⿱目八⿸厂⿱⿱一一&CDP-8CC6;,貝
16646,16646,16646,賘,⿰⿱目八⿸广⿷⿱十一丶,貝
16647,16647,16647,賝,⿰⿱目八⿱⿱冖⿰丿乚木,貝
16648,16648,16648,賜,⿰⿱目八⿱日⿹勹&CDP-89A6;,貝
16649,16649,16649,賨,⿱⿱宀示⿱目八,貝
16650,16650,16650,賩,⿰⿱目八⿱宀示,貝
16651,16651,16651,賧,⿰⿱目八⿱⿱八人⿱八人,貝
16652,16652,16652,賭,⿰⿱目八⿸耂日,貝
16653,16653,16653,賦,⿰⿱目八⿹&CDP-8CB8;止,貝
16654,16654,16654,賡,⿸⿸广&CDP-8DE2;⿱目八,貝
16655,16655,16655,賤,⿰⿱目八⿱⿻⿺⿻一乚丶丿⿻⿺⿻一乚丶丿,貝
16656,16656,16656,賫,⿳&CDP-8DE9;冖⿱目八,貝
16657,16657,16657,賚,⿱⿻木⿰人人⿱目八,貝
16658,16658,16658,賣,⿱⿱十一⿱罒⿱目八,貝
16659,16659,16659,賠,⿰⿱目八⿱⿱&CDP-8BAE;一口,貝
16660,16660,16660,賞,⿱⿱⿱⺌冖口⿱目八,貝
16661,16661,16661,賥,⿰⿱目八⿱⿱⿱丶一⿰人人十,貝
16662,16662,16662,賟,⿰⿱目八⿱&CDP-89E0;八,貝
16663,16663,16663,賢,⿱⿰臣又⿱目八,貝
16664,16664,16664,賬,⿰⿱目八⿳&CDP-884A;一&CDP-8CC6;,貝
16665,16665,16665,質,⿱⿰⿸𠂆⿱一丨⿸𠂆⿱一丨⿱目八,貝
16666,16666,16666,賙,⿰⿱目八⿵⺆⿱⿱十一口,貝
16667,16667,16667,賛,⿱⿰⿻⿱一一人⿻⿱一一人⿱目八,貝
16668,16668,16668,賲,⿱⿰亻⿱口木⿱目八,貝
16669,16669,16669,賰,⿰⿱目八⿱⿻⿱一⿱一一人日,貝
16670,16670,16670,賵,⿰⿱目八⿱⿵冂⿱一一目,貝
16671,16671,16671,賮,⿱⿱⿱⿻&CDP-8BAB;丨一灬⿱目八,貝
16672,16672,16672,賴,⿰束⿱𠂊⿱目八,貝
16673,16673,16673,賯,⿰⿱目八⿱⿹勹日子,貝
16674,16674,16674,賱,⿰⿱目八⿱冖車,貝
16675,16675,16675,賳,⿰⿱目八⿹⿶⿻⿺⿻一乚丶丿十口,貝
16676,16676,16676,賶,⿰⿱目八⿱⿱人丶⿸&CDP-89CE;口,貝
16677,16677,16677,賻,⿰⿱目八⿱⿺&CDP-86B7;丶寸,貝
16678,16678,16678,購,⿰⿱目八⿱⿱井一冉,貝
16679,16679,16679,賷,⿳&CDP-88D9;冖⿱目八,貝
16680,16680,16680,賸,⿰月⿱⿱丷⿻⿱一一人⿱目八,貝
16681,16681,16681,賽,⿱⿳宀⿱井一八⿱目八,貝
16682,16682,16682,賹,⿰⿱目八⿱&CDP-8CF0;皿,貝
16683,16683,16683,賺,⿰⿱目八⿱⿱丷一&CDP-8CDE;,貝
16684,16684,16684,贅,⿱⿰⿱龶&CDP-8B6C;攵⿱目八,貝
16685,16685,16685,簀,⿱竹⿱龶⿱目八,貝
16686,16686,16686,贁,⿰⿱⿱目八⿱目八攵,貝
16687,16687,16687,贂,⿰⿱目八⿱⿱⿱厶⿰厶厶人彡,貝
16688,16688,16688,賿,⿰⿱目八⿱⿰⿹𠃌冫⿹𠃌冫⿱人彡,貝
16689,16689,16689,贃,⿰⿱目八⿱⿻⿱口口丨心,貝
16690,16690,16690,贀,⿱⿰⿷匚⿱𠂉⿻一人⿱𠘧又⿱目八,貝
16691,16691,16691,贄,⿱⿰⿱⿱十一⿱丷干⿻九丶⿱目八,貝
16692,16692,16692,賾,⿰𦣞⿱龶⿱目八,貝
16693,16693,16693,贆,⿰⿱目八⿱犬⿰犬犬,貝
16694,16694,16694,贉,⿰⿱目八⿱⿱一&CDP-86EA;⿱日十,貝
16695,16695,16695,贌,⿰⿱目八⿳⿱&CDP-85F0;一⿱丷一⿻⿱一一人,貝
16696,16696,16696,贎,⿰⿱目八⿱艹禺,貝
16697,16697,16697,贋,⿸⿸厂⿰亻隹⿱目八,貝
16698,16698,16698,贇,⿱⿰⿱⿱丶一⿻丿乀⿹&CDP-8CB8;止⿱目八,貝
16699,16699,16699,贊,⿱⿰⿱⿰丿土⿰丿乚⿱⿰丿土⿰丿乚⿱目八,貝
16700,16700,16700,贈,⿰⿱目八⿱丷⿱&CDP-8B62;日,貝
16701,16701,16701,贍,⿰⿱目八⿸⿱𠂊厂&CDP-8CC3;,貝
16702,16702,16702,贏,⿱⿱⿱⿱丶一𠃊口⿲月⿱目八⿵几丶,貝
16703,16703,16703,贔,⿱⿱目八⿰⿱目八⿱目八,貝
16704,16704,16704,贑,⿰⿱⿱&CDP-8BAE;一⿱日十⿱工⿱目八,貝
16705,16705,16705,贐,⿰⿱目八⿱⿱⿱⿻&CDP-8BAB;丨一灬皿,貝
16706,16706,16706,贒,⿱⿰臣⿱⿻口丨心⿱目八,貝
16707,16707,16707,贓,⿰⿱目八⿵⿰爿⿻⿺⿻一乚丶丿臣,貝
16708,16708,16708,贕,⿰⿰⿴𠂎丶⿴卩丶⿱⿱十一⿱罒⿱目八,貝
16709,16709,16709,贖,⿰⿱目八⿱⿱十一⿱罒⿱目八,貝
16710,16710,16710,贘,⿰⿱目八⿱⿱⿱⺌冖口⿱目八,貝
16711,16711,16711,贗,⿸⿸厂⿰亻⿹&CDP-8CBB;灬⿱目八,貝
16712,16712,16712,贚,⿰⿱目八⿰⿱⿱&CDP-8BAE;一月&CDP-89B0;,貝
16713,16713,16713,贙,⿱⿰⿸⿸⿱⺊&CDP-88E2;⿻㇀乚几⿸⿸⿱⺊&CDP-88E2;⿻㇀乚几⿱目八,貝
16714,16714,16714,贛,⿰⿱⿱&CDP-8BAE;一⿱日十⿱夂⿱工⿱目八,貝
16715,16715,16715,贜,⿰⿱目八⿱艹⿵⿰爿⿻⿺⿻一乚丶丿臣,貝
16716,16716,16716,釆,⿱丿米,采
16717,16717,16717,采,⿱⿱丿𭕄木,采
16718,16718,16718,釈,⿰⿱丿米尺,采
16719,16719,16719,释,⿰⿱丿米⿱又&CDP-8BF1;,采
16720,16720,16720,釉,⿰⿱丿米由,采
16721,16721,16721,釋,⿰⿱丿米⿱罒⿱⿱十一⿱丷干,采
16722,16722,16722,镸,⿱&CDP-884A;⿱一厶,镸
16723,16723,16723,镹,⿰⿱&CDP-884A;⿱一厶久,镸
16724,16724,16724,镺,⿰⿱&CDP-884A;⿱一厶⿱丿⿻一人,镸
16725,16725,16725,镻,⿰⿱&CDP-884A;⿱一厶⿰丿⿻⿱一一人,镸
16726,16726,16726,镼,⿰⿱&CDP-884A;⿱一厶⿸尸⿱⿻凵丨凵,镸
16727,16727,16727,镽,⿰⿱&CDP-884A;⿱一厶⿱⿱⿻⿻一人丷日小,镸
16728,16728,16728,镾,⿰⿱&CDP-884A;⿱一厶⿱一&CDP-88D6;,镸
16729,16729,16729,車,車,車
16730,16730,16730,軋,⿰車乚,車
16731,16731,16731,軌,⿰車九,車
16732,16732,16732,軍,⿱冖車,車
16733,16733,16733,軒,⿰車干,車
16734,16734,16734,軑,⿰車⿻一人,車
16735,16735,16735,軓,⿰車⿵几丶,車
16736,16736,16736,軔,⿰車⿹⿹𠃌丿丿,車
16737,16737,16737,軕,⿰車山,車
16738,16738,16738,軎,⿱車口,車
16739,16739,16739,軐,⿰車⿹⺄十,車
16740,16740,16740,軏,⿰車⿱一⿰丿乚,車
16741,16741,16741,軙,⿰車⿱⺊又,車
16742,16742,16742,軚,⿰車⿵⿻一人丶,車
16743,16743,16743,軣,⿱車&CDP-89AE;,車
16744,16744,16744,軖,⿰車⿱一⿱十一,車
16745,16745,16745,軠,⿰車⿱丿⿱十一,車
16746,16746,16746,軞,⿰車⿱丿&CDP-8A43;,車
16747,16747,16747,軜,⿰車⿻冂人,車
16748,16748,16748,軡,⿰車⿱⿱人丶㇇,車
16749,16749,16749,軝,⿰車氏,車
16750,16750,16750,軟,⿰車欠,車
16751,16751,16751,軗,⿰車⿱𠘧又,車
16752,16752,16752,軘,⿰車⿻丿⿻凵乚,車
16753,16753,16753,転,⿰車⿱⿱一一厶,車
16754,16754,16754,軛,⿰車⿸厂㔾,車
16755,16755,16755,軷,⿰車⿺⿸𠂇又丶,車
16756,16756,16756,軰,⿱⿰&CDP-8BC5;⿺乚丿車,車
16757,16757,16757,軩,⿰車⿱厶口,車
16758,16758,16758,軧,⿰車⿱氏丶,車
16759,16759,16759,軬,⿳厶⿻一人車,車
16760,16760,16760,軱,⿰車瓜,車
16761,16761,16761,軲,⿰車⿱十口,車
16762,16762,16762,軤,⿰車乎,車
16763,16763,16763,軦,⿰車⿱口⿰丿乚,車
16764,16764,16764,軻,⿰車⿹⿱一亅口,車
16765,16765,16765,軨,⿰車⿱⿱人丶龴,車
16766,16766,16766,軳,⿰車⿹勹巳,車
16767,16767,16767,軯,⿰車⿻干丷,車
16768,16768,16768,軥,⿰車⿹勹口,車
16769,16769,16769,軽,⿰車⿱又⿱十一,車
16770,16770,16770,軵,⿰車⿰亻寸,車
16771,16771,16771,軺,⿰車⿱⿹𠃌丿口,車
16772,16772,16772,軼,⿰車⿰丿⿻⿱一一人,車
16773,16773,16773,軮,⿰車央,車
16774,16774,16774,軸,⿰車由,車
16775,16775,16775,軴,⿰車⿱⿱丶一⿱十一,車
16776,16776,16776,軫,⿰車⿱人彡,車
16777,16777,16777,軹,⿰車⿱口八,車
16778,16778,16778,軶,⿰車⿸⿱丶尸乙,車
16779,16779,16779,軪,⿰車⿰⿰&CDP-895C;丶⿻丿𠃌,車
16780,16780,16780,輄,⿰車⿱⺌⿱一⿰丿乚,車
16781,16781,16781,輁,⿰車⿱⿱⿻十丨一八,車
16782,16782,16782,較,⿰車⿱⿱丶一⿱八⿻丿乀,車
16783,16783,16783,輂,⿱⿱⿱⿻十丨一八車,車
16784,16784,16784,軭,⿰車⿷匚⿱一⿱十一,車
16785,16785,16785,輆,⿰車⿳⿱丶一⿰𠃋丿人,車
16786,16786,16786,輌,⿰車⿱一&CDP-8564;,車
16787,16787,16787,輅,⿰車⿱夂口,車
16788,16788,16788,軿,⿰車⿱丷⿱一⿻一&CDP-8BF5;,車
16789,16789,16789,輇,⿰車⿱人⿱一⿱十一,車
16790,16790,16790,軾,⿰車⿹⿺⿻一乚丶工,車
16791,16791,16791,輋,⿳山⿻一人車,車
16792,16792,16792,輊,⿰車⿱⿱一厶⿱十一,車
16793,16793,16793,輈,⿰車舟,車
16794,16794,16794,載,⿹⿶⿻⿺⿻一乚丶丿十車,車
16795,16795,16795,輀,⿰車⿱一⿱丿⿵冂⿰丨丨,車
16796,16796,16796,輔,⿰車⿺&CDP-86B7;丶,車
16797,16797,16797,輕,⿰車⿳一⿲𡿨𡿨𡿨工,車
16798,16798,16798,輎,⿰車⿱⺌月,車
16799,16799,16799,輐,⿰車⿱宀⿱一⿱一⿰丿乚,車
16800,16800,16800,輓,⿰車⿱𠂊&CDP-8BCB;,車
16801,16801,16801,輏,⿰車酉,車
16802,16802,16802,輍,⿰車谷,車
16803,16803,16803,輑,⿰車⿸⿻&CDP-8BAB;丿口,車
16804,16804,16804,輒,⿰車⿸耳𠃊,車
16805,16805,16805,輩,⿱非車,車
16806,16806,16806,輟,⿰車⿱⿰又又⿰又又,車
16807,16807,16807,輨,⿰車⿱宀㠯,車
16808,16808,16808,輠,⿰車⿻日木,車
16809,16809,16809,輥,⿰車⿱日比,車
16810,16810,16810,輝,⿰⿱⺌⿱一⿰丿乚⿱冖車,車
16811,16811,16811,輡,⿰車⿱勹臼,車
16812,16812,16812,輛,⿰車⿱一&CDP-8C62;,車
16813,16813,16813,輬,⿰車⿳⿱丶一口小,車
16814,16814,16814,輘,⿰車⿳⿱十一八夂,車
16815,16815,16815,輪,⿰車⿱⿱人一⿵冂⿻十丨,車
16816,16816,16816,輦,⿱⿰⿻⿱一一人⿻⿱一一人車,車
16817,16817,16817,輗,⿰車⿱臼⿰丿乚,車
16818,16818,16818,輧,⿰車⿰⿱丿干⿱丿干,車
16819,16819,16819,輫,⿰車非,車
16820,16820,16820,輣,⿰車⿰月月,車
16821,16821,16821,輤,⿰車⿱龶月,車
16822,16822,16822,輞,⿰車⿵冂⿱⿱丷一⿱⿱丶一𠃊,車
16823,16823,16823,輢,⿰車⿱⿻一人⿹⿱一亅口,車
16824,16824,16824,輚,⿰車⿱⿻⿺⿻一乚丶丿⿻⿺⿻一乚丶丿,車
16825,16825,16825,輙,⿰車⿰耳又,車
16826,16826,16826,輖,⿰車⿵⺆⿱⿱十一口,車
16827,16827,16827,輜,⿰車⿱⿲𡿨𡿨𡿨田,車
16828,16828,16828,輲,⿰車⿱山⿱一⿱丿⿵冂⿰丨丨,車
16829,16829,16829,輴,⿰車⿸𠂆⿱十目,車
16830,16830,16830,輳,⿰車⿱⿻⿱一⿱一一人⿱一⿻一人,車
16831,16831,16831,輹,⿰車⿳𠂉日夂,車
16832,16832,16832,輻,⿰車⿱⿱一口田,車
16833,16833,16833,輵,⿰車⿱日⿹勹⿺𠃊人,車
16834,16834,16834,輷,⿰車⿹勹言,車
16835,16835,16835,輯,⿰車⿱口耳,車
16836,16836,16836,輭,⿰車⿱⿱一⿱丿⿵冂⿰丨丨⿻一人,車
16837,16837,16837,輮,⿰車⿱⿱龴⿹⿱乛亅丿木,車
16838,16838,16838,輸,⿰車⿱⿱人一⿰月刂,車
16839,16839,16839,輼,⿰車⿱日皿,車
16840,16840,16840,輱,⿰車⿵⿵戊一口,車
16841,16841,16841,輰,⿰車⿱⿱日一⿹勹&CDP-89A6;,車
16842,16842,16842,輶,⿰車⿱丷酉,車
16843,16843,16843,輺,⿰車⿱⿻⿲𡿨𡿨𡿨一田,車
16844,16844,16844,輽,⿰車⿳厶⿻一人田,車
16845,16845,16845,轂,⿰⿱⿱⿱⿱十一冖一車⿱𠘧又,車
16846,16846,16846,轋,⿰車⿺辶車,車
16847,16847,16847,轁,⿰車⿱⿱丿𭕄臼,車
16848,16848,16848,轀,⿰車⿱⿴囗人皿,車
16849,16849,16849,轄,⿰車⿱⿱宀⿻⿱一⿱一一丨口,車
16850,16850,16850,轅,⿰車⿱⿱⿱十一口𧘇,車
16851,16851,16851,輿,⿶&CDP-8BA8;車,車
16852,16852,16852,轃,⿰車⿱⿻⿱一⿱一一人⿱丿木,車
16853,16853,16853,輾,⿰車⿸尸&CDP-8CE5;,車
16854,16854,16854,轈,⿰車⿱⿲𡿨𡿨𡿨⿻日木,車
16855,16855,16855,轇,⿰車⿱⿰⿹𠃌冫⿹𠃌冫⿱人彡,車
16856,16856,16856,轆,⿰車⿸&CDP-8D56;比,車
16857,16857,16857,轊,⿰車⿱⿰⿻⿱一⿱一一丨⿻⿱一⿱一一丨彐,車
16858,16858,16858,轌,⿰車⿱⿱一⿻冂&CDP-8C41;彐,車
16859,16859,16859,轉,⿰車⿱&CDP-8BD0;寸,車
16860,16860,16860,轐,⿰車⿳⿱&CDP-85F0;一⿱丷一⿻⿱一一人,車
16861,16861,16861,轒,⿰車⿱⿱十⿻一&CDP-8BF5;⿱目八,車
16862,16862,16862,轓,⿰車⿱⿱丿米田,車
16863,16863,16863,轕,⿰車⿱艹⿱日⿹勹⿺𠃊人,車
16864,16864,16864,轎,⿰車⿱⿱⿱丿⿻一人口⿵冂口,車
16865,16865,16865,轔,⿰車⿱米⿰⿴𠂊丶㐄,車
16866,16866,16866,轑,⿰車⿱⿱⿻⿻一人丷日小,車
16867,16867,16867,轏,⿰車⿸尸⿱子⿰子子,車
16868,16868,16868,轍,⿲車⿱⿻一厶月攵,車
16869,16869,16869,轘,⿰車⿳罒⿱一口𧘇,車
16870,16870,16870,轚,⿱⿰⿱車凵⿱𠘧又車,車
16871,16871,16871,轗,⿰車⿱⿵⿵戊一口心,車
16872,16872,16872,轖,⿰車⿱&CDP-8D5B;⿴囗口,車
16873,16873,16873,轝,⿱⿶&CDP-8BA8;&CDP-8BC2;車,車
16874,16874,16874,轙,⿰車⿱⿱⿱丷一⿱十一我,車
16875,16875,16875,轛,⿰車⿰&CDP-8BBD;寸,車
16876,16876,16876,轟,⿱車⿰車車,車
16877,16877,16877,轞,⿰車⿱⿰臣&CDP-89BC;皿,車
16878,16878,16878,轜,⿰車⿱⿱一⿻冂&CDP-8C41;⿱一⿱丿⿵冂⿰丨丨,車
16879,16879,16879,轠,⿰車⿱田⿰田田,車
16880,16880,16880,轢,⿰車⿱&CDP-8BF4;木,車
16881,16881,16881,轡,⿱⿲⿱⿰&CDP-895C;丶&CDP-885E;車⿱⿰&CDP-895C;丶小口,車
16882,16882,16882,轤,⿰車⿸⿸⿱⺊&CDP-88E2;⿻㇀乚&CDP-8CF4;,車
16883,16883,16883,轣,⿰車⿸⿸厂⿰⿱丿木⿱丿木止,車
16884,16884,16884,轥,⿰車⿱艹⿵⿰𠁣𠃛隹,車
16885,16885,16885,辰,⿸厂⿱⿱一一&CDP-8CC6;,辰
16886,16886,16886,辱,⿱⿸厂⿱⿱一一&CDP-8CC6;寸,辰
16887,16887,16887,農,⿱曲⿸厂⿱⿱一一&CDP-8CC6;,辰
16888,16888,16888,辳,⿱⿰木木⿸厂⿱⿱一一&CDP-8CC6;,辰
16889,16889,16889,辴,⿰⿱⿰口口&CDP-8BD9;⿸厂⿱⿱一一&CDP-8CC6;,辰
16890,16890,16890,赤,⿱⿱十一&CDP-8CB5;,赤
16891,16891,16891,赧,⿰⿱⿱十一&CDP-8CB5;⿸卩又,赤
16892,16892,16892,赦,⿰⿱⿱十一&CDP-8CB5;攵,赤
16893,16893,16893,赥,⿰⿱⿱十一&CDP-8CB5;欠,赤
16894,16894,16894,赪,⿰⿱⿱十一&CDP-8CB5;⿱⺊贝,赤
16895,16895,16895,赨,⿰⿱⿱十一&CDP-8CB5;虫,赤
16896,16896,16896,赩,⿰⿱⿱十一&CDP-8CB5;⿱𠂊巴,赤
16897,16897,16897,赫,⿰⿱⿱十一&CDP-8CB5;⿱⿱十一&CDP-8CB5;,赤
16898,16898,16898,赭,⿰⿱⿱十一&CDP-8CB5;⿸耂日,赤
16899,16899,16899,赬,⿰⿱⿱十一&CDP-8CB5;⿱⺊⿱目八,赤
16900,16900,16900,赮,⿰⿱⿱十一&CDP-8CB5;⿰&CDP-8C7A;&CDP-8C79;,赤
16901,16901,16901,赯,⿰⿱⿱十一&CDP-8CB5;⿸广&CDP-8CC1;,赤
16902,16902,16902,辵,⿱彡龰,辵
16903,16903,16903,豆,豆,豆
16904,16904,16904,豇,⿰豆工,豆
16905,16905,16905,豈,⿱山豆,豆
16906,16906,16906,豉,⿰豆⿱十又,豆
16907,16907,16907,豋,⿱&CDP-8C4F;豆,豆
16908,16908,16908,豊,⿱曲豆,豆
16909,16909,16909,豍,⿰豆⿱&CDP-89BE;十,豆
16910,16910,16910,豎,⿱⿰臣又豆,豆
16911,16911,16911,豌,⿰豆⿱宀⿰⿴𠂊丶㔾,豆
16912,16912,16912,豏,⿰豆⿱⿱丷一&CDP-8CDE;,豆
16913,16913,16913,豐,⿱⿻山⿰⿻⿱一⿱一一丨⿻⿱一⿱一一丨豆,豆
16914,16914,16914,豑,⿰⿱曲豆⿱丷⿹⿻弓丨丿,豆
16915,16915,16915,豓,⿰⿱⿻山⿰⿻⿱一⿱一一丨⿻⿱一⿱一一丨豆⿱⿵⿻一人丶皿,豆
16916,16916,16916,豒,⿰⿱⿻山⿰⿻⿱一⿱一一丨⿻⿱一⿱一一丨豆⿱丷⿹⿻弓丨丿,豆
16917,16917,16917,豔,⿰⿱⿻山⿰⿻⿱一⿱一一丨⿻⿱一⿱一一丨豆⿱⿱⿱十一厶皿,豆
16918,16918,16918,谷,谷,谷
16919,16919,16919,谸,⿰⿱丿十谷,谷
16920,16920,16920,谹,⿰谷⿸𠂇厶,谷
16921,16921,16921,谻,⿰谷⿹⺄&CDP-8BF1;,谷
16922,16922,16922,谺,⿰谷牙,谷
16923,16923,16923,谼,⿰谷⿱⿱⿻十丨一八,谷
16924,16924,16924,谽,⿰谷⿱⿱⿱人丶㇇口,谷
16925,16925,16925,谾,⿰谷⿱⿱宀八工,谷
16926,16926,16926,豁,⿰⿱⿱宀⿻⿱一⿱一一丨口谷,谷
16927,16927,16927,谿,⿰⿱⿱丿𭕄⿱⿰&CDP-895C;丶⿻一人谷,谷
16928,16928,16928,豀,⿰谷⿱⿱丿𭕄⿱⿰&CDP-895C;丶⿻一人,谷
16929,16929,16929,豃,⿰谷⿰⿱乛耳攵,谷
16930,16930,16930,豂,⿰谷⿱⿰⿹𠃌冫⿹𠃌冫⿱人彡,谷
16931,16931,16931,豄,⿰谷⿱⿱十一⿱罒⿱目八,谷
16932,16932,16932,豅,⿰谷⿰⿱⿱&CDP-8BAE;一月&CDP-89B0;,谷
16933,16933,16933,見,⿱目⿰丿乚,見
16934,16934,16934,覌,⿰又⿱目⿰丿乚,見
16935,16935,16935,覍,⿱小⿱目⿰丿乚,見
16936,16936,16936,覎,⿺⿱目⿰丿乚子,見
16937,16937,16937,覑,⿰片⿱目⿰丿乚,見
16938,16938,16938,規,⿰⿻⿱一一人⿱目⿰丿乚,見
16939,16939,16939,覐,⿺⿱目⿰丿乚⿱㐅⿻丿乀,見
16940,16940,16940,覒,⿰⿱丿&CDP-8A43;⿱目⿰丿乚,見
16941,16941,16941,覓,⿱⿱丿𭕄⿱目⿰丿乚,見
16942,16942,16942,覔,⿱⿱一&CDP-8665;⿱目⿰丿乚,見
16943,16943,16943,視,⿰礻⿱目⿰丿乚,見
16944,16944,16944,覘,⿰⿱⺊口⿱目⿰丿乚,見
16945,16945,16945,覚,⿳𭕄冖⿱目⿰丿乚,見
16946,16946,16946,覕,⿰⿻心丿⿱目⿰丿乚,見
16947,16947,16947,覗,⿰⿹𠃌⿱一口⿱目⿰丿乚,見
16948,16948,16948,覙,⿰⿱𠂉小⿱目⿰丿乚,見
16949,16949,16949,覛,⿰⿸𠂆&CDP-8C66;⿱目⿰丿乚,見
16950,16950,16950,覜,⿰兆⿱目⿰丿乚,見
16951,16951,16951,覠,⿰⿸⿻&CDP-8BAB;丿口⿱目⿰丿乚,見
16952,16952,16952,覝,⿰⿱干⿱八人⿱目⿰丿乚,見
16953,16953,16953,覡,⿰⿻工⿰人人⿱目⿰丿乚,見
16954,16954,16954,覞,⿰⿱目⿰丿乚⿱目⿰丿乚,見
16955,16955,16955,覟,⿰⿱⿱十一心⿱目⿰丿乚,見
16956,16956,16956,覩,⿰⿸耂日⿱目⿰丿乚,見
16957,16957,16957,覢,⿰⿱⿱八人⿱八人⿱目⿰丿乚,見
16958,16958,16958,覥,⿰⿱&CDP-89E0;八⿱目⿰丿乚,見
16959,16959,16959,覣,⿰⿱⿱丿木女⿱目⿰丿乚,見
16960,16960,16960,覤,⿰⿸⿸⿱⺊&CDP-88E2;⿻㇀乚几⿱目⿰丿乚,見
16961,16961,16961,覧,⿱⿰臣&CDP-89BC;⿱目⿰丿乚,見
16962,16962,16962,親,⿰⿱⿱&CDP-8BAE;一朩⿱目⿰丿乚,見
16963,16963,16963,覦,⿰⿱⿱人一⿰月刂⿱目⿰丿乚,見
16964,16964,16964,覨,⿰⿱⿰口口⿱一⿱一㇉⿱目⿰丿乚,見
16965,16965,16965,覯,⿰⿱⿱井一冉⿱目⿰丿乚,見
16966,16966,16966,覬,⿰⿱山豆⿱目⿰丿乚,見
16967,16967,16967,覭,⿰⿱冖⿱日⿱⿱丶一八⿱目⿰丿乚,見
16968,16968,16968,覫,⿰⿱&CDP-8BEC;⿱⿱丶一&CDP-8B6C;⿱目⿰丿乚,見
16969,16969,16969,覮,⿱⿱⿰⿱八人⿱八人冖⿱目⿰丿乚,見
16970,16970,16970,観,⿰⿱𠂉⿻一隹⿱目⿰丿乚,見
16971,16971,16971,覲,⿰⿱廿&CDP-8A6D;⿱目⿰丿乚,見
16972,16972,16972,覷,⿰⿸⿸⿱⺊&CDP-88E2;⿻㇀乚⿱&CDP-85F0;一⿱目⿰丿乚,見
16973,16973,16973,覰,⿰⿸⿸⿱⺊&CDP-88E2;⿻㇀乚且⿱目⿰丿乚,見
16974,16974,16974,覱,⿱⿰車⿸𠂆⿱一丨⿱目⿰丿乚,見
16975,16975,16975,覴,⿰⿱⿰&CDP-88D3;&CDP-88D5;豆⿱目⿰丿乚,見
16976,16976,16976,覸,⿰⿵⿰𠁣𠃛日⿱目⿰丿乚,見
16977,16977,16977,覵,⿰⿵⿰𠁣𠃛月⿱目⿰丿乚,見
16978,16978,16978,覶,⿰⿳⿱丿𭕄龴⿵冂⿱厶又⿱目⿰丿乚,見
16979,16979,16979,覺,⿱⿶&CDP-8B64;⿱㐅⿻丿乀⿱目⿰丿乚,見
16980,16980,16980,覻,⿰⿸⿸⿱⺊&CDP-88E2;⿻㇀乚豆⿱目⿰丿乚,見
16981,16981,16981,覹,⿰⿱目⿰丿乚⿰彳⿰⿳山一几攵,見
16982,16982,16982,覼,⿰⿱一&CDP-88D6;⿱目⿰丿乚,見
16983,16983,16983,覽,⿱&CDP-8D50;⿱目⿰丿乚,見
16984,16984,16984,覿,⿰⿱⿱十一⿱罒⿱目八⿱目⿰丿乚,見
16985,16985,16985,覾,⿰⿱宀⿱⿱丿米田⿱目⿰丿乚,見
16986,16986,16986,觀,⿰⿱艹⿱⿰口口隹⿱目⿰丿乚,見
16987,16987,16987,角,角,角
16988,16988,16988,觔,⿰角⿻丿𠃌,角
16989,16989,16989,觓,⿰角丩,角
16990,16990,16990,觙,⿰角及,角
16991,16991,16991,觘,⿰角⿱小丿,角
16992,16992,16992,觕,⿰牛角,角
16993,16993,16993,觖,⿰角⿻𠃍⿻一人,角
16994,16994,16994,觗,⿰角氏,角
16995,16995,16995,觛,⿰角⿱日一,角
16996,16996,16996,觝,⿰角⿱氏丶,角
16997,16997,16997,觚,⿰角瓜,角
16998,16998,16998,觞,⿰角⿱𠂉𠃓,角
16999,16999,16999,触,⿰角虫,角
17000,17000,17000,觤,⿰角⿸⿱𠂊厂㔾,角
17001,17001,17001,觡,⿰角⿱夂口,角
17002,17002,17002,觥,⿰角⿱⺌⿱一⿰丿乚,角
17003,17003,17003,觟,⿰角⿱⿱十一⿱十一,角
17004,17004,17004,解,⿰角⿱⿹𠃌丿牛,角
17005,17005,17005,觧,⿰角⿱⿱丷一&CDP-8BF1;,角
17006,17006,17006,觠,⿱⿱丷⿻⿱一一人角,角
17007,17007,17007,觢,⿱⿰⿻⿱一⿱一一丨⿹𠃌丿角,角
17008,17008,17008,觜,⿱⿰止⿺乚丿角,角
17009,17009,17009,觨,⿰角⿱工⿲㇇亅&CDP-85BF;,角
17010,17010,17010,觭,⿰角⿱⿻一人⿹⿱一亅口,角
17011,17011,17011,觩,⿰角⿺&CDP-85DC;丶,角
17012,17012,17012,觫,⿰角束,角
17013,17013,17013,觪,⿰角⿱⿱&CDP-8BAE;一十,角
17014,17014,17014,觮,⿰角⿱彐⿻亅&CDP-89AE;,角
17015,17015,17015,觬,⿰角⿱臼⿰丿乚,角
17016,17016,17016,觯,⿰角⿱丷&CDP-8BD9;,角
17017,17017,17017,觰,⿰角⿸耂日,角
17018,17018,17018,觱,⿱⿵⿵戊一口角,角
17019,17019,17019,觳,⿰⿱⿱⿱⿱十一冖一角⿱𠘧又,角
17020,17020,17020,觲,⿰角⿱⿱⿱丷一⿱十一牛,角
17021,17021,17021,觵,⿰角⿳⿱⿻十丨一由八,角
17022,17022,17022,觴,⿰角⿱𠂉⿱⿱日一⿹勹&CDP-89A6;,角
17023,17023,17023,觹,⿰角⿱隹&CDP-8DDF;,角
17024,17024,17024,觶,⿰角⿱⿰口口&CDP-8BD9;,角
17025,17025,17025,觸,⿰角⿱罒⿹勹虫,角
17026,17026,17026,觷,⿱⿶&CDP-8B64;⿱㐅⿻丿乀角,角
17027,17027,17027,觼,⿰角⿳&CDP-8CAF;目夂,角
17028,17028,17028,觺,⿱⿰⿱⿺乚丿⿱𠂉⿻一人⿱龴疋角,角
17029,17029,17029,觻,⿰角⿱&CDP-8BF4;木,角
17030,17030,17030,觽,⿰角⿱山⿱隹&CDP-8DDF;,角
17031,17031,17031,觾,⿰角⿳廿&CDP-8D76;灬,角
17032,17032,17032,觿,⿰角⿱⿱山隹⿵冂⿱八口,角
17033,17033,17033,兙,⿺⿱⿱十口⿰丿乚十,克
17034,17034,17034,兛,⿺⿱⿱十口⿰丿乚⿱丿十,克
17035,17035,17035,兝,⿺⿱⿱十口⿰丿乚⿱八⿹𠃌丿,克
17036,17036,17036,兞,⿺⿱⿱十口⿰丿乚⿱丿&CDP-8A43;,克
17037,17037,17037,兡,⿺⿱⿱十口⿰丿乚⿱一白,克
17038,17038,17038,兣,⿺⿱⿱十口⿰丿乚⿸厂⿱&CDP-8BD9;一,克
17039,17039,17039,里,⿱&CDP-8BD9;一,里
17040,17040,17040,重,重,里
17041,17041,17041,野,⿰⿱&CDP-8BD9;一⿱龴⿱乛亅,里
17042,17042,17042,量,⿱⿱日一⿱&CDP-8BD9;一,里
17043,17043,17043,釐,⿸⿱⿰未攵厂⿱&CDP-8BD9;一,里
17044,17044,17044,鹾,⿰⿱⺊⿴囗㐅⿸⿱⿱丷一&CDP-8BF1;工,卤
17045,17045,17045,麦,⿱龶夂,麦
17046,17046,17046,麸,⿰⿱龶夂⿻⿱一一人,麦
17047,17047,17047,麹,⿰⿱龶夂⿹勹米,麦
17048,17048,17048,麺,⿰⿱龶夂⿱⿱一丿⿴囗&CDP-89CC;,麦
17049,17049,17049,身,身,身
17050,17050,17050,躬,⿰身弓,身
17051,17051,17051,躭,⿰身冘,身
17052,17052,17052,躮,⿰身⿱八⿹𠃌丿,身
17053,17053,17053,躯,⿰身⿷匚㐅,身
17054,17054,17054,躰,⿰身本,身
17055,17055,17055,躱,⿰身⿱⿹𠄎丿木,身
17056,17056,17056,躲,⿰身⿱几木,身
17057,17057,17057,躳,⿰身⿱口口,身
17058,17058,17058,躸,⿰身⿱⿻一人⿹⿱一亅口,身
17059,17059,17059,躴,⿰身⿱丶艮,身
17060,17060,17060,躵,⿰身⿱⿹⿹𠃌丿丿心,身
17061,17061,17061,躹,⿰身⿹勹米,身
17062,17062,17062,躻,⿰身⿱⿱宀八工,身
17063,17063,17063,躶,⿰身⿻日木,身
17064,17064,17064,躼,⿰身⿳&CDP-884A;一&CDP-8CC6;,身
17065,17065,17065,躺,⿰身⿱⺌⿵冂口,身
17066,17066,17066,躷,⿰身⿱⿱丿木女,身
17067,17067,17067,躾,⿰身⿱⿱⿱丷一⿱十一⿻一人,身
17068,17068,17068,躽,⿰身⿷匚⿱日女,身
17069,17069,17069,躿,⿰身⿸广隶,身
17070,17070,17070,軁,⿰身⿱&CDP-89C5;女,身
17071,17071,17071,軀,⿰身⿷匚⿱口⿰口口,身
17072,17072,17072,軃,⿰身⿱⿰口口&CDP-8BD9;,身
17073,17073,17073,軂,⿰身⿱⿱⿰⿱八人⿱八人冖⿻丿𠃌,身
17074,17074,17074,軅,⿰身⿸厂⿰亻隹,身
17075,17075,17075,軄,⿰身⿹&CDP-88A7;日,身
17076,17076,17076,軆,⿰身⿱曲豆,身
17077,17077,17077,軇,⿰身⿳⿳⿱十一乛工一⿰口寸,身
17078,17078,17078,軈,⿰身⿸⿸广⿰亻隹心,身
17079,17079,17079,軉,⿰身⿱⿱宀⿰⿱一⿱十一缶⿱目八,身
17080,17080,17080,豕,⿱一𧰨,豕
17081,17081,17081,豖,⿻⿱一𧰨丶,豕
17082,17082,17082,豗,⿺⿱一⿰丿乚⿱一𧰨,豕
17083,17083,17083,豝,⿰⿱一𧰨巴,豕
17084,17084,17084,豜,⿰⿱一𧰨⿱一⿻一&CDP-8BF5;,豕
17085,17085,17085,豘,⿰⿱一𧰨⿻丿⿻凵乚,豕
17086,17086,17086,豚,⿰月⿱一𧰨,豕
17087,17087,17087,象,⿳𠂊⿴囗丨𧰨,豕
17088,17088,17088,豙,⿱⿱&CDP-8BAE;一𧰨,豕
17089,17089,17089,豛,⿰⿱一𧰨⿱𠘧又,豕
17090,17090,17090,豠,⿰⿱一𧰨且,豕
17091,17091,17091,豞,⿰⿱一𧰨⿹勹口,豕
17092,17092,17092,豟,⿰⿱一𧰨⿸⿱丶尸乙,豕
17093,17093,17093,豥,⿰⿱一𧰨⿳⿱丶一⿰𠃋丿人,豕
17094,17094,17094,豢,⿱⿱丷⿻⿱一一人⿱一𧰨,豕
17095,17095,17095,豣,⿰⿱一𧰨⿰干干,豕
17096,17096,17096,豦,⿸⿸⿱⺊&CDP-88E2;⿻㇀乚⿱一𧰨,豕
17097,17097,17097,豤,⿰⿱一𧰨艮,豕
17098,17098,17098,豩,⿰⿱一𧰨⿱一𧰨,豕
17099,17099,17099,豧,⿰⿱一𧰨⿺&CDP-86B7;丶,豕
17100,17100,17100,豪,⿱&CDP-8C4D;⿱一𧰨,豕
17101,17101,17101,豨,⿰⿱一𧰨⿱㐅⿸𠂇巾,豕
17102,17102,17102,豫,⿰⿱龴⿱乛亅⿳𠂊⿴囗丨𧰨,豕
17103,17103,17103,豬,⿰⿱一𧰨⿸耂日,豕
17104,17104,17104,豮,⿰⿱一𧰨⿱⿱十⿻一&CDP-8BF5;贝,豕
17105,17105,17105,豭,⿰⿱一𧰨⿰&CDP-8C7A;&CDP-8C79;,豕
17106,17106,17106,豱,⿰⿱一𧰨⿱日皿,豕
17107,17107,17107,豳,⿻山⿰⿱一𧰨⿱一𧰨,豕
17108,17108,17108,豲,⿰⿱一𧰨⿸厂&CDP-8BC4;,豕
17109,17109,17109,豰,⿰⿱⿱⿱⿱十一冖一⿱一𧰨⿱𠘧又,豕
17110,17110,17110,豯,⿰⿱一𧰨⿱⿱丿𭕄⿱⿰&CDP-895C;丶⿻一人,豕
17111,17111,17111,豴,⿰⿱一𧰨⿱&CDP-8BAE;&CDP-8C6C;,豕
17112,17112,17112,豵,⿰⿱一𧰨⿰彳&CDP-8BB0;,豕
17113,17113,17113,豶,⿰⿱一𧰨⿱⿱十⿻一&CDP-8BF5;⿱目八,豕
17114,17114,17114,豷,⿰⿱一𧰨⿳⿱十一冖豆,豕
17115,17115,17115,辛,⿱⿱&CDP-8BAE;一十,辛
17116,17116,17116,辝,⿰⿱厶口⿱⿱&CDP-8BAE;一十,辛
17117,17117,17117,辜,⿱⿱十口⿱⿱&CDP-8BAE;一十,辛
17118,17118,17118,辟,⿰⿸尸口⿱⿱&CDP-8BAE;一十,辛
17119,17119,17119,辞,⿰⿱⿱丿十口⿱⿱&CDP-8BAE;一十,辛
17120,17120,17120,辠,⿱自⿱⿱&CDP-8BAE;一十,辛
17121,17121,17121,辡,⿰⿱⿱&CDP-8BAE;一十⿱⿱&CDP-8BAE;一十,辛
17122,17122,17122,辢,⿰束⿱⿱&CDP-8BAE;一十,辛
17123,17123,17123,辣,⿰⿱⿱&CDP-8BAE;一十束,辛
17124,17124,17124,辤,⿰⿱&CDP-8BB8;又⿱⿱&CDP-8BAE;一十,辛
17125,17125,17125,辧,⿲⿱⿱&CDP-8BAE;一十⿹𠃌丿⿱⿱&CDP-8BAE;一十,辛
17126,17126,17126,辨,⿲⿱⿱&CDP-8BAE;一十&CDP-8BEA;⿱⿱&CDP-8BAE;一十,辛
17127,17127,17127,辩,⿲⿱⿱&CDP-8BAE;一十讠⿱⿱&CDP-8BAE;一十,辛
17128,17128,17128,辦,⿲⿱⿱&CDP-8BAE;一十⿻丿𠃌⿱⿱&CDP-8BAE;一十,辛
17129,17129,17129,辥,⿰⿱⿻凵丨⿱丿㠯⿱⿱&CDP-8BAE;一十,辛
17130,17130,17130,辫,⿲⿱⿱&CDP-8BAE;一十纟⿱⿱&CDP-8BAE;一十,辛
17131,17131,17131,辪,⿰⿱止⿱丿㠯⿱⿱&CDP-8BAE;一十,辛
17132,17132,17132,辬,⿲⿱⿱&CDP-8BAE;一十⿱⿱丶一⿻丿乀⿱⿱&CDP-8BAE;一十,辛
17133,17133,17133,辭,⿰⿳⿱丿𭕄龴⿵冂⿱厶又⿱⿱&CDP-8BAE;一十,辛
17134,17134,17134,辮,⿲⿱⿱&CDP-8BAE;一十⿱⿰&CDP-895C;丶小⿱⿱&CDP-8BAE;一十,辛
17135,17135,17135,辯,⿲⿱⿱&CDP-8BAE;一十言⿱⿱&CDP-8BAE;一十,辛
17136,17136,17136,言,言,言
17137,17137,17137,訁,訁,言
17138,17138,17138,訂,⿰言⿱一亅,言
17139,17139,17139,訃,⿰言卜,言
17140,17140,17140,訇,⿹勹言,言
17141,17141,17141,訆,⿰言丩,言
17142,17142,17142,計,⿰言十,言
17143,17143,17143,訄,⿺九言,言
17144,17144,17144,訅,⿰言九,言
17145,17145,17145,記,⿰言己,言
17146,17146,17146,訍,⿰言⿴又丶,言
17147,17147,17147,訋,⿰言⿹勹丶,言
17148,17148,17148,訉,⿰言⿵几丶,言
17149,17149,17149,訌,⿰言工,言
17150,17150,17150,訐,⿰言干,言
17151,17151,17151,訖,⿰言⿱𠂉乙,言
17152,17152,17152,訒,⿰言⿹⿹𠃌丿丿,言
17153,17153,17153,訕,⿰言山,言
17154,17154,17154,訯,⿰言及,言
17155,17155,17155,託,⿰言⿱丿⿻㇀乚,言
17156,17156,17156,討,⿰言寸,言
17157,17157,17157,訊,⿰言⿹⺄十,言
17158,17158,17158,訓,⿰言川,言
17159,17159,17159,訙,⿰言⿻九丶,言
17160,17160,17160,訏,⿰言于,言
17161,17161,17161,訑,⿰言也,言
17162,17162,17162,訔,⿱山言,言
17163,17163,17163,訚,⿵门言,言
17164,17164,17164,訦,⿰言冘,言
17165,17165,17165,訥,⿰言⿻冂人,言
17166,17166,17166,訬,⿰言⿱小丿,言
17167,17167,17167,訜,⿰言⿱八⿹𠃌丿,言
17168,17168,17168,訪,⿰言⿱⿱丶一&CDP-8B6C;,言
17169,17169,17169,訣,⿰言⿻𠃍⿻一人,言
17170,17170,17170,詎,⿰言巨,言
17171,17171,17171,設,⿰言⿱𠘧又,言
17172,17172,17172,訠,⿰言⿰弓丨,言
17173,17173,17173,訟,⿰言⿱八厶,言
17174,17174,17174,訤,⿰言⿱㐅⿻丿乀,言
17175,17175,17175,訩,⿰言⿶凵㐅,言
17176,17176,17176,訫,⿰言心,言
17177,17177,17177,訢,⿰言⿸𠂆⿱一丨,言
17178,17178,17178,許,⿰言⿱𠂉十,言
17179,17179,17179,訝,⿰言牙,言
17180,17180,17180,訮,⿰言⿱一⿻一&CDP-8BF5;,言
17181,17181,17181,訲,⿰言⿻口丨,言
17182,17182,17182,訳,⿰言尺,言
17183,17183,17183,訡,⿰言⿱⿱人丶㇇,言
17184,17184,17184,訧,⿰言⿺尢丶,言
17185,17185,17185,訞,⿰言⿱丿⿻一人,言
17186,17186,17186,訰,⿰言⿻丿⿻凵乚,言
17187,17187,17187,訨,⿰言止,言
17188,17188,17188,訛,⿰言⿰亻⿻乚丿,言
17189,17189,17189,詙,⿰言⿺⿸𠂇又丶,言
17190,17190,17190,詖,⿰言皮,言
17191,17191,17191,訵,⿰言⿴囗⿰丿乚,言
17192,17192,17192,詞,⿰言⿹𠃌⿱一口,言
17193,17193,17193,詄,⿰言⿰丿⿻⿱一一人,言
17194,17194,17194,詚,⿰言⿱日一,言
17195,17195,17195,詆,⿰言⿱氏丶,言
17196,17196,17196,詂,⿰言⿰亻寸,言
17197,17197,17197,詌,⿰言甘,言
17198,17198,17198,訽,⿰言⿹勹口,言
17199,17199,17199,詁,⿰言⿱十口,言
17200,17200,17200,訸,⿰言⿱丿木,言
17201,17201,17201,訶,⿰言⿹⿱一亅口,言
17202,17202,17202,詃,⿰言⿱⿱丶一⿰&CDP-895C;丶,言
17203,17203,17203,詈,⿱罒言,言
17204,17204,17204,詅,⿰言⿱⿱人丶龴,言
17205,17205,17205,詉,⿰言⿰女又,言
17206,17206,17206,詊,⿰言⿱丷&CDP-8BF1;,言
17207,17207,17207,評,⿰言⿻干丷,言
17208,17208,17208,詘,⿰言⿱⿻凵丨凵,言
17209,17209,17209,詓,⿰言⿱⿱十一厶,言
17210,17210,17210,訷,⿰言申,言
17211,17211,17211,訴,⿰言⿻⿸𠂆⿱一丨丶,言
17212,17212,17212,詑,⿰言⿱宀⿺乚丿,言
17213,17213,17213,詜,⿰言⿱⿻凵丨又,言
17214,17214,17214,詇,⿰言央,言
17215,17215,17215,詔,⿰言⿱⿹𠃌丿口,言
17216,17216,17216,証,⿰言⿱一止,言
17217,17217,17217,詗,⿰言⿵冂口,言
17218,17218,17218,訹,⿰言⿺木丶,言
17219,17219,17219,詏,⿰言⿰⿰&CDP-895C;丶⿻丿𠃌,言
17220,17220,17220,詍,⿰言世,言
17221,17221,17221,詒,⿰言⿱厶口,言
17222,17222,17222,詠,⿰言永,言
17223,17223,17223,詐,⿰言乍,言
17224,17224,17224,詟,⿱⿻⿺尢丶丿言,言
17225,17225,17225,詋,⿰言⿱口⿰丿乚,言
17226,17226,17226,註,⿰言⿱⿱丶一⿱十一,言
17227,17227,17227,詀,⿰言⿱⺊口,言
17228,17228,17228,診,⿰言⿱人彡,言
17229,17229,17229,詝,⿰言⿱宀⿱一亅,言
17230,17230,17230,詛,⿰言且,言
17231,17231,17231,誁,⿰言⿱丷⿱一⿻一&CDP-8BF5;,言
17232,17232,17232,詫,⿰言⿱宀⿱丿⿻㇀乚,言
17233,17233,17233,詧,⿱&CDP-8C4F;言,言
17234,17234,17234,誠,⿰言⿵戊𠃌,言
17235,17235,17235,詶,⿰言州,言
17236,17236,17236,誕,⿰言⿺廴⿱丿&CDP-8960;,言
17237,17237,17237,詿,⿰言⿱⿱十一⿱十一,言
17238,17238,17238,詭,⿰言⿸⿱𠂊厂㔾,言
17239,17239,17239,詬,⿰言⿸⿸𠂆一口,言
17240,17240,17240,該,⿰言⿳⿱丶一⿰𠃋丿人,言
17241,17241,17241,話,⿰言⿱⿱丿十口,言
17242,17242,17242,詯,⿰言自,言
17243,17243,17243,詼,⿰言⿸𠂇⿱八人,言
17244,17244,17244,詤,⿰言⿱⿺𠃊人⿴⿰丿乚丨,言
17245,17245,17245,詥,⿰言⿱⿱人一口,言
17246,17246,17246,詪,⿰言艮,言
17247,17247,17247,詰,⿰言⿱⿱十一口,言
17248,17248,17248,詨,⿰言⿱⿱丶一⿱八⿻丿乀,言
17249,17249,17249,誇,⿰言⿱⿻一人⿱一⿱一㇉,言
17250,17250,17250,誆,⿰言⿷匚⿱一⿱十一,言
17251,17251,17251,詻,⿰言⿱夂口,言
17252,17252,17252,誄,⿰言⿻一未,言
17253,17253,17253,詸,⿰言米,言
17254,17254,17254,詺,⿰言⿱⿴𠂊丶口,言
17255,17255,17255,詮,⿰言⿱人⿱一⿱十一,言
17256,17256,17256,試,⿰言⿹⿺⿻一乚丶工,言
17257,17257,17257,詵,⿰言⿱⿰丿土⿰丿乚,言
17258,17258,17258,詩,⿰言⿱⿱十一寸,言
17259,17259,17259,誂,⿰言兆,言
17260,17260,17260,誊,⿱⿱丷⿻⿱一一人言,言
17261,17261,17261,詷,⿰言⿵⿵冂一口,言
17262,17262,17262,誔,⿰言⿺廴⿱丿⿱十一,言
17263,17263,17263,詴,⿰言⿸𠂇月,言
17264,17264,17264,誈,⿰言⿱⿱一厶⿱十一,言
17265,17265,17265,詳,⿰言⿱⿱丷一&CDP-8BF1;,言
17266,17266,17266,詾,⿰言⿹勹⿶凵㐅,言
17267,17267,17267,詢,⿰言⿹勹日,言
17268,17268,17268,詡,⿰言⿰⿹𠃌冫⿹𠃌冫,言
17269,17269,17269,詽,⿰言⿰干干,言
17270,17270,17270,詣,⿰言⿱⿺乚丿日,言
17271,17271,17271,誃,⿰言⿱⿴𠂊丶⿴𠂊丶,言
17272,17272,17272,誉,⿱⿳𭕄一八言,言
17273,17273,17273,諍,⿰言⿱𠂊&CDP-8BFE;,言
17274,17274,17274,詹,⿸⿱𠂊厂&CDP-8CC3;,言
17275,17275,17275,誅,⿰言朱,言
17276,17276,17276,訿,⿰言⿰止⿺乚丿,言
17277,17277,17277,訾,⿱⿰止⿺乚丿言,言
17278,17278,17278,誀,⿰言耳,言
17279,17279,17279,誖,⿰言⿱⿱十冖子,言
17280,17280,17280,誧,⿰言⿺&CDP-86B7;丶,言
17281,17281,17281,誗,⿰言⿰⿱丿木刂,言
17282,17282,17282,誎,⿰言束,言
17283,17283,17283,読,⿰言⿱⿱十一⿱冖⿰丿乚,言
17284,17284,17284,誥,⿰言⿱⿰丿土口,言
17285,17285,17285,誨,⿰言⿱𠂉母,言
17286,17286,17286,誮,⿰言⿱艹⿰亻⿻乚丿,言
17287,17287,17287,誡,⿰言⿹⿻⿺⿻一乚丶丿⿻一&CDP-8BF5;,言
17288,17288,17288,誋,⿰言⿱己心,言
17289,17289,17289,誩,⿰言言,言
17290,17290,17290,誑,⿰言⿰犭⿱一⿱十一,言
17291,17291,17291,誙,⿰言⿳一⿲𡿨𡿨𡿨工,言
17292,17292,17292,諔,⿰言⿰⿱⿱⺊一小又,言
17293,17293,17293,諆,⿰言⿱&CDP-8B72;八,言
17294,17294,17294,誏,⿰言⿱丶艮,言
17295,17295,17295,誚,⿰言⿱⺌月,言
17296,17296,17296,誛,⿰言⿳&CDP-8BAB;冖又,言
17297,17297,17297,認,⿰言⿱⿹⿹𠃌丿丿心,言
17298,17298,17298,誜,⿰言⿳厶八夂,言
17299,17299,17299,說,⿰言⿱八⿱口⿰丿乚,言
17300,17300,17300,説,⿰言⿱丷⿱口⿰丿乚,言
17301,17301,17301,誓,⿱⿰扌⿸𠂆⿱一丨言,言
17302,17302,17302,誦,⿰言⿱龴⿵冂&CDP-8BF1;,言
17303,17303,17303,誤,⿰言⿱口⿱一⿻一人,言
17304,17304,17304,誣,⿰言⿻工⿰人人,言
17305,17305,17305,誢,⿰言⿱目⿰丿乚,言
17306,17306,17306,誟,⿰言⿸耂子,言
17307,17307,17307,誘,⿰言⿱⿱丿木⿹𠄎丿,言
17308,17308,17308,語,⿰言⿱⿱一𫝀口,言
17309,17309,17309,誫,⿰言⿸厂⿱⿱一一&CDP-8CC6;,言
17310,17310,17310,誌,⿰言⿱⿱十一心,言
17311,17311,17311,誐,⿰言我,言
17312,17312,17312,誝,⿰言⿱⿱⿱人丶㇇口,言
17313,17313,17313,誒,⿰言⿱厶⿱𠂉⿻一人,言
17314,17314,17314,諚,⿰言⿱宀⿱一龰,言
17315,17315,17315,諘,⿰言⿱龶𧘇,言
17316,17316,17316,誯,⿰言⿱日日,言
17317,17317,17317,諃,⿰言⿰木木,言
17318,17318,17318,誺,⿰言⿻木⿰人人,言
17319,17319,17319,諂,⿰言⿱勹臼,言
17320,17320,17320,誴,⿰言⿱宀示,言
17321,17321,17321,調,⿰言⿵⺆⿱⿱十一口,言
17322,17322,17322,諌,⿰言東,言
17323,17323,17323,誹,⿰言非,言
17324,17324,17324,諙,⿰言⿱氏日,言
17325,17325,17325,諣,⿰言⿵⿱⿵冂𠃍冂口,言
17326,17326,17326,諓,⿰言⿱⿻⿺⿻一乚丶丿⿻⿺⿻一乚丶丿,言
17327,17327,17327,誱,⿰言疌,言
17328,17328,17328,諅,⿱⿱&CDP-8B72;八言,言
17329,17329,17329,諊,⿰言⿹勹米,言
17330,17330,17330,課,⿰言⿻日木,言
17331,17331,17331,諒,⿰言⿳⿱丶一口小,言
17332,17332,17332,論,⿰言⿱⿱人一⿵冂⿻十丨,言
17333,17333,17333,諾,⿰言⿱艹⿸𠂇口,言
17334,17334,17334,誽,⿰言⿱臼⿰丿乚,言
17335,17335,17335,諀,⿰言⿱&CDP-89BE;十,言
17336,17336,17336,諩,⿰言⿱⿱丷一⿱&CDP-85F0;一,言
17337,17337,17337,諐,⿱⿰亻⿱口⿴⿰丿乚丨言,言
17338,17338,17338,誳,⿰言⿸尸⿱⿻凵丨凵,言
17339,17339,17339,請,⿰言⿱龶月,言
17340,17340,17340,誰,⿰言隹,言
17341,17341,17341,諗,⿰言⿱⿱⿱人丶㇇心,言
17342,17342,17342,誶,⿰言⿱⿱⿱丶一⿰人人十,言
17343,17343,17343,誻,⿰言⿱⿲㇇亅&CDP-85BF;日,言
17344,17344,17344,談,⿰言⿱⿱八人⿱八人,言
17345,17345,17345,諉,⿰言⿱⿱丿木女,言
17346,17346,17346,誷,⿰言⿵冂⿱⿱丷一⿱⿱丶一𠃊,言
17347,17347,17347,諕,⿰言⿸⿸⿱⺊&CDP-88E2;⿻㇀乚几,言
17348,17348,17348,誸,⿰言⿰弓⿱⿱丶一⿰&CDP-895C;丶,言
17349,17349,17349,誵,⿰言⿱㐅⿸𠂇月,言
17350,17350,17350,誼,⿰言⿱宀且,言
17351,17351,17351,誾,⿵⿰𠁣𠃛言,言
17352,17352,17352,諛,⿰言⿻臼人,言
17353,17353,17353,諈,⿰言⿳丿&CDP-876E;一,言
17354,17354,17354,諁,⿰言⿱⿰又又⿰又又,言
17355,17355,17355,諑,⿰言⿻⿱一𧰨丶,言
17356,17356,17356,諸,⿰言⿸耂日,言
17357,17357,17357,諄,⿰言⿳⿱丶一口子,言
17358,17358,17358,諎,⿰言⿱⿱⿻十丨一日,言
17359,17359,17359,諏,⿰言⿰耳又,言
17360,17360,17360,諶,⿰言⿱&CDP-88C8;⿷匚⿰丿乚,言
17361,17361,17361,諜,⿰言⿱世木,言
17362,17362,17362,諦,⿰言⿱&CDP-8BEC;巾,言
17363,17363,17363,諨,⿰言⿱⿱一口田,言
17364,17364,17364,諷,⿰言⿵几⿱丿虫,言
17365,17365,17365,諽,⿰言革,言
17366,17366,17366,諻,⿰言⿱白⿱一⿱十一,言
17367,17367,17367,諱,⿰言⿳𫝀口㐄,言
17368,17368,17368,謊,⿰言⿱艹⿱⿱⿱丶一𠃊⿴⿰丿乚丨,言
17369,17369,17369,諢,⿰言⿱冖車,言
17370,17370,17370,諫,⿰言柬,言
17371,17371,17371,謉,⿰言⿱⿱丿田⿺⿰丿乚厶,言
17372,17372,17372,謎,⿰言⿺辶米,言
17373,17373,17373,謀,⿰言⿱甘木,言
17374,17374,17374,諵,⿰言⿱十&CDP-8BDC;,言
17375,17375,17375,諞,⿰言⿸⿱丶尸⿵冂⿻十丨,言
17376,17376,17376,諬,⿱⿰⿱丿木⿺尢丶言,言
17377,17377,17377,諟,⿰言⿱日⿱一龰,言
17378,17378,17378,諡,⿰言⿱⿱八⿱一㇉皿,言
17379,17379,17379,諪,⿰言⿱&CDP-8C4D;⿱一亅,言
17380,17380,17380,謂,⿰言⿱田月,言
17381,17381,17381,謃,⿰言⿱日生,言
17382,17382,17382,諴,⿰言⿵⿵戊一口,言
17383,17383,17383,諧,⿰言⿱比白,言
17384,17384,17384,謏,⿰言⿱&CDP-884F;又,言
17385,17385,17385,謔,⿰言⿸⿸⿱⺊&CDP-88E2;⿻㇀乚&CDP-8DC1;,言
17386,17386,17386,諠,⿰言⿱宀⿱一⿱日一,言
17387,17387,17387,諼,⿰言⿳⿱丿𭕄一⿸𠂇又,言
17388,17388,17388,諝,⿰言⿱疋月,言
17389,17389,17389,諰,⿰言⿱田心,言
17390,17390,17390,諿,⿰言⿱口耳,言
17391,17391,17391,諺,⿰言⿸⿱&CDP-8BAE;厂彡,言
17392,17392,17392,諹,⿰言⿱⿱日一⿹勹&CDP-89A6;,言
17393,17393,17393,謁,⿰言⿱日⿹勹⿺𠃊人,言
17394,17394,17394,諭,⿰言⿱⿱人一⿰月刂,言
17395,17395,17395,謈,⿳日⿱⿱⿻十丨一八言,言
17396,17396,17396,謐,⿰言⿱⿻心丿皿,言
17397,17397,17397,諲,⿰言⿱⿱一&CDP-86EA;⿱十一,言
17398,17398,17398,諯,⿰言⿱山⿱一⿱丿⿵冂⿰丨丨,言
17399,17399,17399,諥,⿰言重,言
17400,17400,17400,諮,⿰言⿱⿰冫欠口,言
17401,17401,17401,諤,⿰言⿱⿰口口⿱一⿱一㇉,言
17402,17402,17402,諳,⿰言⿱⿱&CDP-8BAE;一日,言
17403,17403,17403,謗,⿰言⿱&CDP-8BEC;⿱⿱丶一&CDP-8B6C;,言
17404,17404,17404,謘,⿰言⿸尸⿱⿱&CDP-8BAE;一十,言
17405,17405,17405,謓,⿰言⿱十⿱&CDP-8BA5;八,言
17406,17406,17406,謌,⿰言⿱⿹⿱一亅口⿹⿱一亅口,言
17407,17407,17407,譁,⿰言⿱艹&CDP-8BF8;,言
17408,17408,17408,謋,⿰言⿱⿰⿴𠂊丶㐄木,言
17409,17409,17409,謞,⿰言⿳⿱丶一口⿵冂口,言
17410,17410,17410,謇,⿱⿳宀⿱井一八言,言
17411,17411,17411,講,⿰言⿱⿱井一冉,言
17412,17412,17412,謰,⿰言⿺辶車,言
17413,17413,17413,謧,⿰言⿱⿱⿱丶一⿶凵㐅⿻冂厶,言
17414,17414,17414,謢,⿰言⿱隹又,言
17415,17415,17415,謨,⿰言⿱艹⿱日⿻一人,言
17416,17416,17416,謩,⿱⿱艹⿱日⿻一人言,言
17417,17417,17417,謙,⿰言⿱⿱丷一&CDP-8CDE;,言
17418,17418,17418,謒,⿰言⿱⿱人丶⿸&CDP-89CE;口,言
17419,17419,17419,謆,⿰言⿸⿱丶尸⿰⿹𠃌冫⿹𠃌冫,言
17420,17420,17420,謚,⿰言⿱&CDP-8CF0;皿,言
17421,17421,17421,謟,⿰言⿱⿱丿𭕄臼,言
17422,17422,17422,謬,⿰言⿱⿰⿹𠃌冫⿹𠃌冫⿱人彡,言
17423,17423,17423,謾,⿰言⿳日罒又,言
17424,17424,17424,謻,⿰言⿰⿱丿木⿱⿴𠂊丶⿴𠂊丶,言
17425,17425,17425,謶,⿰言⿸广⿱廿灬,言
17426,17426,17426,謖,⿰言⿳田八夂,言
17427,17427,17427,謄,⿰月⿱⿱丷⿻⿱一一人言,言
17428,17428,17428,謕,⿰言⿸𠂆⿸⿸⿱⺊&CDP-88E2;⿻㇀乚几,言
17429,17429,17429,謝,⿰言⿰身寸,言
17430,17430,17430,謑,⿰言⿱⿱丿𭕄⿱⿰&CDP-895C;丶⿻一人,言
17431,17431,17431,謜,⿰言⿸厂&CDP-8BC4;,言
17432,17432,17432,謠,⿰言⿱⿱丿𭕄缶,言
17433,17433,17433,謡,⿰言⿱⿱丿𭕄缶,言
17434,17434,17434,謍,⿱⿱⿰⿱八人⿱八人冖言,言
17435,17435,17435,謅,⿰言⿱&CDP-8D65;&CDP-8D65;,言
17436,17436,17436,謷,⿱⿰⿱龶&CDP-8B6C;攵言,言
17437,17437,17437,謸,⿰言⿰⿱龶&CDP-8B6C;攵,言
17438,17438,17438,謤,⿰言⿱⿱一&CDP-86EA;示,言
17439,17439,17439,謲,⿰言⿱⿱⿱厶⿰厶厶人彡,言
17440,17440,17440,謥,⿰言⿱⿴⿱丿囗夂心,言
17441,17441,17441,謴,⿰言⿱毌⿱目八,言
17442,17442,17442,譀,⿰言⿰⿱乛耳攵,言
17443,17443,17443,謼,⿰言⿸⿸⿱⺊&CDP-88E2;⿻㇀乚乎,言
17444,17444,17444,謯,⿰言⿸⿸⿱⺊&CDP-88E2;⿻㇀乚且,言
17445,17445,17445,謭,⿰言⿱⿱⿱丷一⿰月刂⿹𠃌丿,言
17446,17446,17446,謹,⿰言⿱廿&CDP-8A6D;,言
17447,17447,17447,謱,⿰言⿱&CDP-89C5;女,言
17448,17448,17448,謦,⿱⿰⿱⿱十一𠃜⿱𠘧又言,言
17449,17449,17449,謪,⿰言⿱&CDP-8BAE;⿵冂⿱八口,言
17450,17450,17450,謵,⿰言⿱⿰⿹𠃌冫⿹𠃌冫白,言
17451,17451,17451,譃,⿰言⿸⿸⿱⺊&CDP-88E2;⿻㇀乚⿱&CDP-85F0;一,言
17452,17452,17452,謣,⿰言⿱⿱一⿻冂&CDP-8C41;⿱一⿱一㇉,言
17453,17453,17453,謫,⿰言⿱&CDP-8BAE;&CDP-8C6C;,言
17454,17454,17454,謺,⿱⿰⿱⿱十一⿱丷干⿻九丶言,言
17455,17455,17455,譇,⿰言⿱⿻一人⿸耂日,言
17456,17456,17456,謮,⿰言⿱龶⿱目八,言
17457,17457,17457,謳,⿰言⿷匚⿱口⿰口口,言
17458,17458,17458,譒,⿰言⿱⿱丿米田,言
17459,17459,17459,謿,⿰言⿰⿱十⿱日十月,言
17460,17460,17460,譂,⿰言⿱⿰口口&CDP-8BD9;,言
17461,17461,17461,譈,⿰言⿰⿳⿱丶一口子攵,言
17462,17462,17462,譓,⿰言⿱&CDP-8BD0;心,言
17463,17463,17463,譛,⿰言⿱⿰⿻⿱一一人⿻⿱一一人日,言
17464,17464,17464,謽,⿱⿰弓⿱口虫言,言
17465,17465,17465,譑,⿰言⿱⿱⿱丿⿻一人口⿵冂口,言
17466,17466,17466,譎,⿰言⿱⿱龴⿹⿱乛亅丿⿵冂⿱八口,言
17467,17467,17467,譏,⿰言⿹&CDP-8BA4;人,言
17468,17468,17468,警,⿱⿰⿱艹⿹勹口攵言,言
17469,17469,17469,譋,⿰言⿵⿰𠁣𠃛月,言
17470,17470,17470,譊,⿰言⿱⿱⿱十一⿰⿱十一⿱十一⿱一⿰丿乚,言
17471,17471,17471,譜,⿰言⿱⿱⿱丷一⿱&CDP-85F0;一日,言
17472,17472,17472,譙,⿰言⿱隹灬,言
17473,17473,17473,譝,⿰言黽,言
17474,17474,17474,識,⿰言⿹&CDP-88A7;日,言
17475,17475,17475,譢,⿰言⿺辶⿱丷⿱一𧰨,言
17476,17476,17476,譚,⿰言⿱⿱一&CDP-86EA;⿱日十,言
17477,17477,17477,譕,⿰言⿱&CDP-8BBE;灬,言
17478,17478,17478,譆,⿰言⿱⿱十豆口,言
17479,17479,17479,譔,⿰言⿱⿰巳巳⿱⿱⿻十丨一八,言
17480,17480,17480,譗,⿰言⿱竹⿱⿱人一口,言
17481,17481,17481,證,⿰言⿱⿰&CDP-88D3;&CDP-88D5;豆,言
17482,17482,17482,譖,⿰言⿱⿰旡旡日,言
17483,17483,17483,譄,⿰言⿱丷⿱&CDP-8B62;日,言
17484,17484,17484,譐,⿰言⿱⿱丷酉寸,言
17485,17485,17485,譌,⿰言爲,言
17486,17486,17486,譪,⿰言⿱艹⿱日⿹勹⿺𠃊人,言
17487,17487,17487,譾,⿰言⿱⿱⿱丷一⿰月刂⿰⿹𠃌冫⿹𠃌冫,言
17488,17488,17488,譡,⿰言⿱⿱⿱⺌冖口田,言
17489,17489,17489,譮,⿰言⿱⿱人一⿱&CDP-8B62;日,言
17490,17490,17490,譭,⿰言⿰⿱臼工⿱𠘧又,言
17491,17491,17491,護,⿰言⿱艹⿱隹又,言
17492,17492,17492,譥,⿱⿰⿱白⿱⿱丶一&CDP-8B6C;攵言,言
17493,17493,17493,譤,⿰言⿰⿱白⿱⿱丶一&CDP-8B6C;攵,言
17494,17494,17494,譨,⿰言⿱曲⿸厂⿱⿱一一&CDP-8CC6;,言
17495,17495,17495,譬,⿱⿰⿸尸口⿱⿱&CDP-8BAE;一十言,言
17496,17496,17496,譴,⿰言⿺辶⿱⿱⿻口丨一㠯,言
17497,17497,17497,譲,⿰言⿳⿱⿱丶一八⿱井一𧘇,言
17498,17498,17498,譱,⿻⿱⿱丷一&CDP-8BF1;⿰言言,言
17499,17499,17499,譠,⿰言⿱⿱⿱丶一⿴囗口⿱日一,言
17500,17500,17500,譣,⿰言⿳⿱人一⿰口口⿰人人,言
17501,17501,17501,譞,⿰言⿳罒⿱一口𧘇,言
17502,17502,17502,譯,⿰言⿱罒⿱⿱十一⿱丷干,言
17503,17503,17503,議,⿰言⿱⿱⿱丷一⿱十一我,言
17504,17504,17504,譽,⿱⿶&CDP-8BA8;&CDP-8BC2;言,言
17505,17505,17505,譩,⿰言⿱⿱⿱&CDP-8BAE;一日心,言
17506,17506,17506,譍,⿸⿸广⿰亻隹言,言
17507,17507,17507,譧,⿰言⿸广⿱⿱丷一&CDP-8CDE;,言
17508,17508,17508,譫,⿰言⿸⿱𠂊厂&CDP-8CC3;,言
17509,17509,17509,譟,⿰言⿱⿱口⿰口口木,言
17510,17510,17510,譵,⿰言⿰&CDP-8BBD;寸,言
17511,17511,17511,譹,⿰言⿱&CDP-8C4D;⿱一𧰨,言
17512,17512,17512,譼,⿱&CDP-8D50;言,言
17513,17513,17513,讂,⿰言⿳&CDP-8CAF;目夂,言
17514,17514,17514,譳,⿰言⿱⿱一⿻冂&CDP-8C41;⿱一⿱丿⿵冂⿰丨丨,言
17515,17515,17515,譅,⿰言⿱⿰⿹⿹𠃌丿丿⿹⿹𠃌丿丿⿰止止,言
17516,17516,17516,譶,⿱言⿰言言,言
17517,17517,17517,譻,⿱⿰⿱目八⿱目八言,言
17518,17518,17518,讁,⿰言⿺辶⿱&CDP-8BAE;&CDP-8C6C;,言
17519,17519,17519,譸,⿰言⿳⿳⿱十一乛工一⿰口寸,言
17520,17520,17520,譺,⿰言⿰⿱⿺乚丿⿱𠂉⿻一人⿱龴疋,言
17521,17521,17521,讀,⿰言⿱⿱十一⿱罒⿱目八,言
17522,17522,17522,譿,⿰言⿱⿱⿰⿻⿱一⿱一一丨⿻⿱一⿱一一丨彐心,言
17523,17523,17523,讄,⿰言⿱田⿰田田,言
17524,17524,17524,讅,⿰言⿱宀⿱⿱丿米田,言
17525,17525,17525,讆,⿱⿲彳⿳𫝀口㐄⿱一⿱一亅言,言
17526,17526,17526,讉,⿰言⿺辶⿱⿱⿻口丨一⿱目八,言
17527,17527,17527,讞,⿰言⿰⿸⿸⿱⺊&CDP-88E2;⿻㇀乚⿳一口⿵⿵冂⿰丿乚⿱一丨犬,言
17528,17528,17528,讃,⿰言⿱⿰⿻⿱一一人⿻⿱一一人⿱目八,言
17529,17529,17529,變,⿱⿲⿱⿰&CDP-895C;丶小言⿱⿰&CDP-895C;丶小攵,言
17530,17530,17530,讎,⿲隹言隹,言
17531,17531,17531,讐,⿱⿰隹隹言,言
17532,17532,17532,讇,⿰言⿵⿰𠁣𠃛⿱勹臼,言
17533,17533,17533,讈,⿰言⿸⿸厂⿰⿱丿木⿱丿木止,言
17534,17534,17534,讏,⿱⿲彳⿳𫝀口⿱一巾⿱一⿱一亅言,言
17535,17535,17535,讌,⿰言⿳廿&CDP-8D76;灬,言
17536,17536,17536,讔,⿰言⿰阝⿱⿳⿱丿𭕄工彐心,言
17537,17537,17537,讋,⿱⿰⿱⿱&CDP-8BAE;一月&CDP-89B0;言,言
17538,17538,17538,讍,⿰言⿱&CDP-8554;一,言
17539,17539,17539,讒,⿰言⿱⿱⿱𠂊口比⿷⿱𠂊&CDP-8BCB;丶,言
17540,17540,17540,讖,⿰言⿹⿶⿻⿺⿻一乚丶丿⿰人人⿱非一,言
17541,17541,17541,讙,⿰言⿱艹⿱⿰口口隹,言
17542,17542,17542,讕,⿰言⿵⿰𠁣𠃛柬,言
17543,17543,17543,讓,⿰言⿳⿱丶一&CDP-8CA3;𧘇,言
17544,17544,17544,讑,⿰言⿳⿱人一⿲口口口⿵冂⿻十丨,言
17545,17545,17545,讘,⿰言⿱耳⿰耳耳,言
17546,17546,17546,讗,⿰言⿱⿱山隹⿵冂⿱八口,言
17547,17547,17547,讛,⿰言⿱⿱艹⿰⿱⿱⿱十一⿰丿乚⿱十一⿻九丶⿱⿱一一厶,言
17548,17548,17548,讝,⿰言⿱⿰口口⿸厂⿰⿱乛耳攵,言
17549,17549,17549,讚,⿰言⿱⿰⿱⿰丿土⿰丿乚⿱⿰丿土⿰丿乚⿱目八,言
17550,17550,17550,讜,⿰言⿱⿱⿱⺌冖口⿱&CDP-88D4;灬,言
17551,17551,17551,讟,⿰⿰言⿱⿱十一⿱罒⿱目八言,言
17552,17552,17552,邑,⿱口巴,邑
17553,17553,17553,邕,⿱⿲𡿨𡿨𡿨⿱口巴,邑
17554,17554,17554,邫,⿰⿻⿱一⿱一一丨⿱口巴,邑
17555,17555,17555,郌,⿰⿱⿱十一⿱十一⿱口巴,邑
17556,17556,17556,郒,⿰&CDP-8C42;⿱口巴,邑
17557,17557,17557,郶,⿰⿱⿱&CDP-8BAE;一口⿱口巴,邑
17558,17558,17558,郺,⿰⿱⿴𠂊丶⿴𠂊丶⿱⿲𡿨𡿨𡿨⿱口巴,邑
17559,17559,17559,鄨,⿱⿰⿻丷⿻巾八攵⿱口巴,邑
17560,17560,17560,酉,酉,酉
17561,17561,17561,酊,⿰酉⿱一亅,酉
17562,17562,17562,酋,⿱丷酉,酉
17563,17563,17563,酐,⿰酉干,酉
17564,17564,17564,酒,⿰氵酉,酉
17565,17565,17565,配,⿰酉己,酉
17566,17566,17566,酑,⿰酉于,酉
17567,17567,17567,酏,⿰酉也,酉
17568,17568,17568,酌,⿰酉⿹勹丶,酉
17569,17569,17569,酎,⿰酉寸,酉
17570,17570,17570,酘,⿰酉⿱𠘧又,酉
17571,17571,17571,酖,⿰酉冘,酉
17572,17572,17572,酜,⿰酉⿻⿱一一人,酉
17573,17573,17573,酚,⿰酉⿱八⿹𠃌丿,酉
17574,17574,17574,酕,⿰酉⿱丿&CDP-8A43;,酉
17575,17575,17575,酞,⿰酉⿵⿻一人丶,酉
17576,17576,17576,酗,⿰酉⿶凵㐅,酉
17577,17577,17577,酛,⿰酉⿱一⿱一⿰丿乚,酉
17578,17578,17578,酝,⿰酉⿱⿱一一厶,酉
17579,17579,17579,酓,⿱⿱⿱人丶㇇酉,酉
17580,17580,17580,酙,⿰酉斗,酉
17581,17581,17581,酔,⿰酉⿱九十,酉
17582,17582,17582,酢,⿰酉乍,酉
17583,17583,17583,酦,⿰酉发,酉
17584,17584,17584,酤,⿰酉⿱十口,酉
17585,17585,17585,酣,⿰酉甘,酉
17586,17586,17586,酠,⿰酉⿹⿱一亅口,酉
17587,17587,17587,酥,⿰酉⿱丿木,酉
17588,17588,17588,酟,⿰酉⿱⺊口,酉
17589,17589,17589,酡,⿰酉⿱宀⿺乚丿,酉
17590,17590,17590,酫,⿰酉⿱人⿱一⿱十一,酉
17591,17591,17591,酧,⿰酉⿱宀寸,酉
17592,17592,17592,酬,⿰酉州,酉
17593,17593,17593,酱,⿱⿰丬⿴𠂊丶酉,酉
17594,17594,17594,酪,⿰酉⿱夂口,酉
17595,17595,17595,酩,⿰酉⿱⿴𠂊丶口,酉
17596,17596,17596,酮,⿰酉⿵⿵冂一口,酉
17597,17597,17597,酰,⿰酉⿱⿰丿土⿰丿乚,酉
17598,17598,17598,酭,⿰酉⿸𠂇月,酉
17599,17599,17599,酯,⿰酉⿱⿺乚丿日,酉
17600,17600,17600,酨,⿹⿶⿻⿺⿻一乚丶丿十酉,酉
17601,17601,17601,酲,⿰酉⿱口⿱一⿱十一,酉
17602,17602,17602,酼,⿰酉⿱⿻一厶⿴⿰丿乚丨,酉
17603,17603,17603,酵,⿰酉⿸耂子,酉
17604,17604,17604,酷,⿰酉⿱⿰丿土口,酉
17605,17605,17605,酹,⿰酉⿱⿱丿𭕄寸,酉
17606,17606,17606,酶,⿰酉⿱𠂉母,酉
17607,17607,17607,酿,⿰酉⿱丶艮,酉
17608,17608,17608,酺,⿰酉⿺&CDP-86B7;丶,酉
17609,17609,17609,酾,⿰酉⿱一⿰⿵冂丶⿵冂丶,酉
17610,17610,17610,酸,⿰酉⿳厶八夂,酉
17611,17611,17611,酴,⿰酉⿱⿱人一朩,酉
17612,17612,17612,酽,⿰酉⿳一&CDP-85F0;厂,酉
17613,17613,17613,酳,⿰酉⿱⿰&CDP-895C;丶月,酉
17614,17614,17614,酻,⿰酉⿱⿱丿𭕄子,酉
17615,17615,17615,醇,⿰酉⿳⿱丶一口子,酉
17616,17616,17616,醋,⿰酉⿱⿱⿻十丨一日,酉
17617,17617,17617,醏,⿰酉⿸耂日,酉
17618,17618,17618,醌,⿰酉⿱日比,酉
17619,17619,17619,醁,⿰酉⿱彐⿻亅&CDP-89AE;,酉
17620,17620,17620,醂,⿰酉⿰木木,酉
17621,17621,17621,醅,⿰酉⿱⿱&CDP-8BAE;一口,酉
17622,17622,17622,醈,⿰酉⿱⿱八人⿱八人,酉
17623,17623,17623,醄,⿰酉⿹勹缶,酉
17624,17624,17624,醀,⿰酉隹,酉
17625,17625,17625,醃,⿰酉⿱⿻一人⿻日乚,酉
17626,17626,17626,醊,⿰酉⿱⿰又又⿰又又,酉
17627,17627,17627,醆,⿰酉⿱⿻⿺⿻一乚丶丿⿻⿺⿻一乚丶丿,酉
17628,17628,17628,醉,⿰酉⿱⿱⿱丶一⿰人人十,酉
17629,17629,17629,醕,⿰酉⿳⿱丶一口日,酉
17630,17630,17630,醜,⿰酉⿱⿱丿田⿺⿰丿乚厶,酉
17631,17631,17631,醝,⿰酉⿸⿱⿱丷一&CDP-8BF1;工,酉
17632,17632,17632,醐,⿰酉⿰⿱十口月,酉
17633,17633,17633,醚,⿰酉⿺辶米,酉
17634,17634,17634,醗,⿰酉⿱⿰&CDP-88D3;&CDP-88D5;&CDP-89FD;,酉
17635,17635,17635,醔,⿱⿰⿱丿木⿱八人酉,酉
17636,17636,17636,醛,⿰酉⿱艹⿱人⿱一⿱十一,酉
17637,17637,17637,醙,⿰酉⿱&CDP-884F;又,酉
17638,17638,17638,醍,⿰酉⿱日⿱一龰,酉
17639,17639,17639,醓,⿰酉⿱冘皿,酉
17640,17640,17640,醎,⿰酉⿵⿵戊一口,酉
17641,17641,17641,醒,⿰酉⿱日生,酉
17642,17642,17642,醑,⿰酉⿱疋月,酉
17643,17643,17643,醖,⿰酉⿱日皿,酉
17644,17644,17644,醢,⿰酉⿱⿸𠂇口皿,酉
17645,17645,17645,醤,⿱⿰丬⿱⿴𠂊丶寸酉,酉
17646,17646,17646,醘,⿰酉⿱⿱⿱十一厶皿,酉
17647,17647,17647,醨,⿰酉⿱⿱⿱丶一⿶凵㐅⿻冂厶,酉
17648,17648,17648,醣,⿰酉⿸广&CDP-8CC1;,酉
17649,17649,17649,醟,⿱⿱⿰⿱八人⿱八人冖酉,酉
17650,17650,17650,醞,⿰酉⿱⿴囗人皿,酉
17651,17651,17651,醡,⿰酉⿱⿱宀八乍,酉
17652,17652,17652,醠,⿰酉⿱央皿,酉
17653,17653,17653,醦,⿰酉⿱⿱⿱厶⿰厶厶人彡,酉
17654,17654,17654,醬,⿱⿰爿&CDP-8BC3;酉,酉
17655,17655,17655,醪,⿰酉⿱⿰⿹𠃌冫⿹𠃌冫⿱人彡,酉
17656,17656,17656,醥,⿰酉⿱⿱一&CDP-86EA;示,酉
17657,17657,17657,醧,⿰酉⿷匚⿱口⿰口口,酉
17658,17658,17658,醫,⿱⿰⿷匚⿱𠂉⿻一人⿱𠘧又酉,酉
17659,17659,17659,醩,⿰酉⿱&CDP-8D61;日,酉
17660,17660,17660,醭,⿰酉⿳⿱&CDP-85F0;一⿱丷一⿻⿱一一人,酉
17661,17661,17661,醮,⿰酉⿱隹灬,酉
17662,17662,17662,醱,⿰酉⿱⿰&CDP-88D3;&CDP-88D5;⿰弓⿱𠘧又,酉
17663,17663,17663,醰,⿰酉⿱⿱一&CDP-86EA;⿱日十,酉
17664,17664,17664,醯,⿰酉⿱⿱⿻一厶⿴⿰丿乚丨皿,酉
17665,17665,17665,醵,⿰酉⿸⿸⿱⺊&CDP-88E2;⿻㇀乚⿱一𧰨,酉
17666,17666,17666,醴,⿰酉⿱曲豆,酉
17667,17667,17667,醸,⿰酉⿳⿱⿱丶一八⿱井一𧘇,酉
17668,17668,17668,醲,⿰酉⿱曲⿸厂⿱⿱一一&CDP-8CC6;,酉
17669,17669,17669,醶,⿰酉⿳⿱人一⿰口口⿰人人,酉
17670,17670,17670,醳,⿰酉⿱罒⿱⿱十一⿱丷干,酉
17671,17671,17671,醷,⿰酉⿱⿱⿱&CDP-8BAE;一日心,酉
17672,17672,17672,醻,⿰酉⿳⿳⿱十一乛工一⿰口寸,酉
17673,17673,17673,醹,⿰酉⿱⿱一⿻冂&CDP-8C41;⿱一⿱丿⿵冂⿰丨丨,酉
17674,17674,17674,醺,⿰酉熏,酉
17675,17675,17675,醼,⿰酉⿳廿&CDP-8D76;灬,酉
17676,17676,17676,釂,⿰酉⿳⿱丿𭕄罒⿰&CDP-8B7C;寸,酉
17677,17677,17677,醽,⿰酉⿱⿱一⿻冂&CDP-8C41;⿲口口口,酉
17678,17678,17678,醾,⿰酉⿸⿸广⿰木木米,酉
17679,17679,17679,醿,⿰酉⿸⿸广⿰木木⿱⿰&CDP-895C;丶小,酉
17680,17680,17680,釀,⿰酉⿳⿱丶一&CDP-8CA3;𧘇,酉
17681,17681,17681,釄,⿰酉⿸⿸广⿰木木非,酉
17682,17682,17682,釃,⿰酉⿱⿰⿱一⿵冂一⿱一⿵冂一⿸&CDP-8D56;比,酉
17683,17683,17683,釁,⿱⿶&CDP-8B64;⿵⿵冂一口⿱酉⿱八⿹𠃌丿,酉
17684,17684,17684,釅,⿰酉⿱⿰口口⿸厂⿰⿱乛耳攵,酉
17685,17685,17685,豸,豸,豸
17686,17686,17686,豹,⿰豸⿹勹丶,豸
17687,17687,17687,豺,⿰豸才,豸
17688,17688,17688,豻,⿰豸干,豸
17689,17689,17689,豽,⿰豸⿻冂人,豸
17690,17690,17690,豼,⿰豸比,豸
17691,17691,17691,貂,⿰豸⿱⿹𠃌丿口,豸
17692,17692,17692,豿,⿰豸⿹勹口,豸
17693,17693,17693,貃,⿰豸白,豸
17694,17694,17694,貀,⿰豸⿱⿻凵丨凵,豸
17695,17695,17695,豾,⿰豸⿱⿱一&CDP-8665;一,豸
17696,17696,17696,貁,⿰豸⿱宀八,豸
17697,17697,17697,貆,⿰豸⿱一⿱日一,豸
17698,17698,17698,貉,⿰豸⿱夂口,豸
17699,17699,17699,貈,⿰豸舟,豸
17700,17700,17700,貇,⿰豸艮,豸
17701,17701,17701,貊,⿰豸⿱一白,豸
17702,17702,17702,貄,⿰豸⿻⿻&CDP-8BAB;丨⿱一一,豸
17703,17703,17703,貅,⿰豸⿰亻木,豸
17704,17704,17704,貍,⿰豸⿱&CDP-8BD9;一,豸
17705,17705,17705,貌,⿰豸⿱白⿰丿乚,豸
17706,17706,17706,貋,⿰豸⿱日干,豸
17707,17707,17707,貏,⿰豸⿱&CDP-89BE;十,豸
17708,17708,17708,貓,⿰豸⿱艹田,豸
17709,17709,17709,貎,⿰豸⿱臼⿰丿乚,豸
17710,17710,17710,貑,⿰豸⿰&CDP-8C7A;&CDP-8C79;,豸
17711,17711,17711,貒,⿰豸⿱山⿱一⿱丿⿵冂⿰丨丨,豸
17712,17712,17712,貔,⿰豸⿱⿴⿱丿囗㐅比,豸
17713,17713,17713,貐,⿰豸⿱⿱人一⿰月刂,豸
17714,17714,17714,貘,⿰豸⿱艹⿱日⿻一人,豸
17715,17715,17715,貕,⿰豸⿱⿱丿𭕄⿱⿰&CDP-895C;丶⿻一人,豸
17716,17716,17716,貖,⿰豸⿱&CDP-8CF0;皿,豸
17717,17717,17717,貙,⿰豸⿷匚⿱口⿰口口,豸
17718,17718,17718,貗,⿰豸⿱&CDP-89C5;女,豸
17719,17719,17719,貚,⿰豸⿱⿰口口&CDP-8BD9;,豸
17720,17720,17720,貛,⿰豸⿱艹⿱⿰口口隹,豸
17721,17721,17721,貜,⿰豸⿱⿱⿰目目隹又,豸
17722,17722,17722,走,⿱⿱十一龰,走
17723,17723,17723,赴,⿺⿱⿱十一龰卜,走
17724,17724,17724,赳,⿺⿱⿱十一龰丩,走
17725,17725,17725,赲,⿺⿱⿱十一龰⿻丿𠃌,走
17726,17726,17726,赵,⿺⿱⿱十一龰㐅,走
17727,17727,17727,赶,⿺⿱⿱十一龰干,走
17728,17728,17728,起,⿺⿱⿱十一龰巳,走
17729,17729,17729,赸,⿺⿱⿱十一龰山,走
17730,17730,17730,赿,⿺⿱⿱十一龰氏,走
17731,17731,17731,趀,⿺⿱⿱十一龰⿹&CDP-87C2;丿,走
17732,17732,17732,赽,⿺⿱⿱十一龰⿻𠃍⿻一人,走
17733,17733,17733,赹,⿺⿱⿱十一龰⿹勹冫,走
17734,17734,17734,赾,⿺⿱⿱十一龰⿸𠂆⿱一丨,走
17735,17735,17735,赻,⿺⿱⿱十一龰⿱小丿,走
17736,17736,17736,赺,⿺⿱⿱十一龰⿱⿱人丶㇇,走
17737,17737,17737,赼,⿺⿱⿱十一龰欠,走
17738,17738,17738,趁,⿺⿱⿱十一龰⿱人彡,走
17739,17739,17739,趂,⿺⿱⿱十一龰⿱𠂊小,走
17740,17740,17740,超,⿺⿱⿱十一龰⿱⿹𠃌丿口,走
17741,17741,17741,趃,⿺⿱⿱十一龰⿰丿⿻⿱一一人,走
17742,17742,17742,趆,⿺⿱⿱十一龰⿱氏丶,走
17743,17743,17743,趉,⿺⿱⿱十一龰⿱⿻凵丨凵,走
17744,17744,17744,趄,⿺⿱⿱十一龰且,走
17745,17745,17745,趋,⿺⿱⿱十一龰⿱𠂊彐,走
17746,17746,17746,趇,⿺⿱⿱十一龰⿱&CDP-8BAE;一,走
17747,17747,17747,越,⿺⿱⿱十一龰戉,走
17748,17748,17748,趈,⿺⿱⿱十一龰⿱⺊口,走
17749,17749,17749,趎,⿺⿱⿱十一龰朱,走
17750,17750,17750,趓,⿺⿱⿱十一龰⿱几木,走
17751,17751,17751,趏,⿺⿱⿱十一龰⿱⿱丿十口,走
17752,17752,17752,趌,⿺⿱⿱十一龰⿱⿱十一口,走
17753,17753,17753,趔,⿺⿱⿱十一龰⿰⿱一⿴𠂊丶刂,走
17754,17754,17754,趍,⿺⿱⿱十一龰⿱⿴𠂊丶⿴𠂊丶,走
17755,17755,17755,趒,⿺⿱⿱十一龰兆,走
17756,17756,17756,趐,⿺⿱⿱十一龰⿰⿹𠃌冫⿹𠃌冫,走
17757,17757,17757,趑,⿺⿱⿱十一龰⿰冫欠,走
17758,17758,17758,趗,⿺⿱⿱十一龰⿱口龰,走
17759,17759,17759,趕,⿺⿱⿱十一龰⿱日干,走
17760,17760,17760,趖,⿺⿱⿱十一龰⿻⿱十一⿰人人,走
17761,17761,17761,趚,⿺⿱⿱十一龰束,走
17762,17762,17762,趘,⿺⿱⿱十一龰⿸尸⿱丿&CDP-8A43;,走
17763,17763,17763,趙,⿺⿱⿱十一龰⿱⺌月,走
17764,17764,17764,趠,⿺⿱⿱十一龰⿱⺊⿱日十,走
17765,17765,17765,趡,⿺⿱⿱十一龰隹,走
17766,17766,17766,趣,⿺⿱⿱十一龰⿰耳又,走
17767,17767,17767,趤,⿺⿱⿱十一龰⿱宀⿸⿱一丿口,走
17768,17768,17768,趝,⿺⿱⿱十一龰⿱⿱⿱人丶㇇心,走
17769,17769,17769,趜,⿺⿱⿱十一龰⿹勹米,走
17770,17770,17770,趢,⿺⿱⿱十一龰⿱彐⿻亅&CDP-89AE;,走
17771,17771,17771,趞,⿺⿱⿱十一龰⿱⿱⿻十丨一日,走
17772,17772,17772,趟,⿺⿱⿱十一龰⿱⺌⿵冂口,走
17773,17773,17773,趛,⿺⿱⿱十一龰⿱人&CDP-8DE3;,走
17774,17774,17774,趥,⿺⿱⿱十一龰⿱丷酉,走
17775,17775,17775,趧,⿺⿱⿱十一龰⿱日⿱一龰,走
17776,17776,17776,趦,⿺⿱⿱十一龰⿱⿰冫欠口,走
17777,17777,17777,趨,⿺⿱⿱十一龰⿱&CDP-8D65;&CDP-8D65;,走
17778,17778,17778,趩,⿺⿱⿱十一龰⿱田⿱⿱⿻十丨一八,走
17779,17779,17779,趪,⿺⿱⿱十一龰⿱廿&CDP-8CE6;,走
17780,17780,17780,趭,⿺⿱⿱十一龰⿱隹灬,走
17781,17781,17781,趫,⿺⿱⿱十一龰⿱⿱⿱丿⿻一人口⿵冂口,走
17782,17782,17782,趬,⿺⿱⿱十一龰⿱⿱⿱十一⿰⿱十一⿱十一⿱一⿰丿乚,走
17783,17783,17783,趮,⿺⿱⿱十一龰⿱⿱口⿰口口木,走
17784,17784,17784,趰,⿺⿱⿱十一龰⿱一&CDP-88D6;,走
17785,17785,17785,趯,⿺⿱⿱十一龰⿱⿰⿹𠃌冫⿹𠃌冫隹,走
17786,17786,17786,趱,⿺⿱⿱十一龰⿱⿰⿱⿰丿土⿰丿乚⿱⿰丿土⿰丿乚贝,走
17787,17787,17787,趲,⿺⿱⿱十一龰⿱⿰⿱⿰丿土⿰丿乚⿱⿰丿土⿰丿乚⿱目八,走
17788,17788,17788,足,⿱口龰,足
17789,17789,17789,趴,⿰⿱口止八,足
17790,17790,17790,趵,⿰⿱口止⿹勹丶,足
17791,17791,17791,趸,⿱⿱一&CDP-8B6C;⿱口龰,足
17792,17792,17792,趶,⿰⿱口止于,足
17793,17793,17793,趷,⿰⿱口止⿱𠂉乙,足
17794,17794,17794,趿,⿰⿱口止及,足
17795,17795,17795,跁,⿰⿱口止巴,足
17796,17796,17796,趻,⿰⿱口止⿱⿱人丶㇇,足
17797,17797,17797,趽,⿰⿱口止⿱⿱丶一&CDP-8B6C;,足
17798,17798,17798,趺,⿰⿱口止⿻⿱一一人,足
17799,17799,17799,趼,⿰⿱口止⿱一⿻一&CDP-8BF5;,足
17800,17800,17800,趹,⿰⿱口止⿻𠃍⿻一人,足
17801,17801,17801,距,⿰⿱口止巨,足
17802,17802,17802,跄,⿰⿱口止⿱人㔾,足
17803,17803,17803,跂,⿰⿱口止⿱十又,足
17804,17804,17804,跀,⿰⿱口止月,足
17805,17805,17805,跃,⿰⿱口止⿱丿⿻一人,足
17806,17806,17806,趾,⿰⿱口止止,足
17807,17807,17807,跛,⿰⿱口止皮,足
17808,17808,17808,跑,⿰⿱口止⿹勹巳,足
17809,17809,17809,跋,⿰⿱口止⿺⿸𠂇又丶,足
17810,17810,17810,跕,⿰⿱口止⿱⺊口,足
17811,17811,17811,跌,⿰⿱口止⿰丿⿻⿱一一人,足
17812,17812,17812,跗,⿰⿱口止⿰亻寸,足
17813,17813,17813,跈,⿰⿱口止⿱人彡,足
17814,17814,17814,践,⿰⿱口止⿻⿻⿺⿻一乚丶丿一,足
17815,17815,17815,跏,⿰⿱口止⿰⿻丿𠃌口,足
17816,17816,17816,跙,⿰⿱口止且,足
17817,17817,17817,跔,⿰⿱口止⿹勹口,足
17818,17818,17818,跍,⿰⿱口止⿱十口,足
17819,17819,17819,跞,⿰⿱口止乐,足
17820,17820,17820,跉,⿰⿱口止⿱⿱人丶龴,足
17821,17821,17821,跊,⿰⿱口止未,足
17822,17822,17822,跜,⿰⿱口止⿸尸⿺乚丿,足
17823,17823,17823,跘,⿰⿱口止⿱丷&CDP-8BF1;,足
17824,17824,17824,跒,⿰⿱口止⿹⿱一亅口,足
17825,17825,17825,跚,⿰⿱口止册,足
17826,17826,17826,跅,⿰⿱口止⿻⿸𠂆⿱一丨丶,足
17827,17827,17827,跎,⿰⿱口止⿱宀⿺乚丿,足
17828,17828,17828,跆,⿰⿱口止⿱厶口,足
17829,17829,17829,跤,⿰⿱口止⿱⿱丶一⿱八⿻丿乀,足
17830,17830,17830,跇,⿰⿱口止世,足
17831,17831,17831,跖,⿰⿱口止⿸⿱一丿口,足
17832,17832,17832,跓,⿰⿱口止⿱⿱丶一⿱十一,足
17833,17833,17833,跸,⿰⿱口止⿱比十,足
17834,17834,17834,跴,⿰⿱口止⿱一⿻⿰丿乚口,足
17835,17835,17835,跐,⿰⿱口止⿰止⿺乚丿,足
17836,17836,17836,跮,⿰⿱口止⿱⿱一厶⿱十一,足
17837,17837,17837,跥,⿰⿱口止⿱⿹𠄎丿木,足
17838,17838,17838,跺,⿰⿱口止⿱几木,足
17839,17839,17839,跢,⿰⿱口止⿱⿴𠂊丶⿴𠂊丶,足
17840,17840,17840,跶,⿰⿱口止⿺辶⿻一人,足
17841,17841,17841,跪,⿰⿱口止⿸⿱𠂊厂㔾,足
17842,17842,17842,跟,⿰⿱口止艮,足
17843,17843,17843,跲,⿰⿱口止⿱⿱人一口,足
17844,17844,17844,跡,⿰⿱口止⿱⿱丶一&CDP-8CB5;,足
17845,17845,17845,跻,⿰⿱口止⿱⿱⿱丶一⿻丿乀&CDP-8BF5;,足
17846,17846,17846,跨,⿰⿱口止⿱⿻一人⿱一⿱一㇉,足
17847,17847,17847,跬,⿰⿱口止⿱⿱十一⿱十一,足
17848,17848,17848,路,⿰⿱口止⿱夂口,足
17849,17849,17849,跰,⿰⿱口止⿱丷⿱一⿻一&CDP-8BF5;,足
17850,17850,17850,跫,⿱⿰工⿵几丶⿱口龰,足
17851,17851,17851,跷,⿰⿱口止⿱⿻⿻一乚丿⿱一⿰丿乚,足
17852,17852,17852,跧,⿰⿱口止⿱人⿱一⿱十一,足
17853,17853,17853,跳,⿰⿱口止兆,足
17854,17854,17854,跭,⿰⿱口止⿱夂㐄,足
17855,17855,17855,跹,⿰⿱口止⿺辶⿱丿十,足
17856,17856,17856,跣,⿰⿱口止⿱⿰丿土⿰丿乚,足
17857,17857,17857,跠,⿰⿱口止⿻⿻一人弓,足
17858,17858,17858,跩,⿰⿱口止曳,足
17859,17859,17859,跱,⿰⿱口止⿱⿱十一寸,足
17860,17860,17860,踭,⿰⿱口止⿱𠂊&CDP-8BFE;,足
17861,17861,17861,跦,⿰⿱口止朱,足
17862,17862,17862,踄,⿰⿱口止⿱止𣥂,足
17863,17863,17863,踀,⿰⿱口止⿱口龰,足
17864,17864,17864,踌,⿰⿱口止⿸⿻⿱一⿱一一丨寸,足
17865,17865,17865,踆,⿰⿱口止⿳厶八夂,足
17866,17866,17866,踋,⿰⿱口止⿰⿱⿱十一厶卩,足
17867,17867,17867,跽,⿰⿱口止⿱己心,足
17868,17868,17868,踁,⿰⿱口止⿳一⿲𡿨𡿨𡿨工,足
17869,17869,17869,跼,⿰⿱口止⿸尸⿹𠃌口,足
17870,17870,17870,踥,⿰⿱口止⿱⿱&CDP-8BAE;一女,足
17871,17871,17871,踉,⿰⿱口止⿱丶艮,足
17872,17872,17872,踎,⿰⿱口止⿱⿱一&CDP-8665;口,足
17873,17873,17873,踇,⿰⿱口止⿱𠂉母,足
17874,17874,17874,踂,⿰⿱口止⿸耳𠃊,足
17875,17875,17875,踍,⿰⿱口止⿸耂子,足
17876,17876,17876,跾,⿱⿰&CDP-8B7A;攵⿱口龰,足
17877,17877,17877,踈,⿰⿱口止束,足
17878,17878,17878,跿,⿰⿱口止⿱⿱十一龰,足
17879,17879,17879,踃,⿰⿱口止⿱⺌月,足
17880,17880,17880,踅,⿱⿰扌⿸𠂆⿱一丨⿱口龰,足
17881,17881,17881,踊,⿰⿱口止⿱龴⿵冂&CDP-8BF1;,足
17882,17882,17882,踣,⿰⿱口止⿱⿱&CDP-8BAE;一口,足
17883,17883,17883,踔,⿰⿱口止⿱⺊⿱日十,足
17884,17884,17884,踟,⿰⿱口止⿰⿱𠂉⿻一人口,足
17885,17885,17885,踧,⿰⿱口止⿰⿱⿱⺊一小又,足
17886,17886,17886,踩,⿰⿱口止⿱⿱丿𭕄木,足
17887,17887,17887,踮,⿰⿱口止⿸广⿱⺊口,足
17888,17888,17888,踻,⿰⿱口止⿵⿱⿵冂𠃍冂口,足
17889,17889,17889,踝,⿰⿱口止⿻日木,足
17890,17890,17890,踐,⿰⿱口止⿱⿻⿺⿻一乚丶丿⿻⿺⿻一乚丶丿,足
17891,17891,17891,踺,⿰⿱口止⿺廴⿻⿻&CDP-8BAB;丨⿱一一,足
17892,17892,17892,踕,⿰⿱口止疌,足
17893,17893,17893,踡,⿰⿱口止⿱⿱丷⿻⿱一一人㔾,足
17894,17894,17894,踖,⿰⿱口止⿱⿱⿻十丨一日,足
17895,17895,17895,踑,⿰⿱口止⿱&CDP-8B72;八,足
17896,17896,17896,踞,⿰⿱口止⿸尸⿱十口,足
17897,17897,17897,踘,⿰⿱口止⿹勹米,足
17898,17898,17898,踜,⿰⿱口止⿳⿱十一八夂,足
17899,17899,17899,踛,⿰⿱口止⿱⿱⿱十一⿰丿乚⿱十一,足
17900,17900,17900,踚,⿰⿱口止⿱⿱人一⿵冂⿻十丨,足
17901,17901,17901,踗,⿰⿱口止⿱⿱⿱人丶㇇心,足
17902,17902,17902,踙,⿰⿱口止⿰耳又,足
17903,17903,17903,蹃,⿰⿱口止⿱艹⿸𠂇口,足
17904,17904,17904,踫,⿰⿱口止⿱⿱丷一⿱&CDP-85F0;一,足
17905,17905,17905,踦,⿰⿱口止⿱⿻一人⿹⿱一亅口,足
17906,17906,17906,踏,⿰⿱口止⿱⿲㇇亅&CDP-85BF;日,足
17907,17907,17907,踢,⿰⿱口止⿱日⿹勹&CDP-89A6;,足
17908,17908,17908,踓,⿰⿱口止隹,足
17909,17909,17909,踒,⿰⿱口止⿱⿱丿木女,足
17910,17910,17910,踠,⿰⿱口止⿱宀⿰⿴𠂊丶㔾,足
17911,17911,17911,踬,⿰⿱口止⿸𠂆⿱十贝,足
17912,17912,17912,踯,⿰⿱口止⿰⿱丷⿱一⿻一人阝,足
17913,17913,17913,踷,⿰⿱口止⿸耂日,足
17914,17914,17914,踤,⿰⿱口止⿱⿱⿱丶一⿰人人十,足
17915,17915,17915,踨,⿰⿱口止&CDP-8BB0;,足
17916,17916,17916,踪,⿰⿱口止⿱宀示,足
17917,17917,17917,踹,⿰⿱口止⿱山⿱一⿱丿⿵冂⿰丨丨,足
17918,17918,17918,踳,⿰⿱口止⿱⿻⿱一⿱一一人日,足
17919,17919,17919,踸,⿰⿱口止⿱&CDP-88C8;⿷匚⿰丿乚,足
17920,17920,17920,蹅,⿰⿱口止⿱木⿱日一,足
17921,17921,17921,蹉,⿰⿱口止⿸⿱⿱丷一&CDP-8BF1;工,足
17922,17922,17922,踿,⿰⿱口止⿰⿱丿木⿱八人,足
17923,17923,17923,蹀,⿰⿱口止⿱世木,足
17924,17924,17924,踱,⿰⿱口止⿸广⿱廿又,足
17925,17925,17925,踶,⿰⿱口止⿱日⿱一龰,足
17926,17926,17926,踲,⿰⿱口止⿸𠂆⿱十目,足
17927,17927,17927,踾,⿰⿱口止⿱⿱一口田,足
17928,17928,17928,踽,⿰⿱口止禹,足
17929,17929,17929,蹁,⿰⿱口止⿸⿱丶尸⿵冂⿻十丨,足
17930,17930,17930,蹂,⿰⿱口止⿱⿱龴⿹⿱乛亅丿木,足
17931,17931,17931,蹆,⿰⿱口止⿺辶艮,足
17932,17932,17932,踼,⿰⿱口止⿱⿱日一⿹勹&CDP-89A6;,足
17933,17933,17933,蹄,⿰⿱口止⿱&CDP-8BEC;巾,足
17934,17934,17934,踰,⿰⿱口止⿱⿱人一⿰月刂,足
17935,17935,17935,踴,⿰⿱口止⿱⿱龴⿵冂&CDP-8BF1;⿻丿𠃌,足
17936,17936,17936,踵,⿰⿱口止重,足
17937,17937,17937,蹕,⿰⿱口止⿻&CDP-87C5;一,足
17938,17938,17938,蹎,⿰⿱口止⿱十⿱&CDP-8BA5;八,足
17939,17939,17939,蹈,⿰⿱口止⿱⿱丿𭕄臼,足
17940,17940,17940,蹇,⿱⿳宀⿱井一八⿱口龰,足
17941,17941,17941,蹐,⿰⿱口止⿱&CDP-88D2;月,足
17942,17942,17942,蹥,⿰⿱口止⿺辶車,足
17943,17943,17943,蹓,⿰⿱口止⿱&CDP-8C69;田,足
17944,17944,17944,蹑,⿰⿱口止⿱耳⿰又又,足
17945,17945,17945,蹍,⿰⿱口止⿸尸&CDP-8CE5;,足
17946,17946,17946,蹒,⿰⿱口止⿱艹⿱一&CDP-8C62;,足
17947,17947,17947,蹌,⿰⿱口止⿱⿱人丶⿸&CDP-89CE;口,足
17948,17948,17948,蹊,⿰⿱口止⿱⿱丿𭕄⿱⿰&CDP-895C;丶⿻一人,足
17949,17949,17949,蹋,⿰⿱口止⿱日⿰⿹𠃌冫⿹𠃌冫,足
17950,17950,17950,蹏,⿰⿱口止⿸𠂆⿸⿸⿱⺊&CDP-88E2;⿻㇀乚几,足
17951,17951,17951,蹩,⿱⿰⿻丷⿻巾八攵⿱口龰,足
17952,17952,17952,蹦,⿰⿱口止⿱山⿰月月,足
17953,17953,17953,躇,⿰⿱口止⿱艹⿸耂日,足
17954,17954,17954,蹖,⿰⿱口止⿱⿻⿱一⿱一一人臼,足
17955,17955,17955,蹙,⿱⿵戊⿱⿱⺊一小⿱口龰,足
17956,17956,17956,蹛,⿰⿱口止⿳&CDP-8C4B;冖巾,足
17957,17957,17957,蹢,⿰⿱口止⿱&CDP-8BAE;&CDP-8C6C;,足
17958,17958,17958,躀,⿰⿱口止⿱毌⿱目八,足
17959,17959,17959,蹟,⿰⿱口止⿱龶⿱目八,足
17960,17960,17960,蹞,⿰⿱口止⿰⿺乚丿頁,足
17961,17961,17961,蹘,⿰⿱口止⿱⿰⿹𠃌冫⿹𠃌冫⿱人彡,足
17962,17962,17962,蹗,⿰⿱口止⿸&CDP-8D56;比,足
17963,17963,17963,蹣,⿰⿱口止⿱廿&CDP-8C62;,足
17964,17964,17964,蹡,⿰⿱口止⿰爿&CDP-8BC3;,足
17965,17965,17965,蹜,⿰⿱口止⿱宀⿰亻⿱一白,足
17966,17966,17966,蹚,⿰⿱口止⿱⿱⿱⺌冖口⿱十一,足
17967,17967,17967,蹝,⿰⿱口止⿰彳⿱止龰,足
17968,17968,17968,蹠,⿰⿱口止⿸广⿱廿灬,足
17969,17969,17969,蹔,⿱⿰車⿸𠂆⿱一丨⿱口龰,足
17970,17970,17970,蹧,⿰⿱口止⿱&CDP-8D61;日,足
17971,17971,17971,蹤,⿰⿱口止⿰彳&CDP-8BB0;,足
17972,17972,17972,蹳,⿰⿱口止⿱⿰&CDP-88D3;&CDP-88D5;⿰弓⿱𠘧又,足
17973,17973,17973,蹰,⿰⿱口止⿸厂⿰豆寸,足
17974,17974,17974,蹿,⿰⿱口止⿱⿱宀八⿻⿱口口丨,足
17975,17975,17975,蹭,⿰⿱口止⿱丷⿱&CDP-8B62;日,足
17976,17976,17976,蹵,⿱⿰⿳⿱丶一口小⿺尢丶⿱口龰,足
17977,17977,17977,蹴,⿰⿱口止⿰⿳⿱丶一口小⿺尢丶,足
17978,17978,17978,蹲,⿰⿱口止⿱⿱丷酉寸,足
17979,17979,17979,蹬,⿰⿱口止⿱⿰&CDP-88D3;&CDP-88D5;豆,足
17980,17980,17980,蹾,⿰⿱口止⿰⿳⿱丶一口子攵,足
17981,17981,17981,躉,⿱⿱艹禺⿱口龰,足
17982,17982,17982,躂,⿰⿱口止⿺辶⿱⿱十一⿱⿱丷一&CDP-8BF1;,足
17983,17983,17983,蹯,⿰⿱口止⿱⿱丿米田,足
17984,17984,17984,蹫,⿰⿱口止⿱⿱龴⿹⿱乛亅丿⿵冂⿱八口,足
17985,17985,17985,蹶,⿰⿱口止⿸厂⿰⿱⿱丷一⿻凵丨欠,足
17986,17986,17986,蹷,⿸⿸厂⿰⿱⿱丷一⿻凵丨欠⿱口龰,足
17987,17987,17987,蹻,⿰⿱口止⿱⿱⿱丿⿻一人口⿵冂口,足
17988,17988,17988,蹽,⿰⿱口止⿱⿱⿻⿻一人丷日小,足
17989,17989,17989,蹸,⿰⿱口止⿱米⿰⿴𠂊丶㐄,足
17990,17990,17990,蹨,⿰⿱口止⿱&CDP-8BB5;灬,足
17991,17991,17991,蹼,⿰⿱口止⿳⿱&CDP-85F0;一⿱丷一⿻⿱一一人,足
17992,17992,17992,蹺,⿰⿱口止⿱⿱⿱十一⿰⿱十一⿱十一⿱一⿰丿乚,足
17993,17993,17993,蹪,⿰⿱口止⿱⿱⿻口丨一⿱目八,足
17994,17994,17994,蹹,⿰⿱口止⿱⿱⿱人一口⿰⿹𠃌冫⿹𠃌冫,足
17995,17995,17995,蹮,⿰⿱口止⿱⿱⿱一&CDP-86EA;⿻一人㔾,足
17996,17996,17996,蹱,⿰⿱口止⿱⿱&CDP-8BAE;一⿱&CDP-8BD9;一,足
17997,17997,17997,躃,⿰⿱口止⿰⿸尸口⿱⿱&CDP-8BAE;一十,足
17998,17998,17998,躄,⿱⿰⿸尸口⿱⿱&CDP-8BAE;一十⿱口龰,足
17999,17999,17999,躐,⿰⿱口止⿳⿲𡿨𡿨𡿨⿴囗㐅&CDP-8D46;,足
18000,18000,18000,躆,⿰⿱口止⿸⿸⿱⺊&CDP-88E2;⿻㇀乚⿱一𧰨,足
18001,18001,18001,躈,⿰⿱口止⿰⿱白⿱⿱丶一&CDP-8B6C;攵,足
18002,18002,18002,躅,⿰⿱口止⿱罒⿹勹虫,足
18003,18003,18003,躁,⿰⿱口止⿱⿱口⿰口口木,足
18004,18004,18004,躊,⿰⿱口止⿳⿳⿱十一乛工一⿰口寸,足
18005,18005,18005,躋,⿰⿱口止⿱&CDP-8DEB;&CDP-89C6;,足
18006,18006,18006,躏,⿰⿱口止⿱艹⿵门隹,足
18007,18007,18007,躎,⿰⿱口止⿱一&CDP-88D6;,足
18008,18008,18008,躌,⿰⿱口止⿱&CDP-8BBE;⿰⿴𠂊丶㐄,足
18009,18009,18009,躍,⿰⿱口止⿱⿰⿹𠃌冫⿹𠃌冫隹,足
18010,18010,18010,躑,⿰⿱口止⿰⿱⿱丷酉⿻一人阝,足
18011,18011,18011,躔,⿰⿱口止⿸广&CDP-8DC3;,足
18012,18012,18012,躕,⿰⿱口止⿸广⿰⿱十豆寸,足
18013,18013,18013,躖,⿰⿱口止⿱⿶𠃎⿰⿰&CDP-895C;丶⿰&CDP-895C;丶⿶𠃎⿰⿰&CDP-895C;丶⿰&CDP-895C;丶,足
18014,18014,18014,躒,⿰⿱口止⿱&CDP-8BF4;木,足
18015,18015,18015,躗,⿱⿲彳⿳𫝀口㐄⿱一⿱一亅⿱口龰,足
18016,18016,18016,躚,⿰⿱口止⿺辶⿱⿱⿱一&CDP-86EA;⿻一人巳,足
18017,18017,18017,躓,⿰⿱口止⿱⿰⿸𠂆⿱一丨⿸𠂆⿱一丨⿱目八,足
18018,18018,18018,躙,⿰⿱口止⿵⿰𠁣𠃛隹,足
18019,18019,18019,躘,⿰⿱口止⿰⿱⿱&CDP-8BAE;一月&CDP-89B0;,足
18020,18020,18020,躠,⿱⿱艹⿰⿱丿㠯⿱⿱&CDP-8BAE;一十⿱口龰,足
18021,18021,18021,躛,⿱⿲彳⿳𫝀口⿱一巾⿱一⿱一亅⿱口龰,足
18022,18022,18022,躜,⿰⿱口止⿱⿰⿱⿰丿土⿰丿乚⿱⿰丿土⿰丿乚贝,足
18023,18023,18023,躤,⿰⿱口止⿱艹⿰⿻一未⿱⿱⿻十丨一日,足
18024,18024,18024,躝,⿰⿱口止⿵⿰𠁣𠃛柬,足
18025,18025,18025,躟,⿰⿱口止⿳⿱丶一&CDP-8CA3;𧘇,足
18026,18026,18026,躞,⿰⿱口止⿱⿲⿱八人言⿱八人又,足
18027,18027,18027,躥,⿰⿱口止⿱⿱宀八⿱臼&CDP-8D46;,足
18028,18028,18028,躡,⿰⿱口止⿱耳⿰耳耳,足
18029,18029,18029,躣,⿰⿱口止⿱⿰目目隹,足
18030,18030,18030,躢,⿰⿱口止⿵⿰𠁣𠃛⿱日⿰⿹𠃌冫⿹𠃌冫,足
18031,18031,18031,躪,⿰⿱口止⿱艹⿵⿰𠁣𠃛隹,足
18032,18032,18032,躧,⿰⿱口止⿱⿰⿱一⿵冂一⿱一⿵冂一⿸&CDP-8D56;比,足
18033,18033,18033,躦,⿰⿱口止⿱⿰⿱⿰丿土⿰丿乚⿱⿰丿土⿰丿乚⿱目八,足
18034,18034,18034,躩,⿰⿱口止⿱⿱⿰目目隹又,足
18035,18035,18035,躨,⿰⿱口止⿱丷⿱⿳一⿲止自巳八夂,足
18036,18036,18036,青,⿱龶月,青
18037,18037,18037,靓,⿰⿱龶月见,青
18038,18038,18038,靔,⿰⿱龶月⿳𠂉一乁,青
18039,18039,18039,靖,⿰⿱&CDP-8BAE;一⿱龶月,青
18040,18040,18040,靕,⿰⿱一止⿱龶月,青
18041,18041,18041,靗,⿰⿱龶月⿱⺌⿱一⿰丿乚,青
18042,18042,18042,静,⿰⿱龶月⿱𠂊&CDP-8BFE;,青
18043,18043,18043,靘,⿰⿱龶月⿱𠂊巴,青
18044,18044,18044,靚,⿰⿱龶月⿱目⿰丿乚,青
18045,18045,18045,靛,⿰⿱龶月⿱宀⿱一龰,青
18046,18046,18046,靜,⿰⿱龶月⿱⿱丿𭕄&CDP-8BFE;,青
18047,18047,18047,靝,⿰⿱龶月⿹⿳𠂉一乁米,青
18048,18048,18048,靑,⿱龶円,靑
18049,18049,18049,雨,⿱一⿻冂&CDP-8C41;,雨
18050,18050,18050,雫,⿱⿱一⿻冂&CDP-8C41;⿱一卜,雨
18051,18051,18051,雭,⿱⿱一⿻冂&CDP-8C41;及,雨
18052,18052,18052,雪,⿱⿱一⿻冂&CDP-8C41;彐,雨
18053,18053,18053,雩,⿱⿱一⿻冂&CDP-8C41;⿱一⿱一㇉,雨
18054,18054,18054,雰,⿱⿱一⿻冂&CDP-8C41;⿱八⿹𠃌丿,雨
18055,18055,18055,雬,⿱⿱一⿻冂&CDP-8C41;木,雨
18056,18056,18056,雳,⿱⿱一⿻冂&CDP-8C41;⿸厂⿻丿𠃌,雨
18057,18057,18057,雮,⿱⿱一⿻冂&CDP-8C41;⿱丿&CDP-8A43;,雨
18058,18058,18058,雱,⿱⿱一⿻冂&CDP-8C41;⿱⿱丶一&CDP-8B6C;,雨
18059,18059,18059,雯,⿱⿱一⿻冂&CDP-8C41;⿱⿱丶一⿻丿乀,雨
18060,18060,18060,雲,⿱⿱一⿻冂&CDP-8C41;⿱⿱一一厶,雨
18061,18061,18061,雹,⿱⿱一⿻冂&CDP-8C41;⿹勹巳,雨
18062,18062,18062,雴,⿱⿱一⿻冂&CDP-8C41;⿱&CDP-8BAE;一,雨
18063,18063,18063,電,⿱⿱一⿻冂&CDP-8C41;&CDP-8BE8;,雨
18064,18064,18064,雼,⿱⿱一⿻冂&CDP-8C41;⿸⿱一丿口,雨
18065,18065,18065,雽,⿱⿱一⿻冂&CDP-8C41;乎,雨
18066,18066,18066,雷,⿱⿱一⿻冂&CDP-8C41;田,雨
18067,18067,18067,零,⿱⿱一⿻冂&CDP-8C41;⿱⿱人丶龴,雨
18068,18068,18068,雺,⿱⿱一⿻冂&CDP-8C41;⿱龴⿹⿱乛亅丿,雨
18069,18069,18069,雾,⿱⿱一⿻冂&CDP-8C41;⿱夂⿻丿𠃌,雨
18070,18070,18070,雵,⿱⿱一⿻冂&CDP-8C41;央,雨
18071,18071,18071,雸,⿱⿱一⿻冂&CDP-8C41;甘,雨
18072,18072,18072,雿,⿱⿱一⿻冂&CDP-8C41;兆,雨
18073,18073,18073,霁,⿱⿱一⿻冂&CDP-8C41;⿱⿱⿱丶一⿻丿乀&CDP-8BF5;,雨
18074,18074,18074,霆,⿱⿱一⿻冂&CDP-8C41;⿺廴⿱丿⿱十一,雨
18075,18075,18075,需,⿱⿱一⿻冂&CDP-8C41;⿱一⿱丿⿵冂⿰丨丨,雨
18076,18076,18076,霃,⿱⿱一⿻冂&CDP-8C41;⿰氵冘,雨
18077,18077,18077,霊,⿳⿱一⿻冂&CDP-8C41;一⿱一⿱&CDP-85F0;一,雨
18078,18078,18078,霉,⿱⿱一⿻冂&CDP-8C41;⿱𠂉母,雨
18079,18079,18079,霂,⿱⿱一⿻冂&CDP-8C41;⿰氵木,雨
18080,18080,18080,霈,⿱⿱一⿻冂&CDP-8C41;⿰氵⿻一巾,雨
18081,18081,18081,霄,⿱⿱一⿻冂&CDP-8C41;⿱⺌月,雨
18082,18082,18082,霅,⿱⿱一⿻冂&CDP-8C41;言,雨
18083,18083,18083,震,⿱⿱一⿻冂&CDP-8C41;⿸厂⿱⿱一一&CDP-8CC6;,雨
18084,18084,18084,霏,⿱⿱一⿻冂&CDP-8C41;非,雨
18085,18085,18085,霍,⿱⿱一⿻冂&CDP-8C41;隹,雨
18086,18086,18086,霐,⿱⿱一⿻冂&CDP-8C41;⿰氵⿰弓厶,雨
18087,18087,18087,霖,⿱⿱一⿻冂&CDP-8C41;⿰木木,雨
18088,18088,18088,霗,⿱⿱一⿻冂&CDP-8C41;⿰氵⿱⿱人丶龴,雨
18089,18089,18089,霓,⿱⿱一⿻冂&CDP-8C41;⿱臼⿰丿乚,雨
18090,18090,18090,霋,⿱⿱一⿻冂&CDP-8C41;⿱&CDP-89E5;女,雨
18091,18091,18091,霎,⿱⿱一⿻冂&CDP-8C41;⿱⿱&CDP-8BAE;一女,雨
18092,18092,18092,霔,⿱⿱一⿻冂&CDP-8C41;⿰氵⿱⿱丶一⿱十一,雨
18093,18093,18093,霕,⿰⿱⿱一⿻冂&CDP-8C41;⿱⿱一一厶⿻丿⿻凵乚,雨
18094,18094,18094,霒,⿰⿱⿱一⿻冂&CDP-8C41;⿱⿱一一厶⿱⿱人丶㇇,雨
18095,18095,18095,霙,⿱⿱一⿻冂&CDP-8C41;⿱艹央,雨
18096,18096,18096,霑,⿱⿱一⿻冂&CDP-8C41;⿰氵⿱⺊口,雨
18097,18097,18097,霌,⿱⿱一⿻冂&CDP-8C41;⿵⺆⿱⿱十一口,雨
18098,18098,18098,霘,⿱⿱一⿻冂&CDP-8C41;⿰氵⿵⿵冂一口,雨
18099,18099,18099,霟,⿱⿱一⿻冂&CDP-8C41;⿰氵⿱⿱⿻十丨一八,雨
18100,18100,18100,霛,⿱⿱一⿻冂&CDP-8C41;⿲弓弓弓,雨
18101,18101,18101,霝,⿱⿱一⿻冂&CDP-8C41;⿲口口口,雨
18102,18102,18102,霡,⿱⿱一⿻冂&CDP-8C41;⿰月永,雨
18103,18103,18103,霜,⿱⿱一⿻冂&CDP-8C41;⿰木目,雨
18104,18104,18104,霢,⿱⿱一⿻冂&CDP-8C41;⿰月⿸𠂆&CDP-8C66;,雨
18105,18105,18105,霣,⿱⿱一⿻冂&CDP-8C41;⿱口⿱目八,雨
18106,18106,18106,霚,⿱⿱一⿻冂&CDP-8C41;⿰⿱龴⿹⿱乛亅丿攵,雨
18107,18107,18107,霞,⿱⿱一⿻冂&CDP-8C41;⿰&CDP-8C7A;&CDP-8C79;,雨
18108,18108,18108,霠,⿱⿱一⿻冂&CDP-8C41;⿰⿱&CDP-8BAE;一⿱⿱人丶㇇,雨
18109,18109,18109,霩,⿱⿱一⿻冂&CDP-8C41;⿰⿳⿱丶一口子阝,雨
18110,18110,18110,霤,⿱⿱一⿻冂&CDP-8C41;⿱&CDP-8C69;田,雨
18111,18111,18111,霥,⿱⿱一⿻冂&CDP-8C41;⿳冖一⿱一𧰨,雨
18112,18112,18112,霧,⿱⿱一⿻冂&CDP-8C41;⿰⿱龴⿹⿱乛亅丿⿱夂⿻丿𠃌,雨
18113,18113,18113,霦,⿱⿱一⿻冂&CDP-8C41;⿰⿰木木彡,雨
18114,18114,18114,霳,⿱⿱一⿻冂&CDP-8C41;⿰阝⿱夂⿱一生,雨
18115,18115,18115,霨,⿱⿱一⿻冂&CDP-8C41;⿰⿸尸示寸,雨
18116,18116,18116,霫,⿱⿱一⿻冂&CDP-8C41;⿱⿰⿹𠃌冫⿹𠃌冫白,雨
18117,18117,18117,霬,⿱⿱一⿻冂&CDP-8C41;⿱田⿱⿱⿻十丨一八,雨
18118,18118,18118,霪,⿱⿱一⿻冂&CDP-8C41;⿰氵⿱⿱丿𭕄⿱丿⿱十一,雨
18119,18119,18119,霭,⿱⿱一⿻冂&CDP-8C41;⿰讠⿱日⿹勹⿺𠃊人,雨
18120,18120,18120,霽,⿱⿱一⿻冂&CDP-8C41;⿱&CDP-8DEB;&CDP-89C6;,雨
18121,18121,18121,霴,⿰⿱⿱一⿻冂&CDP-8C41;⿱⿱一一厶隶,雨
18122,18122,18122,霮,⿱⿱一⿻冂&CDP-8C41;⿰氵⿱&CDP-88C8;⿷匚⿰丿乚,雨
18123,18123,18123,霵,⿱⿱一⿻冂&CDP-8C41;⿰⿱口耳⿻⿺⿻一乚丶丿,雨
18124,18124,18124,霯,⿱⿱一⿻冂&CDP-8C41;⿱⿰&CDP-88D3;&CDP-88D5;豆,雨
18125,18125,18125,霰,⿱⿱一⿻冂&CDP-8C41;⿰&CDP-8CEC;攵,雨
18126,18126,18126,霱,⿱⿱一⿻冂&CDP-8C41;⿱⿱龴⿹⿱乛亅丿⿵冂⿱八口,雨
18127,18127,18127,霸,⿱⿱一⿻冂&CDP-8C41;⿰革月,雨
18128,18128,18128,露,⿱⿱一⿻冂&CDP-8C41;⿰⿱口止⿱夂口,雨
18129,18129,18129,靀,⿱⿱一⿻冂&CDP-8C41;⿱艹⿳冖一⿱一𧰨,雨
18130,18130,18130,霿,⿱⿱一⿻冂&CDP-8C41;⿰⿱龴⿹⿱乛亅丿⿱夂目,雨
18131,18131,18131,霶,⿱⿱一⿻冂&CDP-8C41;⿰氵⿱&CDP-8BEC;⿱⿱丶一&CDP-8B6C;,雨
18132,18132,18132,霹,⿱⿱一⿻冂&CDP-8C41;⿰⿸尸口⿱⿱&CDP-8BAE;一十,雨
18133,18133,18133,霻,⿱⿱一⿻冂&CDP-8C41;⿱曲豆,雨
18134,18134,18134,霺,⿱⿱一⿻冂&CDP-8C41;⿰彳⿰⿳山一几攵,雨
18135,18135,18135,霷,⿱⿱一⿻冂&CDP-8C41;⿰日⿱⿱日一⿹勹&CDP-89A6;,雨
18136,18136,18136,霾,⿱⿱一⿻冂&CDP-8C41;⿰豸⿱&CDP-8BD9;一,雨
18137,18137,18137,霼,⿰⿱⿱一⿻冂&CDP-8C41;⿱⿱一一厶⿹⿳𠂉一乁米,雨
18138,18138,18138,靆,⿰⿱⿱一⿻冂&CDP-8C41;⿱⿱一一厶⿺辶隶,雨
18139,18139,18139,靁,⿱⿱一⿻冂&CDP-8C41;⿱田⿰田田,雨
18140,18140,18140,靅,⿰⿱⿱一⿻冂&CDP-8C41;⿱⿱一一厶⿱⿻弓&CDP-8BF5;⿱目八,雨
18141,18141,18141,靃,⿱⿱一⿻冂&CDP-8C41;⿰隹隹,雨
18142,18142,18142,靂,⿱⿱一⿻冂&CDP-8C41;⿸⿸厂⿰⿱丿木⿱丿木止,雨
18143,18143,18143,靈,⿱⿱⿱一⿻冂&CDP-8C41;⿲口口口⿻工⿰人人,雨
18144,18144,18144,靇,⿱⿱一⿻冂&CDP-8C41;⿰⿱⿱&CDP-8BAE;一月&CDP-89B0;,雨
18145,18145,18145,靄,⿱⿱一⿻冂&CDP-8C41;⿰言⿱日⿹勹⿺𠃊人,雨
18146,18146,18146,靉,⿰⿱⿱一⿻冂&CDP-8C41;⿱⿱一一厶⿱&CDP-8BB8;⿱心夂,雨
18147,18147,18147,靊,⿱⿱一⿻冂&CDP-8C41;⿱⿻山⿰⿻⿱一⿱一一丨⿻⿱一⿱一一丨豆,雨
18148,18148,18148,靎,⿱⿱一⿻冂&CDP-8C41;⿰⿱人&CDP-8DE3;⿹&CDP-8CBB;灬,雨
18149,18149,18149,靍,⿱⿱一⿻冂&CDP-8C41;⿰隹⿹&CDP-8CBB;灬,雨
18150,18150,18150,靋,⿱⿱一⿻冂&CDP-8C41;⿰氵⿸⿸厂⿰⿱丿木⿱丿木止,雨
18151,18151,18151,靌,⿱⿱一⿻冂&CDP-8C41;⿳宀⿰⿱一⿱十一⿱𠂊小⿱目八,雨
18152,18152,18152,靏,⿱⿱一⿻冂&CDP-8C41;⿰⿻冖隹⿹&CDP-8CBB;灬,雨
18153,18153,18153,靐,⿱⿱⿱一⿻冂&CDP-8C41;田⿰⿱⿱一⿻冂&CDP-8C41;田⿱⿱一⿻冂&CDP-8C41;田,雨
18154,18154,18154,齿,齿,齿
18155,18155,18155,龀,⿰齿⿺乚丿,齿
18156,18156,18156,龁,⿰齿⿱𠂉乙,齿
18157,18157,18157,龂,⿰齿⿸𠂆⿱一丨,齿
18158,18158,18158,龅,⿰齿⿹勹巳,齿
18159,18159,18159,龃,⿰齿且,齿
18160,18160,18160,龄,⿰齿⿱⿱人丶龴,齿
18161,18161,18161,龆,⿰齿⿱⿹𠃌丿口,齿
18162,18162,18162,龈,⿰齿艮,齿
18163,18163,18163,龇,⿰齿⿰止⿺乚丿,齿
18164,18164,18164,龊,⿰齿⿱口龰,齿
18165,18165,18165,龉,⿰齿⿱⿱一𫝀口,齿
18166,18166,18166,龋,⿰齿禹,齿
18167,18167,18167,龌,⿰齿⿸尸⿱⿱一厶⿱十一,齿
18168,18168,18168,長,⿳&CDP-884A;一&CDP-8CC6;,長
18169,18169,18169,非,非,非
18170,18170,18170,靟,⿱非⿱丿&CDP-8A43;,非
18171,18171,18171,靠,⿱⿱⿰丿土口非,非
18172,18172,18172,靡,⿸⿸广⿰木木非,非
18173,18173,18173,阜,⿱⿱丿㠯十,阜
18174,18174,18174,金,⿱人&CDP-8DE3;,金
18175,18175,18175,釜,⿱⿱八⿻丿乀&CDP-8DE3;,金
18176,18176,18176,鉴,⿱⿰⿰丨丨&CDP-89BC;⿱人&CDP-8DE3;,金
18177,18177,18177,銐,⿱⿰⿱一⿴𠂊丶刂⿱人&CDP-8DE3;,金
18178,18178,18178,銞,⿱⿹勹日⿱人&CDP-8DE3;,金
18179,18179,18179,銮,⿱⿱⿱丶一&CDP-8CB5;⿱人&CDP-8DE3;,金
18180,18180,18180,銎,⿱⿰工⿵几丶⿱人&CDP-8DE3;,金
18181,18181,18181,鈭,⿱⿰止⿺乚丿⿱人&CDP-8DE3;,金
18182,18182,18182,鋫,⿱⿰⿱丿木刂⿱人&CDP-8DE3;,金
18183,18183,18183,鋬,⿱⿰扌⿸𠂆又⿱人&CDP-8DE3;,金
18184,18184,18184,銴,⿱⿰扌⿸𠂆⿱一丨⿱人&CDP-8DE3;,金
18185,18185,18185,鋚,⿱⿰&CDP-8B7A;攵⿱人&CDP-8DE3;,金
18186,18186,18186,鋈,⿱⿰氵⿱丿⿻一人⿱人&CDP-8DE3;,金
18187,18187,18187,鋆,⿱⿰⿱十一⿹勹冫⿱人&CDP-8DE3;,金
18188,18188,18188,銺,⿱⿰爿⿱十一⿱人&CDP-8DE3;,金
18189,18189,18189,錖,⿱⿰⿱⿱⺊一小又⿱人&CDP-8DE3;,金
18190,18190,18190,鋻,⿱⿰臣又⿱人&CDP-8DE3;,金
18191,18191,18191,錅,⿱⿰⿱丿木&CDP-8DC9;⿱人&CDP-8DE3;,金
18192,18192,18192,錃,⿱⿰氵皮⿱人&CDP-8DE3;,金
18193,18193,18193,錱,⿱⿱人&CDP-8DE3;⿰⿱一⿱十一⿱一⿱十一,金
18194,18194,18194,錾,⿱⿰车⿸𠂆⿱一丨⿱人&CDP-8DE3;,金
18195,18195,18195,鍙,⿱⿰氵⿱⿱⿻十丨一八⿱人&CDP-8DE3;,金
18196,18196,18196,鍳,⿱⿰臣&CDP-89BC;⿱人&CDP-8DE3;,金
18197,18197,18197,鍪,⿱⿰⿱龴⿹⿱乛亅丿攵⿱人&CDP-8DE3;,金
18198,18198,18198,鍫,⿱⿰⿱丿木⿱八人⿱人&CDP-8DE3;,金
18199,18199,18199,鍌,⿱⿰氵⿱⿰丿土⿰丿乚⿱人&CDP-8DE3;,金
18200,18200,18200,鎏,⿱⿰氵⿱⿻一厶⿴⿰丿乚丨⿱人&CDP-8DE3;,金
18201,18201,18201,鎜,⿱⿰舟⿱𠘧又⿱人&CDP-8DE3;,金
18202,18202,18202,鎥,⿱⿰&CDP-8B7A;⿱夂朩⿱人&CDP-8DE3;,金
18203,18203,18203,鎣,⿱⿱⿰⿱八人⿱八人冖⿱人&CDP-8DE3;,金
18204,18204,18204,鏊,⿱⿰⿱龶&CDP-8B6C;攵⿱人&CDP-8DE3;,金
18205,18205,18205,鏧,⿱⿰⿱⿱十一𠃜⿱𠘧又⿱人&CDP-8DE3;,金
18206,18206,18206,鐅,⿱⿰⿻丷⿻巾八攵⿱人&CDP-8DE3;,金
18207,18207,18207,鐆,⿱⿰阝⿱丷⿱一𧰨⿱人&CDP-8DE3;,金
18208,18208,18208,鏨,⿱⿰車⿸𠂆⿱一丨⿱人&CDP-8DE3;,金
18209,18209,18209,鏖,⿸⿸&CDP-8D56;比⿱人&CDP-8DE3;,金
18210,18210,18210,鑒,⿱&CDP-8D50;⿱人&CDP-8DE3;,金
18211,18211,18211,鐜,⿱⿰⿳⿱丶一口子攵⿱人&CDP-8DE3;,金
18212,18212,18212,鐢,⿱⿲木⿱㐅⿻丿乀木⿱人&CDP-8DE3;,金
18213,18213,18213,鐾,⿱⿰⿸尸口⿱⿱&CDP-8BAE;一十⿱人&CDP-8DE3;,金
18214,18214,18214,鑋,⿱⿰車⿳一⿲𡿨𡿨𡿨工⿱人&CDP-8DE3;,金
18215,18215,18215,鑍,⿱⿰⿱目八⿱目八⿱人&CDP-8DE3;,金
18216,18216,18216,鑫,⿱⿱人&CDP-8DE3;⿰⿱人&CDP-8DE3;⿱人&CDP-8DE3;,金
18217,18217,18217,鑾,⿱⿲⿱⿰&CDP-895C;丶小言⿱⿰&CDP-895C;丶小⿱人&CDP-8DE3;,金
18218,18218,18218,鑿,⿱⿰⿱⿱⿱&CDP-85F0;一⿱丷干臼⿱𠘧又⿱人&CDP-8DE3;,金
18219,18219,18219,釒,釒,釒
18220,18220,18220,釓,⿰⿱人&CDP-8DE3;乚,釒
18221,18221,18221,釔,⿰⿱人&CDP-8DE3;乙,釒
18222,18222,18222,釘,⿰⿱人&CDP-8DE3;⿱一亅,釒
18223,18223,18223,釟,⿰⿱人&CDP-8DE3;八,釒
18224,18224,18224,釖,⿰⿱人&CDP-8DE3;⿹𠃌丿,釒
18225,18225,18225,釡,⿱八⿱人&CDP-8DE3;,釒
18226,18226,18226,釛,⿰⿱人&CDP-8DE3;⿻丿𠃌,釒
18227,18227,18227,釕,⿰⿱人&CDP-8DE3;⿱乛亅,釒
18228,18228,18228,釠,⿰⿱人&CDP-8DE3;几,釒
18229,18229,18229,釢,⿰⿱人&CDP-8DE3;⿹𠄎丿,釒
18230,18230,18230,釙,⿰⿱人&CDP-8DE3;卜,釒
18231,18231,18231,釚,⿰⿱人&CDP-8DE3;九,釒
18232,18232,18232,釞,⿰⿱人&CDP-8DE3;入,釒
18233,18233,18233,釗,⿰⿱人&CDP-8DE3;刂,釒
18234,18234,18234,針,⿰⿱人&CDP-8DE3;十,釒
18235,18235,18235,釧,⿰⿱人&CDP-8DE3;川,釒
18236,18236,18236,釵,⿰⿱人&CDP-8DE3;⿴又丶,釒
18237,18237,18237,釣,⿰⿱人&CDP-8DE3;⿹勹丶,釒
18238,18238,18238,釱,⿰⿱人&CDP-8DE3;⿻一人,釒
18239,18239,18239,釩,⿰⿱人&CDP-8DE3;⿵几丶,釒
18240,18240,18240,釭,⿰⿱人&CDP-8DE3;工,釒
18241,18241,18241,釫,⿰⿱人&CDP-8DE3;⿱一⿱一㇉,釒
18242,18242,18242,釪,⿰⿱人&CDP-8DE3;于,釒
18243,18243,18243,釬,⿰⿱人&CDP-8DE3;干,釒
18244,18244,18244,釦,⿰⿱人&CDP-8DE3;口,釒
18245,18245,18245,釯,⿰⿱人&CDP-8DE3;⿱⿱丶一𠃊,釒
18246,18246,18246,釹,⿰⿱人&CDP-8DE3;女,釒
18247,18247,18247,釻,⿰⿱人&CDP-8DE3;⿻九丶,釒
18248,18248,18248,釺,⿰⿱人&CDP-8DE3;⿱丿十,釒
18249,18249,18249,釥,⿰⿱人&CDP-8DE3;小,釒
18250,18250,18250,釮,⿰⿱人&CDP-8DE3;才,釒
18251,18251,18251,釼,⿰⿱人&CDP-8DE3;⿻⿹𠃌丿乀,釒
18252,18252,18252,釰,⿰⿱人&CDP-8DE3;⿹⿹𠃌丿丿,釒
18253,18253,18253,釤,⿰⿱人&CDP-8DE3;彡,釒
18254,18254,18254,釶,⿰⿱人&CDP-8DE3;也,釒
18255,18255,18255,鈒,⿰⿱人&CDP-8DE3;及,釒
18256,18256,18256,釲,⿰⿱人&CDP-8DE3;巳,釒
18257,18257,18257,釷,⿰⿱人&CDP-8DE3;⿱十一,釒
18258,18258,18258,釳,⿰⿱人&CDP-8DE3;⿱𠂉乙,釒
18259,18259,18259,釸,⿰⿱人&CDP-8DE3;⿴𠂊丶,釒
18260,18260,18260,釴,⿰⿱人&CDP-8DE3;⿺⿻一乚丶,釒
18261,18261,18261,鈟,⿰⿱人&CDP-8DE3;⿻弓丨,釒
18262,18262,18262,鈬,⿰⿱人&CDP-8DE3;尺,釒
18263,18263,18263,釨,⿰⿱人&CDP-8DE3;子,釒
18264,18264,18264,鈈,⿰⿱人&CDP-8DE3;⿱一&CDP-8665;,釒
18265,18265,18265,鈀,⿰⿱人&CDP-8DE3;巴,釒
18266,18266,18266,鈑,⿰⿱人&CDP-8DE3;⿸𠂆又,釒
18267,18267,18267,鈂,⿰⿱人&CDP-8DE3;冘,釒
18268,18268,18268,鈔,⿰⿱人&CDP-8DE3;⿱小丿,釒
18269,18269,18269,鈍,⿰⿱人&CDP-8DE3;⿻丿⿻凵乚,釒
18270,18270,18270,鈄,⿰⿱人&CDP-8DE3;斗,釒
18271,18271,18271,鈁,⿰⿱人&CDP-8DE3;⿱⿱丶一&CDP-8B6C;,釒
18272,18272,18272,鈖,⿰⿱人&CDP-8DE3;⿱八⿹𠃌丿,釒
18273,18273,18273,鈇,⿰⿱人&CDP-8DE3;⿻⿱一一人,釒
18274,18274,18274,鈛,⿰⿱人&CDP-8DE3;⿻⿺⿻一乚丶丿,釒
18275,18275,18275,鈣,⿰⿱人&CDP-8DE3;丐,釒
18276,18276,18276,鈎,⿰⿱人&CDP-8DE3;⿹勹厶,釒
18277,18277,18277,鈥,⿰⿱人&CDP-8DE3;⿱八人,釒
18278,18278,18278,鈜,⿰⿱人&CDP-8DE3;⿸𠂇厶,釒
18279,18279,18279,鈌,⿰⿱人&CDP-8DE3;⿻𠃍⿻一人,釒
18280,18280,18280,鉅,⿰⿱人&CDP-8DE3;巨,釒
18281,18281,18281,釿,⿰⿱人&CDP-8DE3;⿸𠂆⿱一丨,釒
18282,18282,18282,鈞,⿰⿱人&CDP-8DE3;⿹勹冫,釒
18283,18283,18283,鈧,⿰⿱人&CDP-8DE3;⿱⿱丶一几,釒
18284,18284,18284,鈩,⿰⿱人&CDP-8DE3;⿱丶尸,釒
18285,18285,18285,鈕,⿰⿱人&CDP-8DE3;丑,釒
18286,18286,18286,鈉,⿰⿱人&CDP-8DE3;⿻冂人,釒
18287,18287,18287,釽,⿰⿱人&CDP-8DE3;爪,釒
18288,18288,18288,鈚,⿰⿱人&CDP-8DE3;比,釒
18289,18289,18289,鈐,⿰⿱人&CDP-8DE3;⿱⿱人丶㇇,釒
18290,18290,18290,鈆,⿰⿱人&CDP-8DE3;⿱八厶,釒
18291,18291,18291,鈙,⿰⿱人&CDP-8DE3;⿱⺊又,釒
18292,18292,18292,鈫,⿰⿱人&CDP-8DE3;⿱⿱丶一⿻丿乀,釒
18293,18293,18293,鈓,⿰⿱人&CDP-8DE3;⿱丿⿱十一,釒
18294,18294,18294,鈤,⿰⿱人&CDP-8DE3;日,釒
18295,18295,18295,鈦,⿰⿱人&CDP-8DE3;⿵⿻一人丶,釒
18296,18296,18296,鈃,⿰⿱人&CDP-8DE3;⿱一⿻一&CDP-8BF5;,釒
18297,18297,18297,鈊,⿰⿱人&CDP-8DE3;心,釒
18298,18298,18298,鈢,⿰⿱人&CDP-8DE3;木,釒
18299,18299,18299,鈨,⿰⿱人&CDP-8DE3;⿱一⿱一⿰丿乚,釒
18300,18300,18300,鈅,⿰⿱人&CDP-8DE3;月,釒
18301,18301,18301,釾,⿰⿱人&CDP-8DE3;牙,釒
18302,18302,18302,鈠,⿰⿱人&CDP-8DE3;⿱𠘧又,釒
18303,18303,18303,鈝,⿰⿱人&CDP-8DE3;牛,釒
18304,18304,18304,鈘,⿰⿱人&CDP-8DE3;⿱十又,釒
18305,18305,18305,鉯,⿰⿱人&CDP-8DE3;以,釒
18306,18306,18306,鈏,⿰⿱人&CDP-8DE3;⿰弓丨,釒
18307,18307,18307,鈗,⿰⿱人&CDP-8DE3;⿱厶⿰丿乚,釒
18308,18308,18308,鈡,⿰⿱人&CDP-8DE3;⿻口丨,釒
18309,18309,18309,鈪,⿰⿱人&CDP-8DE3;⿸厂㔾,釒
18310,18310,18310,鈋,⿰⿱人&CDP-8DE3;⿰亻⿻乚丿,釒
18311,18311,18311,鉡,⿰⿱人&CDP-8DE3;⿱丷&CDP-8BF1;,釒
18312,18312,18312,鉋,⿰⿱人&CDP-8DE3;⿹勹巳,釒
18313,18313,18313,鉍,⿰⿱人&CDP-8DE3;⿻心丿,釒
18314,18314,18314,鈸,⿰⿱人&CDP-8DE3;⿺⿸𠂇又丶,釒
18315,18315,18315,鉑,⿰⿱人&CDP-8DE3;白,釒
18316,18316,18316,鉳,⿰⿱人&CDP-8DE3;⿰&CDP-8BC5;⿺乚丿,釒
18317,18317,18317,鉢,⿰⿱人&CDP-8DE3;本,釒
18318,18318,18318,鈽,⿰⿱人&CDP-8DE3;⿸𠂇巾,釒
18319,18319,18319,鈵,⿰⿱人&CDP-8DE3;⿱一⿻冂人,釒
18320,18320,18320,鉓,⿰⿱人&CDP-8DE3;⿱𠂉巾,釒
18321,18321,18321,鉏,⿰⿱人&CDP-8DE3;且,釒
18322,18322,18322,鈿,⿰⿱人&CDP-8DE3;田,釒
18323,18323,18323,鉪,⿰⿱人&CDP-8DE3;世,釒
18324,18324,18324,鉘,⿰⿱人&CDP-8DE3;⿻弓&CDP-8BF5;,釒
18325,18325,18325,鉜,⿰⿱人&CDP-8DE3;⿰亻寸,釒
18326,18326,18326,鉤,⿰⿱人&CDP-8DE3;⿹勹口,釒
18327,18327,18327,鈲,⿰⿱人&CDP-8DE3;瓜,釒
18328,18328,18328,鈷,⿰⿱人&CDP-8DE3;⿱十口,釒
18329,18329,18329,鉌,⿰⿱人&CDP-8DE3;⿱丿木,釒
18330,18330,18330,鉣,⿰⿱人&CDP-8DE3;⿱⿱十一厶,釒
18331,18331,18331,鉫,⿰⿱人&CDP-8DE3;⿰⿻丿𠃌口,釒
18332,18332,18332,鉀,⿰⿱人&CDP-8DE3;甲,釒
18333,18333,18333,鉁,⿰⿱人&CDP-8DE3;⿱人彡,釒
18334,18334,18334,鉔,⿰⿱人&CDP-8DE3;⿷匚巾,釒
18335,18335,18335,鉱,⿰⿱人&CDP-8DE3;⿸广厶,釒
18336,18336,18336,鈳,⿰⿱人&CDP-8DE3;⿹⿱一亅口,釒
18337,18337,18337,鉲,⿰⿱人&CDP-8DE3;⿱⿱⺊一卜,釒
18338,18338,18338,鉝,⿰⿱人&CDP-8DE3;⿱&CDP-8BAE;一,釒
18339,18339,18339,鈴,⿰⿱人&CDP-8DE3;⿱⿱人丶龴,釒
18340,18340,18340,鈱,⿰⿱人&CDP-8DE3;民,釒
18341,18341,18341,鉬,⿰⿱人&CDP-8DE3;目,釒
18342,18342,18342,鉚,⿰⿱人&CDP-8DE3;⿰𠂎卩,釒
18343,18343,18343,鉧,⿰⿱人&CDP-8DE3;母,釒
18344,18344,18344,銰,⿰⿱人&CDP-8DE3;⿱艹⿻丿乀,釒
18345,18345,18345,鈮,⿰⿱人&CDP-8DE3;⿸尸⿺乚丿,釒
18346,18346,18346,鈹,⿰⿱人&CDP-8DE3;皮,釒
18347,18347,18347,鉟,⿰⿱人&CDP-8DE3;⿱⿱一&CDP-8665;一,釒
18348,18348,18348,鉕,⿰⿱人&CDP-8DE3;⿷匚口,釒
18349,18349,18349,鉗,⿰⿱人&CDP-8DE3;甘,釒
18350,18350,18350,鉛,⿰⿱人&CDP-8DE3;⿱𠘧口,釒
18351,18351,18351,銏,⿰⿱人&CDP-8DE3;册,釒
18352,18352,18352,鉮,⿰⿱人&CDP-8DE3;申,釒
18353,18353,18353,鈰,⿰⿱人&CDP-8DE3;⿱⿱丶一巾,釒
18354,18354,18354,鉃,⿰⿱人&CDP-8DE3;⿱𠂉⿻一人,釒
18355,18355,18355,鉐,⿰⿱人&CDP-8DE3;⿸⿱一丿口,釒
18356,18356,18356,鉥,⿰⿱人&CDP-8DE3;⿺木丶,釒
18357,18357,18357,鉎,⿰⿱人&CDP-8DE3;生,釒
18358,18358,18358,鉇,⿰⿱人&CDP-8DE3;⿱𠂉也,釒
18359,18359,18359,鉂,⿰⿱人&CDP-8DE3;史,釒
18360,18360,18360,鈶,⿰⿱人&CDP-8DE3;⿱厶口,釒
18361,18361,18361,鈻,⿰⿱人&CDP-8DE3;㠯,釒
18362,18362,18362,鉰,⿰⿱人&CDP-8DE3;⿹𠃌⿱一口,釒
18363,18363,18363,鉄,⿰⿱人&CDP-8DE3;⿰丿⿻⿱一一人,釒
18364,18364,18364,鉖,⿰⿱人&CDP-8DE3;⿱夂⿱丶丶,釒
18365,18365,18365,鈯,⿰⿱人&CDP-8DE3;⿱⿻凵丨凵,釒
18366,18366,18366,鉈,⿰⿱人&CDP-8DE3;⿱宀⿺乚丿,釒
18367,18367,18367,鉭,⿰⿱人&CDP-8DE3;⿱日一,釒
18368,18368,18368,鉉,⿰⿱人&CDP-8DE3;⿱⿱丶一⿰&CDP-895C;丶,釒
18369,18369,18369,鉨,⿰⿱人&CDP-8DE3;⿱𠂊小,釒
18370,18370,18370,鉩,⿰⿱人&CDP-8DE3;⿱人小,釒
18371,18371,18371,鉞,⿰⿱人&CDP-8DE3;戉,釒
18372,18372,18372,鈾,⿰⿱人&CDP-8DE3;由,釒
18373,18373,18373,鈺,⿰⿱人&CDP-8DE3;⿷⿱一⿱十一丶,釒
18374,18374,18374,鉠,⿰⿱人&CDP-8DE3;央,釒
18375,18375,18375,鉒,⿰⿱人&CDP-8DE3;⿱⿱丶一⿱十一,釒
18376,18376,18376,鉊,⿰⿱人&CDP-8DE3;⿱⿹𠃌丿口,釒
18377,18377,18377,鉦,⿰⿱人&CDP-8DE3;⿱一止,釒
18378,18378,18378,鉙,⿰⿱人&CDP-8DE3;⿱口八,釒
18379,18379,18379,鉆,⿰⿱人&CDP-8DE3;⿱⺊口,釒
18380,18380,18380,鉼,⿰⿱人&CDP-8DE3;⿱丷⿱一⿻一&CDP-8BF5;,釒
18381,18381,18381,鋋,⿰⿱人&CDP-8DE3;⿺廴⿱丿&CDP-8960;,釒
18382,18382,18382,鋮,⿰⿱人&CDP-8DE3;⿵戊𠃌,釒
18383,18383,18383,銃,⿰⿱人&CDP-8DE3;⿱⿻一厶⿰丿乚,釒
18384,18384,18384,銟,⿰⿱人&CDP-8DE3;⿱山巾,釒
18385,18385,18385,鉹,⿰⿱人&CDP-8DE3;⿱⿴𠂊丶⿴𠂊丶,釒
18386,18386,18386,銱,⿰⿱人&CDP-8DE3;⿱口巾,釒
18387,18387,18387,銚,⿰⿱人&CDP-8DE3;兆,釒
18388,18388,18388,銩,⿰⿱人&CDP-8DE3;⿱丿⿱⿱十一厶,釒
18389,18389,18389,銧,⿰⿱人&CDP-8DE3;⿱⺌⿱一⿰丿乚,釒
18390,18390,18390,鉻,⿰⿱人&CDP-8DE3;⿱夂口,釒
18391,18391,18391,鉷,⿰⿱人&CDP-8DE3;⿱⿱⿻十丨一八,釒
18392,18392,18392,銗,⿰⿱人&CDP-8DE3;⿸⿸𠂆一口,釒
18393,18393,18393,鉿,⿰⿱人&CDP-8DE3;⿱⿱人一口,釒
18394,18394,18394,鉸,⿰⿱人&CDP-8DE3;⿱⿱丶一⿱八⿻丿乀,釒
18395,18395,18395,銡,⿰⿱人&CDP-8DE3;⿱⿱十一口,釒
18396,18396,18396,銈,⿰⿱人&CDP-8DE3;⿱⿱十一⿱十一,釒
18397,18397,18397,銁,⿰⿱人&CDP-8DE3;⿹勹日,釒
18398,18398,18398,銙,⿰⿱人&CDP-8DE3;⿱⿻一人⿱一⿱一㇉,釒
18399,18399,18399,銬,⿰⿱人&CDP-8DE3;⿸耂⿱一㇉,釒
18400,18400,18400,銇,⿰⿱人&CDP-8DE3;⿻一未,釒
18401,18401,18401,銠,⿰⿱人&CDP-8DE3;⿸耂⿺乚丿,釒
18402,18402,18402,鋁,⿰⿱人&CDP-8DE3;⿱口口,釒
18403,18403,18403,鋩,⿰⿱人&CDP-8DE3;⿱艹⿱⿱丶一𠃊,釒
18404,18404,18404,鉾,⿰⿱人&CDP-8DE3;⿱厶牛,釒
18405,18405,18405,銘,⿰⿱人&CDP-8DE3;⿱⿴𠂊丶口,釒
18406,18406,18406,銆,⿰⿱人&CDP-8DE3;⿱一白,釒
18407,18407,18407,銤,⿰⿱人&CDP-8DE3;米,釒
18408,18408,18408,銔,⿰⿱人&CDP-8DE3;⿱⿱一&CDP-8665;十,釒
18409,18409,18409,銢,⿰⿱人&CDP-8DE3;⿱⿱一一⿲㇇亅&CDP-85BF;,釒
18410,18410,18410,銭,⿰⿱人&CDP-8DE3;⿻⿻⿺⿻一乚丶丿⿱一一,釒
18411,18411,18411,銓,⿰⿱人&CDP-8DE3;⿱人⿱一⿱十一,釒
18412,18412,18412,銋,⿰⿱人&CDP-8DE3;⿰亻⿱丿⿱十一,釒
18413,18413,18413,銣,⿰⿱人&CDP-8DE3;⿰女口,釒
18414,18414,18414,鉽,⿰⿱人&CDP-8DE3;⿹⿺⿻一乚丶工,釒
18415,18415,18415,銫,⿰⿱人&CDP-8DE3;⿱𠂊巴,釒
18416,18416,18416,銯,⿰⿱人&CDP-8DE3;⿱⿰&CDP-895C;丶小,釒
18417,18417,18417,銕,⿰⿱人&CDP-8DE3;⿻⿻一人弓,釒
18418,18418,18418,鉵,⿰⿱人&CDP-8DE3;虫,釒
18419,18419,18419,銅,⿰⿱人&CDP-8DE3;⿵⿵冂一口,釒
18420,18420,18420,鋌,⿰⿱人&CDP-8DE3;⿺廴⿱丿⿱十一,釒
18421,18421,18421,銜,⿲彳⿱人&CDP-8DE3;⿱一⿱一亅,釒
18422,18422,18422,銛,⿰⿱人&CDP-8DE3;⿱⿱丿十口,釒
18423,18423,18423,銝,⿰⿱人&CDP-8DE3;⿰亻木,釒
18424,18424,18424,銑,⿰⿱人&CDP-8DE3;⿱⿰丿土⿰丿乚,釒
18425,18425,18425,銄,⿰⿱人&CDP-8DE3;⿵&CDP-8BD6;口,釒
18426,18426,18426,鉶,⿰⿱人&CDP-8DE3;⿰⿱一⿻一&CDP-8BF5;刂,釒
18427,18427,18427,銒,⿰⿱人&CDP-8DE3;⿰干干,釒
18428,18428,18428,銊,⿰⿱人&CDP-8DE3;⿵戊一,釒
18429,18429,18429,鋣,⿰⿱人&CDP-8DE3;⿰牙阝,釒
18430,18430,18430,銀,⿰⿱人&CDP-8DE3;艮,釒
18431,18431,18431,銉,⿰⿱人&CDP-8DE3;⿻⿻&CDP-8BAB;丨⿱一一,釒
18432,18432,18432,銥,⿰⿱人&CDP-8DE3;⿱⿱丶一𧘇,釒
18433,18433,18433,銦,⿰⿱人&CDP-8DE3;⿴囗⿻一人,釒
18434,18434,18434,銪,⿰⿱人&CDP-8DE3;⿸𠂇月,釒
18435,18435,18435,銍,⿰⿱人&CDP-8DE3;⿱⿱一厶⿱十一,釒
18436,18436,18436,錚,⿰⿱人&CDP-8DE3;⿱𠂊&CDP-8BFE;,釒
18437,18437,18437,銂,⿰⿱人&CDP-8DE3;州,釒
18438,18438,18438,銖,⿰⿱人&CDP-8DE3;朱,釒
18439,18439,18439,銌,⿰⿱人&CDP-8DE3;⿸&CDP-88F1;子,釒
18440,18440,18440,鉺,⿰⿱人&CDP-8DE3;耳,釒
18441,18441,18441,銨,⿰⿱人&CDP-8DE3;⿱宀女,釒
18442,18442,18442,鋲,⿰⿱人&CDP-8DE3;⿱丘八,釒
18443,18443,18443,鋇,⿰⿱人&CDP-8DE3;⿱目八,釒
18444,18444,18444,鋍,⿰⿱人&CDP-8DE3;⿱⿱十冖子,釒
18445,18445,18445,鋤,⿰⿱人&CDP-8DE3;⿰且⿻丿𠃌,釒
18446,18446,18446,鋓,⿰⿱人&CDP-8DE3;⿰⿱丿木刂,釒
18447,18447,18447,銼,⿰⿱人&CDP-8DE3;⿻⿱十一⿰人人,釒
18448,18448,18448,錺,⿰⿱人&CDP-8DE3;⿱艹⿱⿱丶一&CDP-8B6C;,釒
18449,18449,18449,鋒,⿰⿱人&CDP-8DE3;⿱夂⿻⿱一⿱一一丨,釒
18450,18450,18450,鋯,⿰⿱人&CDP-8DE3;⿱⿰丿土口,釒
18451,18451,18451,鋘,⿰⿱人&CDP-8DE3;⿱口⿱一⿻一人,釒
18452,18452,18452,錵,⿰⿱人&CDP-8DE3;⿱艹⿰亻⿻乚丿,釒
18453,18453,18453,銲,⿰⿱人&CDP-8DE3;⿱日干,釒
18454,18454,18454,鋎,⿰⿱人&CDP-8DE3;⿱宀⿱一⿱一⿰丿乚,釒
18455,18455,18455,鋡,⿰⿱人&CDP-8DE3;⿱⿱⿱人丶㇇口,釒
18456,18456,18456,銾,⿰⿱人&CDP-8DE3;⿱工⿲㇇亅&CDP-85BF;,釒
18457,18457,18457,鋐,⿰⿱人&CDP-8DE3;⿱宀⿸𠂇厶,釒
18458,18458,18458,鋏,⿰⿱人&CDP-8DE3;⿻⿻一人⿰人人,釒
18459,18459,18459,鋑,⿰⿱人&CDP-8DE3;⿳厶八夂,釒
18460,18460,18460,鋦,⿰⿱人&CDP-8DE3;⿸尸⿹𠃌口,釒
18461,18461,18461,鋛,⿰⿱人&CDP-8DE3;⿻⿱口口丨,釒
18462,18462,18462,銵,⿰⿱人&CDP-8DE3;身,釒
18463,18463,18463,錓,⿰⿱人&CDP-8DE3;⿸⿱⿱丷一&CDP-8BF1;乚,釒
18464,18464,18464,鋶,⿰⿱人&CDP-8DE3;⿱⿻一厶⿴⿰丿乚丨,釒
18465,18465,18465,鋝,⿰⿱人&CDP-8DE3;⿱⿱丿𭕄寸,釒
18466,18466,18466,鋢,⿰⿱人&CDP-8DE3;⿱⿱丿𭕄子,釒
18467,18467,18467,鋃,⿰⿱人&CDP-8DE3;⿱丶艮,釒
18468,18468,18468,鋰,⿰⿱人&CDP-8DE3;⿱&CDP-8BD9;一,釒
18469,18469,18469,鋂,⿰⿱人&CDP-8DE3;⿱𠂉母,釒
18470,18470,18470,鋪,⿰⿱人&CDP-8DE3;⿺&CDP-86B7;丶,釒
18471,18471,18471,銶,⿰⿱人&CDP-8DE3;⿺&CDP-85DC;丶,釒
18472,18472,18472,鋟,⿰⿱人&CDP-8DE3;⿳&CDP-8BAB;冖又,釒
18473,18473,18473,銳,⿰⿱人&CDP-8DE3;⿱八⿱口⿰丿乚,釒
18474,18474,18474,鋭,⿰⿱人&CDP-8DE3;⿱丷⿱口⿰丿乚,釒
18475,18475,18475,鋠,⿰⿱人&CDP-8DE3;⿸厂⿱⿱一一&CDP-8CC6;,釒
18476,18476,18476,鋉,⿰⿱人&CDP-8DE3;束,釒
18477,18477,18477,鋖,⿰⿱人&CDP-8DE3;⿱⿱丿𭕄女,釒
18478,18478,18478,鋱,⿰⿱人&CDP-8DE3;⿹⿺⿻一乚丶心,釒
18479,18479,18479,銻,⿰⿱人&CDP-8DE3;⿱丷⿹⿻弓丨丿,釒
18480,18480,18480,鋀,⿰⿱人&CDP-8DE3;豆,釒
18481,18481,18481,鋵,⿰⿱人&CDP-8DE3;⿱⿱丿木几,釒
18482,18482,18482,鋄,⿰⿱人&CDP-8DE3;⿳一⿱八人又,釒
18483,18483,18483,鋙,⿰⿱人&CDP-8DE3;⿱⿱一𫝀口,釒
18484,18484,18484,鋔,⿰⿱人&CDP-8DE3;⿱𠂊&CDP-8BCB;,釒
18485,18485,18485,鋧,⿰⿱人&CDP-8DE3;⿱目⿰丿乚,釒
18486,18486,18486,銹,⿰⿱人&CDP-8DE3;⿱⿱丿木⿹𠄎丿,釒
18487,18487,18487,銽,⿰⿱人&CDP-8DE3;⿱氏口,釒
18488,18488,18488,銷,⿰⿱人&CDP-8DE3;⿱⺌月,釒
18489,18489,18489,鋗,⿰⿱人&CDP-8DE3;⿱口月,釒
18490,18490,18490,鋞,⿰⿱人&CDP-8DE3;⿳一⿲𡿨𡿨𡿨工,釒
18491,18491,18491,鋅,⿰⿱人&CDP-8DE3;⿱⿱&CDP-8BAE;一十,釒
18492,18492,18492,鋊,⿰⿱人&CDP-8DE3;谷,釒
18493,18493,18493,鋴,⿰⿱人&CDP-8DE3;⿱⿱十口⿰丿乚,釒
18494,18494,18494,鋜,⿰⿱人&CDP-8DE3;⿱口龰,釒
18495,18495,18495,銸,⿰⿱人&CDP-8DE3;⿸耳𠃊,釒
18496,18496,18496,鋕,⿰⿱人&CDP-8DE3;⿱⿱十一心,釒
18497,18497,18497,鋳,⿰⿱人&CDP-8DE3;⿸⿻⿱一⿱一一丨寸,釒
18498,18498,18498,銿,⿰⿱人&CDP-8DE3;⿱龴⿵冂&CDP-8BF1;,釒
18499,18499,18499,鍋,⿰⿱人&CDP-8DE3;⿵⿱⿵冂𠃍冂口,釒
18500,18500,18500,錧,⿰⿱人&CDP-8DE3;⿱宀㠯,釒
18501,18501,18501,錔,⿰⿱人&CDP-8DE3;⿱⿲㇇亅&CDP-85BF;日,釒
18502,18502,18502,鎁,⿰⿱人&CDP-8DE3;⿰耳阝,釒
18503,18503,18503,鋥,⿰⿱人&CDP-8DE3;⿱口⿱一⿱十一,釒
18504,18504,18504,鋨,⿰⿱人&CDP-8DE3;我,釒
18505,18505,18505,錒,⿰⿱人&CDP-8DE3;⿰阝⿹⿱一亅口,釒
18506,18506,18506,錶,⿰⿱人&CDP-8DE3;⿱龶𧘇,釒
18507,18507,18507,錛,⿰⿱人&CDP-8DE3;⿱⿻一人⿱十⿻一&CDP-8BF5;,釒
18508,18508,18508,錻,⿰⿱人&CDP-8DE3;⿹&CDP-8CB8;止,釒
18509,18509,18509,錘,⿰⿱人&CDP-8DE3;⿳丿&CDP-876E;一,釒
18510,18510,18510,錞,⿰⿱人&CDP-8DE3;⿳⿱丶一口子,釒
18511,18511,18511,錩,⿰⿱人&CDP-8DE3;⿱日日,釒
18512,18512,18512,鋹,⿰⿱人&CDP-8DE3;⿳&CDP-884A;一&CDP-8CC6;,釒
18513,18513,18513,錯,⿰⿱人&CDP-8DE3;⿱⿱⿻十丨一日,釒
18514,18514,18514,錝,⿰⿱人&CDP-8DE3;⿱宀示,釒
18515,18515,18515,鋽,⿰⿱人&CDP-8DE3;⿱⺊⿱日十,釒
18516,18516,18516,錭,⿰⿱人&CDP-8DE3;⿵⺆⿱⿱十一口,釒
18517,18517,18517,鍀,⿰⿱人&CDP-8DE3;⿱⿱日一寸,釒
18518,18518,18518,錠,⿰⿱人&CDP-8DE3;⿱宀⿱一龰,釒
18519,18519,18519,鍅,⿰⿱人&CDP-8DE3;⿰氵⿱⿱十一厶,釒
18520,18520,18520,錷,⿰⿱人&CDP-8DE3;⿰車乚,釒
18521,18521,18521,錮,⿰⿱人&CDP-8DE3;⿴囗⿱十口,釒
18522,18522,18522,鋼,⿰⿱人&CDP-8DE3;⿵冂⿱䒑山,釒
18523,18523,18523,鍃,⿰⿱人&CDP-8DE3;⿱⿹勹&CDP-89A6;心,釒
18524,18524,18524,錿,⿰⿱人&CDP-8DE3;⿸⿸⿱⺊&CDP-88E2;⿻㇀乚几,釒
18525,18525,18525,鍵,⿰⿱人&CDP-8DE3;⿺廴⿻⿻&CDP-8BAB;丨⿱一一,釒
18526,18526,18526,錈,⿰⿱人&CDP-8DE3;⿱⿱丷⿻⿱一一人㔾,釒
18527,18527,18527,鋸,⿰⿱人&CDP-8DE3;⿸尸⿱十口,釒
18528,18528,18528,錤,⿰⿱人&CDP-8DE3;⿱&CDP-8B72;八,釒
18529,18529,18529,錦,⿰⿱人&CDP-8DE3;⿱白巾,釒
18530,18530,18530,錁,⿰⿱人&CDP-8DE3;⿻日木,釒
18531,18531,18531,錹,⿰⿱人&CDP-8DE3;⿱止月,釒
18532,18532,18532,錕,⿰⿱人&CDP-8DE3;⿱日比,釒
18533,18533,18533,錬,⿰⿱人&CDP-8DE3;東,釒
18534,18534,18534,鍄,⿰⿱人&CDP-8DE3;⿳⿱丶一口小,釒
18535,18535,18535,錸,⿰⿱人&CDP-8DE3;⿻木⿰人人,釒
18536,18536,18536,鎯,⿰⿱人&CDP-8DE3;⿰&CDP-8C42;阝,釒
18537,18537,18537,錑,⿰⿱人&CDP-8DE3;⿸⿱丶尸犬,釒
18538,18538,18538,錂,⿰⿱人&CDP-8DE3;⿳⿱十一八夂,釒
18539,18539,18539,錄,⿰⿱人&CDP-8DE3;⿱彑⿻亅&CDP-89AE;,釒
18540,18540,18540,録,⿰⿱人&CDP-8DE3;⿱彐⿻亅&CDP-89AE;,釒
18541,18541,18541,錴,⿰⿱人&CDP-8DE3;⿱⿱⿱十一⿰丿乚⿱十一,釒
18542,18542,18542,錀,⿰⿱人&CDP-8DE3;⿱⿱人一⿵冂⿻十丨,釒
18543,18543,18543,錨,⿰⿱人&CDP-8DE3;⿱艹田,釒
18544,18544,18544,鍆,⿰⿱人&CDP-8DE3;⿰𠁣𠃛,釒
18545,18545,18545,錉,⿰⿱人&CDP-8DE3;⿱氏日,釒
18546,18546,18546,錳,⿰⿱人&CDP-8DE3;⿱子皿,釒
18547,18547,18547,錜,⿰⿱人&CDP-8DE3;⿱⿱⿱人丶㇇心,釒
18548,18548,18548,鍩,⿰⿱人&CDP-8DE3;⿱艹⿸𠂇口,釒
18549,18549,18549,錼,⿰⿱人&CDP-8DE3;⿱⿻一人示,釒
18550,18550,18550,錗,⿰⿱人&CDP-8DE3;⿱⿱丿木女,釒
18551,18551,18551,錇,⿰⿱人&CDP-8DE3;⿱⿱&CDP-8BAE;一口,釒
18552,18552,18552,錋,⿰⿱人&CDP-8DE3;⿰月月,釒
18553,18553,18553,錍,⿰⿱人&CDP-8DE3;⿱&CDP-89BE;十,釒
18554,18554,18554,錢,⿰⿱人&CDP-8DE3;⿱⿻⿺⿻一乚丶丿⿻⿺⿻一乚丶丿,釒
18555,18555,18555,錡,⿰⿱人&CDP-8DE3;⿱⿻一人⿹⿱一亅口,釒
18556,18556,18556,錆,⿰⿱人&CDP-8DE3;⿱龶月,釒
18557,18557,18557,錰,⿰⿱人&CDP-8DE3;⿱木灬,釒
18558,18558,18558,鋿,⿰⿱人&CDP-8DE3;⿱⺌⿵冂口,釒
18559,18559,18559,錪,⿰⿱人&CDP-8DE3;⿱&CDP-89E0;八,釒
18560,18560,18560,錟,⿰⿱人&CDP-8DE3;⿱⿱八人⿱八人,釒
18561,18561,18561,鋾,⿰⿱人&CDP-8DE3;⿹勹缶,釒
18562,18562,18562,鍂,⿰⿱人&CDP-8DE3;⿱人&CDP-8DE3;,釒
18563,18563,18563,錽,⿰⿱人&CDP-8DE3;⿱⿱一⿱八人夊,釒
18564,18564,18564,錎,⿰⿱人&CDP-8DE3;⿱勹臼,釒
18565,18565,18565,鍁,⿰⿱人&CDP-8DE3;⿰⿸𠂆⿱一丨欠,釒
18566,18566,18566,錫,⿰⿱人&CDP-8DE3;⿱日⿹勹&CDP-89A6;,釒
18567,18567,18567,鋺,⿰⿱人&CDP-8DE3;⿱宀⿰⿴𠂊丶㔾,釒
18568,18568,18568,錥,⿰⿱人&CDP-8DE3;⿱⿻一厶月,釒
18569,18569,18569,錏,⿰⿱人&CDP-8DE3;⿳一&CDP-88A1;一,釒
18570,18570,18570,鍈,⿰⿱人&CDP-8DE3;⿱艹央,釒
18571,18571,18571,鍥,⿰⿱人&CDP-8DE3;⿱⿰⿻⿱一⿱一一丨⿹𠃌丿⿻一人,釒
18572,18572,18572,錣,⿰⿱人&CDP-8DE3;⿱⿰又又⿰又又,釒
18573,18573,18573,錐,⿰⿱人&CDP-8DE3;隹,釒
18574,18574,18574,鍣,⿰⿱人&CDP-8DE3;⿱艹⿱⿹𠃌丿口,釒
18575,18575,18575,鍺,⿰⿱人&CDP-8DE3;⿸耂日,釒
18576,18576,18576,鋷,⿰⿱人&CDP-8DE3;⿰耳又,釒
18577,18577,18577,錊,⿰⿱人&CDP-8DE3;⿱⿱⿱丶一⿰人人十,釒
18578,18578,18578,錙,⿰⿱人&CDP-8DE3;⿱⿲𡿨𡿨𡿨田,釒
18579,18579,18579,錌,⿰⿱人&CDP-8DE3;⿱山⿸厂干,釒
18580,18580,18580,鍽,⿰⿱人&CDP-8DE3;⿸⿱丶尸⿵冂⿻十丨,釒
18581,18581,18581,鎚,⿰⿱人&CDP-8DE3;⿺辶⿱丿㠯,釒
18582,18582,18582,鍉,⿰⿱人&CDP-8DE3;⿱日⿱一龰,釒
18583,18583,18583,鍤,⿰⿱人&CDP-8DE3;⿻⿱丿十臼,釒
18584,18584,18584,鍖,⿰⿱人&CDP-8DE3;⿱&CDP-88C8;⿷匚⿰丿乚,釒
18585,18585,18585,鎈,⿰⿱人&CDP-8DE3;⿸⿱⿱丷一&CDP-8BF1;工,釒
18586,18586,18586,鍯,⿰⿱人&CDP-8DE3;⿱⿻⿹勹&CDP-89A6;丶心,釒
18587,18587,18587,鍛,⿰⿱人&CDP-8DE3;⿰&CDP-8CE4;⿱𠘧又,釒
18588,18588,18588,鍴,⿰⿱人&CDP-8DE3;⿱山⿱一⿱丿⿵冂⿰丨丨,釒
18589,18589,18589,鍍,⿰⿱人&CDP-8DE3;⿸广⿱廿又,釒
18590,18590,18590,鎝,⿰⿱人&CDP-8DE3;⿱艹⿱⿱人一口,釒
18591,18591,18591,鍑,⿰⿱人&CDP-8DE3;⿳𠂉日夂,釒
18592,18592,18592,鍢,⿰⿱人&CDP-8DE3;⿱⿱一口田,釒
18593,18593,18593,鍰,⿰⿱人&CDP-8DE3;⿳⿱丿𭕄一⿸𠂇又,釒
18594,18594,18594,鍠,⿰⿱人&CDP-8DE3;⿱白⿱一⿱十一,釒
18595,18595,18595,鍭,⿰⿱人&CDP-8DE3;⿰亻&CDP-8BC7;,釒
18596,18596,18596,鍸,⿰⿱人&CDP-8DE3;⿰⿱十口月,釒
18597,18597,18597,鍧,⿰⿱人&CDP-8DE3;⿹勹言,釒
18598,18598,18598,鎅,⿰⿱人&CDP-8DE3;⿱田⿱人&CDP-8BF5;,釒
18599,18599,18599,鍻,⿰⿱人&CDP-8DE3;⿱日⿹勹⿺𠃊人,釒
18600,18600,18600,鍓,⿰⿱人&CDP-8DE3;⿱口耳,釒
18601,18601,18601,鍕,⿰⿱人&CDP-8DE3;⿱冖車,釒
18602,18602,18602,鍨,⿰⿱人&CDP-8DE3;⿱⿰&CDP-88D3;&CDP-88D5;⿱一⿻一人,釒
18603,18603,18603,鍷,⿰⿱人&CDP-8DE3;⿱⿻一人⿱⿱十一⿱十一,釒
18604,18604,18604,鍞,⿰⿱人&CDP-8DE3;⿱⺊⿱目八,釒
18605,18605,18605,鍇,⿰⿱人&CDP-8DE3;⿱比白,釒
18606,18606,18606,鍊,⿰⿱人&CDP-8DE3;柬,釒
18607,18607,18607,鎇,⿰⿱人&CDP-8DE3;⿸𠃜目,釒
18608,18608,18608,鍲,⿰⿱人&CDP-8DE3;⿱民日,釒
18609,18609,18609,鎂,⿰⿱人&CDP-8DE3;⿱⿱⿱丷一⿱十一⿻一人,釒
18610,18610,18610,鎃,⿰⿱人&CDP-8DE3;⿰氵⿸𠂆&CDP-8C66;,釒
18611,18611,18611,鍬,⿰⿱人&CDP-8DE3;⿰⿱丿木⿱八人,釒
18612,18612,18612,鎆,⿰⿱人&CDP-8DE3;⿱⿱丷一⿰月刂,釒
18613,18613,18613,鍒,⿰⿱人&CDP-8DE3;⿱⿱龴⿹⿱乛亅丿木,釒
18614,18614,18614,鍮,⿰⿱人&CDP-8DE3;⿱⿱人一⿰月刂,釒
18615,18615,18615,鎧,⿰⿱人&CDP-8DE3;⿱山豆,釒
18616,18616,18616,鎰,⿰⿱人&CDP-8DE3;⿱&CDP-8CF0;皿,釒
18617,18617,18617,鍟,⿰⿱人&CDP-8DE3;⿱日生,釒
18618,18618,18618,鍦,⿰⿱人&CDP-8DE3;⿰⿱⿱丶一&CDP-8B6C;⿱𠂉也,釒
18619,18619,18619,鎹,⿰⿱人&CDP-8DE3;⿺辶⿱丷⿱一⿻一人,釒
18620,18620,18620,鍶,⿰⿱人&CDP-8DE3;⿱田心,釒
18621,18621,18621,鎪,⿰⿱人&CDP-8DE3;⿱&CDP-884F;又,釒
18622,18622,18622,鍗,⿰⿱人&CDP-8DE3;⿱&CDP-8BEC;巾,釒
18623,18623,18623,鍎,⿰⿱人&CDP-8DE3;⿸𠂆⿱十目,釒
18624,18624,18624,鎾,⿰⿱人&CDP-8DE3;⿱日皿,釒
18625,18625,18625,鍏,⿰⿱人&CDP-8DE3;⿳𫝀口㐄,釒
18626,18626,18626,鍡,⿰⿱人&CDP-8DE3;⿳田一&CDP-8CC6;,釒
18627,18627,18627,鍜,⿰⿱人&CDP-8DE3;⿰&CDP-8C7A;&CDP-8C79;,釒
18628,18628,18628,鎀,⿰⿱人&CDP-8DE3;⿰&CDP-8B7A;⿱夂彡,釒
18629,18629,18629,鍹,⿰⿱人&CDP-8DE3;⿱宀⿱一⿱日一,釒
18630,18630,18630,鍚,⿰⿱人&CDP-8DE3;⿱⿱日一⿹勹&CDP-89A6;,釒
18631,18631,18631,鍱,⿰⿱人&CDP-8DE3;⿱世木,釒
18632,18632,18632,鍝,⿰⿱人&CDP-8DE3;禺,釒
18633,18633,18633,鍘,⿰⿱人&CDP-8DE3;⿰⿱目八刂,釒
18634,18634,18634,鍼,⿰⿱人&CDP-8DE3;⿵⿵戊一口,釒
18635,18635,18635,鍾,⿰⿱人&CDP-8DE3;重,釒
18636,18636,18636,鍿,⿰⿱人&CDP-8DE3;⿱⿻⿲𡿨𡿨𡿨一田,釒
18637,18637,18637,鎡,⿰⿱人&CDP-8DE3;⿱⿱丷一⿰⿰&CDP-895C;丶⿰&CDP-895C;丶,釒
18638,18638,18638,鍐,⿰⿱人&CDP-8DE3;⿳⿶凵㐅八夂,釒
18639,18639,18639,鎺,⿰⿱人&CDP-8DE3;⿰礻且,釒
18640,18640,18640,鍔,⿰⿱人&CDP-8DE3;⿱⿰口口⿱一⿱一㇉,釒
18641,18641,18641,鎄,⿰⿱人&CDP-8DE3;⿳⿱丶一口𧘇,釒
18642,18642,18642,鎊,⿰⿱人&CDP-8DE3;⿱&CDP-8BEC;⿱⿱丶一&CDP-8B6C;,釒
18643,18643,18643,鏎,⿰⿱人&CDP-8DE3;⿻&CDP-87C5;一,釒
18644,18644,18644,鎛,⿰⿱人&CDP-8DE3;⿱⿺&CDP-86B7;丶寸,釒
18645,18645,18645,鎞,⿰⿱人&CDP-8DE3;⿱⿴⿱丿囗㐅比,釒
18646,18646,18646,鎉,⿰⿱人&CDP-8DE3;⿱日⿰⿹𠃌冫⿹𠃌冫,釒
18647,18647,18647,鎽,⿰⿱人&CDP-8DE3;⿱山⿱夂⿻⿱一⿱一一丨,釒
18648,18648,18648,鏠,⿰⿱人&CDP-8DE3;⿺辶⿱夂⿻⿱一⿱一一丨,釒
18649,18649,18649,鎘,⿰⿱人&CDP-8DE3;⿳一口⿵⿵冂⿰丿乚⿱一丨,釒
18650,18650,18650,鎠,⿰⿱人&CDP-8DE3;⿱罒⿱一止,釒
18651,18651,18651,鎶,⿰⿱人&CDP-8DE3;⿱⿹⿱一亅口⿹⿱一亅口,釒
18652,18652,18652,鎬,⿰⿱人&CDP-8DE3;⿳⿱丶一口⿵冂口,釒
18653,18653,18653,鎤,⿰⿱人&CDP-8DE3;⿱日⿱⺌⿱一⿰丿乚,釒
18654,18654,18654,鏵,⿰⿱人&CDP-8DE3;⿱艹&CDP-8BF8;,釒
18655,18655,18655,鎵,⿰⿱人&CDP-8DE3;⿱宀⿱一𧰨,釒
18656,18656,18656,鎸,⿰⿱人&CDP-8DE3;⿱隹⿹𠄎丿,釒
18657,18657,18657,鎎,⿰⿱人&CDP-8DE3;⿹⿳𠂉一乁米,釒
18658,18658,18658,鏈,⿰⿱人&CDP-8DE3;⿺辶車,釒
18659,18659,18659,鎌,⿰⿱人&CDP-8DE3;⿱⿱丷一&CDP-8CDE;,釒
18660,18660,18660,鎦,⿰⿱人&CDP-8DE3;⿱&CDP-8C69;田,釒
18661,18661,18661,鏌,⿰⿱人&CDP-8DE3;⿱艹⿱日⿻一人,釒
18662,18662,18662,鎷,⿰⿱人&CDP-8DE3;⿹&CDP-896A;灬,釒
18663,18663,18663,鎳,⿰⿱人&CDP-8DE3;⿱自木,釒
18664,18664,18664,鎿,⿰⿱人&CDP-8DE3;⿱⿱⿱人一口手,釒
18665,18665,18665,鎒,⿰⿱人&CDP-8DE3;⿱⿸厂⿱⿱一一&CDP-8CC6;寸,釒
18666,18666,18666,鎗,⿰⿱人&CDP-8DE3;⿱⿱人丶⿸&CDP-89CE;口,釒
18667,18667,18667,鎔,⿰⿱人&CDP-8DE3;⿱宀谷,釒
18668,18668,18668,鎙,⿰⿱人&CDP-8DE3;⿰⿱⿱丷一⿻凵丨月,釒
18669,18669,18669,鎩,⿰⿱人&CDP-8DE3;⿰⿱㐅朩⿱𠘧又,釒
18670,18670,18670,鎍,⿰⿱人&CDP-8DE3;⿱⿱十冖⿱⿰&CDP-895C;丶小,釒
18671,18671,18671,鎖,⿰⿱人&CDP-8DE3;⿱小⿱目八,釒
18672,18672,18672,鎻,⿰⿱人&CDP-8DE3;⿱⿲𡿨𡿨𡿨⿱目八,釒
18673,18673,18673,鎟,⿰⿱人&CDP-8DE3;⿱⿱又⿰又又木,釒
18674,18674,18674,鎨,⿰⿱人&CDP-8DE3;⿱隹十,釒
18675,18675,18675,鎕,⿰⿱人&CDP-8DE3;⿸广&CDP-8CC1;,釒
18676,18676,18676,鎲,⿰⿱人&CDP-8DE3;⿱⿱⺌冖⿱口⿰丿乚,釒
18677,18677,18677,鎫,⿰⿱人&CDP-8DE3;⿳⿱丿⿵冂㐅八夂,釒
18678,18678,18678,鎓,⿰⿱人&CDP-8DE3;⿱⿱八厶⿰⿹𠃌冫⿹𠃌冫,釒
18679,18679,18679,鎢,⿰⿱人&CDP-8DE3;⿹&CDP-89DF;灬,釒
18680,18680,18680,鎼,⿰⿱人&CDP-8DE3;⿸⿸⿱⺊&CDP-88E2;⿻㇀乚手,釒
18681,18681,18681,鎋,⿰⿱人&CDP-8DE3;⿱⿱宀⿻⿱一⿱一一丨口,釒
18682,18682,18682,鏅,⿰⿱人&CDP-8DE3;⿰&CDP-8B7A;⿱夂月,釒
18683,18683,18683,鎴,⿰⿱人&CDP-8DE3;⿱自心,釒
18684,18684,18684,鎱,⿰⿱人&CDP-8DE3;⿱⿱⿱十一口𧘇,釒
18685,18685,18685,鎐,⿰⿱人&CDP-8DE3;⿱⿱丿𭕄缶,釒
18686,18686,18686,鎑,⿰⿱人&CDP-8DE3;⿱⿱⿱十一厶皿,釒
18687,18687,18687,鎭,⿰⿱人&CDP-8DE3;⿳⿺乚丿⿺𠃊目八,釒
18688,18688,18688,鎮,⿰⿱人&CDP-8DE3;⿱十⿱&CDP-8BA5;八,釒
18689,18689,18689,鏢,⿰⿱人&CDP-8DE3;⿱⿱一&CDP-86EA;示,釒
18690,18690,18690,鏰,⿰⿱人&CDP-8DE3;⿱山⿰月月,釒
18691,18691,18691,鏟,⿰⿱人&CDP-8DE3;⿸⿱&CDP-8BAE;厂生,釒
18692,18692,18692,鏙,⿰⿱人&CDP-8DE3;⿱山隹,釒
18693,18693,18693,鏪,⿰⿱人&CDP-8DE3;⿱&CDP-8D61;日,釒
18694,18694,18694,鏦,⿰⿱人&CDP-8DE3;⿰彳&CDP-8BB0;,釒
18695,18695,18695,鏓,⿰⿱人&CDP-8DE3;⿱⿴⿱丿囗夂心,釒
18696,18696,18696,鏑,⿰⿱人&CDP-8DE3;⿱&CDP-8BAE;&CDP-8C6C;,釒
18697,18697,18697,鏆,⿰⿱人&CDP-8DE3;⿱毌⿱目八,釒
18698,18698,18698,鐹,⿰⿱人&CDP-8DE3;⿺辶⿵⿱⿵冂𠃍冂口,釒
18699,18699,18699,鐄,⿰⿱人&CDP-8DE3;⿳⿱⿻十丨一由八,釒
18700,18700,18700,鏩,⿰⿱人&CDP-8DE3;⿰車⿸𠂆⿱一丨,釒
18701,18701,18701,鏡,⿰⿱人&CDP-8DE3;⿱⿱⿱&CDP-8BAE;一日⿰丿乚,釒
18702,18702,18702,鏀,⿰⿱人&CDP-8DE3;⿱⺊⿴囗⿻㐅⿳丶⿰丶丶丶,釒
18703,18703,18703,鏮,⿰⿱人&CDP-8DE3;⿸广隶,釒
18704,18704,18704,鏗,⿰⿱人&CDP-8DE3;⿱⿰臣又⿱十一,釒
18705,18705,18705,鏐,⿰⿱人&CDP-8DE3;⿱⿰⿹𠃌冫⿹𠃌冫⿱人彡,釒
18706,18706,18706,鏍,⿰⿱人&CDP-8DE3;⿱田⿱⿰&CDP-895C;丶小,釒
18707,18707,18707,鏫,⿰⿱人&CDP-8DE3;⿱⿰⿱丿木刂木,釒
18708,18708,18708,鏤,⿰⿱人&CDP-8DE3;⿱&CDP-89C5;女,釒
18709,18709,18709,鏕,⿰⿱人&CDP-8DE3;⿸&CDP-8D56;比,釒
18710,18710,18710,鏝,⿰⿱人&CDP-8DE3;⿳日罒又,釒
18711,18711,18711,鏋,⿰⿱人&CDP-8DE3;⿱廿&CDP-8C62;,釒
18712,18712,18712,鏘,⿰⿱人&CDP-8DE3;⿰爿&CDP-8BC3;,釒
18713,18713,18713,鏲,⿰⿱人&CDP-8DE3;⿱&CDP-89FE;牛,釒
18714,18714,18714,鏚,⿰⿱人&CDP-8DE3;⿵戊⿱⿱⺊一小,釒
18715,18715,18715,鏯,⿰⿱人&CDP-8DE3;⿻⿻一人⿰⿱㐅⿻丿乀⿱㐅⿻丿乀,釒
18716,18716,18716,鏉,⿰⿱人&CDP-8DE3;⿰束欠,釒
18717,18717,18717,鏣,⿰⿱人&CDP-8DE3;⿸广⿱廿灬,釒
18718,18718,18718,鏛,⿰⿱人&CDP-8DE3;⿱⿱⿱⺌冖口巾,釒
18719,18719,18719,鏁,⿰⿱人&CDP-8DE3;⿱⿲𡿨𡿨𡿨⿻日木,釒
18720,18720,18720,鏒,⿰⿱人&CDP-8DE3;⿱⿱⿱厶⿰厶厶人彡,釒
18721,18721,18721,鏄,⿰⿱人&CDP-8DE3;⿱&CDP-8BD0;寸,釒
18722,18722,18722,鏜,⿰⿱人&CDP-8DE3;⿱⿱⿱⺌冖口⿱十一,釒
18723,18723,18723,鏏,⿰⿱人&CDP-8DE3;⿱⿰⿻⿱一⿱一一丨⿻⿱一⿱一一丨彐,釒
18724,18724,18724,鏬,⿰⿱人&CDP-8DE3;⿸⿸⿱⺊&CDP-88E2;⿻㇀乚乎,釒
18725,18725,18725,鐌,⿰⿱人&CDP-8DE3;⿳𠂊⿴囗丨𧰨,釒
18726,18726,18726,鏥,⿰⿱人&CDP-8DE3;⿱宀⿰亻⿱一白,釒
18727,18727,18727,鏇,⿰⿱人&CDP-8DE3;⿰⿱⿱丶一&CDP-8B6C;⿱𠂉疋,釒
18728,18728,18728,鏭,⿰⿱人&CDP-8DE3;⿱⿱丿米心,釒
18729,18729,18729,鐊,⿰⿱人&CDP-8DE3;⿰阝⿱⿱日一⿹勹&CDP-89A6;,釒
18730,18730,18730,鏔,⿰⿱人&CDP-8DE3;⿱宀&CDP-8CE6;,釒
18731,18731,18731,鏞,⿰⿱人&CDP-8DE3;⿸广⿻⿻&CDP-8BAB;丨月,釒
18732,18732,18732,鐯,⿰⿱人&CDP-8DE3;⿱艹⿸耂日,釒
18733,18733,18733,鏱,⿰⿱人&CDP-8DE3;⿱⿱&CDP-8BAE;一⿱日十,釒
18734,18734,18734,鏃,⿰⿱人&CDP-8DE3;⿰⿱⿱丶一&CDP-8B6C;⿱𠂉⿱𠂉⿻一人,釒
18735,18735,18735,鏂,⿰⿱人&CDP-8DE3;⿷匚⿱口⿰口口,釒
18736,18736,18736,鏿,⿰⿱人&CDP-8DE3;⿱⿱⿱⺌冖口木,釒
18737,18737,18737,鐣,⿰⿱人&CDP-8DE3;⿱⿱⿱⺌冖口手,釒
18738,18738,18738,鐡,⿰⿱人&CDP-8DE3;⿹⿶⿻⿺⿻一乚丶丿十⿱口⿱丷一,釒
18739,18739,18739,鑊,⿰⿱人&CDP-8DE3;⿱艹⿱隹又,釒
18740,18740,18740,鑁,⿰⿱人&CDP-8DE3;⿳⿶凵⿻㐅⿳丶⿰丶丶丶八夂,釒
18741,18741,18741,鑑,⿰⿱人&CDP-8DE3;⿱⿰臣&CDP-89BC;皿,釒
18742,18742,18742,鐓,⿰⿱人&CDP-8DE3;⿰⿳⿱丶一口子攵,釒
18743,18743,18743,鐽,⿰⿱人&CDP-8DE3;⿺辶⿱⿱十一⿱⿱丷一&CDP-8BF1;,釒
18744,18744,18744,鐙,⿰⿱人&CDP-8DE3;⿱⿰&CDP-88D3;&CDP-88D5;豆,釒
18745,18745,18745,鐤,⿰⿱人&CDP-8DE3;⿶&CDP-89EE;目,釒
18746,18746,18746,鐇,⿰⿱人&CDP-8DE3;⿱⿱丿米田,釒
18747,18747,18747,鐨,⿰⿱人&CDP-8DE3;⿱⿻弓&CDP-8BF5;⿱目八,釒
18748,18748,18748,鐼,⿰⿱人&CDP-8DE3;⿱⿱十⿻一&CDP-8BF5;⿱目八,釒
18749,18749,18749,鐀,⿰⿱人&CDP-8DE3;⿱⿱⿻口丨一⿱目八,釒
18750,18750,18750,鏸,⿰⿱人&CDP-8DE3;⿱&CDP-8BD0;心,釒
18751,18751,18751,鐎,⿰⿱人&CDP-8DE3;⿱隹灬,釒
18752,18752,18752,鐗,⿰⿱人&CDP-8DE3;⿵⿰𠁣𠃛月,釒
18753,18753,18753,鐧,⿰⿱人&CDP-8DE3;⿵⿰𠁣𠃛日,釒
18754,18754,18754,鐍,⿰⿱人&CDP-8DE3;⿱⿱龴⿹⿱乛亅丿⿵冂⿱八口,釒
18755,18755,18755,鐝,⿰⿱人&CDP-8DE3;⿸厂⿰⿱⿱丷一⿻凵丨欠,釒
18756,18756,18756,鐫,⿰⿱人&CDP-8DE3;⿱隹&CDP-8DDF;,釒
18757,18757,18757,鏶,⿰⿱人&CDP-8DE3;⿱隹木,釒
18758,18758,18758,鐖,⿰⿱人&CDP-8DE3;⿹&CDP-8BA4;人,釒
18759,18759,18759,鐦,⿰⿱人&CDP-8DE3;⿵⿰𠁣𠃛⿱一⿻一&CDP-8BF5;,釒
18760,18760,18760,鐐,⿰⿱人&CDP-8DE3;⿱⿱⿻⿻一人丷日小,釒
18761,18761,18761,鐂,⿰⿱人&CDP-8DE3;⿱丣田,釒
18762,18762,18762,鐒,⿰⿱人&CDP-8DE3;⿱⿱⿰⿱八人⿱八人冖⿻丿𠃌,釒
18763,18763,18763,鏻,⿰⿱人&CDP-8DE3;⿱米⿰⿴𠂊丶㐄,釒
18764,18764,18764,鐃,⿰⿱人&CDP-8DE3;⿱⿱⿱十一⿰⿱十一⿱十一⿱一⿰丿乚,釒
18765,18765,18765,鐞,⿰⿱人&CDP-8DE3;⿳彐&CDP-8CFA;寸,釒
18766,18766,18766,鏷,⿰⿱人&CDP-8DE3;⿳⿱&CDP-85F0;一⿱丷一⿻⿱一一人,釒
18767,18767,18767,鏺,⿰⿱人&CDP-8DE3;⿱⿰&CDP-88D3;&CDP-88D5;⿰弓⿱𠘧又,釒
18768,18768,18768,鐠,⿰⿱人&CDP-8DE3;⿱⿱⿱丷一⿱&CDP-85F0;一日,釒
18769,18769,18769,鐈,⿰⿱人&CDP-8DE3;⿱⿱⿱丿⿻一人口⿵冂口,釒
18770,18770,18770,鏹,⿰⿱人&CDP-8DE3;⿰弓⿱口虫,釒
18771,18771,18771,鐉,⿰⿱人&CDP-8DE3;⿱⿰巳巳⿱⿱⿻十丨一八,釒
18772,18772,18772,鐑,⿰⿱人&CDP-8DE3;⿰⿱⿰&CDP-895C;丶&CDP-885E;⿱⿱十一口,釒
18773,18773,18773,鐥,⿰⿱人&CDP-8DE3;⿱⿱⿱⿱丷一&CDP-8BF1;⿱丷一口,釒
18774,18774,18774,鐩,⿰⿱人&CDP-8DE3;⿺辶⿱丷⿱一𧰨,釒
18775,18775,18775,鏼,⿰⿱人&CDP-8DE3;⿱竹朿,釒
18776,18776,18776,鐁,⿰⿱人&CDP-8DE3;⿰⿱&CDP-8B72;八⿸𠂆⿱一丨,釒
18777,18777,18777,鏾,⿰⿱人&CDP-8DE3;⿰&CDP-8CEC;攵,釒
18778,18778,18778,鐋,⿰⿱人&CDP-8DE3;⿰氵⿱⿱日一⿹勹&CDP-89A6;,釒
18779,18779,18779,鐔,⿰⿱人&CDP-8DE3;⿱⿱一&CDP-86EA;⿱日十,釒
18780,18780,18780,鐷,⿰⿱人&CDP-8DE3;⿱艹⿱世木,釒
18781,18781,18781,鐭,⿰⿱人&CDP-8DE3;⿱⿵&CDP-8BD6;米⿻一人,釒
18782,18782,18782,鐚,⿰⿱人&CDP-8DE3;⿱⿳一&CDP-88A1;一心,釒
18783,18783,18783,鐛,⿰⿱人&CDP-8DE3;⿱日⿳⿱丶一口小,釒
18784,18784,18784,鏳,⿰⿱人&CDP-8DE3;⿱丷⿱&CDP-8B62;日,釒
18785,18785,18785,鐘,⿰⿱人&CDP-8DE3;⿱⿱&CDP-8BAE;一⿱&CDP-8BD9;一,釒
18786,18786,18786,鐟,⿰⿱人&CDP-8DE3;⿱⿰⿻⿱一一人⿻⿱一一人日,釒
18787,18787,18787,鐕,⿰⿱人&CDP-8DE3;⿱⿰旡旡日,釒
18788,18788,18788,鐏,⿰⿱人&CDP-8DE3;⿱⿱丷酉寸,釒
18789,18789,18789,鐴,⿰⿱人&CDP-8DE3;⿰⿸尸口⿱⿱&CDP-8BAE;一十,釒
18790,18790,18790,鐸,⿰⿱人&CDP-8DE3;⿱罒⿱⿱十一⿱丷干,釒
18791,18791,18791,鐺,⿰⿱人&CDP-8DE3;⿱⿱⿱⺌冖口田,釒
18792,18792,18792,鐶,⿰⿱人&CDP-8DE3;⿳罒⿱一口𧘇,釒
18793,18793,18793,鐬,⿰⿱人&CDP-8DE3;⿱止&CDP-8CB3;,釒
18794,18794,18794,鑉,⿰⿱人&CDP-8DE3;⿱艹⿱⿱⿱十一厶皿,釒
18795,18795,18795,鐱,⿰⿱人&CDP-8DE3;⿳⿱人一⿰口口⿰人人,釒
18796,18796,18796,鐻,⿰⿱人&CDP-8DE3;⿸⿸⿱⺊&CDP-88E2;⿻㇀乚⿱一𧰨,釒
18797,18797,18797,鐮,⿰⿱人&CDP-8DE3;⿸广⿱⿱丷一&CDP-8CDE;,釒
18798,18798,18798,鐳,⿰⿱人&CDP-8DE3;⿱⿱一⿻冂&CDP-8C41;田,釒
18799,18799,18799,鏴,⿰⿱人&CDP-8DE3;⿰⿱口止⿱夂口,釒
18800,18800,18800,鐪,⿰⿱人&CDP-8DE3;⿸⿸⿱⺊&CDP-88E2;⿻㇀乚⿱田⿻丿𠃌,釒
18801,18801,18801,鑝,⿰⿱人&CDP-8DE3;⿺辶⿱艹⿱夂⿻⿱一⿱一一丨,釒
18802,18802,18802,鐰,⿰⿱人&CDP-8DE3;⿱⿱口⿰口口木,釒
18803,18803,18803,鑓,⿰⿱人&CDP-8DE3;⿺辶⿱⿱⿻口丨一㠯,釒
18804,18804,18804,鐵,⿰⿱人&CDP-8DE3;⿹⿶⿻⿺⿻一乚丶丿十⿱口⿱一⿱十一,釒
18805,18805,18805,鏽,⿰⿱人&CDP-8DE3;肅,釒
18806,18806,18806,鐿,⿰⿱人&CDP-8DE3;⿱⿱⿱&CDP-8BAE;一日心,釒
18807,18807,18807,鐲,⿰⿱人&CDP-8DE3;⿱罒⿹勹虫,釒
18808,18808,18808,鑀,⿰⿱人&CDP-8DE3;⿱&CDP-8BB8;⿱心夂,釒
18809,18809,18809,鑌,⿰⿱人&CDP-8DE3;⿱&CDP-8D74;⿱目八,釒
18810,18810,18810,鑔,⿰⿱人&CDP-8DE3;⿱宀⿱&CDP-8C4F;示,釒
18811,18811,18811,鑃,⿰⿱人&CDP-8DE3;⿱⿰⿹𠃌冫⿹𠃌冫隹,釒
18812,18812,18812,鑎,⿰⿱人&CDP-8DE3;⿷匚⿱⿱⿻口丨一⿱目八,釒
18813,18813,18813,鑅,⿰⿱人&CDP-8DE3;⿱⿱⿰⿱八人⿱八人冖木,釒
18814,18814,18814,鑇,⿰⿱人&CDP-8DE3;⿱&CDP-8DEB;&CDP-89C6;,釒
18815,18815,18815,鑛,⿰⿱人&CDP-8DE3;⿸广⿳⿱⿻十丨一由八,釒
18816,18816,18816,鑧,⿰⿱人&CDP-8DE3;⿱宀⿱艹⿷⿱目⿰丿乚丶,釒
18817,18817,18817,鑖,⿰⿱人&CDP-8DE3;⿱⿱艹罒⿵戊丶,釒
18818,18818,18818,鑈,⿰⿱人&CDP-8DE3;⿱一&CDP-88D6;,釒
18819,18819,18819,鑏,⿰⿱人&CDP-8DE3;⿱⿱宀⿱心皿⿱一亅,釒
18820,18820,18820,鑂,⿰⿱人&CDP-8DE3;熏,釒
18821,18821,18821,鑐,⿰⿱人&CDP-8DE3;⿱⿱一⿻冂&CDP-8C41;⿱一⿱丿⿵冂⿰丨丨,釒
18822,18822,18822,鑆,⿰⿱人&CDP-8DE3;⿰&CDP-8BBD;寸,釒
18823,18823,18823,鑄,⿰⿱人&CDP-8DE3;⿳⿳⿱十一乛工一⿰口寸,釒
18824,18824,18824,鑣,⿰⿱人&CDP-8DE3;⿸⿸&CDP-8D56;比灬,釒
18825,18825,18825,鑤,⿰⿱人&CDP-8DE3;⿱日⿱⿱⿱⿻十丨一八⿻亅&CDP-89AE;,釒
18826,18826,18826,鑡,⿰⿱人&CDP-8DE3;⿱止⿶凵⿳⿰人人一⿰人人,釒
18827,18827,18827,鑟,⿰⿱人&CDP-8DE3;⿱⿱十一⿱罒⿱目八,釒
18828,18828,18828,鑙,⿰⿱人&CDP-8DE3;⿱⿰⿱丿木⿺尢丶⿱⿺乚丿日,釒
18829,18829,18829,鑞,⿰⿱人&CDP-8DE3;⿳⿲𡿨𡿨𡿨⿴囗㐅&CDP-8D46;,釒
18830,18830,18830,鑘,⿰⿱人&CDP-8DE3;⿱田⿰田田,釒
18831,18831,18831,鑗,⿰⿱人&CDP-8DE3;⿱⿰⿱丿木&CDP-8DC9;&CDP-8D71;,釒
18832,18832,18832,鑥,⿰⿱人&CDP-8DE3;⿱⿳𠂊田灬日,釒
18833,18833,18833,鑢,⿰⿱人&CDP-8DE3;⿸⿸⿱⺊&CDP-88E2;⿻㇀乚⿱田心,釒
18834,18834,18834,鑠,⿰⿱人&CDP-8DE3;⿱&CDP-8BF4;木,釒
18835,18835,18835,鑜,⿰⿱人&CDP-8DE3;⿱⿱⿱⺌冖口⿱目八,釒
18836,18836,18836,鑦,⿰⿱人&CDP-8DE3;⿱⿰臣又⿱目八,釒
18837,18837,18837,鑕,⿰⿱人&CDP-8DE3;⿱⿰⿸𠂆⿱一丨⿸𠂆⿱一丨⿱目八,釒
18838,18838,18838,鑚,⿰⿱人&CDP-8DE3;⿱⿰⿻⿱一一人⿻⿱一一人⿱目八,釒
18839,18839,18839,鑮,⿰⿱人&CDP-8DE3;⿱艹⿰氵⿱⿺&CDP-86B7;丶寸,釒
18840,18840,18840,鑬,⿰⿱人&CDP-8DE3;⿱⿰臣&CDP-89BC;⿱目⿰丿乚,釒
18841,18841,18841,鑨,⿰⿱人&CDP-8DE3;⿰⿱⿱&CDP-8BAE;一月&CDP-89B0;,釒
18842,18842,18842,鑪,⿰⿱人&CDP-8DE3;⿸⿸⿱⺊&CDP-88E2;⿻㇀乚&CDP-8CF4;,釒
18843,18843,18843,鑩,⿰⿱人&CDP-8DE3;⿱&CDP-8554;一,釒
18844,18844,18844,鑱,⿰⿱人&CDP-8DE3;⿱⿱⿱𠂊口比⿷⿱𠂊&CDP-8BCB;丶,釒
18845,18845,18845,鑶,⿰⿱人&CDP-8DE3;⿱艹⿵⿰爿⿻⿺⿻一乚丶丿臣,釒
18846,18846,18846,鑵,⿰⿱人&CDP-8DE3;⿱艹⿱⿰口口隹,釒
18847,18847,18847,鑳,⿰⿱人&CDP-8DE3;⿱⿳宀⿱井一八⿱口龰,釒
18848,18848,18848,鑯,⿰⿱人&CDP-8DE3;⿹⿶⿻⿺⿻一乚丶丿⿰人人⿱非一,釒
18849,18849,18849,鑭,⿰⿱人&CDP-8DE3;⿵⿰𠁣𠃛柬,釒
18850,18850,18850,鑲,⿰⿱人&CDP-8DE3;⿳⿱丶一&CDP-8CA3;𧘇,釒
18851,18851,18851,鑰,⿰⿱人&CDP-8DE3;⿳⿱人一⿲口口口⿵冂⿻十丨,釒
18852,18852,18852,鑹,⿰⿱人&CDP-8DE3;⿱⿱宀八⿱臼&CDP-8D46;,釒
18853,18853,18853,鑸,⿰⿱人&CDP-8DE3;⿱⿱田⿰田田⿱十一,釒
18854,18854,18854,鑷,⿰⿱人&CDP-8DE3;⿱耳⿰耳耳,釒
18855,18855,18855,鑺,⿰⿱人&CDP-8DE3;⿱⿰目目隹,釒
18856,18856,18856,鑴,⿰⿱人&CDP-8DE3;⿱⿱山隹⿵冂⿱八口,釒
18857,18857,18857,鑼,⿰⿱人&CDP-8DE3;⿱罒⿰⿱⿰&CDP-895C;丶&CDP-885E;隹,釒
18858,18858,18858,鑻,⿰⿱人&CDP-8DE3;⿱⿱⿲木⿱㐅⿻丿乀木⿻一人手,釒
18859,18859,18859,鑽,⿰⿱人&CDP-8DE3;⿱⿰⿱⿰丿土⿰丿乚⿱⿰丿土⿰丿乚⿱目八,釒
18860,18860,18860,钁,⿰⿱人&CDP-8DE3;⿱⿱⿰目目隹又,釒
18861,18861,18861,钄,⿰⿱人&CDP-8DE3;⿱艹⿵⿰𠁣𠃛柬,釒
18862,18862,18862,钀,⿰⿱人&CDP-8DE3;⿰⿸⿸⿱⺊&CDP-88E2;⿻㇀乚⿳一口⿵⿵冂⿰丿乚⿱一丨犬,釒
18863,18863,18863,钂,⿰⿱人&CDP-8DE3;⿱⿱⿱⺌冖口⿱&CDP-88D4;灬,釒
18864,18864,18864,钃,⿰⿱人&CDP-8DE3;⿸尸⿱⿻亅&CDP-89AE;⿱⺫⿹勹虫,釒
18865,18865,18865,隶,隶,隶
18866,18866,18866,隷,⿰&CDP-8C6A;隶,隶
18867,18867,18867,隸,⿰⿱木示隶,隶
18868,18868,18868,門,⿰𠁣𠃛,門
18869,18869,18869,閁,⿵⿰𠁣𠃛丿,門
18870,18870,18870,閂,⿵⿰𠁣𠃛一,門
18871,18871,18871,閄,⿰⿰𠁣𠃛人,門
18872,18872,18872,閅,⿵⿰𠁣𠃛⿱一亅,門
18873,18873,18873,閃,⿵⿰𠁣𠃛人,門
18874,18874,18874,閇,⿵⿰𠁣𠃛⿱一卜,門
18875,18875,18875,閉,⿵⿰𠁣𠃛才,門
18876,18876,18876,閈,⿵⿰𠁣𠃛干,門
18877,18877,18877,閊,⿵⿰𠁣𠃛山,門
18878,18878,18878,閆,⿵⿰𠁣𠃛⿱一⿱一一,門
18879,18879,18879,閍,⿵⿰𠁣𠃛⿱⿱丶一&CDP-8B6C;,門
18880,18880,18880,閗,⿵⿰𠁣𠃛斗,門
18881,18881,18881,閎,⿵⿰𠁣𠃛⿸𠂇厶,門
18882,18882,18882,間,⿵⿰𠁣𠃛日,門
18883,18883,18883,開,⿵⿰𠁣𠃛⿱一⿻一&CDP-8BF5;,門
18884,18884,18884,閌,⿵⿰𠁣𠃛⿱⿱丶一几,門
18885,18885,18885,閖,⿵⿰𠁣𠃛⿲㇇亅&CDP-85BF;,門
18886,18886,18886,閔,⿵⿰𠁣𠃛⿱⿱丶一⿻丿乀,門
18887,18887,18887,閏,⿵⿰𠁣𠃛⿱一⿱十一,門
18888,18888,18888,閐,⿵⿰𠁣𠃛⿱丿&CDP-8A43;,門
18889,18889,18889,閒,⿵⿰𠁣𠃛月,門
18890,18890,18890,閑,⿵⿰𠁣𠃛木,門
18891,18891,18891,閕,⿵⿰𠁣𠃛牙,門
18892,18892,18892,閞,⿵⿰𠁣𠃛⿱厶⿻一&CDP-8BF5;,門
18893,18893,18893,閟,⿵⿰𠁣𠃛⿻心丿,門
18894,18894,18894,閝,⿵⿰𠁣𠃛⿱⿱人丶龴,門
18895,18895,18895,閙,⿵⿰𠁣𠃛⿱⿱丶一巾,門
18896,18896,18896,閛,⿵⿰𠁣𠃛⿻干丷,門
18897,18897,18897,閠,⿵⿰𠁣𠃛⿷⿱一⿱十一丶,門
18898,18898,18898,閜,⿵⿰𠁣𠃛⿹⿱一亅口,門
18899,18899,18899,閘,⿵⿰𠁣𠃛甲,門
18900,18900,18900,閚,⿵⿰𠁣𠃛⿱&CDP-8BAE;一,門
18901,18901,18901,閦,⿵⿰𠁣𠃛⿱人⿰人人,門
18902,18902,18902,閥,⿵⿰𠁣𠃛⿰亻⿻⿺⿻一乚丶丿,門
18903,18903,18903,関,⿵⿰𠁣𠃛⿱丷⿱一⿻一人,門
18904,18904,18904,閨,⿵⿰𠁣𠃛⿱⿱十一⿱十一,門
18905,18905,18905,閣,⿵⿰𠁣𠃛⿱夂口,門
18906,18906,18906,閤,⿵⿰𠁣𠃛⿱⿱人一口,門
18907,18907,18907,閡,⿵⿰𠁣𠃛⿳⿱丶一⿰𠃋丿人,門
18908,18908,18908,閧,⿵⿰𠁣𠃛⿱⿱⿻十丨一八,門
18909,18909,18909,閰,⿵⿰𠁣𠃛臼,門
18910,18910,18910,閭,⿵⿰𠁣𠃛⿱口口,門
18911,18911,18911,閩,⿵⿰𠁣𠃛虫,門
18912,18912,18912,閪,⿵⿰𠁣𠃛⿱一⿻⿰丿乚口,門
18913,18913,18913,閮,⿵⿰𠁣𠃛⿺廴⿱丿⿱十一,門
18914,18914,18914,閳,⿵⿰𠁣𠃛車,門
18915,18915,18915,閫,⿵⿰𠁣𠃛⿴囗木,門
18916,18916,18916,閬,⿵⿰𠁣𠃛⿱丶艮,門
18917,18917,18917,閴,⿵⿰𠁣𠃛⿱目八,門
18918,18918,18918,閯,⿵⿰𠁣𠃛⿰氵⿱小丿,門
18919,18919,18919,閱,⿵⿰𠁣𠃛⿱八⿱口⿰丿乚,門
18920,18920,18920,閲,⿵⿰𠁣𠃛⿱丷⿱口⿰丿乚,門
18921,18921,18921,闁,⿵⿰𠁣𠃛⿰𠁣𠃛,門
18922,18922,18922,閶,⿵⿰𠁣𠃛⿱日日,門
18923,18923,18923,闍,⿵⿰𠁣𠃛⿸耂日,門
18924,18924,18924,闂,⿵⿰𠁣𠃛⿱⿱丷⿻⿱一一人㔾,門
18925,18925,18925,閽,⿵⿰𠁣𠃛⿱氏日,門
18926,18926,18926,閸,⿵⿰𠁣𠃛⿳一&CDP-88A1;一,門
18927,18927,18927,閵,⿵⿰𠁣𠃛隹,門
18928,18928,18928,閷,⿰⿱㐅朩⿵⿰𠁣𠃛人,門
18929,18929,18929,閺,⿵⿰𠁣𠃛⿱日⿱⿱丶一⿻丿乀,門
18930,18930,18930,閿,⿵⿰𠁣𠃛⿱&CDP-8BB8;又,門
18931,18931,18931,閻,⿵⿰𠁣𠃛⿱勹臼,門
18932,18932,18932,閾,⿵⿰𠁣𠃛⿹⿻⿺⿻一乚丶丿⿱口一,門
18933,18933,18933,閹,⿵⿰𠁣𠃛⿱⿻一人⿻日乚,門
18934,18934,18934,閼,⿵⿰𠁣𠃛⿰⿱⿱丶一&CDP-8B6C;⿱人⿱丶丶,門
18935,18935,18935,闆,⿵⿰𠁣𠃛⿱口⿰口口,門
18936,18936,18936,闀,⿵⿰𠁣𠃛⿱⿱⿱⿻十丨一八巳,門
18937,18937,18937,闊,⿵⿰𠁣𠃛⿰氵⿱⿱丿十口,門
18938,18938,18938,闌,⿵⿰𠁣𠃛柬,門
18939,18939,18939,闏,⿵⿰𠁣𠃛⿵几⿱丿虫,門
18940,18940,18940,闋,⿵⿰𠁣𠃛⿱⿰&CDP-88D3;&CDP-88D5;⿱一⿻一人,門
18941,18941,18941,闎,⿵⿰𠁣𠃛⿱白⿲㇇亅&CDP-85BF;,門
18942,18942,18942,闃,⿵⿰𠁣𠃛⿱目犬,門
18943,18943,18943,闓,⿵⿰𠁣𠃛⿱山豆,門
18944,18944,18944,闈,⿵⿰𠁣𠃛⿳𫝀口㐄,門
18945,18945,18945,闅,⿵⿰𠁣𠃛⿱目⿱⺊又,門
18946,18946,18946,闉,⿵⿰𠁣𠃛⿱⿱一&CDP-86EA;⿱十一,門
18947,18947,18947,闄,⿵⿰𠁣𠃛⿱⿱一&CDP-86EA;女,門
18948,18948,18948,闇,⿵⿰𠁣𠃛⿱⿱&CDP-8BAE;一日,門
18949,18949,18949,闖,⿵⿰𠁣𠃛⿹&CDP-896A;灬,門
18950,18950,18950,闘,⿵⿰𠁣𠃛⿰豆寸,門
18951,18951,18951,闗,⿵⿰𠁣𠃛⿱⿰⿰&CDP-895C;丶⿰&CDP-895C;丶灬,門
18952,18952,18952,闔,⿵⿰𠁣𠃛⿱⿱⿱十一厶皿,門
18953,18953,18953,闑,⿵⿰𠁣𠃛⿱自木,門
18954,18954,18954,闕,⿵⿰𠁣𠃛⿰⿱⿱丷一⿻凵丨欠,門
18955,18955,18955,闐,⿵⿰𠁣𠃛⿱十⿱&CDP-8BA5;八,門
18956,18956,18956,闒,⿵⿰𠁣𠃛⿱日⿰⿹𠃌冫⿹𠃌冫,門
18957,18957,18957,關,⿵⿰𠁣𠃛⿱⿰⿰&CDP-895C;丶⿰&CDP-895C;丶丱,門
18958,18958,18958,闚,⿵⿰𠁣𠃛⿰⿻⿱一一人⿱目⿰丿乚,門
18959,18959,18959,闞,⿵⿰𠁣𠃛⿰⿱乛耳攵,門
18960,18960,18960,闝,⿵⿰𠁣𠃛⿰⿱目八攵,門
18961,18961,18961,闙,⿵⿰𠁣𠃛⿰⿸⿱丶尸口攵,門
18962,18962,18962,闛,⿵⿰𠁣𠃛⿱⿱⿱⺌冖口⿱十一,門
18963,18963,18963,闡,⿵⿰𠁣𠃛⿱⿰口口&CDP-8BD9;,門
18964,18964,18964,闠,⿵⿰𠁣𠃛⿱⿱⿻口丨一⿱目八,門
18965,18965,18965,闥,⿵⿰𠁣𠃛⿺辶⿱⿱十一⿱⿱丷一&CDP-8BF1;,門
18966,18966,18966,闟,⿵⿰𠁣𠃛⿱⿱⿱人一口⿰⿹𠃌冫⿹𠃌冫,門
18967,18967,18967,闣,⿵⿰𠁣𠃛⿱⿱⿱⺌冖口田,門
18968,18968,18968,闤,⿵⿰𠁣𠃛⿳罒⿱一口𧘇,門
18969,18969,18969,闢,⿵⿰𠁣𠃛⿰⿸尸口⿱⿱&CDP-8BAE;一十,門
18970,18970,18970,闧,⿵⿰𠁣𠃛⿺辶⿱⿱⿱十一口𧘇,門
18971,18971,18971,闦,⿵⿰𠁣𠃛⿱曲豆,門
18972,18972,18972,靣,⿱⿱一丿⿴囗口,靣
18973,18973,18973,飠,⿱人&CDP-8C42;,飠
18974,18974,18974,食,⿱人⿱丶艮,飠
18975,18975,18975,飢,⿰⿱人&CDP-8C42;几,飠
18976,18976,18976,飣,⿰⿱人&CDP-8C42;⿱一亅,飠
18977,18977,18977,飤,⿰⿱人&CDP-8C42;人,飠
18978,18978,18978,飥,⿰⿱人&CDP-8C42;⿱丿⿻㇀乚,飠
18979,18979,18979,飦,⿰⿱人&CDP-8C42;干,飠
18980,18980,18980,飭,⿰⿱人&CDP-8C42;⿱𠂉⿻丿𠃌,飠
18981,18981,18981,飯,⿰⿱人&CDP-8C42;⿸𠂆又,飠
18982,18982,18982,飰,⿰⿱人&CDP-8C42;⿱丶⿱一卜,飠
18983,18983,18983,飪,⿰⿱人&CDP-8C42;⿱丿⿱十一,飠
18984,18984,18984,飧,⿰⿴𠂊丶⿱人⿱丶艮,飠
18985,18985,18985,飩,⿰⿱人&CDP-8C42;⿻丿⿻凵乚,飠
18986,18986,18986,飨,⿰乡⿱人⿱丶艮,飠
18987,18987,18987,飫,⿰⿱人&CDP-8C42;⿱丿⿻一人,飠
18988,18988,18988,飲,⿰⿱人&CDP-8C42;欠,飠
18989,18989,18989,飶,⿰⿱人&CDP-8C42;⿻心丿,飠
18990,18990,18990,飹,⿰⿱人&CDP-8C42;⿰𠂎卩,飠
18991,18991,18991,飽,⿰⿱人&CDP-8C42;⿹勹巳,飠
18992,18992,18992,飿,⿰⿱人&CDP-8C42;⿱⿻凵丨凵,飠
18993,18993,18993,餀,⿰⿱人&CDP-8C42;⿱艹⿻丿乀,飠
18994,18994,18994,飷,⿰⿱人&CDP-8C42;且,飠
18995,18995,18995,飾,⿰⿱人&CDP-8C42;⿱𠂉巾,飠
18996,18996,18996,飼,⿰⿱人&CDP-8C42;⿹𠃌⿱一口,飠
18997,18997,18997,飱,⿰⿱一⿴𠂊丶⿱人⿱丶艮,飠
18998,18998,18998,飻,⿰⿱人&CDP-8C42;⿱人彡,飠
18999,18999,18999,飴,⿰⿱人&CDP-8C42;⿱厶口,飠
19000,19000,19000,飬,⿱⿱丷⿻⿱一一人⿱丶艮,飠
19001,19001,19001,飮,⿰𩙿欠,飠
19002,19002,19002,飳,⿰⿱人&CDP-8C42;⿱⿱丶一⿱十一,飠
19003,19003,19003,飵,⿰⿱人&CDP-8C42;乍,飠
19004,19004,19004,餅,⿰⿱人&CDP-8C42;⿱丷⿱一⿻一&CDP-8BF5;,飠
19005,19005,19005,餄,⿰⿱人&CDP-8C42;⿱⿱人一口,飠
19006,19006,19006,餃,⿰⿱人&CDP-8C42;⿱⿱丶一⿱八⿻丿乀,飠
19007,19007,19007,餎,⿰⿱人&CDP-8C42;⿱夂口,飠
19008,19008,19008,餁,⿰⿱人&CDP-8C42;⿰亻⿱丿⿱十一,飠
19009,19009,19009,餂,⿰⿱人&CDP-8C42;⿱⿱丿十口,飠
19010,19010,19010,餇,⿰⿱人&CDP-8C42;⿵⿵冂一口,飠
19011,19011,19011,飸,⿰⿱口⿱一㇉⿱人⿱丶艮,飠
19012,19012,19012,餉,⿰⿱人&CDP-8C42;⿵&CDP-8BD6;口,飠
19013,19013,19013,餏,⿰⿱人&CDP-8C42;⿱⿱丶一𧘇,飠
19014,19014,19014,餆,⿰⿱人&CDP-8C42;兆,飠
19015,19015,19015,養,⿱⿱⿱丷一⿱十一⿱人⿱丶艮,飠
19016,19016,19016,餌,⿰⿱人&CDP-8C42;耳,飠
19017,19017,19017,餑,⿰⿱人&CDP-8C42;⿱⿱十冖子,飠
19018,19018,19018,餔,⿰⿱人&CDP-8C42;⿺&CDP-86B7;丶,飠
19019,19019,19019,飺,⿱⿰止⿺乚丿⿱人⿱丶艮,飠
19020,19020,19020,餈,⿱⿰冫欠⿱人⿱丶艮,飠
19021,19021,19021,餖,⿰⿱人&CDP-8C42;豆,飠
19022,19022,19022,餋,⿱⿱丷⿻⿱一一人⿱人⿱丶艮,飠
19023,19023,19023,餕,⿰⿱人&CDP-8C42;⿳厶八夂,飠
19024,19024,19024,餒,⿰⿱人&CDP-8C42;⿱⿱丿𭕄女,飠
19025,19025,19025,餝,⿰⿱人&CDP-8C42;⿱艹⿱⿱丶一&CDP-8B6C;,飠
19026,19026,19026,餙,⿰⿱人&CDP-8C42;⿱㐅⿸𠂇巾,飠
19027,19027,19027,餗,⿰⿱人&CDP-8C42;束,飠
19028,19028,19028,餍,⿸⿸厂犬⿱人⿱丶艮,飠
19029,19029,19029,餘,⿰⿱人&CDP-8C42;⿱⿱人一朩,飠
19030,19030,19030,館,⿰⿱人&CDP-8C42;⿱宀㠯,飠
19031,19031,19031,餓,⿰⿱人&CDP-8C42;我,飠
19032,19032,19032,餢,⿰⿱人&CDP-8C42;⿱⿱&CDP-8BAE;一口,飠
19033,19033,19033,餠,⿰⿱人&CDP-8C42;⿰⿱丿干⿱丿干,飠
19034,19034,19034,餟,⿰⿱人&CDP-8C42;⿱⿰又又⿰又又,飠
19035,19035,19035,餐,⿱⿰⿱⺊⿴𠂊丶又⿱人⿱丶艮,飠
19036,19036,19036,餤,⿰⿱人&CDP-8C42;⿱⿱八人⿱八人,飠
19037,19037,19037,餴,⿰⿱人&CDP-8C42;⿱⿻一人⿱十⿻一&CDP-8BF5;,飠
19038,19038,19038,餜,⿰⿱人&CDP-8C42;⿻日木,飠
19039,19039,19039,餛,⿰⿱人&CDP-8C42;⿱日比,飠
19040,19040,19040,餞,⿰⿱人&CDP-8C42;⿱⿻⿺⿻一乚丶丿⿻⿺⿻一乚丶丿,飠
19041,19041,19041,餧,⿰⿱人&CDP-8C42;⿱⿱丿木女,飠
19042,19042,19042,餡,⿰⿱人&CDP-8C42;⿱勹臼,飠
19043,19043,19043,餚,⿰⿱人&CDP-8C42;⿱㐅⿸𠂇月,飠
19044,19044,19044,餣,⿰⿱人&CDP-8C42;⿱⿻一人⿻日乚,飠
19045,19045,19045,餦,⿰⿱人&CDP-8C42;⿳&CDP-884A;一&CDP-8CC6;,飠
19046,19046,19046,餩,⿰⿱人&CDP-8C42;⿱人⿳⿱丶一⿰𠃋丿人,飠
19047,19047,19047,餷,⿰⿱人&CDP-8C42;⿱木⿱日一,飠
19048,19048,19048,餥,⿱非⿱人⿱丶艮,飠
19049,19049,19049,餶,⿰⿱人&CDP-8C42;⿱&CDP-89A9;月,飠
19050,19050,19050,餭,⿰⿱人&CDP-8C42;⿱白⿱一⿱十一,飠
19051,19051,19051,餯,⿰⿱人&CDP-8C42;⿱彑𧰨,飠
19052,19052,19052,餱,⿰⿱人&CDP-8C42;⿰亻&CDP-8BC7;,飠
19053,19053,19053,餬,⿰⿱人&CDP-8C42;⿰⿱十口月,飠
19054,19054,19054,餰,⿰⿱人&CDP-8C42;⿲彳氵⿱一⿱一亅,飠
19055,19055,19055,餽,⿰⿱人&CDP-8C42;⿱⿱丿田⿺⿰丿乚厶,飠
19056,19056,19056,餪,⿰⿱人&CDP-8C42;⿱⿱一⿱丿⿵冂⿰丨丨⿻一人,飠
19057,19057,19057,餵,⿰⿱人&CDP-8C42;⿳田一&CDP-8CC6;,飠
19058,19058,19058,餸,⿰⿱人&CDP-8C42;⿺辶⿱丷⿱一⿻一人,飠
19059,19059,19059,餿,⿰⿱人&CDP-8C42;⿱&CDP-884F;又,飠
19060,19060,19060,饂,⿰⿱人&CDP-8C42;⿱日皿,飠
19061,19061,19061,餳,⿰⿱人&CDP-8C42;⿱⿱日一⿹勹&CDP-89A6;,飠
19062,19062,19062,餫,⿰⿱人&CDP-8C42;⿱冖車,飠
19063,19063,19063,餲,⿰⿱人&CDP-8C42;⿱日⿹勹⿺𠃊人,飠
19064,19064,19064,饆,⿰⿱人&CDP-8C42;⿻&CDP-87C5;一,飠
19065,19065,19065,餺,⿰⿱人&CDP-8C42;⿱⿺&CDP-86B7;丶寸,飠
19066,19066,19066,餻,⿰⿱人&CDP-8C42;⿱⿱⿱丷一⿱十一灬,飠
19067,19067,19067,餾,⿰⿱人&CDP-8C42;⿱&CDP-8C69;田,飠
19068,19068,19068,饃,⿰⿱人&CDP-8C42;⿱艹⿱日⿻一人,飠
19069,19069,19069,餮,⿱⿰⿱一⿴𠂊丶⿱人彡⿱人⿱丶艮,飠
19070,19070,19070,餹,⿰⿱人&CDP-8C42;⿸广&CDP-8CC1;,飠
19071,19071,19071,饀,⿰⿱人&CDP-8C42;⿱⿱丿𭕄臼,飠
19072,19072,19072,饈,⿰⿱人&CDP-8C42;⿸⿱⿱丷一&CDP-8BF1;丑,飠
19073,19073,19073,餼,⿰⿱人&CDP-8C42;⿹⿳𠂉一乁米,飠
19074,19074,19074,饁,⿰⿱人&CDP-8C42;⿱⿱⿱十一厶皿,飠
19075,19075,19075,饉,⿰⿱人&CDP-8C42;⿱廿&CDP-8A6D;,飠
19076,19076,19076,饅,⿰⿱人&CDP-8C42;⿳日罒又,飠
19077,19077,19077,饄,⿰⿱人&CDP-8C42;⿱⿱⿱⺌冖口⿱十一,飠
19078,19078,19078,饇,⿰⿱人&CDP-8C42;⿷匚⿱口⿰口口,飠
19079,19079,19079,饓,⿰⿱人&CDP-8C42;⿱⿱⿱⺌冖口木,飠
19080,19080,19080,饏,⿱⿰⿱乛耳攵⿱人⿱丶艮,飠
19081,19081,19081,饙,⿰⿱人&CDP-8C42;⿱⿱十⿻一&CDP-8BF5;⿱目八,飠
19082,19082,19082,饑,⿰⿱人&CDP-8C42;⿹&CDP-8BA4;人,飠
19083,19083,19083,饋,⿰⿱人&CDP-8C42;⿱⿱⿻口丨一⿱目八,飠
19084,19084,19084,饒,⿰⿱人&CDP-8C42;⿱⿱⿱十一⿰⿱十一⿱十一⿱一⿰丿乚,飠
19085,19085,19085,饍,⿰⿱人&CDP-8C42;⿱⿱⿱⿱丷一&CDP-8BF1;⿱丷一口,飠
19086,19086,19086,饊,⿰⿱人&CDP-8C42;⿰&CDP-8CEC;攵,飠
19087,19087,19087,饗,⿱⿰乡⿰&CDP-8C42;阝⿱人⿱丶艮,飠
19088,19088,19088,饎,⿰⿱人&CDP-8C42;⿱⿱十豆口,飠
19089,19089,19089,饐,⿰⿱人&CDP-8C42;⿳⿱十一冖豆,飠
19090,19090,19090,饌,⿰⿱人&CDP-8C42;⿱⿰巳巳⿱⿱⿻十丨一八,飠
19091,19091,19091,饚,⿰⿱人&CDP-8C42;⿱艹⿱⿱⿱十一厶皿,飠
19092,19092,19092,饛,⿰⿱人&CDP-8C42;⿱艹⿳冖一⿱一𧰨,飠
19093,19093,19093,饖,⿰⿱人&CDP-8C42;⿱止&CDP-8CB3;,飠
19094,19094,19094,饘,⿰⿱人&CDP-8C42;⿱⿱⿱丶一⿴囗口⿱日一,飠
19095,19095,19095,饕,⿱⿰⿱口⿱一㇉⿸⿸⿱⺊&CDP-88E2;⿻㇀乚几⿱人⿱丶艮,飠
19096,19096,19096,饔,⿱⿱⿱丶一&CDP-8DB5;⿱人⿱丶艮,飠
19097,19097,19097,饜,⿸⿸厂⿰⿱⿵冂⿱一一月犬⿱人⿱丶艮,飠
19098,19098,19098,饝,⿰⿱人&CDP-8C42;⿸⿸广⿰木木⿸⿱一丿口,飠
19099,19099,19099,饞,⿰⿱人&CDP-8C42;⿱⿱⿱𠂊口比⿷⿱𠂊&CDP-8BCB;丶,飠
19100,19100,19100,饟,⿰⿱人&CDP-8C42;⿳⿱丶一&CDP-8CA3;𧘇,飠
19101,19101,19101,饠,⿰⿱人&CDP-8C42;⿱罒⿰⿱⿰&CDP-895C;丶&CDP-885E;隹,飠
19102,19102,19102,饡,⿰⿱人&CDP-8C42;⿱⿰⿱⿰丿土⿰丿乚⿱⿰丿土⿰丿乚⿱目八,飠
19103,19103,19103,饢,⿰⿱人&CDP-8C42;⿳&CDP-8DDD;冖⿱&CDP-8CA3;𧘇,飠
19104,19104,19104,鱼,⿳𠂊田一,鱼
19105,19105,19105,鱽,⿰⿳𠂊田一⿹𠃌丿,鱼
19106,19106,19106,鱾,⿰⿳𠂊田一己,鱼
19107,19107,19107,鲃,⿰⿳𠂊田一巴,鱼
19108,19108,19108,鲂,⿰⿳𠂊田一⿱⿱丶一&CDP-8B6C;,鱼
19109,19109,19109,鲁,⿱⿳𠂊田一日,鱼
19110,19110,19110,鲀,⿰⿳𠂊田一⿻丿⿻凵乚,鱼
19111,19111,19111,鱿,⿰⿳𠂊田一⿺尢丶,鱼
19112,19112,19112,鲅,⿰⿳𠂊田一⿺⿸𠂇又丶,鱼
19113,19113,19113,鲍,⿰⿳𠂊田一⿹勹巳,鱼
19114,19114,19114,鲌,⿰⿳𠂊田一白,鱼
19115,19115,19115,鲋,⿰⿳𠂊田一⿰亻寸,鱼
19116,19116,19116,鲄,⿰⿳𠂊田一⿹⿱一亅口,鱼
19117,19117,19117,鲎,⿳𭕄冖⿳𠂊田一,鱼
19118,19118,19118,鲈,⿰⿳𠂊田一⿱⺊尸,鱼
19119,19119,19119,鲇,⿰⿳𠂊田一⿱⺊口,鱼
19120,19120,19120,鲏,⿰⿳𠂊田一皮,鱼
19121,19121,19121,鲆,⿰⿳𠂊田一⿻干丷,鱼
19122,19122,19122,鲐,⿰⿳𠂊田一⿱厶口,鱼
19123,19123,19123,鲉,⿰⿳𠂊田一由,鱼
19124,19124,19124,鲊,⿰⿳𠂊田一乍,鱼
19125,19125,19125,鲑,⿰⿳𠂊田一⿱⿱十一⿱十一,鱼
19126,19126,19126,鲘,⿰⿳𠂊田一⿸⿸𠂆一口,鱼
19127,19127,19127,鲒,⿰⿳𠂊田一⿱⿱十一口,鱼
19128,19128,19128,鲛,⿰⿳𠂊田一⿱⿱丶一⿱八⿻丿乀,鱼
19129,19129,19129,鲚,⿰⿳𠂊田一⿱⿱⿱丶一⿻丿乀&CDP-8BF5;,鱼
19130,19130,19130,鲙,⿰⿳𠂊田一⿱人⿱⿱一一厶,鱼
19131,19131,19131,鲓,⿰⿳𠂊田一⿸耂⿱一㇉,鱼
19132,19132,19132,鲖,⿰⿳𠂊田一⿵⿵冂一口,鱼
19133,19133,19133,鲔,⿰⿳𠂊田一⿸𠂇月,鱼
19134,19134,19134,鲜,⿰⿳𠂊田一⿱⿱丷一&CDP-8BF1;,鱼
19135,19135,19135,鲞,⿱⿱丷⿻⿱一一人⿳𠂊田一,鱼
19136,19136,19136,鲟,⿰⿳𠂊田一⿱彐寸,鱼
19137,19137,19137,鲝,⿱⿱⿱丷一&CDP-8BF1;⿳𠂊田一,鱼
19138,19138,19138,鲗,⿰⿳𠂊田一⿰贝刂,鱼
19139,19139,19139,鲕,⿰⿳𠂊田一⿱一⿱丿⿵冂⿰丨丨,鱼
19140,19140,19140,鲠,⿰⿳𠂊田一⿱一&CDP-89E7;,鱼
19141,19141,19141,鲧,⿰⿳𠂊田一⿱丿⿱⿰&CDP-895C;丶小,鱼
19142,19142,19142,鲩,⿰⿳𠂊田一⿱宀⿱一⿱一⿰丿乚,鱼
19143,19143,19143,鲣,⿰⿳𠂊田一⿱⿰⿰丨丨又⿱十一,鱼
19144,19144,19144,鲫,⿰⿳𠂊田一⿰&CDP-8B7C;卩,鱼
19145,19145,19145,鲪,⿰⿳𠂊田一⿸⿻&CDP-8BAB;丿口,鱼
19146,19146,19146,鲢,⿰⿳𠂊田一⿺辶车,鱼
19147,19147,19147,鲡,⿰⿳𠂊田一⿱一⿰⿵冂丶⿵冂丶,鱼
19148,19148,19148,鲤,⿰⿳𠂊田一⿱&CDP-8BD9;一,鱼
19149,19149,19149,鲥,⿰⿳𠂊田一⿰日寸,鱼
19150,19150,19150,鲨,⿱⿰氵⿱小丿⿳𠂊田一,鱼
19151,19151,19151,鲦,⿰⿳𠂊田一⿱夂朩,鱼
19152,19152,19152,鲬,⿰⿳𠂊田一⿱龴⿵冂&CDP-8BF1;,鱼
19153,19153,19153,鲳,⿰⿳𠂊田一⿱日日,鱼
19154,19154,19154,鲷,⿰⿳𠂊田一⿵⺆⿱⿱十一口,鱼
19155,19155,19155,鲱,⿰⿳𠂊田一非,鱼
19156,19156,19156,鲴,⿰⿳𠂊田一⿴囗⿱十口,鱼
19157,19157,19157,鲸,⿰⿳𠂊田一⿳⿱丶一口小,鱼
19158,19158,19158,鲲,⿰⿳𠂊田一⿱日比,鱼
19159,19159,19159,鲮,⿰⿳𠂊田一⿳⿱十一八夂,鱼
19160,19160,19160,鲶,⿰⿳𠂊田一⿱⿱⿱人丶㇇心,鱼
19161,19161,19161,鲵,⿰⿳𠂊田一⿱臼⿰丿乚,鱼
19162,19162,19162,鲯,⿰⿳𠂊田一⿱&CDP-8B72;八,鱼
19163,19163,19163,鲭,⿰⿳𠂊田一⿱龶月,鱼
19164,19164,19164,鲹,⿰⿳𠂊田一⿳厶⿻一人彡,鱼
19165,19165,19165,鲺,⿰⿳𠂊田一⿹⺄⿱丿虫,鱼
19166,19166,19166,鲻,⿰⿳𠂊田一⿱⿲𡿨𡿨𡿨田,鱼
19167,19167,19167,鲰,⿰⿳𠂊田一⿰耳又,鱼
19168,19168,19168,鳊,⿰⿳𠂊田一⿸⿱丶尸⿵冂⿻十丨,鱼
19169,19169,19169,鲾,⿰⿳𠂊田一⿱⿱一口田,鱼
19170,19170,19170,鲿,⿰⿳𠂊田一⿱⿱⺌冖⿱⿱一一厶,鱼
19171,19171,19171,鲽,⿰⿳𠂊田一⿱世木,鱼
19172,19172,19172,鲼,⿰⿳𠂊田一⿱⿱十⿻一&CDP-8BF5;贝,鱼
19173,19173,19173,鳆,⿰⿳𠂊田一⿳𠂉日夂,鱼
19174,19174,19174,鳇,⿰⿳𠂊田一⿱白⿱一⿱十一,鱼
19175,19175,19175,鳉,⿰⿳𠂊田一⿰丬⿱⿴𠂊丶寸,鱼
19176,19176,19176,鳅,⿰⿳𠂊田一⿰⿱丿木⿱八人,鱼
19177,19177,19177,鳈,⿰⿳𠂊田一⿱白⿲㇇亅&CDP-85BF;,鱼
19178,19178,19178,鳃,⿰⿳𠂊田一⿱田心,鱼
19179,19179,19179,鳋,⿰⿳𠂊田一⿱⿴又丶虫,鱼
19180,19180,19180,鳀,⿰⿳𠂊田一⿱日⿱一龰,鱼
19181,19181,19181,鳂,⿰⿳𠂊田一⿳田一&CDP-8CC6;,鱼
19182,19182,19182,鳁,⿰⿳𠂊田一⿱日皿,鱼
19183,19183,19183,鳄,⿰⿳𠂊田一⿱⿰口口⿱一⿱一㇉,鱼
19184,19184,19184,鳏,⿰⿳𠂊田一⿱罒&CDP-8977;,鱼
19185,19185,19185,鳒,⿰⿳𠂊田一⿱⿱丷一&CDP-8CDE;,鱼
19186,19186,19186,鳑,⿰⿳𠂊田一⿱&CDP-8BEC;⿱⿱丶一&CDP-8B6C;,鱼
19187,19187,19187,鳍,⿰⿳𠂊田一⿱⿸耂⿺乚丿日,鱼
19188,19188,19188,鳎,⿰⿳𠂊田一⿱日⿰⿹𠃌冫⿹𠃌冫,鱼
19189,19189,19189,鳐,⿰⿳𠂊田一⿱⿱丿𭕄缶,鱼
19190,19190,19190,鳌,⿱⿰⿱龶&CDP-8B6C;攵⿳𠂊田一,鱼
19191,19191,19191,鳔,⿰⿳𠂊田一⿱⿱一&CDP-86EA;示,鱼
19192,19192,19192,鳖,⿱⿰⿻丷⿻巾八攵⿳𠂊田一,鱼
19193,19193,19193,鳓,⿰⿳𠂊田一⿰革⿻丿𠃌,鱼
19194,19194,19194,鳗,⿰⿳𠂊田一⿳日罒又,鱼
19195,19195,19195,鳘,⿱⿰⿱𠂉母攵⿳𠂊田一,鱼
19196,19196,19196,鳚,⿰⿳𠂊田一⿰⿸尸示寸,鱼
19197,19197,19197,鳕,⿰⿳𠂊田一⿱⿱一⿻冂&CDP-8C41;彐,鱼
19198,19198,19198,鳛,⿰⿳𠂊田一⿱⿰⿹𠃌冫⿹𠃌冫白,鱼
19199,19199,19199,鳙,⿰⿳𠂊田一⿸广⿻⿻&CDP-8BAB;丨月,鱼
19200,19200,19200,鳜,⿰⿳𠂊田一⿸厂⿰⿱⿱丷一⿻凵丨欠,鱼
19201,19201,19201,鳞,⿰⿳𠂊田一⿱米⿰⿴𠂊丶㐄,鱼
19202,19202,19202,鳝,⿰⿳𠂊田一⿱⿱⿱⿱丷一&CDP-8BF1;⿱丷一口,鱼
19203,19203,19203,鳟,⿰⿳𠂊田一⿱⿱丷酉寸,鱼
19204,19204,19204,鳡,⿰⿳𠂊田一⿱⿵⿵戊一口心,鱼
19205,19205,19205,鳠,⿰⿳𠂊田一⿱艹⿱隹又,鱼
19206,19206,19206,鳢,⿰⿳𠂊田一⿱曲豆,鱼
19207,19207,19207,鳣,⿰⿳𠂊田一⿱⿱⿱丶一⿴囗口⿱日一,鱼
19208,19208,19208,鳤,⿰⿳𠂊田一⿱竹⿱宀㠯,鱼
19209,19209,19209,隹,隹,隹
19210,19210,19210,隺,⿻冖隹,隹
19211,19211,19211,隽,⿱隹⿹𠄎丿,隹
19212,19212,19212,难,⿰又隹,隹
19213,19213,19213,隼,⿱隹十,隹
19214,19214,19214,隻,⿱隹又,隹
19215,19215,19215,雀,⿱小隹,隹
19216,19216,19216,隿,⿰⿺⿻一乚丶隹,隹
19217,19217,19217,雇,⿸⿱丶尸隹,隹
19218,19218,19218,雈,⿱艹隹,隹
19219,19219,19219,雃,⿰⿱一⿻一&CDP-8BF5;隹,隹
19220,19220,19220,集,⿱隹木,隹
19221,19221,19221,雋,⿱隹&CDP-8DDF;,隹
19222,19222,19222,雂,⿰⿱⿱人丶㇇隹,隹
19223,19223,19223,雁,⿸厂⿰亻隹,隹
19224,19224,19224,雄,⿰⿸𠂇厶隹,隹
19225,19225,19225,雅,⿰牙隹,隹
19226,19226,19226,雏,⿰⿱𠂊彐隹,隹
19227,19227,19227,雊,⿰⿹勹口隹,隹
19228,19228,19228,雎,⿰且隹,隹
19229,19229,19229,雍,⿱⿱丶一&CDP-8DB5;,隹
19230,19230,19230,雉,⿰⿱𠂉⿻一人隹,隹
19231,19231,19231,雌,⿰⿰止⿺乚丿隹,隹
19232,19232,19232,雐,⿸⿸⿱⺊&CDP-88E2;⿻㇀乚隹,隹
19233,19233,19233,雒,⿰⿱夂口隹,隹
19234,19234,19234,雑,⿰⿱九朩隹,隹
19235,19235,19235,雓,⿰⿱⿱人一朩隹,隹
19236,19236,19236,雔,⿰隹隹,隹
19237,19237,19237,雕,⿰⿵⺆⿱⿱十一口隹,隹
19238,19238,19238,雚,⿱艹⿱⿰口口隹,隹
19239,19239,19239,雘,⿰丹⿱艹⿱隹又,隹
19240,19240,19240,雖,⿰⿱口虫隹,隹
19241,19241,19241,雠,⿲隹讠隹,隹
19242,19242,19242,雛,⿰⿱&CDP-8D65;&CDP-8D65;隹,隹
19243,19243,19243,雟,⿱⿻凵丨⿱隹⿵冂⿱八口,隹
19244,19244,19244,雗,⿰⿱十⿱日十⿱人隹,隹
19245,19245,19245,雞,⿰⿱⿱丿𭕄⿱⿰&CDP-895C;丶⿻一人隹,隹
19246,19246,19246,離,⿰⿱⿱⿱丶一⿶凵㐅⿻冂厶隹,隹
19247,19247,19247,雙,⿱⿰隹隹又,隹
19248,19248,19248,雝,⿰⿱⿲𡿨𡿨𡿨⿱口巴隹,隹
19249,19249,19249,雜,⿰&CDP-8D4F;隹,隹
19250,19250,19250,雡,⿰⿱⿰⿹𠃌冫⿹𠃌冫⿱人彡隹,隹
19251,19251,19251,難,⿰&CDP-8BD3;隹,隹
19252,19252,19252,雤,⿱⿶&CDP-8B64;⿱㐅⿻丿乀隹,隹
19253,19253,19253,雦,⿲隹隹隹,隹
19254,19254,19254,雥,⿱隹⿰隹隹,隹
19255,19255,19255,雧,⿱⿱隹⿰隹隹木,隹
19256,19256,19256,風,⿵几⿱丿虫,風
19257,19257,19257,颩,⿺⿵几⿱丿虫彡,風
19258,19258,19258,颪,⿱⿱一卜⿵几⿱丿虫,風
19259,19259,19259,颫,⿺⿵几⿱丿虫⿻⿱一一人,風
19260,19260,19260,颬,⿺⿵几⿱丿虫牙,風
19261,19261,19261,颮,⿺⿵几⿱丿虫⿹勹巳,風
19262,19262,19262,颰,⿺⿵几⿱丿虫⿺⿸𠂇又丶,風
19263,19263,19263,颯,⿰⿱&CDP-8BAE;一⿵几⿱丿虫,風
19264,19264,19264,颱,⿺⿵几⿱丿虫⿱厶口,風
19265,19265,19265,颭,⿺⿵几⿱丿虫⿱⺊口,風
19266,19266,19266,颳,⿺⿵几⿱丿虫⿱⿱丿十口,風
19267,19267,19267,颲,⿺⿵几⿱丿虫⿰⿱一⿴𠂊丶刂,風
19268,19268,19268,颵,⿺⿵几⿱丿虫⿱⺌月,風
19269,19269,19269,颴,⿺⿵几⿱丿虫⿱𠂉疋,風
19270,19270,19270,颷,⿺⿵几⿱丿虫⿱⿱八人⿱八人,風
19271,19271,19271,颶,⿺⿵几⿱丿虫⿱&CDP-8BA5;八,風
19272,19272,19272,颾,⿺⿵几⿱丿虫⿱⿴又丶虫,風
19273,19273,19273,颸,⿺⿵几⿱丿虫⿱田心,風
19274,19274,19274,颼,⿺⿵几⿱丿虫⿱&CDP-884F;又,風
19275,19275,19275,颹,⿺⿵几⿱丿虫⿳𫝀口㐄,風
19276,19276,19276,颺,⿺⿵几⿱丿虫⿱⿱日一⿹勹&CDP-89A6;,風
19277,19277,19277,颿,⿰⿹&CDP-896A;灬⿵几⿱丿虫,風
19278,19278,19278,颽,⿰⿱山豆⿵几⿱丿虫,風
19279,19279,19279,飀,⿺⿵几⿱丿虫⿱&CDP-8C69;田,風
19280,19280,19280,颻,⿰⿱⿱丿𭕄缶⿵几⿱丿虫,風
19281,19281,19281,飂,⿺⿵几⿱丿虫⿱⿰⿹𠃌冫⿹𠃌冫⿱人彡,風
19282,19282,19282,飃,⿺⿵几⿱丿虫⿱⿱一&CDP-86EA;示,風
19283,19283,19283,飄,⿰⿱⿱一&CDP-86EA;示⿵几⿱丿虫,風
19284,19284,19284,飁,⿰⿱⿰⿹𠃌冫⿹𠃌冫白⿵几⿱丿虫,風
19285,19285,19285,飆,⿰⿱犬⿰犬犬⿵几⿱丿虫,風
19286,19286,19286,飇,⿺⿵几⿱丿虫⿱犬⿰犬犬,風
19287,19287,19287,飈,⿺⿵几⿱丿虫⿱⿱八人⿰⿱八人⿱八人,風
19288,19288,19288,飊,⿰⿱⿱八人⿰⿱八人⿱八人⿵几⿱丿虫,風
19289,19289,19289,飉,⿺⿵几⿱丿虫⿱⿱⿻⿻一人丷日小,風
19290,19290,19290,飅,⿺⿵几⿱丿虫⿱丣田,風
19291,19291,19291,飋,⿺⿵几⿱丿虫⿱⿰⿱一⿱十一⿱一⿱十一⿻心丿,風
19292,19292,19292,飌,⿰⿱艹⿱⿰口口隹⿵几⿱丿虫,風
19293,19293,19293,飍,⿱⿵几⿱丿虫⿰⿵几⿱丿虫⿵几⿱丿虫,風
19294,19294,19294,革,革,革
19295,19295,19295,靪,⿰革⿱一亅,革
19296,19296,19296,靫,⿰革⿴又丶,革
19297,19297,19297,靮,⿰革⿹勹丶,革
19298,19298,19298,靯,⿰革⿱十一,革
19299,19299,19299,靬,⿰革干,革
19300,19300,19300,靭,⿰革⿹⿹𠃌丿丿,革
19301,19301,19301,靱,⿰革⿻⿹𠃌丿乀,革
19302,19302,19302,靸,⿰革及,革
19303,19303,19303,靰,⿰革⿱一⿰丿乚,革
19304,19304,19304,靶,⿰革巴,革
19305,19305,19305,靳,⿰革⿸𠂆⿱一丨,革
19306,19306,19306,靵,⿰革丑,革
19307,19307,19307,靹,⿰革⿻冂人,革
19308,19308,19308,靲,⿰革⿱⿱人丶㇇,革
19309,19309,19309,靴,⿰革⿰亻⿻乚丿,革
19310,19310,19310,靷,⿰革⿰弓丨,革
19311,19311,19311,鞆,⿰革⿱一⿻冂人,革
19312,19312,19312,靽,⿰革⿱丷&CDP-8BF1;,革
19313,19313,19313,鞁,⿰革皮,革
19314,19314,19314,靼,⿰革⿱日一,革
19315,19315,19315,鞃,⿰革⿰弓厶,革
19316,19316,19316,鞂,⿰革⿱丿木,革
19317,19317,19317,鞒,⿰革⿱⿱丿⿻一人&CDP-8BF5;,革
19318,19318,19318,靺,⿰革末,革
19319,19319,19319,鞄,⿰革⿹勹巳,革
19320,19320,19320,鞀,⿰革⿱⿹𠃌丿口,革
19321,19321,19321,靾,⿰革世,革
19322,19322,19322,鞅,⿰革央,革
19323,19323,19323,靿,⿰革⿰⿰&CDP-895C;丶⿻丿𠃌,革
19324,19324,19324,靻,⿰革且,革
19325,19325,19325,鞑,⿰革⿺辶⿻一人,革
19326,19326,19326,鞈,⿰革⿱⿱人一口,革
19327,19327,19327,鞏,⿱⿰工⿵几丶革,革
19328,19328,19328,鞎,⿰革艮,革
19329,19329,19329,鞊,⿰革⿱⿱十一口,革
19330,19330,19330,鞐,⿰革⿱⿱⺊一⿱一卜,革
19331,19331,19331,鞗,⿰&CDP-8B7A;⿱夂革,革
19332,19332,19332,鞉,⿰革兆,革
19333,19333,19333,鞋,⿰革⿱⿱十一⿱十一,革
19334,19334,19334,鞇,⿰革⿴囗⿻一人,革
19335,19335,19335,鞌,⿱⿱宀女革,革
19336,19336,19336,鞍,⿰革⿱宀女,革
19337,19337,19337,鞕,⿰革⿱一&CDP-89E7;,革
19338,19338,19338,鞔,⿰革⿱𠂊&CDP-8BCB;,革
19339,19339,19339,鞘,⿰革⿱⺌月,革
19340,19340,19340,鞖,⿰革⿱⿱丿𭕄女,革
19341,19341,19341,鞓,⿰革⿱口⿱一⿱十一,革
19342,19342,19342,鞙,⿰革⿱口月,革
19343,19343,19343,鞛,⿰革⿱⿱&CDP-8BAE;一口,革
19344,19344,19344,鞞,⿰革⿱&CDP-89BE;十,革
19345,19345,19345,鞬,⿰革⿺廴⿻⿻&CDP-8BAB;丨⿱一一,革
19346,19346,19346,鞠,⿰革⿹勹米,革
19347,19347,19347,鞟,⿰革⿳⿱丶一口子,革
19348,19348,19348,鞚,⿰革⿱⿱宀八工,革
19349,19349,19349,鞡,⿰革⿰扌⿱&CDP-8BAE;一,革
19350,19350,19350,鞝,⿰革⿱⺌⿵冂口,革
19351,19351,19351,鞜,⿰革⿱⿲㇇亅&CDP-85BF;日,革
19352,19352,19352,鞭,⿰革⿰亻⿱一&CDP-89E7;,革
19353,19353,19353,鞤,⿱⿰⿱⿱十一⿱十一寸革,革
19354,19354,19354,鞮,⿰革⿱日⿱一龰,革
19355,19355,19355,鞨,⿰革⿱日⿹勹⿺𠃊人,革
19356,19356,19356,鞯,⿰革⿱艹⿸&CDP-88F1;子,革
19357,19357,19357,鞫,⿰革⿹勹言,革
19358,19358,19358,鞪,⿱⿰⿱龴⿹⿱乛亅丿攵革,革
19359,19359,19359,鞩,⿰革⿰⿱⺌月刂,革
19360,19360,19360,鞦,⿰革⿰⿱丿木⿱八人,革
19361,19361,19361,鞧,⿰革⿱丷酉,革
19362,19362,19362,鞣,⿰革⿱⿱龴⿹⿱乛亅丿木,革
19363,19363,19363,鞳,⿰革⿱艹⿱⿱人一口,革
19364,19364,19364,鞰,⿰革⿱日皿,革
19365,19365,19365,鞢,⿰革⿱世木,革
19366,19366,19366,鞥,⿰革⿱⿱⿱人一口⿻一&CDP-8BF5;,革
19367,19367,19367,鞴,⿰革⿱艹⿸⿱一丿⿵冂&CDP-8BF1;,革
19368,19368,19368,鞸,⿰革⿻&CDP-87C5;一,革
19369,19369,19369,鞷,⿱⿳一口⿵⿵冂⿰丿乚⿱一丨革,革
19370,19370,19370,鞲,⿰革⿱⿱井一冉,革
19371,19371,19371,鞾,⿰革⿱艹&CDP-8BF8;,革
19372,19372,19372,鞹,⿰革⿰⿳⿱丶一口子阝,革
19373,19373,19373,鞶,⿱⿰舟⿱𠘧又革,革
19374,19374,19374,鞱,⿰革⿱⿱丿𭕄臼,革
19375,19375,19375,鞵,⿰革⿱⿱丿𭕄⿱⿰&CDP-895C;丶⿻一人,革
19376,19376,19376,韀,⿰革⿸&CDP-8D56;&CDP-8DBF;,革
19377,19377,19377,鞻,⿰革⿱&CDP-89C5;女,革
19378,19378,19378,鞺,⿰革⿱⿱⿱⺌冖口⿱十一,革
19379,19379,19379,韃,⿰革⿺辶⿱⿱十一⿱⿱丷一&CDP-8BF1;,革
19380,19380,19380,鞼,⿰革⿱⿱⿻口丨一⿱目八,革
19381,19381,19381,鞿,⿰革⿹&CDP-8BA4;人,革
19382,19382,19382,鞽,⿰革⿱⿱⿱丿⿻一人口⿵冂口,革
19383,19383,19383,韂,⿰革⿸⿱𠂊厂&CDP-8CC3;,革
19384,19384,19384,韄,⿰革⿱艹⿱隹又,革
19385,19385,19385,韁,⿰革⿳&CDP-8D5E;&CDP-8D5E;一,革
19386,19386,19386,韈,⿰革⿱⿱艹罒⿵戊丶,革
19387,19387,19387,韅,⿰革⿱日⿱⿰⿰&CDP-895C;丶⿰&CDP-895C;丶灬,革
19388,19388,19388,韇,⿰革⿱⿱十一⿱罒⿱目八,革
19389,19389,19389,韆,⿰革⿺辶⿱⿱⿱一&CDP-86EA;⿻一人巳,革
19390,19390,19390,韉,⿰革⿱艹⿸&CDP-8D56;&CDP-8DBF;,革
19391,19391,19391,韊,⿰革⿱艹⿵⿰𠁣𠃛柬,革
19392,19392,19392,骨,⿱&CDP-89A9;月,骨
19393,19393,19393,骩,⿰⿱&CDP-89A9;月九,骨
19394,19394,19394,骭,⿰⿱&CDP-89A9;月干,骨
19395,19395,19395,骪,⿰⿱&CDP-89A9;月⿵几丶,骨
19396,19396,19396,骫,⿰⿱&CDP-89A9;月⿻九丶,骨
19397,19397,19397,骮,⿰⿱&CDP-89A9;月⿺⿻一乚丶,骨
19398,19398,19398,骬,⿰⿱&CDP-89A9;月于,骨
19399,19399,19399,骱,⿰⿱&CDP-89A9;月⿱人&CDP-8BF5;,骨
19400,19400,19400,骰,⿰⿱&CDP-89A9;月⿱𠘧又,骨
19401,19401,19401,骯,⿰⿱&CDP-89A9;月⿱⿱丶一几,骨
19402,19402,19402,骲,⿰⿱&CDP-89A9;月⿹勹巳,骨
19403,19403,19403,骳,⿰⿱&CDP-89A9;月皮,骨
19404,19404,19404,骶,⿰⿱&CDP-89A9;月⿱氏丶,骨
19405,19405,19405,骷,⿰⿱&CDP-89A9;月⿱十口,骨
19406,19406,19406,骵,⿰⿱&CDP-89A9;月本,骨
19407,19407,19407,骴,⿰⿱&CDP-89A9;月⿰止⿺乚丿,骨
19408,19408,19408,骼,⿰⿱&CDP-89A9;月⿱夂口,骨
19409,19409,19409,骸,⿰⿱&CDP-89A9;月⿳⿱丶一⿰𠃋丿人,骨
19410,19410,19410,骺,⿰⿱&CDP-89A9;月⿸⿸𠂆一口,骨
19411,19411,19411,骻,⿰⿱&CDP-89A9;月⿱⿻一人⿱一⿱一㇉,骨
19412,19412,19412,骿,⿰⿱&CDP-89A9;月⿱丷⿱一⿻一&CDP-8BF5;,骨
19413,19413,19413,骹,⿰⿱&CDP-89A9;月⿱⿱丶一⿱八⿻丿乀,骨
19414,19414,19414,骾,⿰⿱&CDP-89A9;月⿱一&CDP-89E7;,骨
19415,19415,19415,骽,⿰⿱&CDP-89A9;月⿱⿱丿𭕄女,骨
19416,19416,19416,髀,⿰⿱&CDP-89A9;月⿱&CDP-89BE;十,骨
19417,19417,19417,髁,⿰⿱&CDP-89A9;月⿻日木,骨
19418,19418,19418,髊,⿰⿱&CDP-89A9;月⿸⿱⿱丷一&CDP-8BF1;工,骨
19419,19419,19419,髅,⿰⿱&CDP-89A9;月⿱米女,骨
19420,19420,19420,髂,⿰⿱&CDP-89A9;月⿱宀⿱夂口,骨
19421,19421,19421,髄,⿰⿱&CDP-89A9;月⿺辶⿸𠂇月,骨
19422,19422,19422,髃,⿰⿱&CDP-89A9;月禺,骨
19423,19423,19423,髌,⿰⿱&CDP-89A9;月⿱宀⿱丘八,骨
19424,19424,19424,髆,⿰⿱&CDP-89A9;月⿱⿺&CDP-86B7;丶寸,骨
19425,19425,19425,髉,⿰⿱&CDP-89A9;月⿻冖隹,骨
19426,19426,19426,髋,⿰⿱&CDP-89A9;月⿱宀⿱艹见,骨
19427,19427,19427,髈,⿰⿱&CDP-89A9;月⿱&CDP-8BEC;⿱⿱丶一&CDP-8B6C;,骨
19428,19428,19428,髇,⿰⿱&CDP-89A9;月⿳⿱丶一口⿵冂口,骨
19429,19429,19429,髒,⿰⿱&CDP-89A9;月⿳艹⿸⿱一⿴𠂊丶⿺乚丿⿻一&CDP-8BF5;,骨
19430,19430,19430,髎,⿰⿱&CDP-89A9;月⿱⿰⿹𠃌冫⿹𠃌冫⿱人彡,骨
19431,19431,19431,髏,⿰⿱&CDP-89A9;月⿱&CDP-89C5;女,骨
19432,19432,19432,髍,⿰⿱&CDP-89A9;月⿸广⿰木木,骨
19433,19433,19433,髓,⿰⿱&CDP-89A9;月⿺辶&CDP-8CA9;,骨
19434,19434,19434,髐,⿰⿱&CDP-89A9;月⿱⿱⿱十一⿰⿱十一⿱十一⿱一⿰丿乚,骨
19435,19435,19435,髑,⿰⿱&CDP-89A9;月⿱罒⿹勹虫,骨
19436,19436,19436,體,⿰⿱&CDP-89A9;月⿱曲豆,骨
19437,19437,19437,髕,⿰⿱&CDP-89A9;月⿱&CDP-8D74;⿱目八,骨
19438,19438,19438,髖,⿰⿱&CDP-89A9;月⿱宀⿱艹⿷⿱目⿰丿乚丶,骨
19439,19439,19439,髗,⿰⿱&CDP-89A9;月⿸⿸⿱⺊&CDP-88E2;⿻㇀乚&CDP-8CF4;,骨
19440,19440,19440,鬼,⿱⿱丿田⿺⿰丿乚厶,鬼
19441,19441,19441,鬽,⿺⿱⿱丿田⿺⿰丿乚厶彡,鬼
19442,19442,19442,魀,⿺⿱⿱丿田⿺⿰丿乚厶⿱人&CDP-8BF5;,鬼
19443,19443,19443,魂,⿰⿱⿱一一厶⿱⿱丿田⿺⿰丿乚厶,鬼
19444,19444,19444,鬾,⿺⿱⿱丿田⿺⿰丿乚厶⿱十又,鬼
19445,19445,19445,魁,⿺⿱⿱丿田⿺⿰丿乚厶斗,鬼
19446,19446,19446,鬿,⿺⿱⿱丿田⿺⿰丿乚厶⿸𠂆⿱一丨,鬼
19447,19447,19447,魃,⿺⿱⿱丿田⿺⿰丿乚厶⿺⿸𠂇又丶,鬼
19448,19448,19448,魄,⿰白⿱⿱丿田⿺⿰丿乚厶,鬼
19449,19449,19449,魅,⿺⿱⿱丿田⿺⿰丿乚厶未,鬼
19450,19450,19450,魆,⿺⿱⿱丿田⿺⿰丿乚厶戉,鬼
19451,19451,19451,魇,⿸⿸厂犬⿱⿱丿田⿺⿰丿乚厶,鬼
19452,19452,19452,魉,⿺⿱⿱丿田⿺⿰丿乚厶⿱一&CDP-854B;,鬼
19453,19453,19453,魈,⿺⿱⿱丿田⿺⿰丿乚厶⿱⺌月,鬼
19454,19454,19454,魎,⿺⿱⿱丿田⿺⿰丿乚厶⿱一&CDP-8C62;,鬼
19455,19455,19455,魌,⿺⿱⿱丿田⿺⿰丿乚厶⿱&CDP-8B72;八,鬼
19456,19456,19456,魏,⿰⿱⿱丿木女⿱⿱丿田⿺⿰丿乚厶,鬼
19457,19457,19457,魋,⿺⿱⿱丿田⿺⿰丿乚厶隹,鬼
19458,19458,19458,魍,⿺⿱⿱丿田⿺⿰丿乚厶⿵冂⿱⿱丷一⿱⿱丶一𠃊,鬼
19459,19459,19459,魊,⿺⿱⿱丿田⿺⿰丿乚厶⿹⿻⿺⿻一乚丶丿⿱口一,鬼
19460,19460,19460,魓,⿺⿱⿱丿田⿺⿰丿乚厶⿻&CDP-87C5;一,鬼
19461,19461,19461,魑,⿺⿱⿱丿田⿺⿰丿乚厶⿱⿱⿱丶一⿶凵㐅⿻冂厶,鬼
19462,19462,19462,魐,⿺⿱⿱丿田⿺⿰丿乚厶⿱⿱丷一&CDP-8CDE;,鬼
19463,19463,19463,魔,⿸⿸广⿰木木⿱⿱丿田⿺⿰丿乚厶,鬼
19464,19464,19464,魒,⿺⿱⿱丿田⿺⿰丿乚厶⿱⿱一&CDP-86EA;示,鬼
19465,19465,19465,魖,⿺⿱⿱丿田⿺⿰丿乚厶⿸⿸⿱⺊&CDP-88E2;⿻㇀乚⿱&CDP-85F0;一,鬼
19466,19466,19466,魕,⿺⿱⿱丿田⿺⿰丿乚厶⿹&CDP-8BA4;人,鬼
19467,19467,19467,魘,⿸⿸厂⿰⿱⿵冂⿱一一月犬⿱⿱丿田⿺⿰丿乚厶,鬼
19468,19468,19468,魗,⿰⿳⿳⿱十一乛工一⿰口寸⿱⿱丿田⿺⿰丿乚厶,鬼
19469,19469,19469,魙,⿱⿰氵⿰車⿸𠂆⿱一丨⿱⿱丿田⿺⿰丿乚厶,鬼
19470,19470,19470,韭,⿱非一,韭
19471,19471,19471,韮,⿱艹⿱非一,韭
19472,19472,19472,韯,⿹⿶⿻⿺⿻一乚丶丿十⿱非一,韭
19473,19473,19473,韰,⿱⿰⿱⺊⿴𠂊丶又⿱非一,韭
19474,19474,19474,韱,⿹⿶⿻⿺⿻一乚丶丿⿰人人⿱非一,韭
19475,19475,19475,韲,⿱&CDP-8DEB;⿱非一,韭
19476,19476,19476,面,⿱⿱一丿⿴囗&CDP-89CC;,面
19477,19477,19477,靤,⿰⿱⿱一丿⿴囗&CDP-89CC;⿹勹巳,面
19478,19478,19478,靥,⿸⿸厂犬⿱⿱一丿⿴囗&CDP-89CC;,面
19479,19479,19479,靦,⿰⿱⿱一丿⿴囗&CDP-89CC;⿱目⿰丿乚,面
19480,19480,19480,靧,⿰⿱⿱一丿⿴囗&CDP-89CC;⿱⿱⿻口丨一⿱目八,面
19481,19481,19481,靨,⿸⿸厂⿰⿱⿵冂⿱一一月犬⿱⿱一丿⿴囗&CDP-89CC;,面
19482,19482,19482,首,⿱⿱丷一自,首
19483,19483,19483,馗,⿺九⿱⿱丷一自,首
19484,19484,19484,馘,⿰⿱⿱丷一自⿹⿻⿺⿻一乚丶丿⿱口一,首
19485,19485,19485,韋,⿳𫝀口㐄,韋
19486,19486,19486,韌,⿰⿳𫝀口㐄⿹⿹𠃌丿丿,韋
19487,19487,19487,韍,⿰⿳𫝀口㐄⿺⿸𠂇又丶,韋
19488,19488,19488,韎,⿰⿳𫝀口㐄末,韋
19489,19489,19489,韐,⿰⿳𫝀口㐄⿱⿱人一口,韋
19490,19490,19490,韏,⿱⿱丷⿻⿱一一人⿳𫝀口㐄,韋
19491,19491,19491,韑,⿺⿱⺌⿱一⿰丿乚⿳𫝀口㐄,韋
19492,19492,19492,韒,⿰⿳𫝀口㐄⿱⺌月,韋
19493,19493,19493,韔,⿰⿳𫝀口㐄⿳&CDP-884A;一&CDP-8CC6;,韋
19494,19494,19494,韓,⿰⿱十⿱日十⿳𫝀口㐄,韋
19495,19495,19495,韕,⿰⿳𫝀口㐄⿳⿱丶一口子,韋
19496,19496,19496,韚,⿰⿳𫝀口㐄革,韋
19497,19497,19497,韖,⿰⿳𫝀口㐄⿱⿱龴⿹⿱乛亅丿木,韋
19498,19498,19498,韘,⿰⿳𫝀口㐄⿱世木,韋
19499,19499,19499,韙,⿺⿱日⿱一龰⿳𫝀口㐄,韋
19500,19500,19500,韗,⿰⿳𫝀口㐄⿱冖車,韋
19501,19501,19501,韞,⿰⿳𫝀口㐄⿱日皿,韋
19502,19502,19502,韛,⿰⿳𫝀口㐄⿱艹⿸⿱一丿⿵冂&CDP-8BF1;,韋
19503,19503,19503,韠,⿰⿳𫝀口㐄⿻&CDP-87C5;一,韋
19504,19504,19504,韟,⿰⿳𫝀口㐄⿱白⿱⿻一人十,韋
19505,19505,19505,韝,⿰⿳𫝀口㐄⿱⿱井一冉,韋
19506,19506,19506,韜,⿰⿳𫝀口㐄⿱⿱丿𭕄臼,韋
19507,19507,19507,韡,⿰⿳𫝀口㐄⿱艹&CDP-8BF8;,韋
19508,19508,19508,韢,⿰⿳𫝀口㐄⿱&CDP-8BD0;心,韋
19509,19509,19509,韣,⿰⿳𫝀口㐄⿱罒⿹勹虫,韋
19510,19510,19510,韤,⿰⿳𫝀口㐄⿱⿱艹罒⿵戊丶,韋
19511,19511,19511,韥,⿰⿳𫝀口㐄⿱⿱十一⿱罒⿱目八,韋
19512,19512,19512,香,⿱⿱丿木日,香
19513,19513,19513,馚,⿰⿱⿱丿木日⿱八⿹𠃌丿,香
19514,19514,19514,馝,⿰⿱⿱丿木日⿻心丿,香
19515,19515,19515,馛,⿰⿱⿱丿木日⿺⿸𠂇又丶,香
19516,19516,19516,馜,⿰⿱⿱丿木日⿸尸⿺乚丿,香
19517,19517,19517,馞,⿰⿱⿱丿木日⿱⿱十冖子,香
19518,19518,19518,馠,⿰⿱⿱丿木日⿱⿱⿱人丶㇇口,香
19519,19519,19519,馟,⿰⿱⿱丿木日⿱⿱丿𭕄子,香
19520,19520,19520,馡,⿰⿱⿱丿木日非,香
19521,19521,19521,馢,⿰⿱⿱丿木日⿱⿻⿺⿻一乚丶丿⿻⿺⿻一乚丶丿,香
19522,19522,19522,馧,⿰⿱⿱丿木日⿱⿴囗人皿,香
19523,19523,19523,馣,⿰⿱⿱丿木日⿱⿻一人⿻日乚,香
19524,19524,19524,馥,⿰⿱⿱丿木日⿳𠂉日夂,香
19525,19525,19525,馤,⿰⿱⿱丿木日⿱日⿹勹⿺𠃊人,香
19526,19526,19526,馦,⿰⿱⿱丿木日⿱⿱丷一&CDP-8CDE;,香
19527,19527,19527,馨,⿱⿰⿱⿱十一𠃜⿱𠘧又⿱⿱丿木日,香
19528,19528,19528,馩,⿰⿱⿱丿木日⿱⿱十⿻一&CDP-8BF5;⿱目八,香
19529,19529,19529,馪,⿰⿱⿱丿木日⿱&CDP-8D74;⿱目八,香
19530,19530,19530,馫,⿱⿱⿱丿木日⿰⿱⿱丿木日⿱⿱丿木日,香
19531,19531,19531,頁,頁,頁
19532,19532,19532,頂,⿰⿱一亅頁,頁
19533,19533,19533,頄,⿰九頁,頁
19534,19534,19534,頃,⿰⿺乚丿頁,頁
19535,19535,19535,頇,⿰干頁,頁
19536,19536,19536,順,⿰川頁,頁
19537,19537,19537,項,⿰工頁,頁
19538,19538,19538,須,⿰彡頁,頁
19539,19539,19539,頒,⿰⿱八⿹𠃌丿頁,頁
19540,19540,19540,頓,⿰⿻丿⿻凵乚頁,頁
19541,19541,19541,頏,⿰⿱⿱丶一几頁,頁
19542,19542,19542,頕,⿰⿱⺊口頁,頁
19543,19543,19543,頍,⿰⿱十又頁,頁
19544,19544,19544,頎,⿰⿸𠂆⿱一丨頁,頁
19545,19545,19545,頌,⿰⿱八厶頁,頁
19546,19546,19546,頑,⿰⿱一⿱一⿰丿乚頁,頁
19547,19547,19547,頊,⿰⿱一⿱十一頁,頁
19548,19548,19548,頉,⿰止頁,頁
19549,19549,19549,預,⿰⿱龴⿱乛亅頁,頁
19550,19550,19550,頋,⿰⿸厂㔾頁,頁
19551,19551,19551,頙,⿰⿱一止頁,頁
19552,19552,19552,頔,⿰由頁,頁
19553,19553,19553,頚,⿰⿱又⿱十一頁,頁
19554,19554,19554,領,⿰⿱⿱人丶龴頁,頁
19555,19555,19555,頖,⿰⿱丷&CDP-8BF1;頁,頁
19556,19556,19556,頗,⿰皮頁,頁
19557,19557,19557,頧,⿰⿱丿㠯頁,頁
19558,19558,19558,頫,⿰兆頁,頁
19559,19559,19559,頜,⿰⿱⿱人一口頁,頁
19560,19560,19560,頬,⿰⿻⿻⿱一一人丷頁,頁
19561,19561,19561,頡,⿰⿱⿱十一口頁,頁
19562,19562,19562,頢,⿰⿱⿱丿十口頁,頁
19563,19563,19563,頦,⿰⿳⿱丶一⿰𠃋丿人頁,頁
19564,19564,19564,頛,⿰⿻一未頁,頁
19565,19565,19565,頪,⿰米頁,頁
19566,19566,19566,頩,⿰⿱丷⿱一⿻一&CDP-8BF5;頁,頁
19567,19567,19567,頝,⿰⿱⿱丶一⿱八⿻丿乀頁,頁
19568,19568,19568,頣,⿰臣頁,頁
19569,19569,19569,頲,⿰⿺廴⿱丿⿱十一頁,頁
19570,19570,19570,頠,⿰⿸⿱𠂊厂㔾頁,頁
19571,19571,19571,頨,⿰⿰⿹𠃌冫⿹𠃌冫頁,頁
19572,19572,19572,頞,⿰⿱宀女頁,頁
19573,19573,19573,頟,⿰⿱夂口頁,頁
19574,19574,19574,頻,⿰⿱止𣥂頁,頁
19575,19575,19575,頳,⿰⿱⿱十一&CDP-8CB5;頁,頁
19576,19576,19576,頮,⿰⿱⿲㇇亅&CDP-85BF;⿻一&CDP-8BF5;頁,頁
19577,19577,19577,頷,⿰⿱⿱⿱人丶㇇口頁,頁
19578,19578,19578,頶,⿰⿱⿰丿土口頁,頁
19579,19579,19579,頰,⿰⿻⿻一人⿰人人頁,頁
19580,19580,19580,頵,⿰⿸⿻&CDP-8BAB;丿口頁,頁
19581,19581,19581,頸,⿰⿳一⿲𡿨𡿨𡿨工頁,頁
19582,19582,19582,頯,⿰⿱&CDP-8B5E;⿻一&CDP-8BF5;頁,頁
19583,19583,19583,頱,⿰⿱⿱丿𭕄寸頁,頁
19584,19584,19584,頼,⿰束頁,頁
19585,19585,19585,頹,⿰⿱⿱丿木⿰丿乚頁,頁
19586,19586,19586,頺,⿰⿱⿱丿木⿹𠄎丿頁,頁
19587,19587,19587,頽,⿰⿱⿱丿木几頁,頁
19588,19588,19588,頭,⿰豆頁,頁
19589,19589,19589,頤,⿰𦣞頁,頁
19590,19590,19590,頥,⿲丨臣頁,頁
19591,19591,19591,頴,⿰⿱⿺乚丿示頁,頁
19592,19592,19592,顀,⿰隹頁,頁
19593,19593,19593,顇,⿰⿱⿱⿱丶一⿰人人十頁,頁
19594,19594,19594,顁,⿰⿱宀⿱一龰頁,頁
19595,19595,19595,顄,⿰⿶凵⿻⿱乛亅&CDP-89AE;頁,頁
19596,19596,19596,顈,⿰⿱⿺乚丿⿱⿰&CDP-895C;丶小頁,頁
19597,19597,19597,顆,⿰⿻日木頁,頁
19598,19598,19598,顂,⿰⿻木⿰人人頁,頁
19599,19599,19599,顅,⿰⿸⿱丶尸月頁,頁
19600,19600,19600,顉,⿰⿱人&CDP-8DE3;頁,頁
19601,19601,19601,顑,⿰⿵⿵戊一口頁,頁
19602,19602,19602,顃,⿰⿱⿱八人⿱八人頁,頁
19603,19603,19603,顊,⿰⿱⿱丿㠯十頁,頁
19604,19604,19604,顝,⿰⿱&CDP-89A9;月頁,頁
19605,19605,19605,顋,⿰⿱田心頁,頁
19606,19606,19606,題,⿺⿱日⿱一龰頁,頁
19607,19607,19607,顐,⿰⿱冖車頁,頁
19608,19608,19608,顕,⿰⿱日⿱&CDP-85F0;一頁,頁
19609,19609,19609,顏,⿰⿱⿱⿱丶一⿻丿乀&CDP-8D5A;頁,頁
19610,19610,19610,顔,⿰⿸⿱&CDP-8BAE;厂彡頁,頁
19611,19611,19611,顒,⿰禺頁,頁
19612,19612,19612,顓,⿰⿱山⿱一⿱丿⿵冂⿰丨丨頁,頁
19613,19613,19613,頾,⿱⿰彡頁⿰止⿺乚丿,頁
19614,19614,19614,頿,⿰⿱彡⿰止⿺乚丿頁,頁
19615,19615,19615,顎,⿰⿱⿰口口⿱一⿱一㇉頁,頁
19616,19616,19616,額,⿰⿱宀⿱夂口頁,頁
19617,19617,19617,顚,⿰⿳⿺乚丿⿺𠃊目八頁,頁
19618,19618,19618,顛,⿰⿱十⿱&CDP-8BA5;八頁,頁
19619,19619,19619,顜,⿰⿱⿱井一冉頁,頁
19620,19620,19620,類,⿰⿱米犬頁,頁
19621,19621,19621,顙,⿰⿱⿱又⿰又又木頁,頁
19622,19622,19622,顖,⿰⿱⿴⿱丿囗㐅心頁,頁
19623,19623,19623,願,⿰⿸厂&CDP-8BC4;頁,頁
19624,19624,19624,顗,⿰⿱山豆頁,頁
19625,19625,19625,顣,⿰⿵戊⿱⿱⺊一小頁,頁
19626,19626,19626,顟,⿰⿱⿰⿹𠃌冫⿹𠃌冫⿱人彡頁,頁
19627,19627,19627,顢,⿰⿱廿&CDP-8C62;頁,頁
19628,19628,19628,顠,⿰⿱⿱一&CDP-86EA;示頁,頁
19629,19629,19629,顡,⿰⿱⿱&CDP-8BAE;一𧰨頁,頁
19630,19630,19630,顧,⿰⿸⿱丶尸隹頁,頁
19631,19631,19631,顥,⿰⿱日⿳⿱丶一口小頁,頁
19632,19632,19632,顦,⿰⿱隹灬頁,頁
19633,19633,19633,顨,⿱⿰頁頁⿱一&CDP-8BF5;,頁
19634,19634,19634,顤,⿰⿱⿱⿱十一⿰⿱十一⿱十一⿱一⿰丿乚頁,頁
19635,19635,19635,顫,⿰⿱⿱⿱丶一⿴囗口⿱日一頁,頁
19636,19636,19636,顪,⿰⿱止&CDP-8CB3;頁,頁
19637,19637,19637,顭,⿰⿳⿱艹罒冖⿴𠂊丶頁,頁
19638,19638,19638,顩,⿰⿳⿱人一⿰口口⿰人人頁,頁
19639,19639,19639,顮,⿰⿱&CDP-8D74;⿱目八頁,頁
19640,19640,19640,顬,⿰⿱⿱一⿻冂&CDP-8C41;⿱一⿱丿⿵冂⿰丨丨頁,頁
19641,19641,19641,顯,⿰⿱日⿱⿰⿰&CDP-895C;丶⿰&CDP-895C;丶灬頁,頁
19642,19642,19642,顰,⿱⿰⿱止𣥂頁⿱&CDP-89BE;十,頁
19643,19643,19643,顱,⿰⿸⿸⿱⺊&CDP-88E2;⿻㇀乚&CDP-8CF4;頁,頁
19644,19644,19644,顲,⿰⿱⿱⿱八人⿱八人⿱⿱丶一⿴囗口頁,頁
19645,19645,19645,顴,⿰⿱艹⿱⿰口口隹頁,頁
19646,19646,19646,顳,⿰⿱耳⿰耳耳頁,頁
19647,19647,19647,音,⿱⿱&CDP-8BAE;一日,音
19648,19648,19648,韵,⿰⿱⿱&CDP-8BAE;一日⿹勹冫,音
19649,19649,19649,韴,⿰⿱⿱&CDP-8BAE;一日⿱一巾,音
19650,19650,19650,韷,⿰⿱⿱&CDP-8BAE;一日⿱⿻凵丨凵,音
19651,19651,19651,韶,⿰⿱⿱&CDP-8BAE;一日⿱⿹𠃌丿口,音
19652,19652,19652,韸,⿰⿱⿱&CDP-8BAE;一日⿱夂⿻⿱一⿱一一丨,音
19653,19653,19653,韺,⿰⿱⿱&CDP-8BAE;一日⿱艹央,音
19654,19654,19654,韹,⿰⿱⿱&CDP-8BAE;一日⿱白⿱一⿱十一,音
19655,19655,19655,韼,⿰⿱⿱&CDP-8BAE;一日⿺辶⿱夂⿻⿱一⿱一一丨,音
19656,19656,19656,韻,⿰⿱⿱&CDP-8BAE;一日⿱口⿱目八,音
19657,19657,19657,響,⿱⿰乡⿰&CDP-8C42;阝⿱⿱&CDP-8BAE;一日,音
19658,19658,19658,韾,⿱⿰⿱⿱十一𠃜⿱𠘧又⿱⿱&CDP-8BAE;一日,音
19659,19659,19659,韽,⿰⿱⿱⿱人丶㇇酉⿱⿱&CDP-8BAE;一日,音
19660,19660,19660,頀,⿰⿱⿱&CDP-8BAE;一日⿱艹⿱隹又,音
19661,19661,19661,髟,⿰⿱&CDP-884A;⿱一厶彡,髟
19662,19662,19662,髠,⿱⿰⿱&CDP-884A;⿱一厶彡几,髟
19663,19663,19663,髢,⿱⿰⿱&CDP-884A;⿱一厶彡也,髟
19664,19664,19664,髡,⿱⿰⿱&CDP-884A;⿱一厶彡⿱一⿰丿乚,髟
19665,19665,19665,髩,⿱⿰⿱&CDP-884A;⿱一厶彡丏,髟
19666,19666,19666,髧,⿱⿰⿱&CDP-884A;⿱一厶彡冘,髟
19667,19667,19667,髪,⿱⿰⿱&CDP-884A;⿱一厶彡⿸𠂇又,髟
19668,19668,19668,髣,⿱⿰⿱&CDP-884A;⿱一厶彡⿱⿱丶一&CDP-8B6C;,髟
19669,19669,19669,髨,⿱⿰⿱&CDP-884A;⿱一厶彡⿱一⿱一⿰丿乚,髟
19670,19670,19670,髰,⿱⿰⿱&CDP-884A;⿱一厶彡世,髟
19671,19671,19671,髦,⿱⿰⿱&CDP-884A;⿱一厶彡⿱丿&CDP-8A43;,髟
19672,19672,19672,髥,⿱⿰⿱&CDP-884A;⿱一厶彡⿻冂⿱一一,髟
19673,19673,19673,髤,⿱⿰⿱&CDP-884A;⿱一厶彡木,髟
19674,19674,19674,髱,⿱⿰⿱&CDP-884A;⿱一厶彡⿹勹巳,髟
19675,19675,19675,髲,⿱⿰⿱&CDP-884A;⿱一厶彡皮,髟
19676,19676,19676,髮,⿱⿰⿱&CDP-884A;⿱一厶彡⿺⿸𠂇又丶,髟
19677,19677,19677,髴,⿱⿰⿱&CDP-884A;⿱一厶彡⿻弓&CDP-8BF5;,髟
19678,19678,19678,髳,⿱⿰⿱&CDP-884A;⿱一厶彡⿱龴⿹⿱乛亅丿,髟
19679,19679,19679,髬,⿱⿰⿱&CDP-884A;⿱一厶彡⿱⿱一&CDP-8665;一,髟
19680,19680,19680,髯,⿱⿰⿱&CDP-884A;⿱一厶彡冉,髟
19681,19681,19681,髫,⿱⿰⿱&CDP-884A;⿱一厶彡⿱⿹𠃌丿口,髟
19682,19682,19682,髻,⿱⿰⿱&CDP-884A;⿱一厶彡⿱⿱十一口,髟
19683,19683,19683,髸,⿱⿰⿱&CDP-884A;⿱一厶彡⿱⿱⿻十丨一八,髟
19684,19684,19684,髺,⿱⿰⿱&CDP-884A;⿱一厶彡⿱⿱丿十口,髟
19685,19685,19685,髷,⿱⿰⿱&CDP-884A;⿱一厶彡曲,髟
19686,19686,19686,髹,⿱⿰⿱&CDP-884A;⿱一厶彡⿰亻木,髟
19687,19687,19687,鬇,⿱⿰⿱&CDP-884A;⿱一厶彡⿱𠂊&CDP-8BFE;,髟
19688,19688,19688,髭,⿱⿰⿱&CDP-884A;⿱一厶彡⿰止⿺乚丿,髟
19689,19689,19689,髶,⿱⿰⿱&CDP-884A;⿱一厶彡耳,髟
19690,19690,19690,髵,⿱⿰⿱&CDP-884A;⿱一厶彡⿱一⿱丿⿵冂⿰丨丨,髟
19691,19691,19691,鬂,⿱⿰⿱&CDP-884A;⿱一厶彡⿱丘八,髟
19692,19692,19692,鬁,⿱⿰⿱&CDP-884A;⿱一厶彡⿰⿱丿木刂,髟
19693,19693,19693,髼,⿱⿰⿱&CDP-884A;⿱一厶彡⿱夂⿻⿱一⿱一一丨,髟
19694,19694,19694,髿,⿱⿰⿱&CDP-884A;⿱一厶彡⿰氵⿱小丿,髟
19695,19695,19695,髾,⿱⿰⿱&CDP-884A;⿱一厶彡⿱⺌月,髟
19696,19696,19696,鬀,⿱⿰⿱&CDP-884A;⿱一厶彡⿱丷⿹⿻弓丨丿,髟
19697,19697,19697,髽,⿱⿰⿱&CDP-884A;⿱一厶彡⿻⿱十一⿰人人,髟
19698,19698,19698,鬅,⿱⿰⿱&CDP-884A;⿱一厶彡⿰月月,髟
19699,19699,19699,鬈,⿱⿰⿱&CDP-884A;⿱一厶彡⿱⿱丷⿻⿱一一人㔾,髟
19700,19700,19700,鬆,⿱⿰⿱&CDP-884A;⿱一厶彡⿰木⿱八厶,髟
19701,19701,19701,鬄,⿱⿰⿱&CDP-884A;⿱一厶彡⿱日⿹勹&CDP-89A6;,髟
19702,19702,19702,鬃,⿱⿰⿱&CDP-884A;⿱一厶彡⿱宀示,髟
19703,19703,19703,鬌,⿱⿰⿱&CDP-884A;⿱一厶彡&CDP-8CA9;,髟
19704,19704,19704,鬍,⿱⿰⿱&CDP-884A;⿱一厶彡⿰⿱十口月,髟
19705,19705,19705,鬏,⿱⿰⿱&CDP-884A;⿱一厶彡⿰⿱丿木⿱八人,髟
19706,19706,19706,鬋,⿱⿰⿱&CDP-884A;⿱一厶彡⿱⿱丷一⿰月刂,髟
19707,19707,19707,鬎,⿱⿰⿱&CDP-884A;⿱一厶彡⿰束刂,髟
19708,19708,19708,鬊,⿱⿰⿱&CDP-884A;⿱一厶彡⿱⿻⿱一⿱一一人日,髟
19709,19709,19709,鬉,⿱⿰⿱&CDP-884A;⿱一厶彡⿳⿶凵㐅八夂,髟
19710,19710,19710,鬓,⿱⿰⿱&CDP-884A;⿱一厶彡⿱宀⿱丘八,髟
19711,19711,19711,鬛,⿳⿰⿱&CDP-884A;⿱一厶彡⿴囗㐅&CDP-8D46;,髟
19712,19712,19712,鬑,⿱⿰⿱&CDP-884A;⿱一厶彡⿱⿱丷一&CDP-8CDE;,髟
19713,19713,19713,鬕,⿱⿰⿱&CDP-884A;⿱一厶彡⿱艹⿱日⿻一人,髟
19714,19714,19714,鬔,⿱⿰⿱&CDP-884A;⿱一厶彡⿺辶⿱夂⿻⿱一⿱一一丨,髟
19715,19715,19715,鬐,⿱⿰⿱&CDP-884A;⿱一厶彡⿱⿸耂⿺乚丿日,髟
19716,19716,19716,鬒,⿱⿰⿱&CDP-884A;⿱一厶彡⿱十⿱&CDP-8BA5;八,髟
19717,19717,19717,鬗,⿱⿰⿱&CDP-884A;⿱一厶彡⿱廿&CDP-8C62;,髟
19718,19718,19718,鬘,⿱⿰⿱&CDP-884A;⿱一厶彡⿳日罒又,髟
19719,19719,19719,鬖,⿱⿰⿱&CDP-884A;⿱一厶彡⿱⿱⿱厶⿰厶厶人彡,髟
19720,19720,19720,鬜,⿱⿰⿱&CDP-884A;⿱一厶彡⿵⿰𠁣𠃛月,髟
19721,19721,19721,鬝,⿱⿰⿱&CDP-884A;⿱一厶彡⿵⿰𠁣𠃛日,髟
19722,19722,19722,鬙,⿱⿰⿱&CDP-884A;⿱一厶彡⿱丷⿱&CDP-8B62;日,髟
19723,19723,19723,鬚,⿱⿰⿱&CDP-884A;⿱一厶彡⿰彡頁,髟
19724,19724,19724,鬟,⿱⿰⿱&CDP-884A;⿱一厶彡⿳罒⿱一口𧘇,髟
19725,19725,19725,鬠,⿱⿰⿱&CDP-884A;⿱一厶彡⿱⿱人一⿱&CDP-8B62;日,髟
19726,19726,19726,鬞,⿱⿰⿱&CDP-884A;⿱一厶彡⿱曲⿸厂⿱⿱一一&CDP-8CC6;,髟
19727,19727,19727,鬢,⿱⿰⿱&CDP-884A;⿱一厶彡⿱&CDP-8D74;⿱目八,髟
19728,19728,19728,鬡,⿱⿰⿱&CDP-884A;⿱一厶彡⿱⿱宀⿱心皿⿱一亅,髟
19729,19729,19729,鬣,⿱⿰⿱&CDP-884A;⿱一厶彡⿳⿲𡿨𡿨𡿨⿴囗㐅&CDP-8D46;,髟
19730,19730,19730,鬤,⿱⿰⿱&CDP-884A;⿱一厶彡⿳⿱丶一&CDP-8CA3;𧘇,髟
19731,19731,19731,鬯,⿱⿶凵⿻㐅⿳丶⿰丶丶丶⿺乚丿,鬯
19732,19732,19732,鬰,⿳⿲木⿱㐅⿻丿乀木冖⿰⿱⿶凵⿻㐅⿳丶⿰丶丶丶⿺乚丿彡,鬯
19733,19733,19733,鬱,⿳⿲木缶木冖⿰⿱⿶凵⿻㐅⿳丶⿰丶丶丶⿺乚丿彡,鬯
19734,19734,19734,鬥,⿰𩰋𩰊,鬥
19735,19735,19735,鬦,⿵⿰𩰋𩰊斗,鬥
19736,19736,19736,鬧,⿵⿰𩰋𩰊⿱⿱丶一巾,鬥
19737,19737,19737,鬨,⿵⿰𩰋𩰊⿱⿱⿻十丨一八,鬥
19738,19738,19738,鬩,⿵⿰𩰋𩰊⿱臼⿰丿乚,鬥
19739,19739,19739,鬪,⿵⿰𩰋𩰊⿰豆寸,鬥
19740,19740,19740,鬫,⿵⿰𩰋𩰊⿰⿱乛耳攵,鬥
19741,19741,19741,鬬,⿵⿰𩰋𩰊⿰𠁁⿸𠂆⿱一丨,鬥
19742,19742,19742,鬭,⿵⿰𩰋𩰊⿰𠁁⿸𠂆⿱一丨,鬥
19743,19743,19743,鬮,⿵⿰𩰋𩰊龜,鬥
19744,19744,19744,高,⿳⿱丶一口⿵冂口,高
19745,19745,19745,髙,⿳⿱丶一&CDP-89CC;⿵冂口,高
19746,19746,19746,髚,⿰⿳⿱丶一口⿵冂口⿱⿱丶一几,高
19747,19747,19747,髛,⿰⿳⿱丶一口⿵冂口⿸尸九,高
19748,19748,19748,髜,⿰⿳⿱丶一口⿵冂口⿱日⿱丿⿻一&CDP-8BF5;,高
19749,19749,19749,髝,⿰⿳⿱丶一口⿵冂口⿱⿱⿰⿱八人⿱八人冖⿻丿𠃌,高
19750,19750,19750,髞,⿰⿳⿱丶一口⿵冂口⿱⿱口⿰口口木,高
19751,19751,19751,鬲,⿳一口⿵⿵冂⿰丿乚⿱一丨,鬲
19752,19752,19752,鬳,⿸⿸⿱⺊&CDP-88E2;⿻㇀乚⿳一口⿵⿵冂⿰丿乚⿱一丨,鬲
19753,19753,19753,鬴,⿰⿳一口⿵⿵冂⿰丿乚⿱一丨⿺&CDP-86B7;丶,鬲
19754,19754,19754,鬶,⿱⿰⿻⿱一一人见⿳一口⿵⿵冂⿰丿乚⿱一丨,鬲
19755,19755,19755,鬵,⿱⿰旡旡⿳一口⿵⿵冂⿰丿乚⿱一丨,鬲
19756,19756,19756,鬷,⿰⿳一口⿵⿵冂⿰丿乚⿱一丨⿳⿶凵㐅八夂,鬲
19757,19757,19757,鬸,⿰⿳一口⿵⿵冂⿰丿乚⿱一丨⿱&CDP-8C69;田,鬲
19758,19758,19758,鬹,⿱⿰⿻⿱一一人⿱目⿰丿乚⿳一口⿵⿵冂⿰丿乚⿱一丨,鬲
19759,19759,19759,鬺,⿰⿳一口⿵⿵冂⿰丿乚⿱一丨⿱𠂉⿱⿱日一⿹勹&CDP-89A6;,鬲
19760,19760,19760,鬻,⿱⿲弓米弓⿳一口⿵⿵冂⿰丿乚⿱一丨,鬲
19761,19761,19761,馬,⿹&CDP-896A;灬,馬
19762,19762,19762,馮,⿰冫⿹&CDP-896A;灬,馬
19763,19763,19763,馭,⿰⿹&CDP-896A;灬又,馬
19764,19764,19764,馳,⿰⿹&CDP-896A;灬也,馬
19765,19765,19765,馰,⿰⿹&CDP-896A;灬⿹勹丶,馬
19766,19766,19766,馯,⿰⿹&CDP-896A;灬干,馬
19767,19767,19767,馱,⿰⿹&CDP-896A;灬⿻一人,馬
19768,19768,19768,馺,⿰⿹&CDP-896A;灬及,馬
19769,19769,19769,馲,⿰⿹&CDP-896A;灬⿱丿⿻㇀乚,馬
19770,19770,19770,馴,⿰⿹&CDP-896A;灬川,馬
19771,19771,19771,馵,⿱⿹&CDP-896A;灬⿻一&CDP-8BF5;,馬
19772,19772,19772,駁,⿰⿹&CDP-896A;灬⿱㐅⿻丿乀,馬
19773,19773,19773,駂,⿰⿱⿺乚丿十⿹&CDP-896A;灬,馬
19774,19774,19774,馾,⿰⿹&CDP-896A;灬冘,馬
19775,19775,19775,駃,⿰⿹&CDP-896A;灬⿻𠃍⿻一人,馬
19776,19776,19776,駏,⿰⿹&CDP-896A;灬巨,馬
19777,19777,19777,馿,⿰⿹&CDP-896A;灬⿱丶尸,馬
19778,19778,19778,馷,⿰⿹&CDP-896A;灬⿻一巾,馬
19779,19779,19779,駆,⿰⿹&CDP-896A;灬⿷匚㐅,馬
19780,19780,19780,馹,⿰⿹&CDP-896A;灬日,馬
19781,19781,19781,駄,⿰⿹&CDP-896A;灬⿵⿻一人丶,馬
19782,19782,19782,駇,⿰⿹&CDP-896A;灬攵,馬
19783,19783,19783,馼,⿰⿹&CDP-896A;灬⿱⿱丶一⿻丿乀,馬
19784,19784,19784,馸,⿰⿹&CDP-896A;灬⿸𠂆⿱一丨,馬
19785,19785,19785,駅,⿰⿹&CDP-896A;灬尺,馬
19786,19786,19786,駀,⿰⿹&CDP-896A;灬⿺尢丶,馬
19787,19787,19787,馻,⿰⿹&CDP-896A;灬⿱厶⿰丿乚,馬
19788,19788,19788,馽,⿱⿹&CDP-896A;灬⿻口丨,馬
19789,19789,19789,馶,⿰⿹&CDP-896A;灬⿱十又,馬
19790,19790,19790,駜,⿰⿹&CDP-896A;灬⿻心丿,馬
19791,19791,19791,駙,⿰⿹&CDP-896A;灬⿰亻寸,馬
19792,19792,19792,駕,⿱⿰⿻丿𠃌口⿹&CDP-896A;灬,馬
19793,19793,19793,駉,⿰⿹&CDP-896A;灬⿵冂口,馬
19794,19794,19794,駒,⿰⿹&CDP-896A;灬⿹勹口,馬
19795,19795,19795,駠,⿰⿹&CDP-896A;灬⿰𠂎卩,馬
19796,19796,19796,駖,⿰⿹&CDP-896A;灬⿱⿱人丶龴,馬
19797,19797,19797,駑,⿱⿰女又⿹&CDP-896A;灬,馬
19798,19798,19798,駍,⿰⿹&CDP-896A;灬⿻干丷,馬
19799,19799,19799,駓,⿰⿹&CDP-896A;灬⿱⿱一&CDP-8665;一,馬
19800,19800,19800,駊,⿰⿹&CDP-896A;灬皮,馬
19801,19801,19801,駈,⿰⿹&CDP-896A;灬丘,馬
19802,19802,19802,駛,⿰⿹&CDP-896A;灬史,馬
19803,19803,19803,駟,⿰⿹&CDP-896A;灬⿴囗⿰丿乚,馬
19804,19804,19804,駝,⿰⿹&CDP-896A;灬⿱宀⿺乚丿,馬
19805,19805,19805,駞,⿰⿹&CDP-896A;灬⿱𠂉也,馬
19806,19806,19806,駘,⿰⿹&CDP-896A;灬⿱厶口,馬
19807,19807,19807,駌,⿱⿰⿴𠂊丶㔾⿹&CDP-896A;灬,馬
19808,19808,19808,駚,⿰⿹&CDP-896A;灬央,馬
19809,19809,19809,駎,⿰⿹&CDP-896A;灬由,馬
19810,19810,19810,駐,⿰⿹&CDP-896A;灬⿱⿱丶一⿱十一,馬
19811,19811,19811,駋,⿰⿹&CDP-896A;灬⿱⿹𠃌丿口,馬
19812,19812,19812,駗,⿰⿹&CDP-896A;灬⿱人彡,馬
19813,19813,19813,駔,⿰⿹&CDP-896A;灬且,馬
19814,19814,19814,駮,⿰⿹&CDP-896A;灬⿱⿱丶一⿱八⿻丿乀,馬
19815,19815,19815,駳,⿰⿹&CDP-896A;灬⿺廴⿱丿&CDP-8960;,馬
19816,19816,19816,駧,⿰⿹&CDP-896A;灬⿵⿵冂一口,馬
19817,19817,19817,駭,⿰⿹&CDP-896A;灬⿳⿱丶一⿰𠃋丿人,馬
19818,19818,19818,駫,⿰⿹&CDP-896A;灬⿱⺌⿱一⿰丿乚,馬
19819,19819,19819,駱,⿰⿹&CDP-896A;灬⿱夂口,馬
19820,19820,19820,駡,⿱⿰口口⿹&CDP-896A;灬,馬
19821,19821,19821,駢,⿰⿹&CDP-896A;灬⿱丷⿱一⿻一&CDP-8BF5;,馬
19822,19822,19822,駩,⿰⿹&CDP-896A;灬⿱人⿱一⿱十一,馬
19823,19823,19823,駥,⿰⿹&CDP-896A;灬⿹⿻⿺⿻一乚丶丿𠂇,馬
19824,19824,19824,駪,⿰⿹&CDP-896A;灬⿱⿰丿土⿰丿乚,馬
19825,19825,19825,駣,⿰⿹&CDP-896A;灬兆,馬
19826,19826,19826,駦,⿱⿱丷⿻⿱一一人⿹&CDP-896A;灬,馬
19827,19827,19827,駨,⿰⿹&CDP-896A;灬⿹勹日,馬
19828,19828,19828,駰,⿰⿹&CDP-896A;灬⿴囗⿻一人,馬
19829,19829,19829,駲,⿰⿹&CDP-896A;灬州,馬
19830,19830,19830,駤,⿰⿹&CDP-896A;灬⿱⿱一厶⿱十一,馬
19831,19831,19831,駯,⿰⿹&CDP-896A;灬朱,馬
19832,19832,19832,駬,⿰⿹&CDP-896A;灬耳,馬
19833,19833,19833,騁,⿰⿹&CDP-896A;灬⿱由⿱一㇉,馬
19834,19834,19834,駴,⿰⿹&CDP-896A;灬⿹⿻⿺⿻一乚丶丿⿻一&CDP-8BF5;,馬
19835,19835,19835,駻,⿰⿹&CDP-896A;灬⿱日干,馬
19836,19836,19836,駿,⿰⿹&CDP-896A;灬⿳厶八夂,馬
19837,19837,19837,駶,⿰⿹&CDP-896A;灬⿸尸⿹𠃌口,馬
19838,19838,19838,駺,⿰⿹&CDP-896A;灬⿱丶艮,馬
19839,19839,19839,駵,⿰⿹&CDP-896A;灬丣,馬
19840,19840,19840,駹,⿰⿹&CDP-896A;灬⿷⿺尢丶彡,馬
19841,19841,19841,駸,⿰⿹&CDP-896A;灬⿳&CDP-8BAB;冖又,馬
19842,19842,19842,騉,⿰⿹&CDP-896A;灬⿱日比,馬
19843,19843,19843,駷,⿰⿹&CDP-896A;灬束,馬
19844,19844,19844,駾,⿰⿹&CDP-896A;灬⿱丷⿱口⿰丿乚,馬
19845,19845,19845,駼,⿰⿹&CDP-896A;灬⿱⿱人一朩,馬
19846,19846,19846,駽,⿰⿹&CDP-896A;灬⿱口月,馬
19847,19847,19847,騂,⿰⿹&CDP-896A;灬⿱⿱&CDP-8BAE;一十,馬
19848,19848,19848,騃,⿰⿹&CDP-896A;灬⿱厶⿱𠂉⿻一人,馬
19849,19849,19849,騀,⿰⿹&CDP-896A;灬我,馬
19850,19850,19850,騑,⿰⿹&CDP-896A;灬非,馬
19851,19851,19851,騧,⿰⿹&CDP-896A;灬⿵⿱⿵冂𠃍冂口,馬
19852,19852,19852,騍,⿰⿹&CDP-896A;灬⿻日木,馬
19853,19853,19853,騋,⿰⿹&CDP-896A;灬⿻木⿰人人,馬
19854,19854,19854,騄,⿰⿹&CDP-896A;灬⿱彐⿻亅&CDP-89AE;,馬
19855,19855,19855,騈,⿰⿹&CDP-896A;灬⿰⿱丿干⿱丿干,馬
19856,19856,19856,騝,⿰⿹&CDP-896A;灬⿺廴⿻⿻&CDP-8BAB;丨⿱一一,馬
19857,19857,19857,騎,⿰⿹&CDP-896A;灬⿱⿻一人⿹⿱一亅口,馬
19858,19858,19858,騏,⿰⿹&CDP-896A;灬⿱&CDP-8B72;八,馬
19859,19859,19859,騇,⿰⿹&CDP-896A;灬⿱人⿱⿱丿十口,馬
19860,19860,19860,騒,⿰⿹&CDP-896A;灬⿱又虫,馬
19861,19861,19861,騊,⿰⿹&CDP-896A;灬⿹勹缶,馬
19862,19862,19862,騐,⿰⿹&CDP-896A;灬⿱⿱⿱人丶㇇心,馬
19863,19863,19863,験,⿰⿹&CDP-896A;灬⿱⿱人一&CDP-89F4;,馬
19864,19864,19864,騅,⿰⿹&CDP-896A;灬隹,馬
19865,19865,19865,騆,⿰⿹&CDP-896A;灬⿵⺆⿱⿱十一口,馬
19866,19866,19866,騌,⿰⿹&CDP-896A;灬⿱宀示,馬
19867,19867,19867,騘,⿰⿹&CDP-896A;灬⿱⿻⿹勹&CDP-89A6;丶心,馬
19868,19868,19868,騲,⿰⿹&CDP-896A;灬⿱艹⿱日十,馬
19869,19869,19869,騛,⿰⿹&CDP-896A;灬飛,馬
19870,19870,19870,騩,⿰⿹&CDP-896A;灬⿱⿱丿田⿺⿰丿乚厶,馬
19871,19871,19871,騔,⿰⿹&CDP-896A;灬⿱日⿹勹⿺𠃊人,馬
19872,19872,19872,騜,⿰⿹&CDP-896A;灬⿱白⿱一⿱十一,馬
19873,19873,19873,騞,⿰⿹&CDP-896A;灬⿱⿻⿱一⿱一一丨⿸⿱一丿口,馬
19874,19874,19874,騬,⿰⿹&CDP-896A;灬⿻⿱丿木⿰&CDP-8BC5;⿺乚丿,馬
19875,19875,19875,騤,⿰⿹&CDP-896A;灬⿱⿰&CDP-88D3;&CDP-88D5;⿱一⿻一人,馬
19876,19876,19876,騗,⿰⿸⿱丶尸⿵冂⿻十丨⿹&CDP-896A;灬,馬
19877,19877,19877,騙,⿰⿹&CDP-896A;灬⿸⿱丶尸⿵冂⿻十丨,馬
19878,19878,19878,騚,⿰⿹&CDP-896A;灬⿱⿱丷一⿰月刂,馬
19879,19879,19879,騡,⿰⿹&CDP-896A;灬⿱白⿲㇇亅&CDP-85BF;,馬
19880,19880,19880,騥,⿰⿹&CDP-896A;灬⿱⿱龴⿹⿱乛亅丿木,馬
19881,19881,19881,騷,⿰⿹&CDP-896A;灬⿱⿴又丶虫,馬
19882,19882,19882,騦,⿰⿹&CDP-896A;灬⿱田心,馬
19883,19883,19883,騪,⿰⿹&CDP-896A;灬⿱&CDP-884F;又,馬
19884,19884,19884,騨,⿰⿹&CDP-896A;灬⿱𭕄&CDP-8BD9;,馬
19885,19885,19885,騠,⿰⿹&CDP-896A;灬⿱日⿱一龰,馬
19886,19886,19886,騖,⿱⿰⿱龴⿹⿱乛亅丿攵⿹&CDP-896A;灬,馬
19887,19887,19887,騢,⿰⿹&CDP-896A;灬⿰&CDP-8C7A;&CDP-8C79;,馬
19888,19888,19888,騟,⿰⿹&CDP-896A;灬⿱⿱人一⿰月刂,馬
19889,19889,19889,騕,⿰⿹&CDP-896A;灬⿱⿱一&CDP-86EA;女,馬
19890,19890,19890,騭,⿱⿰阝⿱止𣥂⿹&CDP-896A;灬,馬
19891,19891,19891,騣,⿰⿹&CDP-896A;灬⿳⿶凵㐅八夂,馬
19892,19892,19892,驆,⿰⿹&CDP-896A;灬⿻&CDP-87C5;一,馬
19893,19893,19893,驑,⿰⿹&CDP-896A;灬⿱丣田,馬
19894,19894,19894,騳,⿰⿹&CDP-896A;灬⿹&CDP-896A;灬,馬
19895,19895,19895,驊,⿰⿹&CDP-896A;灬⿱艹&CDP-8BF8;,馬
19896,19896,19896,騮,⿰⿹&CDP-896A;灬⿱&CDP-8C69;田,馬
19897,19897,19897,驀,⿱⿱艹⿱日⿻一人⿹&CDP-896A;灬,馬
19898,19898,19898,騯,⿰⿹&CDP-896A;灬⿱&CDP-8BEC;⿱⿱丶一&CDP-8B6C;,馬
19899,19899,19899,騫,⿱⿳宀⿱井一八⿹&CDP-896A;灬,馬
19900,19900,19900,騸,⿰⿹&CDP-896A;灬⿸⿱丶尸⿰⿹𠃌冫⿹𠃌冫,馬
19901,19901,19901,騰,⿰月⿱⿱丷⿻⿱一一人⿹&CDP-896A;灬,馬
19902,19902,19902,騱,⿰⿹&CDP-896A;灬⿱⿱丿𭕄⿱⿰&CDP-895C;丶⿻一人,馬
19903,19903,19903,騵,⿰⿹&CDP-896A;灬⿸厂&CDP-8BC4;,馬
19904,19904,19904,騴,⿰⿹&CDP-896A;灬⿱日⿱宀女,馬
19905,19905,19905,騶,⿰⿹&CDP-896A;灬⿱&CDP-8D65;&CDP-8D65;,馬
19906,19906,19906,驁,⿱⿰⿱龶&CDP-8B6C;攵⿹&CDP-896A;灬,馬
19907,19907,19907,驂,⿰⿹&CDP-896A;灬⿱⿱⿱厶⿰厶厶人彡,馬
19908,19908,19908,驄,⿰⿹&CDP-896A;灬⿱⿴⿱丿囗夂心,馬
19909,19909,19909,騾,⿰⿹&CDP-896A;灬⿱田⿱⿰&CDP-895C;丶小,馬
19910,19910,19910,騼,⿰⿹&CDP-896A;灬⿸&CDP-8D56;比,馬
19911,19911,19911,驃,⿰⿹&CDP-896A;灬⿱⿱一&CDP-86EA;示,馬
19912,19912,19912,騹,⿰⿹&CDP-896A;灬⿱廿&CDP-8A6D;,馬
19913,19913,19913,驅,⿰⿹&CDP-896A;灬⿷匚⿱口⿰口口,馬
19914,19914,19914,騻,⿰⿹&CDP-896A;灬⿻⿻一人⿰⿱㐅⿻丿乀⿱㐅⿻丿乀,馬
19915,19915,19915,騽,⿰⿹&CDP-896A;灬⿱⿰⿹𠃌冫⿹𠃌冫白,馬
19916,19916,19916,驉,⿰⿹&CDP-896A;灬⿸⿸⿱⺊&CDP-88E2;⿻㇀乚⿱&CDP-85F0;一,馬
19917,19917,19917,騺,⿱⿰⿱⿱十一⿱丷干⿻九丶⿹&CDP-896A;灬,馬
19918,19918,19918,驇,⿱⿰⿱⿱⿱十一⿰丿乚⿱十一⿻九丶⿹&CDP-896A;灬,馬
19919,19919,19919,騿,⿰⿹&CDP-896A;灬⿱⿱&CDP-8BAE;一⿱日十,馬
19920,19920,19920,驋,⿰⿹&CDP-896A;灬⿱⿰&CDP-88D3;&CDP-88D5;⿰弓⿱𠘧又,馬
19921,19921,19921,驓,⿰⿹&CDP-896A;灬⿱丷⿱&CDP-8B62;日,馬
19922,19922,19922,驔,⿰⿹&CDP-896A;灬⿱⿱一&CDP-86EA;⿱日十,馬
19923,19923,19923,驐,⿰⿹&CDP-896A;灬⿰⿳⿱丶一口子攵,馬
19924,19924,19924,驕,⿰⿹&CDP-896A;灬⿱⿱⿱丿⿻一人口⿵冂口,馬
19925,19925,19925,驚,⿱⿰⿱艹⿹勹口攵⿹&CDP-896A;灬,馬
19926,19926,19926,驎,⿰⿹&CDP-896A;灬⿱米⿰⿴𠂊丶㐄,馬
19927,19927,19927,驒,⿰⿹&CDP-896A;灬⿱⿰口口&CDP-8BD9;,馬
19928,19928,19928,驍,⿰⿹&CDP-896A;灬⿱⿱⿱十一⿰⿱十一⿱十一⿱一⿰丿乚,馬
19929,19929,19929,驈,⿰⿹&CDP-896A;灬⿱⿱龴⿹⿱乛亅丿⿵冂⿱八口,馬
19930,19930,19930,驏,⿰⿹&CDP-896A;灬⿸尸⿱子⿰子子,馬
19931,19931,19931,驜,⿰⿹&CDP-896A;灬⿱⿱&CDP-85F0;一⿱⿱丷一未,馬
19932,19932,19932,驛,⿰⿹&CDP-896A;灬⿱罒⿱⿱十一⿱丷干,馬
19933,19933,19933,驘,⿱⿱⿱⿱丶一𠃊口⿲月⿹&CDP-896A;灬⿵几丶,馬
19934,19934,19934,驌,⿰⿹&CDP-896A;灬肅,馬
19935,19935,19935,驖,⿰⿹&CDP-896A;灬⿹⿶⿻⿺⿻一乚丶丿十⿱口⿱一⿱十一,馬
19936,19936,19936,驗,⿰⿹&CDP-896A;灬⿳⿱人一⿰口口⿰人人,馬
19937,19937,19937,驙,⿰⿹&CDP-896A;灬⿱⿱⿱丶一⿴囗口⿱日一,馬
19938,19938,19938,驞,⿰⿹&CDP-896A;灬⿱&CDP-8D74;⿱目八,馬
19939,19939,19939,驝,⿰⿹&CDP-896A;灬⿱⿳⿱十一冖⿸⿱一丿口木,馬
19940,19940,19940,驟,⿰⿹&CDP-896A;灬⿱⿰耳又乑,馬
19941,19941,19941,驥,⿰⿹&CDP-896A;灬⿱⿰&CDP-8BC5;⿺乚丿⿱田⿱⿱⿻十丨一八,馬
19942,19942,19942,驡,⿱⿰⿱⿱&CDP-8BAE;一月&CDP-89B0;⿹&CDP-896A;灬,馬
19943,19943,19943,驢,⿰⿹&CDP-896A;灬⿸⿸⿱⺊&CDP-88E2;⿻㇀乚&CDP-8CF4;,馬
19944,19944,19944,驣,⿰⿹&CDP-896A;灬⿱⿱丷⿻⿱一一人⿹&CDP-896A;灬,馬
19945,19945,19945,驠,⿰⿹&CDP-896A;灬⿳廿&CDP-8D76;灬,馬
19946,19946,19946,驩,⿰⿹&CDP-896A;灬⿱艹⿱⿰口口隹,馬
19947,19947,19947,驧,⿰⿹&CDP-896A;灬⿰革⿹勹米,馬
19948,19948,19948,驦,⿰⿹&CDP-896A;灬⿱⿱一⿻冂&CDP-8C41;⿰木目,馬
19949,19949,19949,驤,⿰⿹&CDP-896A;灬⿳⿱丶一&CDP-8CA3;𧘇,馬
19950,19950,19950,驨,⿰⿹&CDP-896A;灬⿱⿱山隹⿵冂⿱八口,馬
19951,19951,19951,驪,⿰⿹&CDP-896A;灬⿱⿰⿱一⿵冂一⿱一⿵冂一⿸&CDP-8D56;比,馬
19952,19952,19952,驫,⿱⿹&CDP-896A;灬⿰⿹&CDP-896A;灬⿹&CDP-896A;灬,馬
19953,19953,19953,黄,⿳⿱⿻十丨一由八,黄
19954,19954,19954,黃,⿱廿&CDP-8CE6;,黄
19955,19955,19955,黆,⿰⿳⿱⿻十丨一由八冘,黄
19956,19956,19956,黅,⿰⿳⿱⿻十丨一由八⿱⿱人丶㇇,黄
19957,19957,19957,黉,⿳𭕄冖⿳⿱⿻十丨一由八,黄
19958,19958,19958,黇,⿰⿳⿱⿻十丨一由八⿱⺊口,黄
19959,19959,19959,黈,⿰⿳⿱⿻十丨一由八⿱⿱丶一⿱十一,黄
19960,19960,19960,黊,⿰⿳⿱⿻十丨一由八⿱⿱十一⿱十一,黄
19961,19961,19961,黋,⿺⿱⺌⿱一⿰丿乚⿳⿱⿻十丨一由八,黄
19962,19962,19962,黌,⿱⿶&CDP-8B64;⿱㐅⿻丿乀⿳⿱⿻十丨一由八,黄
19963,19963,19963,鹵,⿱⺊⿴囗⿻㐅⿳丶⿰丶丶丶,鹵
19964,19964,19964,鹶,⿰⿱⺊⿴囗⿻㐅⿳丶⿰丶丶丶⿱⿱人丶㇇,鹵
19965,19965,19965,鹷,⿰⿱⺊⿴囗⿻㐅⿳丶⿰丶丶丶⿱⿱人丶龴,鹵
19966,19966,19966,鹸,⿰⿱⺊⿴囗⿻㐅⿳丶⿰丶丶丶⿱⿱人一&CDP-89F4;,鹵
19967,19967,19967,鹺,⿰⿱⺊⿴囗⿻㐅⿳丶⿰丶丶丶⿸⿱⿱丷一&CDP-8BF1;工,鹵
19968,19968,19968,鹹,⿰⿱⺊⿴囗⿻㐅⿳丶⿰丶丶丶⿵⿵戊一口,鹵
19969,19969,19969,鹻,⿰⿱⺊⿴囗⿻㐅⿳丶⿰丶丶丶⿱⿱丷一&CDP-8CDE;,鹵
19970,19970,19970,鹼,⿰⿱⺊⿴囗⿻㐅⿳丶⿰丶丶丶⿳⿱人一⿰口口⿰人人,鹵
19971,19971,19971,鹽,⿱⿰臣⿱⿰丿一⿴⿱⺊囗⿻㐅⿳丶⿰丶丶丶皿,鹵
19972,19972,19972,鹿,⿸&CDP-8D56;比,鹿
19973,19973,19973,麁,⿱𠂊⿸&CDP-8D56;比,鹿
19974,19974,19974,麂,⿸⿸&CDP-8D56;比几,鹿
19975,19975,19975,麀,⿸⿸&CDP-8D56;比⿺乚丿,鹿
19976,19976,19976,麃,⿸⿸&CDP-8D56;比灬,鹿
19977,19977,19977,麄,⿱⿱八⿹𠃌丿⿸&CDP-8D56;比,鹿
19978,19978,19978,麇,⿸⿸&CDP-8D56;比⿱丿木,鹿
19979,19979,19979,麅,⿸⿸&CDP-8D56;比⿹勹巳,鹿
19980,19980,19980,麆,⿸⿸&CDP-8D56;比且,鹿
19981,19981,19981,麈,⿸⿸&CDP-8D56;比⿱⿱丶一⿱十一,鹿
19982,19982,19982,麉,⿱⿰干干⿸&CDP-8D56;比,鹿
19983,19983,19983,麊,⿱米⿸&CDP-8D56;比,鹿
19984,19984,19984,麋,⿸⿸&CDP-8D56;比米,鹿
19985,19985,19985,麎,⿸⿸&CDP-8D56;比⿸厂⿱⿱一一&CDP-8CC6;,鹿
19986,19986,19986,麏,⿸⿸&CDP-8D56;比⿸⿻&CDP-8BAB;丿口,鹿
19987,19987,19987,麍,⿸⿸&CDP-8D56;比⿱⿻一厶⿴⿰丿乚丨,鹿
19988,19988,19988,麐,⿸⿸&CDP-8D56;比⿱⿱⿱丶一⿻丿乀口,鹿
19989,19989,19989,麌,⿸⿸&CDP-8D56;比⿱口⿱一⿻一人,鹿
19990,19990,19990,麖,⿸⿸&CDP-8D56;比⿳⿱丶一口小,鹿
19991,19991,19991,麕,⿸⿸&CDP-8D56;比⿴囗⿱丿木,鹿
19992,19992,19992,麔,⿸⿸&CDP-8D56;比⿱⿺夂卜口,鹿
19993,19993,19993,麗,⿱⿰⿱一⿵冂一⿱一⿵冂一⿸&CDP-8D56;比,鹿
19994,19994,19994,麓,⿱⿰木木⿸&CDP-8D56;比,鹿
19995,19995,19995,麑,⿸⿸&CDP-8D56;比⿱臼⿰丿乚,鹿
19996,19996,19996,麒,⿰⿸&CDP-8D56;比⿱&CDP-8B72;八,鹿
19997,19997,19997,麚,⿸⿸&CDP-8D56;比⿰&CDP-8C7A;&CDP-8C79;,鹿
19998,19998,19998,麛,⿸⿸&CDP-8D56;比⿰弓耳,鹿
19999,19999,19999,麙,⿸⿸&CDP-8D56;比⿵⿵戊一口,鹿
20000,20000,20000,麘,⿸⿸&CDP-8D56;比⿱⿱丿木日,鹿
20001,20001,20001,麜,⿸⿸&CDP-8D56;比⿱⿱一&CDP-86EA;木,鹿
20002,20002,20002,麝,⿸⿸&CDP-8D56;比⿰身寸,鹿
20003,20003,20003,麞,⿸⿸&CDP-8D56;比⿱⿱&CDP-8BAE;一⿱日十,鹿
20004,20004,20004,麟,⿰⿸&CDP-8D56;比⿱米⿰⿴𠂊丶㐄,鹿
20005,20005,20005,麠,⿸⿸&CDP-8D56;比⿳&CDP-8D5E;&CDP-8D5E;一,鹿
20006,20006,20006,麡,⿸⿸&CDP-8D56;比⿱&CDP-8DEB;&CDP-89C6;,鹿
20007,20007,20007,麢,⿸⿸&CDP-8D56;比⿱⿱一⿻冂&CDP-8C41;⿲口口口,鹿
20008,20008,20008,麣,⿰⿸&CDP-8D56;比⿱⿰口口⿸厂⿰⿱乛耳攵,鹿
20009,20009,20009,麤,⿱⿸&CDP-8D56;比⿰⿸&CDP-8D56;比⿸&CDP-8D56;比,鹿
20010,20010,20010,麻,⿸广⿰木木,麻
20011,20011,20011,麼,⿸⿸广⿰木木⿰&CDP-895C;丶,麻
20012,20012,20012,麽,⿸⿸广⿰木木⿱丿厶,麻
20013,20013,20013,麾,⿸⿸广⿰木木⿱丿&CDP-8A43;,麻
20014,20014,20014,麿,⿸⿸广⿰木木⿱口口,麻
20015,20015,20015,黀,⿸⿸广⿰木木⿰耳又,麻
20016,20016,20016,黁,⿸⿸广⿰木木⿱⿱丿木日,麻
20017,20017,20017,黂,⿸⿸广⿰木木⿱⿱十⿻一&CDP-8BF5;⿱目八,麻
20018,20018,20018,麥,⿱⿻木⿰人人夂,麥
20019,20019,20019,麧,⿰⿱⿻木⿰人人夂⿱𠂉乙,麥
20020,20020,20020,麨,⿰⿱⿻木⿰人人夂⿱小丿,麥
20021,20021,20021,麩,⿰⿱⿻木⿰人人夂⿻⿱一一人,麥
20022,20022,20022,麪,⿰⿱⿻木⿰人人夂丏,麥
20023,20023,20023,麫,⿰⿱⿻木⿰人人夂丐,麥
20024,20024,20024,麬,⿰⿱⿻木⿰人人夂皮,麥
20025,20025,20025,麭,⿰⿱⿻木⿰人人夂⿹勹巳,麥
20026,20026,20026,麮,⿰⿱⿻木⿰人人夂⿱⿱十一厶,麥
20027,20027,20027,麰,⿰⿱⿻木⿰人人夂⿱厶牛,麥
20028,20028,20028,麯,⿰⿱⿻木⿰人人夂曲,麥
20029,20029,20029,麱,⿰⿱⿻木⿰人人夂⿺&CDP-86B7;丶,麥
20030,20030,20030,麲,⿰⿱⿻木⿰人人夂⿱目⿰丿乚,麥
20031,20031,20031,麳,⿰⿱⿻木⿰人人夂⿻木⿰人人,麥
20032,20032,20032,麴,⿰⿱⿻木⿰人人夂⿹勹米,麥
20033,20033,20033,麵,⿰⿱⿻木⿰人人夂⿱⿱一丿⿴囗&CDP-89CC;,麥
20034,20034,20034,麶,⿰⿱⿻木⿰人人夂⿱⿱⿱丶一⿶凵㐅⿻冂厶,麥
20035,20035,20035,麷,⿰⿱⿻木⿰人人夂⿱⿻山⿰⿻⿱一⿱一一丨⿻⿱一⿱一一丨豆,麥
20036,20036,20036,鳥,⿹&CDP-8CBB;灬,鳥
20037,20037,20037,鳦,⿰⿹&CDP-8CBB;灬乙,鳥
20038,20038,20038,鳪,⿰卜⿹&CDP-8CBB;灬,鳥
20039,20039,20039,鳭,⿰⿹𠃌丿⿹&CDP-8CBB;灬,鳥
20040,20040,20040,鳯,⿵几⿹&CDP-8CBB;灬,鳥
20041,20041,20041,鳧,⿱⿹&CDP-8CBB;灬几,鳥
20042,20042,20042,鳩,⿰九⿹&CDP-8CBB;灬,鳥
20043,20043,20043,鳮,⿰又⿹&CDP-8CBB;灬,鳥
20044,20044,20044,鳨,⿰⿹&CDP-8CBB;灬⿻丿𠃌,鳥
20045,20045,20045,鳰,⿰入⿹&CDP-8CBB;灬,鳥
20046,20046,20046,鳫,⿸厂⿹&CDP-8CBB;灬,鳥
20047,20047,20047,鳵,⿰⿹⺄十⿹&CDP-8CBB;灬,鳥
20048,20048,20048,鳳,⿵几⿱一⿹&CDP-8CBB;灬,鳥
20049,20049,20049,鳱,⿰干⿹&CDP-8CBB;灬,鳥
20050,20050,20050,鳴,⿰口⿹&CDP-8CBB;灬,鳥
20051,20051,20051,鳲,⿰尸⿹&CDP-8CBB;灬,鳥
20052,20052,20052,鳶,⿱⿺⿻一乚丶⿹&CDP-8CBB;灬,鳥
20053,20053,20053,鳻,⿰⿱八⿹𠃌丿⿹&CDP-8CBB;灬,鳥
20054,20054,20054,鴇,⿰⿱⿺乚丿十⿹&CDP-8CBB;灬,鳥
20055,20055,20055,鴌,⿱⿱一⿻一人⿹&CDP-8CBB;灬,鳥
20056,20056,20056,鴔,⿰⿱丿⿱丶&CDP-8661;⿹&CDP-8CBB;灬,鳥
20057,20057,20057,鴋,⿰⿱⿱丶一&CDP-8B6C;⿹&CDP-8CBB;灬,鳥
20058,20058,20058,鳺,⿰⿻⿱一一人⿹&CDP-8CBB;灬,鳥
20059,20059,20059,鴀,⿰⿱一&CDP-8665;⿹&CDP-8CBB;灬,鳥
20060,20060,20060,鴅,⿰丹⿹&CDP-8CBB;灬,鳥
20061,20061,20061,鳸,⿸⿱丶尸⿹&CDP-8CBB;灬,鳥
20062,20062,20062,鳽,⿰⿱一⿻一&CDP-8BF5;⿹&CDP-8CBB;灬,鳥
20063,20063,20063,鴂,⿰⿻𠃍⿻一人⿹&CDP-8CBB;灬,鳥
20064,20064,20064,鴃,⿰⿹&CDP-8CBB;灬⿻𠃍⿻一人,鳥
20065,20065,20065,鴄,⿰⿷匚⿰丿乚⿹&CDP-8CBB;灬,鳥
20066,20066,20066,鳹,⿰⿱⿱人丶㇇⿹&CDP-8CBB;灬,鳥
20067,20067,20067,鳾,⿰⿱一巾⿹&CDP-8CBB;灬,鳥
20068,20068,20068,鳼,⿰⿱⿱丶一⿻丿乀⿹&CDP-8CBB;灬,鳥
20069,20069,20069,鴍,⿱⿱⿱丶一⿻丿乀⿹&CDP-8CBB;灬,鳥
20070,20070,20070,鴈,⿸厂⿰亻⿹&CDP-8CBB;灬,鳥
20071,20071,20071,鳿,⿰⿱一⿱十一⿹&CDP-8CBB;灬,鳥
20072,20072,20072,鴉,⿰牙⿹&CDP-8CBB;灬,鳥
20073,20073,20073,鴁,⿰⿱丿⿻一人⿹&CDP-8CBB;灬,鳥
20074,20074,20074,鴆,⿰冘⿹&CDP-8CBB;灬,鳥
20075,20075,20075,鳷,⿰⿱十又⿹&CDP-8CBB;灬,鳥
20076,20076,20076,鴎,⿰⿷匚㐅⿹&CDP-8CBB;灬,鳥
20077,20077,20077,鴘,⿰⿱厶⿻一&CDP-8BF5;⿹&CDP-8CBB;灬,鳥
20078,20078,20078,鵖,⿰&CDP-8B7C;⿹&CDP-8CBB;灬,鳥
20079,20079,20079,鴟,⿰⿱氏丶⿹&CDP-8CBB;灬,鳥
20080,20080,20080,鴩,⿰⿰丿⿻⿱一一人⿹&CDP-8CBB;灬,鳥
20081,20081,20081,鴏,⿰⿹&CDP-8CBB;灬⿰亻⿺⿻一乚丶,鳥
20082,20082,20082,鴠,⿰⿱日一⿹&CDP-8CBB;灬,鳥
20083,20083,20083,鴚,⿰⿹&CDP-8CBB;灬⿹⿱一亅口,鳥
20084,20084,20084,鴣,⿰⿱十口⿹&CDP-8CBB;灬,鳥
20085,20085,20085,鴐,⿱⿰⿻丿𠃌口⿹&CDP-8CBB;灬,鳥
20086,20086,20086,鴡,⿰且⿹&CDP-8CBB;灬,鳥
20087,20087,20087,鴗,⿰⿱&CDP-8BAE;一⿹&CDP-8CBB;灬,鳥
20088,20088,20088,鴒,⿰⿱⿱人丶龴⿹&CDP-8CBB;灬,鳥
20089,20089,20089,鴓,⿰⿻心丿⿹&CDP-8CBB;灬,鳥
20090,20090,20090,鴖,⿰民⿹&CDP-8CBB;灬,鳥
20091,20091,20091,鴝,⿰⿹勹口⿹&CDP-8CBB;灬,鳥
20092,20092,20092,鴑,⿱⿰女又⿹&CDP-8CBB;灬,鳥
20093,20093,20093,鴫,⿰田⿹&CDP-8CBB;灬,鳥
20094,20094,20094,鴕,⿰⿹&CDP-8CBB;灬⿱宀⿺乚丿,鳥
20095,20095,20095,鴞,⿰⿱口⿱一㇉⿹&CDP-8CBB;灬,鳥
20096,20096,20096,鴛,⿱⿰⿴𠂊丶㔾⿹&CDP-8CBB;灬,鳥
20097,20097,20097,鴥,⿰⿹&CDP-8CBB;灬⿱宀八,鳥
20098,20098,20098,鴧,⿰⿱宀几⿹&CDP-8CBB;灬,鳥
20099,20099,20099,鴪,⿰⿱宀八⿹&CDP-8CBB;灬,鳥
20100,20100,20100,鴨,⿰甲⿹&CDP-8CBB;灬,鳥
20101,20101,20101,鵧,⿰⿱丷⿱一⿻一&CDP-8BF5;⿹&CDP-8CBB;灬,鳥
20102,20102,20102,鴦,⿱央⿹&CDP-8CBB;灬,鳥
20103,20103,20103,鴢,⿰⿰⿰&CDP-895C;丶⿻丿𠃌⿹&CDP-8CBB;灬,鳥
20104,20104,20104,鴬,⿳𭕄冖⿹&CDP-8CBB;灬,鳥
20105,20105,20105,鴊,⿰⿱一止⿹&CDP-8CBB;灬,鳥
20106,20106,20106,鴙,⿰⿱𠂉⿻一人⿹&CDP-8CBB;灬,鳥
20107,20107,20107,鴤,⿰⿹&CDP-8CBB;灬⿱夂⿱丶丶,鳥
20108,20108,20108,鴱,⿰⿱艹⿻丿乀⿹&CDP-8CBB;灬,鳥
20109,20109,20109,鵄,⿰⿱⿱一厶⿱十一⿹&CDP-8CBB;灬,鳥
20110,20110,20110,鴜,⿱⿰止⿺乚丿⿹&CDP-8CBB;灬,鳥
20111,20111,20111,鴭,⿰⿱丿㠯⿹&CDP-8CBB;灬,鳥
20112,20112,20112,鵈,⿰耳⿹&CDP-8CBB;灬,鳥
20113,20113,20113,鴰,⿰⿱⿱丿十口⿹&CDP-8CBB;灬,鳥
20114,20114,20114,鴿,⿰⿱⿱人一口⿹&CDP-8CBB;灬,鳥
20115,20115,20115,鴴,⿰⿰彳⿱一⿱一亅⿹&CDP-8CBB;灬,鳥
20116,20116,20116,鵆,⿲彳⿹&CDP-8CBB;灬⿱一⿱一亅,鳥
20117,20117,20117,鴻,⿰氵⿰工⿹&CDP-8CBB;灬,鳥
20118,20118,20118,鴶,⿰⿱⿱十一口⿹&CDP-8CBB;灬,鳥
20119,20119,20119,鵁,⿰⿱⿱丶一⿱八⿻丿乀⿹&CDP-8CBB;灬,鳥
20120,20120,20120,鴷,⿱⿰⿱一⿴𠂊丶刂⿹&CDP-8CBB;灬,鳥
20121,20121,20121,鵉,⿱⿱⿱丶一&CDP-8CB5;⿹&CDP-8CBB;灬,鳥
20122,20122,20122,鵅,⿰⿱夂口⿹&CDP-8CBB;灬,鳥
20123,20123,20123,鴼,⿰⿹&CDP-8CBB;灬⿱夂口,鳥
20124,20124,20124,鴾,⿰⿱厶牛⿹&CDP-8CBB;灬,鳥
20125,20125,20125,鵇,⿰年⿹&CDP-8CBB;灬,鳥
20126,20126,20126,鵀,⿱⿰亻⿱丿⿱十一⿹&CDP-8CBB;灬,鳥
20127,20127,20127,鴽,⿱⿰女口⿹&CDP-8CBB;灬,鳥
20128,20128,20128,鴮,⿰⿱⿻一人⿱一⿱一㇉⿹&CDP-8CBB;灬,鳥
20129,20129,20129,鴵,⿰兆⿹&CDP-8CBB;灬,鳥
20130,20130,20130,鵂,⿰⿰亻木⿹&CDP-8CBB;灬,鳥
20131,20131,20131,鴳,⿰⿱宀女⿹&CDP-8CBB;灬,鳥
20132,20132,20132,鴹,⿰⿱⿱丷一&CDP-8BF1;⿹&CDP-8CBB;灬,鳥
20133,20133,20133,鴺,⿰⿻⿻一人弓⿹&CDP-8CBB;灬,鳥
20134,20134,20134,鴲,⿰⿱⿺乚丿日⿹&CDP-8CBB;灬,鳥
20135,20135,20135,鵃,⿰舟⿹&CDP-8CBB;灬,鳥
20136,20136,20136,鴸,⿰朱⿹&CDP-8CBB;灬,鳥
20137,20137,20137,鴯,⿰⿱一⿱丿⿵冂⿰丨丨⿹&CDP-8CBB;灬,鳥
20138,20138,20138,鵓,⿰⿱⿱十冖子⿹&CDP-8CBB;灬,鳥
20139,20139,20139,鵏,⿰⿺&CDP-86B7;丶⿹&CDP-8CBB;灬,鳥
20140,20140,20140,鵍,⿰⿱宀⿱一⿱一⿰丿乚⿹&CDP-8CBB;灬,鳥
20141,20141,20141,鵠,⿰⿱⿰丿土口⿹&CDP-8CBB;灬,鳥
20142,20142,20142,鵊,⿰⿻⿻一人⿰人人⿹&CDP-8CBB;灬,鳥
20143,20143,20143,鵑,⿰⿱口月⿹&CDP-8CBB;灬,鳥
20144,20144,20144,鵋,⿰⿱己心⿹&CDP-8CBB;灬,鳥
20145,20145,20145,鵛,⿰⿳一⿲𡿨𡿨𡿨工⿹&CDP-8CBB;灬,鳥
20146,20146,20146,鵔,⿰⿹&CDP-8CBB;灬⿳厶八夂,鳥
20147,20147,20147,鵕,⿰⿳厶八夂⿹&CDP-8CBB;灬,鳥
20148,20148,20148,鵘,⿰⿸⿻&CDP-8BAB;丿口⿹&CDP-8CBB;灬,鳥
20149,20149,20149,鵙,⿰⿱目八⿹&CDP-8CBB;灬,鳥
20150,20150,20150,鵟,⿱⿰犭⿱一⿱十一⿹&CDP-8CBB;灬,鳥
20151,20151,20151,鵣,⿰束⿹&CDP-8CBB;灬,鳥
20152,20152,20152,鵥,⿱⿰⿱丷&CDP-8BF1;刂⿹&CDP-8CBB;灬,鳥
20153,20153,20153,鵢,⿰身⿹&CDP-8CBB;灬,鳥
20154,20154,20154,鵎,⿰⿱⿱丿𭕄女⿹&CDP-8CBB;灬,鳥
20155,20155,20155,鵜,⿰⿱丷⿹⿻弓丨丿⿹&CDP-8CBB;灬,鳥
20156,20156,20156,鵌,⿰⿹&CDP-8CBB;灬⿱⿱人一朩,鳥
20157,20157,20157,鵚,⿰⿱⿱丿木几⿹&CDP-8CBB;灬,鳥
20158,20158,20158,鵐,⿰⿻工⿰人人⿹&CDP-8CBB;灬,鳥
20159,20159,20159,鵗,⿰⿱㐅⿸𠂇巾⿹&CDP-8CBB;灬,鳥
20160,20160,20160,鵒,⿰谷⿹&CDP-8CBB;灬,鳥
20161,20161,20161,鵤,⿰角⿹&CDP-8CBB;灬,鳥
20162,20162,20162,鵝,⿰我⿹&CDP-8CBB;灬,鳥
20163,20163,20163,鵞,⿱我⿹&CDP-8CBB;灬,鳥
20164,20164,20164,鵯,⿰⿱&CDP-89BE;十⿹&CDP-8CBB;灬,鳥
20165,20165,20165,鶉,⿰⿳⿱丶一口子⿹&CDP-8CBB;灬,鳥
20166,20166,20166,鵰,⿰⿵⺆⿱⿱十一口⿹&CDP-8CBB;灬,鳥
20167,20167,20167,鵽,⿰⿱⿰又又⿰又又⿹&CDP-8CBB;灬,鳥
20168,20168,20168,鶇,⿰東⿹&CDP-8CBB;灬,鳥
20169,20169,20169,鵩,⿰⿰月⿸卩又⿹&CDP-8CBB;灬,鳥
20170,20170,20170,鶊,⿰⿸广&CDP-8DE2;⿹&CDP-8CBB;灬,鳥
20171,20171,20171,鶁,⿰⿳⿱丶一口小⿹&CDP-8CBB;灬,鳥
20172,20172,20172,鶄,⿰⿱龶月⿹&CDP-8CBB;灬,鳥
20173,20173,20173,鶋,⿰⿸尸⿱十口⿹&CDP-8CBB;灬,鳥
20174,20174,20174,鵳,⿰⿸⿱丶尸月⿹&CDP-8CBB;灬,鳥
20175,20175,20175,鵴,⿰⿹勹米⿹&CDP-8CBB;灬,鳥
20176,20176,20176,鶏,⿰⿱⿱丿𭕄⿻⿱一一人⿹&CDP-8CBB;灬,鳥
20177,20177,20177,鵼,⿰⿱⿱宀八工⿹&CDP-8CBB;灬,鳥
20178,20178,20178,鵾,⿰⿱日比⿹&CDP-8CBB;灬,鳥
20179,20179,20179,鶆,⿰⿻木⿰人人⿹&CDP-8CBB;灬,鳥
20180,20180,20180,鵹,⿱⿰⿱丿木&CDP-8DC9;⿹&CDP-8CBB;灬,鳥
20181,20181,20181,鵦,⿰⿹&CDP-8CBB;灬⿱彐⿻亅&CDP-89AE;,鳥
20182,20182,20182,鵱,⿰⿱⿱⿱十一⿰丿乚⿱十一⿹&CDP-8CBB;灬,鳥
20183,20183,20183,鶓,⿰⿱艹田⿹&CDP-8CBB;灬,鳥
20184,20184,20184,鶜,⿰⿱艹⿱龴⿹⿱乛亅丿⿹&CDP-8CBB;灬,鳥
20185,20185,20185,鵬,⿰⿰月月⿹&CDP-8CBB;灬,鳥
20186,20186,20186,鵮,⿰⿱勹臼⿹&CDP-8CBB;灬,鳥
20187,20187,20187,鵲,⿰⿱⿱⿻十丨一日⿹&CDP-8CBB;灬,鳥
20188,20188,20188,鵸,⿰⿱⿻一人⿹⿱一亅口⿹&CDP-8CBB;灬,鳥
20189,20189,20189,鶀,⿰⿹&CDP-8CBB;灬⿱&CDP-8B72;八,鳥
20190,20190,20190,鵭,⿰⿱人&CDP-8DE3;⿹&CDP-8CBB;灬,鳥
20191,20191,20191,鶈,⿰⿱&CDP-89E5;女⿹&CDP-8CBB;灬,鳥
20192,20192,20192,鶌,⿰⿸尸⿱⿻凵丨凵⿹&CDP-8CBB;灬,鳥
20193,20193,20193,鶐,⿰⿺辶⿺木丶⿹&CDP-8CBB;灬,鳥
20194,20194,20194,鵿,⿰⿹&CDP-8CBB;灬⿱日⿱丿⿻一&CDP-8BF5;,鳥
20195,20195,20195,鵨,⿰⿱人⿱⿱丿十口⿹&CDP-8CBB;灬,鳥
20196,20196,20196,鵵,⿰⿷⿱𠂊&CDP-8BCB;丶⿹&CDP-8CBB;灬,鳥
20197,20197,20197,鵡,⿰⿹&CDP-8CB8;止⿹&CDP-8CBB;灬,鳥
20198,20198,20198,鵷,⿰⿱宀⿰⿴𠂊丶㔾⿹&CDP-8CBB;灬,鳥
20199,20199,20199,鵺,⿰⿱⿱丶一⿰亻&CDP-89F3;⿹&CDP-8CBB;灬,鳥
20200,20200,20200,鶂,⿰⿱臼⿰丿乚⿹&CDP-8CBB;灬,鳥
20201,20201,20201,鶃,⿰⿹&CDP-8CBB;灬⿱臼⿰丿乚,鳥
20202,20202,20202,鶍,⿰⿱日⿹勹&CDP-89A6;⿹&CDP-8CBB;灬,鳥
20203,20203,20203,鵶,⿰⿳一&CDP-88A1;一⿹&CDP-8CBB;灬,鳥
20204,20204,20204,鶑,⿱⿰⿱八人⿱八人⿹&CDP-8CBB;灬,鳥
20205,20205,20205,鶧,⿰⿱艹央⿹&CDP-8CBB;灬,鳥
20206,20206,20206,鵫,⿰⿱⺊⿱日十⿹&CDP-8CBB;灬,鳥
20207,20207,20207,鵻,⿰⿹&CDP-8CBB;灬隹,鳥
20208,20208,20208,鶅,⿰⿱⿲𡿨𡿨𡿨田⿹&CDP-8CBB;灬,鳥
20209,20209,20209,鶎,⿰⿱宀示⿹&CDP-8CBB;灬,鳥
20210,20210,20210,鵪,⿰⿱⿻一人⿻日乚⿹&CDP-8CBB;灬,鳥
20211,20211,20211,鶨,⿰⿱彑𧰨⿹&CDP-8CBB;灬,鳥
20212,20212,20212,鶒,⿰⿰束⿻丿𠃌⿹&CDP-8CBB;灬,鳥
20213,20213,20213,鷑,⿰⿱竹⿱&CDP-8BAE;一⿹&CDP-8CBB;灬,鳥
20214,20214,20214,鷚,⿰⿱⿰⿹𠃌冫⿹𠃌冫⿱人彡⿹&CDP-8CBB;灬,鳥
20215,20215,20215,鶞,⿰⿸𠂆⿱十目⿹&CDP-8CBB;灬,鳥
20216,20216,20216,鶿,⿱⿱⿱丷一⿰⿰&CDP-895C;丶⿰&CDP-895C;丶⿹&CDP-8CBB;灬,鳥
20217,20217,20217,鷀,⿰⿱⿱丷一⿰⿰&CDP-895C;丶⿰&CDP-895C;丶⿹&CDP-8CBB;灬,鳥
20218,20218,20218,鶫,⿰柬⿹&CDP-8CBB;灬,鳥
20219,20219,20219,鶝,⿰⿱⿱一口田⿹&CDP-8CBB;灬,鳥
20220,20220,20220,鶻,⿰⿱&CDP-89A9;月⿹&CDP-8CBB;灬,鳥
20221,20221,20221,鶡,⿰⿱日⿹勹⿺𠃊人⿹&CDP-8CBB;灬,鳥
20222,20222,20222,鶘,⿰⿰⿱十口月⿹&CDP-8CBB;灬,鳥
20223,20223,20223,鶦,⿱⿰⿱十口月⿹&CDP-8CBB;灬,鳥
20224,20224,20224,鶛,⿰⿱比白⿹&CDP-8CBB;灬,鳥
20225,20225,20225,鶪,⿰⿱目犬⿹&CDP-8CBB;灬,鳥
20226,20226,20226,鶤,⿰⿱冖車⿹&CDP-8CBB;灬,鳥
20227,20227,20227,鶥,⿰⿸𠃜目⿹&CDP-8CBB;灬,鳥
20228,20228,20228,鶣,⿰⿸⿱丶尸⿵冂⿻十丨⿹&CDP-8CBB;灬,鳥
20229,20229,20229,鶖,⿱⿰⿱丿木⿱八人⿹&CDP-8CBB;灬,鳥
20230,20230,20230,鶔,⿰⿱⿱龴⿹⿱乛亅丿木⿹&CDP-8CBB;灬,鳥
20231,20231,20231,鶗,⿺⿱日⿱一龰⿹&CDP-8CBB;灬,鳥
20232,20232,20232,鶙,⿰⿱&CDP-8BEC;巾⿹&CDP-8CBB;灬,鳥
20233,20233,20233,鶟,⿰⿱⿱宀八犬⿹&CDP-8CBB;灬,鳥
20234,20234,20234,鶩,⿱⿰⿱龴⿹⿱乛亅丿攵⿹&CDP-8CBB;灬,鳥
20235,20235,20235,鶢,⿰⿳⿱丿𭕄一⿸𠂇又⿹&CDP-8CBB;灬,鳥
20236,20236,20236,鶠,⿰⿷匚⿱日女⿹&CDP-8CBB;灬,鳥
20237,20237,20237,鶚,⿰⿱⿰口口⿱一⿱一㇉⿹&CDP-8CBB;灬,鳥
20238,20238,20238,鶕,⿰⿱⿱&CDP-8BAE;一日⿹&CDP-8CBB;灬,鳥
20239,20239,20239,鷝,⿰⿻&CDP-87C5;一⿹&CDP-8CBB;灬,鳥
20240,20240,20240,鶵,⿰⿱&CDP-8D65;&CDP-8D65;⿹&CDP-8CBB;灬,鳥
20241,20241,20241,鶬,⿰⿱⿱人丶⿸&CDP-89CE;口⿹&CDP-8CBB;灬,鳥
20242,20242,20242,鶭,⿱⿰⿱⿰&CDP-895C;丶&CDP-885E;⿱⿱丶一&CDP-8B6C;⿹&CDP-8CBB;灬,鳥
20243,20243,20243,鷎,⿰⿱白⿱⿻一人十⿹&CDP-8CBB;灬,鳥
20244,20244,20244,鷨,⿰⿱艹&CDP-8BF8;⿹&CDP-8CBB;灬,鳥
20245,20245,20245,鶾,⿰⿱十⿱日十⿱𠂉⿹&CDP-8CBB;灬,鳥
20246,20246,20246,鶴,⿰⿻冖隹⿹&CDP-8CBB;灬,鳥
20247,20247,20247,鶮,⿰⿳⿱丶一口⿵冂口⿹&CDP-8CBB;灬,鳥
20248,20248,20248,鶼,⿰⿱⿱丷一&CDP-8CDE;⿹&CDP-8CBB;灬,鳥
20249,20249,20249,鶺,⿰⿱&CDP-88D2;月⿹&CDP-8CBB;灬,鳥
20250,20250,20250,鷄,⿰⿱⿱丿𭕄⿱⿰&CDP-895C;丶⿻一人⿹&CDP-8CBB;灬,鳥
20251,20251,20251,鷇,⿰⿱⿱⿱⿱十一冖一⿹&CDP-8CBB;灬⿱𠘧又,鳥
20252,20252,20252,鶹,⿰⿱&CDP-8C69;田⿹&CDP-8CBB;灬,鳥
20253,20253,20253,鷅,⿰⿱⿱一&CDP-86EA;木⿹&CDP-8CBB;灬,鳥
20254,20254,20254,鷌,⿰⿹&CDP-8CBB;灬⿹&CDP-896A;灬,鳥
20255,20255,20255,鶸,⿰⿰&CDP-8CC4;&CDP-8CC4;⿹&CDP-8CBB;灬,鳥
20256,20256,20256,鶳,⿰⿹&CDP-8CBB;灬⿰⿱丿㠯⿱一巾,鳥
20257,20257,20257,鶽,⿰⿱隹十⿹&CDP-8CBB;灬,鳥
20258,20258,20258,鷆,⿰⿳⿺乚丿⿺𠃊目八⿹&CDP-8CBB;灬,鳥
20259,20259,20259,鷏,⿰⿱十⿱&CDP-8BA5;八⿹&CDP-8CBB;灬,鳥
20260,20260,20260,鶶,⿰⿸广&CDP-8CC1;⿹&CDP-8CBB;灬,鳥
20261,20261,20261,鷋,⿰⿱艹⿱⿱人一朩⿹&CDP-8CBB;灬,鳥
20262,20262,20262,鷈,⿰⿹&CDP-8CBB;灬⿸𠂆⿸⿸⿱⺊&CDP-88E2;⿻㇀乚几,鳥
20263,20263,20263,鷉,⿰⿸𠂆⿸⿸⿱⺊&CDP-88E2;⿻㇀乚几⿹&CDP-8CBB;灬,鳥
20264,20264,20264,鶲,⿰⿱⿱八厶⿰⿹𠃌冫⿹𠃌冫⿹&CDP-8CBB;灬,鳥
20265,20265,20265,鶷,⿰⿱⿱宀⿻⿱一⿱一一丨口⿹&CDP-8CBB;灬,鳥
20266,20266,20266,鶱,⿱⿳宀⿱井一八⿹&CDP-8CBB;灬,鳥
20267,20267,20267,鷍,⿰⿱自木⿹&CDP-8CBB;灬,鳥
20268,20268,20268,鶰,⿰⿱口⿱目八⿹&CDP-8CBB;灬,鳥
20269,20269,20269,鷃,⿰⿱日⿱宀女⿹&CDP-8CBB;灬,鳥
20270,20270,20270,鷂,⿰⿱⿱丿𭕄缶⿹&CDP-8CBB;灬,鳥
20271,20271,20271,鷁,⿰⿱&CDP-8CF0;皿⿹&CDP-8CBB;灬,鳥
20272,20272,20272,鷊,⿰⿳一口⿵⿵冂⿰丿乚⿱一丨⿹&CDP-8CBB;灬,鳥
20273,20273,20273,鶯,⿱⿱⿰⿱八人⿱八人冖⿹&CDP-8CBB;灬,鳥
20274,20274,20274,鷔,⿱⿰⿱龶&CDP-8B6C;攵⿹&CDP-8CBB;灬,鳥
20275,20275,20275,鷩,⿱⿰⿻丷⿻巾八攵⿹&CDP-8CBB;灬,鳥
20276,20276,20276,鷐,⿰⿱日⿸厂⿱⿱一一&CDP-8CC6;⿹&CDP-8CBB;灬,鳥
20277,20277,20277,鷘,⿱⿰束攵⿹&CDP-8CBB;灬,鳥
20278,20278,20278,鷬,⿰⿳⿱⿻十丨一由八⿹&CDP-8CBB;灬,鳥
20279,20279,20279,鷜,⿰⿱&CDP-89C5;女⿹&CDP-8CBB;灬,鳥
20280,20280,20280,鷞,⿰⿻⿻一人⿰⿱㐅⿻丿乀⿱㐅⿻丿乀⿹&CDP-8CBB;灬,鳥
20281,20281,20281,鷒,⿰⿱&CDP-8BD0;寸⿹&CDP-8CBB;灬,鳥
20282,20282,20282,鷵,⿰⿸尸⿸耂日⿹&CDP-8CBB;灬,鳥
20283,20283,20283,鷠,⿰⿳𠂊田灬⿹&CDP-8CBB;灬,鳥
20284,20284,20284,鷖,⿱⿰⿷匚⿱𠂉⿻一人⿱𠘧又⿹&CDP-8CBB;灬,鳥
20285,20285,20285,鷛,⿰⿸广⿻⿻&CDP-8BAB;丨月⿹&CDP-8CBB;灬,鳥
20286,20286,20286,鷕,⿱⿰口隹⿹&CDP-8CBB;灬,鳥
20287,20287,20287,鷓,⿰⿸广⿱廿灬⿹&CDP-8CBB;灬,鳥
20288,20288,20288,鷧,⿰⿳⿱十一冖豆⿹&CDP-8CBB;灬,鳥
20289,20289,20289,鷟,⿱⿰⿱⿱丶一&CDP-8B6C;⿱𠂉⿱𠂉⿻一人⿹&CDP-8CBB;灬,鳥
20290,20290,20290,鷙,⿱⿰⿱⿱十一⿱丷干⿻九丶⿹&CDP-8CBB;灬,鳥
20291,20291,20291,鷗,⿰⿷匚⿱口⿰口口⿹&CDP-8CBB;灬,鳥
20292,20292,20292,鷭,⿰⿱⿱丿米田⿹&CDP-8CBB;灬,鳥
20293,20293,20293,鷱,⿰⿱自⿻十&CDP-89AE;⿹&CDP-8CBB;灬,鳥
20294,20294,20294,鷲,⿱⿰⿳⿱丶一口小⿺尢丶⿹&CDP-8CBB;灬,鳥
20295,20295,20295,鷦,⿰⿱隹灬⿹&CDP-8CBB;灬,鳥
20296,20296,20296,鷮,⿰⿱⿱⿱丿⿻一人口⿵冂口⿹&CDP-8CBB;灬,鳥
20297,20297,20297,鷢,⿸⿸厂⿰⿱⿱丷一⿻凵丨欠⿹&CDP-8CBB;灬,鳥
20298,20298,20298,鷯,⿰⿱⿱⿻⿻一人丷日小⿹&CDP-8CBB;灬,鳥
20299,20299,20299,鷶,⿰⿱罒⿱目八⿹&CDP-8CBB;灬,鳥
20300,20300,20300,鷥,⿱⿰⿱⿰&CDP-895C;丶&CDP-885E;⿱⿰&CDP-895C;丶小⿹&CDP-8CBB;灬,鳥
20301,20301,20301,鷻,⿰⿹&CDP-8CBB;灬⿰⿳⿱丶一口子攵,鳥
20302,20302,20302,鷤,⿰⿱⿰口口&CDP-8BD9;⿹&CDP-8CBB;灬,鳥
20303,20303,20303,鷡,⿰⿱&CDP-8BBE;灬⿹&CDP-8CBB;灬,鳥
20304,20304,20304,鷳,⿰⿵⿰𠁣𠃛月⿹&CDP-8CBB;灬,鳥
20305,20305,20305,鷴,⿰⿵⿰𠁣𠃛木⿹&CDP-8CBB;灬,鳥
20306,20306,20306,鷼,⿰⿵⿰𠁣𠃛日⿹&CDP-8CBB;灬,鳥
20307,20307,20307,鷰,⿳廿&CDP-8D76;⿹&CDP-8CBB;灬,鳥
20308,20308,20308,鷣,⿰⿱⿱一&CDP-86EA;⿱日十⿹&CDP-8CBB;灬,鳥
20309,20309,20309,鷸,⿰⿱⿱龴⿹⿱乛亅丿⿵冂⿱八口⿹&CDP-8CBB;灬,鳥
20310,20310,20310,鷪,⿳⿰目目冖⿹&CDP-8CBB;灬,鳥
20311,20311,20311,鷷,⿰⿱⿱丷酉寸⿹&CDP-8CBB;灬,鳥
20312,20312,20312,鸌,⿰⿹&CDP-8CBB;灬⿱艹⿱隹又,鳥
20313,20313,20313,鸄,⿱⿰⿱白⿱⿱丶一&CDP-8B6C;攵⿹&CDP-8CBB;灬,鳥
20314,20314,20314,鸁,⿱⿱⿱⿱丶一𠃊口⿲月⿹&CDP-8CBB;灬⿵几丶,鳥
20315,20315,20315,鷺,⿱⿰⿱口止⿱夂口⿹&CDP-8CBB;灬,鳥
20316,20316,20316,鸏,⿰⿱艹⿳冖一⿱一𧰨⿹&CDP-8CBB;灬,鳥
20317,20317,20317,鷿,⿱⿰⿸尸口⿱⿱&CDP-8BAE;一十⿹&CDP-8CBB;灬,鳥
20318,20318,20318,鸊,⿰⿰⿸尸口⿱⿱&CDP-8BAE;一十⿹&CDP-8CBB;灬,鳥
20319,20319,20319,鷫,⿰肅⿹&CDP-8CBB;灬,鳥
20320,20320,20320,鷽,⿱⿶&CDP-8B64;⿱㐅⿻丿乀⿹&CDP-8CBB;灬,鳥
20321,20321,20321,鸂,⿰⿰氵⿱⿱丿𭕄⿱⿰&CDP-895C;丶⿻一人⿹&CDP-8CBB;灬,鳥
20322,20322,20322,鸉,⿱⿰木⿱⿱日一⿹勹&CDP-89A6;⿹&CDP-8CBB;灬,鳥
20323,20323,20323,鸈,⿰⿱⿱&CDP-85F0;一⿱⿱丷一未⿹&CDP-8CBB;灬,鳥
20324,20324,20324,鸃,⿰⿹&CDP-8CBB;灬⿱⿱⿱丷一⿱十一我,鳥
20325,20325,20325,鷾,⿰⿱⿱⿱&CDP-8BAE;一日心⿹&CDP-8CBB;灬,鳥
20326,20326,20326,鸒,⿱⿶&CDP-8BA8;&CDP-8BC2;⿹&CDP-8CBB;灬,鳥
20327,20327,20327,鸆,⿰⿸⿸⿱⺊&CDP-88E2;⿻㇀乚⿱口⿱一⿻一人⿹&CDP-8CBB;灬,鳥
20328,20328,20328,鷹,⿸⿸广⿰亻隹⿹&CDP-8CBB;灬,鳥
20329,20329,20329,鸇,⿰⿱⿱⿱丶一⿴囗口⿱日一⿹&CDP-8CBB;灬,鳥
20330,20330,20330,鸀,⿰⿱罒⿹勹虫⿹&CDP-8CBB;灬,鳥
20331,20331,20331,鸅,⿰⿱罒⿱⿱十一⿱丷干⿹&CDP-8CBB;灬,鳥
20332,20332,20332,鸐,⿰⿱⿰⿹𠃌冫⿹𠃌冫隹⿹&CDP-8CBB;灬,鳥
20333,20333,20333,鸍,⿰⿱一&CDP-88D6;⿹&CDP-8CBB;灬,鳥
20334,20334,20334,鸋,⿰⿱⿱宀⿱心皿⿱一亅⿹&CDP-8CBB;灬,鳥
20335,20335,20335,鸑,⿱⿲犭言犬⿹&CDP-8CBB;灬,鳥
20336,20336,20336,鸎,⿱⿰⿱目八⿱目八⿹&CDP-8CBB;灬,鳥
20337,20337,20337,鸔,⿰⿹&CDP-8CBB;灬⿱日⿱⿱⿱⿻十丨一八⿻亅&CDP-89AE;,鳥
20338,20338,20338,鸓,⿰⿱田⿰田田⿹&CDP-8CBB;灬,鳥
20339,20339,20339,鸖,⿰⿱⿱一⿻冂&CDP-8C41;隹⿹&CDP-8CBB;灬,鳥
20340,20340,20340,鸗,⿱⿰⿱⿱&CDP-8BAE;一月&CDP-89B0;⿹&CDP-8CBB;灬,鳥
20341,20341,20341,鸕,⿰⿸⿸⿱⺊&CDP-88E2;⿻㇀乚&CDP-8CF4;⿹&CDP-8CBB;灬,鳥
20342,20342,20342,鸛,⿰⿱艹⿱⿰口口隹⿹&CDP-8CBB;灬,鳥
20343,20343,20343,鸘,⿰⿱⿱一⿻冂&CDP-8C41;⿰木目⿹&CDP-8CBB;灬,鳥
20344,20344,20344,鸙,⿰⿳⿱人一⿲口口口⿵冂⿻十丨⿹&CDP-8CBB;灬,鳥
20345,20345,20345,鸚,⿰⿱⿰⿱目八⿱目八女⿹&CDP-8CBB;灬,鳥
20346,20346,20346,鸜,⿰⿱⿰目目隹⿹&CDP-8CBB;灬,鳥
20347,20347,20347,鸞,⿱⿲⿱⿰&CDP-895C;丶小言⿱⿰&CDP-895C;丶小⿹&CDP-8CBB;灬,鳥
20348,20348,20348,鸝,⿰⿱⿰⿱一⿵冂一⿱一⿵冂一⿸&CDP-8D56;比⿹&CDP-8CBB;灬,鳥
20349,20349,20349,魚,⿳𠂊田灬,魚
20350,20350,20350,魞,⿰⿳𠂊田灬入,魚
20351,20351,20351,魛,⿰⿳𠂊田灬⿹𠃌丿,魚
20352,20352,20352,魝,⿰⿳𠂊田灬刂,魚
20353,20353,20353,魜,⿰⿳𠂊田灬人,魚
20354,20354,20354,魡,⿰⿳𠂊田灬⿹勹丶,魚
20355,20355,20355,魟,⿰⿳𠂊田灬工,魚
20356,20356,20356,魥,⿰⿳𠂊田灬及,魚
20357,20357,20357,魢,⿰⿳𠂊田灬己,魚
20358,20358,20358,魠,⿰⿳𠂊田灬⿱丿⿻㇀乚,魚
20359,20359,20359,魬,⿰⿳𠂊田灬⿸𠂆又,魚
20360,20360,20360,魴,⿰⿳𠂊田灬⿱⿱丶一&CDP-8B6C;,魚
20361,20361,20361,魵,⿰⿳𠂊田灬⿱八⿹𠃌丿,魚
20362,20362,20362,魧,⿰⿳𠂊田灬⿱⿱丶一几,魚
20363,20363,20363,魱,⿰⿳𠂊田灬⿱一彑,魚
20364,20364,20364,魪,⿰⿳𠂊田灬⿱人&CDP-8BF5;,魚
20365,20365,20365,鮔,⿰⿳𠂊田灬巨,魚
20366,20366,20366,魲,⿰⿳𠂊田灬⿱丶尸,魚
20367,20367,20367,魯,⿱⿳𠂊田灬日,魚
20368,20368,20368,魹,⿰⿳𠂊田灬⿱丿&CDP-8A43;,魚
20369,20369,20369,魩,⿰⿳𠂊田灬⿹勹&CDP-89A6;,魚
20370,20370,20370,魶,⿰⿳𠂊田灬⿻冂人,魚
20371,20371,20371,魸,⿰⿳𠂊田灬片,魚
20372,20372,20372,魮,⿰⿳𠂊田灬比,魚
20373,20373,20373,魦,⿰⿳𠂊田灬⿱小丿,魚
20374,20374,20374,魫,⿰⿳𠂊田灬冘,魚
20375,20375,20375,魨,⿰⿳𠂊田灬⿻丿⿻凵乚,魚
20376,20376,20376,魰,⿰⿳𠂊田灬⿱⿱丶一⿻丿乀,魚
20377,20377,20377,魣,⿰⿳𠂊田灬⿱龴⿱乛亅,魚
20378,20378,20378,魭,⿰⿳𠂊田灬⿱一⿱一⿰丿乚,魚
20379,20379,20379,魷,⿰⿳𠂊田灬⿺尢丶,魚
20380,20380,20380,鮐,⿰⿳𠂊田灬⿱厶口,魚
20381,20381,20381,魳,⿰⿳𠂊田灬⿱一巾,魚
20382,20382,20382,魤,⿰⿳𠂊田灬⿰亻⿻乚丿,魚
20383,20383,20383,鮁,⿰⿳𠂊田灬⿺⿸𠂇又丶,魚
20384,20384,20384,鮑,⿰⿳𠂊田灬⿹勹巳,魚
20385,20385,20385,鮅,⿰⿳𠂊田灬⿻心丿,魚
20386,20386,20386,鮊,⿰⿳𠂊田灬白,魚
20387,20387,20387,鮘,⿰⿳𠂊田灬⿰亻⿺⿻一乚丶,魚
20388,20388,20388,鮉,⿰⿳𠂊田灬⿱⿹𠃌丿口,魚
20389,20389,20389,鮗,⿰⿳𠂊田灬⿱夂⿱丶丶,魚
20390,20390,20390,鮒,⿰⿳𠂊田灬⿰亻寸,魚
20391,20391,20391,鮄,⿰⿳𠂊田灬⿻弓&CDP-8BF5;,魚
20392,20392,20392,鮕,⿰⿳𠂊田灬⿱十口,魚
20393,20393,20393,鮌,⿰⿳𠂊田灬⿱⿱丶一⿰&CDP-895C;丶,魚
20394,20394,20394,魺,⿰⿳𠂊田灬⿹⿱一亅口,魚
20395,20395,20395,魽,⿰⿳𠂊田灬甘,魚
20396,20396,20396,鮈,⿰⿳𠂊田灬⿹勹口,魚
20397,20397,20397,魿,⿰⿳𠂊田灬⿱⿱人丶龴,魚
20398,20398,20398,鮎,⿰⿳𠂊田灬⿱⺊口,魚
20399,20399,20399,鮍,⿰⿳𠂊田灬皮,魚
20400,20400,20400,鮃,⿰⿳𠂊田灬⿻干丷,魚
20401,20401,20401,魾,⿰⿳𠂊田灬⿱⿱一&CDP-8665;一,魚
20402,20402,20402,鮂,⿰⿳𠂊田灬⿴囗人,魚
20403,20403,20403,魼,⿰⿳𠂊田灬⿱⿱十一厶,魚
20404,20404,20404,鮖,⿰⿳𠂊田灬⿸⿱一丿口,魚
20405,20405,20405,鮀,⿰⿳𠂊田灬⿱宀⿺乚丿,魚
20406,20406,20406,鮇,⿰⿳𠂊田灬未,魚
20407,20407,20407,魻,⿰⿳𠂊田灬甲,魚
20408,20408,20408,鮏,⿰⿳𠂊田灬生,魚
20409,20409,20409,鮣,⿰⿳𠂊田灬⿰&CDP-8CAC;卩,魚
20410,20410,20410,鮋,⿰⿳𠂊田灬由,魚
20411,20411,20411,鮓,⿰⿳𠂊田灬乍,魚
20412,20412,20412,鮩,⿰⿳𠂊田灬⿱丷⿱一⿻一&CDP-8BF5;,魚
20413,20413,20413,鯎,⿰⿳𠂊田灬⿵戊𠃌,魚
20414,20414,20414,鮆,⿱⿰止⿺乚丿⿳𠂊田灬,魚
20415,20415,20415,鮲,⿰⿳𠂊田灬⿰亻犬,魚
20416,20416,20416,鮭,⿰⿳𠂊田灬⿱⿱十一⿱十一,魚
20417,20417,20417,鮯,⿰⿳𠂊田灬⿱⿱人一口,魚
20418,20418,20418,鮰,⿰⿳𠂊田灬⿴囗口,魚
20419,20419,20419,鮜,⿰⿳𠂊田灬⿸⿸𠂆一口,魚
20420,20420,20420,鮚,⿰⿳𠂊田灬⿱⿱十一口,魚
20421,20421,20421,鮫,⿰⿳𠂊田灬⿱⿱丶一⿱八⿻丿乀,魚
20422,20422,20422,鮳,⿰⿳𠂊田灬⿸耂⿱一㇉,魚
20423,20423,20423,鮬,⿰⿳𠂊田灬⿱⿻一人⿱一⿱一㇉,魚
20424,20424,20424,鮤,⿱⿰⿱一⿴𠂊丶刂⿳𠂊田灬,魚
20425,20425,20425,鮥,⿰⿳𠂊田灬⿱夂口,魚
20426,20426,20426,鮱,⿰⿳𠂊田灬⿸耂⿺乚丿,魚
20427,20427,20427,鮙,⿰⿳𠂊田灬⿰⿹𠃌冫⿹𠃌冫,魚
20428,20428,20428,鯏,⿰⿳𠂊田灬⿰⿱丿木刂,魚
20429,20429,20429,鮸,⿰⿳𠂊田灬⿱𠂊&CDP-8BCB;,魚
20430,20430,20430,鯅,⿰⿳𠂊田灬⿺廴⿱丿&CDP-8960;,魚
20431,20431,20431,鮛,⿰⿳𠂊田灬⿱⿱⺊一小,魚
20432,20432,20432,鯈,⿰&CDP-8B7A;⿱夂⿳𠂊田灬,魚
20433,20433,20433,鮦,⿰⿳𠂊田灬⿵⿵冂一口,魚
20434,20434,20434,鮠,⿰⿳𠂊田灬⿸⿱𠂊厂㔾,魚
20435,20435,20435,鮪,⿰⿳𠂊田灬⿸𠂇月,魚
20436,20436,20436,鮴,⿰⿳𠂊田灬⿰亻木,魚
20437,20437,20437,鮮,⿰⿳𠂊田灬⿱⿱丷一&CDP-8BF1;,魚
20438,20438,20438,鮝,⿱⿱丷⿻⿱一一人⿳𠂊田灬,魚
20439,20439,20439,鮨,⿰⿳𠂊田灬⿱⿺乚丿日,魚
20440,20440,20440,鮧,⿰⿳𠂊田灬⿻⿻一人弓,魚
20441,20441,20441,鮡,⿰⿳𠂊田灬兆,魚
20442,20442,20442,鮢,⿰⿳𠂊田灬朱,魚
20443,20443,20443,鮺,⿸⿱⿱丷一&CDP-8BF1;⿳𠂊田灬,魚
20444,20444,20444,鮞,⿰⿳𠂊田灬⿱一⿱丿⿵冂⿰丨丨,魚
20445,20445,20445,鮟,⿰⿳𠂊田灬⿱宀女,魚
20446,20446,20446,鯁,⿰⿳𠂊田灬⿱一&CDP-89E7;,魚
20447,20447,20447,鯀,⿰⿳𠂊田灬⿱丿⿱⿰&CDP-895C;丶小,魚
20448,20448,20448,鯇,⿰⿳𠂊田灬⿱宀⿱一⿱一⿰丿乚,魚
20449,20449,20449,鯽,⿰⿳𠂊田灬⿰&CDP-8B7C;卩,魚
20450,20450,20450,鮶,⿰⿳𠂊田灬⿸⿻&CDP-8BAB;丿口,魚
20451,20451,20451,鯌,⿰⿳𠂊田灬⿱⿰丿土口,魚
20452,20452,20452,鯉,⿰⿳𠂊田灬⿱&CDP-8BD9;一,魚
20453,20453,20453,鯍,⿰⿳𠂊田灬⿱⿻一厶⿴⿰丿乚丨,魚
20454,20454,20454,鮾,⿰⿳𠂊田灬⿱⿱丿𭕄女,魚
20455,20455,20455,鯆,⿰⿳𠂊田灬⿺&CDP-86B7;丶,魚
20456,20456,20456,鯄,⿰⿳𠂊田灬⿺&CDP-85DC;丶,魚
20457,20457,20457,鮼,⿰⿳𠂊田灬⿳&CDP-8BAB;冖又,魚
20458,20458,20458,鯊,⿱⿰氵⿱小丿⿳𠂊田灬,魚
20459,20459,20459,鯋,⿰⿳𠂊田灬⿰氵⿱小丿,魚
20460,20460,20460,鮹,⿰⿳𠂊田灬⿱⺌月,魚
20461,20461,20461,鯓,⿰⿳𠂊田灬身,魚
20462,20462,20462,鮻,⿰⿳𠂊田灬⿳厶八夂,魚
20463,20463,20463,鯂,⿰⿳𠂊田灬酉,魚
20464,20464,20464,鮵,⿰⿳𠂊田灬⿱丷⿱口⿰丿乚,魚
20465,20465,20465,鮷,⿰⿳𠂊田灬⿱丷⿹⿻弓丨丿,魚
20466,20466,20466,鯃,⿰⿳𠂊田灬⿱⿱一𫝀口,魚
20467,20467,20467,鯗,⿱⿱⿱丷一⿻⿱一一人⿳𠂊田灬,魚
20468,20468,20468,鯑,⿰⿳𠂊田灬⿱㐅⿸𠂇巾,魚
20469,20469,20469,鮽,⿰⿳𠂊田灬⿱⿱人一朩,魚
20470,20470,20470,鯒,⿰⿳𠂊田灬⿱龴⿵冂&CDP-8BF1;,魚
20471,20471,20471,鮿,⿰⿳𠂊田灬⿸耳𠃊,魚
20472,20472,20472,鯐,⿰⿳𠂊田灬⿱⿱十一龰,魚
20473,20473,20473,鯙,⿰⿳𠂊田灬⿳⿱丶一口子,魚
20474,20474,20474,鯧,⿰⿳𠂊田灬⿱日日,魚
20475,20475,20475,鯛,⿰⿳𠂊田灬⿵⺆⿱⿱十一口,魚
20476,20476,20476,鯟,⿰⿳𠂊田灬東,魚
20477,20477,20477,鯳,⿰⿳𠂊田灬⿸广⿱氏丶,魚
20478,20478,20478,鯡,⿰⿳𠂊田灬非,魚
20479,20479,20479,鯝,⿰⿳𠂊田灬⿴囗⿱十口,魚
20480,20480,20480,鯱,⿰⿳𠂊田灬⿸⿸⿱⺊&CDP-88E2;⿻㇀乚几,魚
20481,20481,20481,鯚,⿰⿳𠂊田灬⿱⿱丿木子,魚
20482,20482,20482,鯩,⿰⿳𠂊田灬⿱⿱人一⿵冂⿻十丨,魚
20483,20483,20483,鰏,⿰⿳𠂊田灬⿱⿱一口田,魚
20484,20484,20484,鯦,⿰⿳𠂊田灬⿱⿺夂卜口,魚
20485,20485,20485,鰎,⿰⿳𠂊田灬⿺廴⿻⿻&CDP-8BAB;丨⿱一一,魚
20486,20486,20486,鯨,⿰⿳𠂊田灬⿳⿱丶一口小,魚
20487,20487,20487,鯤,⿰⿳𠂊田灬⿱日比,魚
20488,20488,20488,鯠,⿰⿳𠂊田灬⿻木⿰人人,魚
20489,20489,20489,鯬,⿱⿰⿱丿木&CDP-8DC9;⿳𠂊田灬,魚
20490,20490,20490,鯪,⿰⿳𠂊田灬⿳⿱十一八夂,魚
20491,20491,20491,鯥,⿰⿳𠂊田灬⿱⿱⿱十一⿰丿乚⿱十一,魚
20492,20492,20492,鯭,⿰⿳𠂊田灬⿱子皿,魚
20493,20493,20493,鯰,⿰⿳𠂊田灬⿱⿱⿱人丶㇇心,魚
20494,20494,20494,鯢,⿰⿳𠂊田灬⿱臼⿰丿乚,魚
20495,20495,20495,鯘,⿰⿳𠂊田灬⿱⿱丿木女,魚
20496,20496,20496,鯜,⿰⿳𠂊田灬⿱⿱&CDP-8BAE;一女,魚
20497,20497,20497,鯕,⿰⿳𠂊田灬⿱&CDP-8B72;八,魚
20498,20498,20498,鯖,⿰⿳𠂊田灬⿱龶月,魚
20499,20499,20499,鰙,⿰⿳𠂊田灬⿱艹⿸𠂇口,魚
20500,20500,20500,鯵,⿰⿳𠂊田灬⿳厶⿻一人彡,魚
20501,20501,20501,鯴,⿰⿳𠂊田灬⿹⺄⿱丿虫,魚
20502,20502,20502,鯣,⿰⿳𠂊田灬⿱日⿹勹&CDP-89A6;,魚
20503,20503,20503,鯲,⿰⿳𠂊田灬⿰⿱⿱丶一&CDP-8B6C;⿱人⿱丶丶,魚
20504,20504,20504,鯯,⿰⿳𠂊田灬⿰&CDP-89EC;刂,魚
20505,20505,20505,鯺,⿰⿳𠂊田灬⿸耂日,魚
20506,20506,20506,鯞,⿰⿳𠂊田灬⿳彐冖巾,魚
20507,20507,20507,鯔,⿰⿳𠂊田灬⿱⿲𡿨𡿨𡿨田,魚
20508,20508,20508,鯮,⿰⿳𠂊田灬⿱宀示,魚
20509,20509,20509,鯫,⿰⿳𠂊田灬⿰耳又,魚
20510,20510,20510,鯾,⿰⿳𠂊田灬⿰亻⿱一&CDP-89E7;,魚
20511,20511,20511,鯿,⿰⿳𠂊田灬⿸⿱丶尸⿵冂⿻十丨,魚
20512,20512,20512,鰖,⿰⿳𠂊田灬&CDP-8CA9;,魚
20513,20513,20513,鰹,⿰⿳𠂊田灬⿱⿰臣又⿱十一,魚
20514,20514,20514,鰶,⿰⿳𠂊田灬⿱&CDP-8C4F;示,魚
20515,20515,20515,鱇,⿰⿳𠂊田灬⿸广隶,魚
20516,20516,20516,鰆,⿰⿳𠂊田灬⿱⿻⿱一⿱一一人日,魚
20517,20517,20517,鰈,⿰⿳𠂊田灬⿱世木,魚
20518,20518,20518,鰒,⿰⿳𠂊田灬⿳𠂉日夂,魚
20519,20519,20519,鯶,⿰⿳𠂊田灬⿱冖車,魚
20520,20520,20520,鰀,⿰⿳𠂊田灬⿳⿱丿𭕄一⿸𠂇又,魚
20521,20521,20521,鰉,⿰⿳𠂊田灬⿱白⿱一⿱十一,魚
20522,20522,20522,鯸,⿰⿳𠂊田灬⿰亻&CDP-8BC7;,魚
20523,20523,20523,鰗,⿰⿳𠂊田灬⿰⿱十口月,魚
20524,20524,20524,鰔,⿰⿳𠂊田灬⿵⿵戊一口,魚
20525,20525,20525,鱀,⿱⿰&CDP-8B7C;旡⿳𠂊田灬,魚
20526,20526,20526,鰊,⿰⿳𠂊田灬柬,魚
20527,20527,20527,鯻,⿰⿳𠂊田灬⿰束刂,魚
20528,20528,20528,鰌,⿰⿳𠂊田灬⿱丷酉,魚
20529,20529,20529,鰍,⿰⿳𠂊田灬⿰⿱丿木⿱八人,魚
20530,20530,20530,鰁,⿰⿳𠂊田灬⿱白⿲㇇亅&CDP-85BF;,魚
20531,20531,20531,鰇,⿰⿳𠂊田灬⿱⿱龴⿹⿱乛亅丿木,魚
20532,20532,20532,鰘,⿰⿳𠂊田灬⿱宀⿱⿱一厶⿱十一,魚
20533,20533,20533,鰰,⿰⿳𠂊田灬⿰礻申,魚
20534,20534,20534,鰓,⿰⿳𠂊田灬⿱田心,魚
20535,20535,20535,鰠,⿰⿳𠂊田灬⿱⿴又丶虫,魚
20536,20536,20536,鯷,⿰⿳𠂊田灬⿱日⿱一龰,魚
20537,20537,20537,鰃,⿰⿳𠂊田灬⿳田一&CDP-8CC6;,魚
20538,20538,20538,鰄,⿰⿳𠂊田灬⿵⿵戊一女,魚
20539,20539,20539,鰛,⿰⿳𠂊田灬⿱日皿,魚
20540,20540,20540,鰕,⿰⿳𠂊田灬⿰&CDP-8C7A;&CDP-8C79;,魚
20541,20541,20541,鰚,⿰⿳𠂊田灬⿱宀⿱一⿱日一,魚
20542,20542,20542,鯹,⿰⿳𠂊田灬⿱日生,魚
20543,20543,20543,鰑,⿰⿳𠂊田灬⿱⿱日一⿹勹&CDP-89A6;,魚
20544,20544,20544,鰅,⿰⿳𠂊田灬禺,魚
20545,20545,20545,鰋,⿰⿳𠂊田灬⿷匚⿱日女,魚
20546,20546,20546,鰂,⿰⿳𠂊田灬⿰⿱目八刂,魚
20547,20547,20547,鰦,⿰⿳𠂊田灬⿱⿱丷一⿰⿰&CDP-895C;丶⿰&CDP-895C;丶,魚
20548,20548,20548,鯼,⿰⿳𠂊田灬⿳⿶凵㐅八夂,魚
20549,20549,20549,鰐,⿰⿳𠂊田灬⿱⿰口口⿱一⿱一㇉,魚
20550,20550,20550,鰥,⿰⿳𠂊田灬⿱罒&CDP-8977;,魚
20551,20551,20551,鰝,⿰⿳𠂊田灬⿳⿱丶一口⿵冂口,魚
20552,20552,20552,鰜,⿰⿳𠂊田灬⿱⿱丷一&CDP-8CDE;,魚
20553,20553,20553,鰱,⿰⿳𠂊田灬⿺辶車,魚
20554,20554,20554,鰡,⿰⿳𠂊田灬⿱&CDP-8C69;田,魚
20555,20555,20555,鰢,⿰⿳𠂊田灬⿹&CDP-896A;灬,魚
20556,20556,20556,鰟,⿰⿳𠂊田灬⿱&CDP-8BEC;⿱⿱丶一&CDP-8B6C;,魚
20557,20557,20557,鰬,⿰⿳𠂊田灬⿸⿸⿱⺊&CDP-88E2;⿻㇀乚⿱⿱丶一⿻丿乀,魚
20558,20558,20558,鰭,⿰⿳𠂊田灬⿱⿸耂⿺乚丿日,魚
20559,20559,20559,鰯,⿰⿳𠂊田灬⿰&CDP-8CC4;&CDP-8CC4;,魚
20560,20560,20560,鰣,⿰⿳𠂊田灬⿰日⿱⿱十一寸,魚
20561,20561,20561,鰤,⿰⿳𠂊田灬⿰⿱丿㠯⿱一巾,魚
20562,20562,20562,鰷,⿰⿳𠂊田灬⿰&CDP-8B7A;⿱夂朩,魚
20563,20563,20563,鰧,⿰月⿱⿱丷⿻⿱一一人⿳𠂊田灬,魚
20564,20564,20564,鰨,⿰⿳𠂊田灬⿱日⿰⿹𠃌冫⿹𠃌冫,魚
20565,20565,20565,鰮,⿰⿳𠂊田灬⿱⿴囗人皿,魚
20566,20566,20566,鰞,⿰⿳𠂊田灬⿹&CDP-89DF;灬,魚
20567,20567,20567,鱃,⿰⿳𠂊田灬⿸⿱⿱丷一&CDP-8BF1;丑,魚
20568,20568,20568,鰩,⿰⿳𠂊田灬⿱⿱丿𭕄缶,魚
20569,20569,20569,鰫,⿰⿳𠂊田灬⿱宀谷,魚
20570,20570,20570,鱁,⿰⿳𠂊田灬⿺辶⿱一𧰨,魚
20571,20571,20571,鰲,⿱⿰⿱龶&CDP-8B6C;攵⿳𠂊田灬,魚
20572,20572,20572,鰪,⿰⿳𠂊田灬⿱⿱⿱十一厶皿,魚
20573,20573,20573,鱉,⿱⿰⿻丷⿻巾八攵⿳𠂊田灬,魚
20574,20574,20574,鱑,⿰⿳𠂊田灬⿳⿱⿻十丨一由八,魚
20575,20575,20575,鱂,⿰⿳𠂊田灬⿰爿&CDP-8BC3;,魚
20576,20576,20576,鰿,⿰⿳𠂊田灬⿱龶⿱目八,魚
20577,20577,20577,鰳,⿰⿳𠂊田灬⿰革⿻丿𠃌,魚
20578,20578,20578,鰻,⿰⿳𠂊田灬⿳日罒又,魚
20579,20579,20579,鰵,⿱⿰⿱𠂉母攵⿳𠂊田灬,魚
20580,20580,20580,鰾,⿰⿳𠂊田灬⿱⿱一&CDP-86EA;示,魚
20581,20581,20581,鰽,⿰⿳𠂊田灬⿱&CDP-8D61;日,魚
20582,20582,20582,鰸,⿰⿳𠂊田灬⿷匚⿱口⿰口口,魚
20583,20583,20583,鱋,⿰⿳𠂊田灬⿸⿸⿱⺊&CDP-88E2;⿻㇀乚⿱&CDP-85F0;一,魚
20584,20584,20584,鰺,⿰⿳𠂊田灬⿱⿱⿱厶⿰厶厶人彡,魚
20585,20585,20585,鱌,⿰⿳𠂊田灬⿳𠂊⿴囗丨𧰨,魚
20586,20586,20586,鱜,⿰⿳𠂊田灬⿰乡⿰&CDP-8C42;阝,魚
20587,20587,20587,鱈,⿰⿳𠂊田灬⿱⿱一⿻冂&CDP-8C41;彐,魚
20588,20588,20588,鰼,⿰⿳𠂊田灬⿱⿰⿹𠃌冫⿹𠃌冫白,魚
20589,20589,20589,鱅,⿰⿳𠂊田灬⿸广⿻⿻&CDP-8BAB;丨月,魚
20590,20590,20590,鱄,⿰⿳𠂊田灬⿱&CDP-8BD0;寸,魚
20591,20591,20591,鱦,⿰⿳𠂊田灬黽,魚
20592,20592,20592,鱆,⿰⿳𠂊田灬⿱⿱&CDP-8BAE;一⿱日十,魚
20593,20593,20593,鱍,⿰⿳𠂊田灬⿱⿰&CDP-88D3;&CDP-88D5;⿰弓⿱𠘧又,魚
20594,20594,20594,鱝,⿰⿳𠂊田灬⿱⿱十⿻一&CDP-8BF5;⿱目八,魚
20595,20595,20595,鱕,⿰⿳𠂊田灬⿱⿱丿米田,魚
20596,20596,20596,鱖,⿰⿳𠂊田灬⿸厂⿰⿱⿱丷一⿻凵丨欠,魚
20597,20597,20597,鱎,⿰⿳𠂊田灬⿱⿱⿱丿⿻一人口⿵冂口,魚
20598,20598,20598,鱗,⿰⿳𠂊田灬⿱米⿰⿴𠂊丶㐄,魚
20599,20599,20599,鱪,⿰⿳𠂊田灬⿱日⿸耂日,魚
20600,20600,20600,鱓,⿰⿳𠂊田灬⿱⿰口口&CDP-8BD9;,魚
20601,20601,20601,鱔,⿰⿳𠂊田灬⿱⿱⿱⿱丷一&CDP-8BF1;⿱丷一口,魚
20602,20602,20602,鱏,⿰⿳𠂊田灬⿱⿱一&CDP-86EA;⿱日十,魚
20603,20603,20603,鱘,⿰⿳𠂊田灬⿳彐&CDP-8CFA;寸,魚
20604,20604,20604,鱚,⿰⿳𠂊田灬⿱⿱十豆口,魚
20605,20605,20605,鱙,⿰⿳𠂊田灬⿱⿱⿱十一⿰⿱十一⿱十一⿱一⿰丿乚,魚
20606,20606,20606,鱊,⿰⿳𠂊田灬⿱⿱龴⿹⿱乛亅丿⿵冂⿱八口,魚
20607,20607,20607,鱛,⿰⿳𠂊田灬⿱丷⿱&CDP-8B62;日,魚
20608,20608,20608,鱒,⿰⿳𠂊田灬⿱⿱丷酉寸,魚
20609,20609,20609,鱥,⿰⿳𠂊田灬⿱止&CDP-8CB3;,魚
20610,20610,20610,鱞,⿰⿳𠂊田灬⿳罒⿱一口𧘇,魚
20611,20611,20611,鱤,⿰⿳𠂊田灬⿱⿵⿵戊一口心,魚
20612,20612,20612,鱟,⿱⿶&CDP-8B64;⿱㐅⿻丿乀⿳𠂊田灬,魚
20613,20613,20613,鱯,⿰⿳𠂊田灬⿱艹⿱隹又,魚
20614,20614,20614,鱠,⿰⿳𠂊田灬⿱⿱人一⿱&CDP-8B62;日,魚
20615,20615,20615,鱩,⿰⿳𠂊田灬⿱⿱一⿻冂&CDP-8C41;田,魚
20616,20616,20616,鱧,⿰⿳𠂊田灬⿱曲豆,魚
20617,20617,20617,鱰,⿰⿳𠂊田灬⿱罒⿸耂日,魚
20618,20618,20618,鱐,⿰⿳𠂊田灬肅,魚
20619,20619,20619,鱢,⿰⿳𠂊田灬⿱⿱口⿰口口木,魚
20620,20620,20620,鱮,⿰⿳𠂊田灬⿶&CDP-8BA8;&CDP-8BC2;,魚
20621,20621,20621,鱣,⿰⿳𠂊田灬⿱⿱⿱丶一⿴囗口⿱日一,魚
20622,20622,20622,鱡,⿰⿳𠂊田灬⿰⿱目八⿹⿻⿺⿻一乚丶丿𠂇,魚
20623,20623,20623,鱫,⿰⿳𠂊田灬⿱&CDP-8BB8;⿱心夂,魚
20624,20624,20624,鱨,⿰⿳𠂊田灬⿱⿱⿱⺌冖口⿱⿺乚丿日,魚
20625,20625,20625,鱭,⿰⿳𠂊田灬⿱&CDP-8DEB;&CDP-89C6;,魚
20626,20626,20626,鱱,⿰⿳𠂊田灬⿸厂⿱艹禺,魚
20627,20627,20627,鱴,⿰⿳𠂊田灬⿱⿱艹罒⿵戊丶,魚
20628,20628,20628,鱬,⿰⿳𠂊田灬⿱⿱一⿻冂&CDP-8C41;⿱一⿱丿⿵冂⿰丨丨,魚
20629,20629,20629,鱶,⿰⿳𠂊田灬⿱⿱⿱丷一⿱十一⿱人⿱丶艮,魚
20630,20630,20630,鱲,⿰⿳𠂊田灬⿳⿲𡿨𡿨𡿨⿴囗㐅&CDP-8D46;,魚
20631,20631,20631,鱳,⿰⿳𠂊田灬⿱&CDP-8BF4;木,魚
20632,20632,20632,鱵,⿰⿳𠂊田灬⿱竹⿵⿵戊一口,魚
20633,20633,20633,鱸,⿰⿳𠂊田灬⿸⿸⿱⺊&CDP-88E2;⿻㇀乚&CDP-8CF4;,魚
20634,20634,20634,鱷,⿰⿳𠂊田灬⿱&CDP-8554;一,魚
20635,20635,20635,鱹,⿰⿳𠂊田灬⿱艹⿱⿰口口隹,魚
20636,20636,20636,鰴,⿲彳⿳山一⿳𠂊田灬攵,魚
20637,20637,20637,鱺,⿰⿳𠂊田灬⿱⿰⿱一⿵冂一⿱一⿵冂一⿸&CDP-8D56;比,魚
20638,20638,20638,鱻,⿱⿳𠂊田灬⿰⿳𠂊田灬⿳𠂊田灬,魚
20639,20639,20639,鼎,⿶&CDP-89EE;目,鼎
20640,20640,20640,鼑,⿱⺊⿶&CDP-89EE;目,鼎
20641,20641,20641,鼏,⿱冖⿶&CDP-89EE;目,鼎
20642,20642,20642,鼐,⿱⿹𠄎丿⿶&CDP-89EE;目,鼎
20643,20643,20643,鼒,⿱才⿶&CDP-89EE;目,鼎
20644,20644,20644,黑,⿱&CDP-88D4;灬,黑
20645,20645,20645,黙,⿱⿰⿱&CDP-8BD9;一犬灬,黑
20646,20646,20646,黓,⿰⿱&CDP-88D4;灬⿺⿻一乚丶,黑
20647,20647,20647,黕,⿰⿱&CDP-88D4;灬冘,黑
20648,20648,20648,默,⿰⿱&CDP-88D4;灬犬,黑
20649,20649,20649,黔,⿰⿱&CDP-88D4;灬⿱⿱人丶㇇,黑
20650,20650,20650,黗,⿰⿱&CDP-88D4;灬⿻丿⿻凵乚,黑
20651,20651,20651,黖,⿰⿱&CDP-88D4;灬旡,黑
20652,20652,20652,黜,⿰⿱&CDP-88D4;灬⿱⿻凵丨凵,黑
20653,20653,20653,點,⿰⿱&CDP-88D4;灬⿱⺊口,黑
20654,20654,20654,黛,⿱⿰亻⿺⿻一乚丶⿱&CDP-88D4;灬,黑
20655,20655,20655,黚,⿰⿱&CDP-88D4;灬甘,黑
20656,20656,20656,黡,⿸⿸厂犬⿱&CDP-88D4;灬,黑
20657,20657,20657,黝,⿰⿱&CDP-88D4;灬⿰⿰&CDP-895C;丶⿻丿𠃌,黑
20658,20658,20658,黠,⿰⿱&CDP-88D4;灬⿱⿱十一口,黑
20659,20659,20659,黟,⿰⿱&CDP-88D4;灬⿱⿴𠂊丶⿴𠂊丶,黑
20660,20660,20660,黣,⿰⿱&CDP-88D4;灬⿱𠂉母,黑
20661,20661,20661,黢,⿰⿱&CDP-88D4;灬⿳厶八夂,黑
20662,20662,20662,黦,⿰⿱&CDP-88D4;灬⿱宀⿰⿴𠂊丶㔾,黑
20663,20663,20663,黪,⿰⿱&CDP-88D4;灬⿳厶⿻一人彡,黑
20664,20664,20664,黩,⿰⿱&CDP-88D4;灬⿱十⿱乛头,黑
20665,20665,20665,黨,⿱⿱⿱⺌冖口⿱&CDP-88D4;灬,黑
20666,20666,20666,黧,⿱⿰⿱丿木&CDP-8DC9;⿱&CDP-88D4;灬,黑
20667,20667,20667,黥,⿰⿱&CDP-88D4;灬⿳⿱丶一口小,黑
20668,20668,20668,黤,⿰⿱&CDP-88D4;灬⿱⿻一人⿻日乚,黑
20669,20669,20669,黮,⿰⿱&CDP-88D4;灬⿱&CDP-88C8;⿷匚⿰丿乚,黑
20670,20670,20670,黫,⿰⿱&CDP-88D4;灬⿱⿱一&CDP-86EA;⿱十一,黑
20671,20671,20671,黬,⿰⿱&CDP-88D4;灬⿵⿵戊一口,黑
20672,20672,20672,黭,⿰⿱&CDP-88D4;灬⿱⿱⿱人一口⿻一&CDP-8BF5;,黑
20673,20673,20673,黯,⿰⿱&CDP-88D4;灬⿱⿱&CDP-8BAE;一日,黑
20674,20674,20674,黱,⿰月⿱⿱丷⿻⿱一一人⿱&CDP-88D4;灬,黑
20675,20675,20675,黰,⿰⿱&CDP-88D4;灬⿱十⿱&CDP-8BA5;八,黑
20676,20676,20676,黲,⿰⿱&CDP-88D4;灬⿱⿱⿱厶⿰厶厶人彡,黑
20677,20677,20677,黴,⿰彳⿰⿳山一⿱&CDP-88D4;灬攵,黑
20678,20678,20678,黳,⿱⿰⿷匚⿱𠂉⿻一人⿱𠘧又⿱&CDP-88D4;灬,黑
20679,20679,20679,黵,⿰⿱&CDP-88D4;灬⿸⿱𠂊厂&CDP-8CC3;,黑
20680,20680,20680,黶,⿸⿸厂⿰⿱⿵冂⿱一一月犬⿱&CDP-88D4;灬,黑
20681,20681,20681,黷,⿰⿱&CDP-88D4;灬⿱⿱十一⿱罒⿱目八,黑
20682,20682,20682,黸,⿰⿱&CDP-88D4;灬⿸⿸⿱⺊&CDP-88E2;⿻㇀乚&CDP-8CF4;,黑
20683,20683,20683,黽,黽,黽
20684,20684,20684,鼋,⿱⿱一⿱一⿰丿乚⿱口⿻日乚,黽
20685,20685,20685,鼌,⿱⿱日一⿱口⿻日乚,黽
20686,20686,20686,黿,⿱⿱一⿱一⿰丿乚黽,黽
20687,20687,20687,鼂,⿱⿱日一黽,黽
20688,20688,20688,鼀,⿱⿱⿱十一⿰丿乚黽,黽
20689,20689,20689,鼁,⿱⿱⿱十一厶黽,黽
20690,20690,20690,鼃,⿱⿱⿱十一⿱十一黽,黽
20691,20691,20691,鼄,⿱朱黽,黽
20692,20692,20692,鼍,⿱&CDP-8DAE;⿱口⿻日乚,黽
20693,20693,20693,鼅,⿱⿰⿱𠂉⿻一人口黽,黽
20694,20694,20694,鼆,⿰⿱冖⿱日⿱⿱丶一八黽,黽
20695,20695,20695,鼇,⿱⿰⿱龶&CDP-8B6C;攵黽,黽
20696,20696,20696,鼈,⿱⿰⿻丷⿻巾八攵黽,黽
20697,20697,20697,鼉,⿱&CDP-8DAE;黽,黽
20698,20698,20698,鼊,⿱⿰⿸尸口⿱⿱&CDP-8BAE;一十黽,黽
20699,20699,20699,黍,⿱⿱丿木&CDP-8D71;,黍
20700,20700,20700,黎,⿱⿰⿱丿木&CDP-8DC9;&CDP-8D71;,黍
20701,20701,20701,黏,⿰⿱⿱丿木&CDP-8D71;⿱⺊口,黍
20702,20702,20702,黐,⿰⿱⿱丿木&CDP-8D71;⿱⿱⿱丶一⿶凵㐅⿻冂厶,黍
20703,20703,20703,黹,⿱⿱&CDP-85F0;一⿻丷⿻巾八,黹
20704,20704,20704,黺,⿰⿱⿱&CDP-85F0;一⿻丷⿻巾八⿱八⿹𠃌丿,黹
20705,20705,20705,黻,⿰⿱⿱&CDP-85F0;一⿻丷⿻巾八⿺⿸𠂇又丶,黹
20706,20706,20706,黼,⿰⿱⿱&CDP-85F0;一⿻丷⿻巾八⿺&CDP-86B7;丶,黹
20707,20707,20707,鼓,⿰⿱十豆⿱十又,鼓
20708,20708,20708,鼔,⿰⿱十豆⿱⺊又,鼓
20709,20709,20709,鼕,⿱⿰⿱十豆⿱十又⿱夂⿱丶丶,鼓
20710,20710,20710,鼖,⿱⿱十⿻一&CDP-8BF5;⿰⿱十豆⿱十又,鼓
20711,20711,20711,鼗,⿱兆⿰⿱十豆⿱十又,鼓
20712,20712,20712,鼚,⿱⿰⿱十豆⿱十又⿳&CDP-884A;一&CDP-8CC6;,鼓
20713,20713,20713,鼛,⿱⿰⿱十豆⿱十又⿱⿺夂卜口,鼓
20714,20714,20714,鼙,⿱⿰⿱十豆⿱十又⿱&CDP-89BE;十,鼓
20715,20715,20715,鼜,⿱⿰⿱十豆⿱十又⿱⿴又丶虫,鼓
20716,20716,20716,鼘,⿱⿰⿱十豆⿱十又⿴&CDP-89CD;一,鼓
20717,20717,20717,鼞,⿱⿰⿱十豆⿱十又⿱⿱⿱⺌冖口⿱十一,鼓
20718,20718,20718,鼟,⿱⿰⿱十豆⿱十又⿱⿰&CDP-88D3;&CDP-88D5;豆,鼓
20719,20719,20719,鼝,⿱⿰氵⿴&CDP-89CD;一⿰⿱十豆⿱十又,鼓
20720,20720,20720,鼠,⿱臼&CDP-8D46;,鼠
20721,20721,20721,鼣,⿰⿱臼&CDP-8D46;犬,鼠
20722,20722,20722,鼢,⿰⿱臼&CDP-8D46;⿱八⿹𠃌丿,鼠
20723,20723,20723,鼤,⿰⿱臼&CDP-8D46;⿱⿱丶一⿻丿乀,鼠
20724,20724,20724,鼥,⿰⿱臼&CDP-8D46;⿺⿸𠂇又丶,鼠
20725,20725,20725,鼦,⿰⿱臼&CDP-8D46;⿱⿹𠃌丿口,鼠
20726,20726,20726,鼩,⿰⿱臼&CDP-8D46;⿹勹口,鼠
20727,20727,20727,鼫,⿰⿱臼&CDP-8D46;⿸⿱一丿口,鼠
20728,20728,20728,鼪,⿰⿱臼&CDP-8D46;生,鼠
20729,20729,20729,鼧,⿰⿱臼&CDP-8D46;⿱宀⿺乚丿,鼠
20730,20730,20730,鼬,⿰⿱臼&CDP-8D46;由,鼠
20731,20731,20731,鼨,⿰⿱臼&CDP-8D46;⿱夂⿱丶丶,鼠
20732,20732,20732,鼭,⿰⿱臼&CDP-8D46;⿱⿱十一寸,鼠
20733,20733,20733,鼮,⿰⿱臼&CDP-8D46;⿺廴⿱丿⿱十一,鼠
20734,20734,20734,鼰,⿰⿱臼&CDP-8D46;⿱目八,鼠
20735,20735,20735,鼯,⿰⿱臼&CDP-8D46;⿱⿱一𫝀口,鼠
20736,20736,20736,鼱,⿰⿱臼&CDP-8D46;⿱龶月,鼠
20737,20737,20737,鼲,⿰⿱臼&CDP-8D46;⿱冖車,鼠
20738,20738,20738,鼳,⿰⿱臼&CDP-8D46;⿱目犬,鼠
20739,20739,20739,鼵,⿰⿱臼&CDP-8D46;⿱⿱宀八犬,鼠
20740,20740,20740,鼴,⿰⿱臼&CDP-8D46;⿷匚⿱日女,鼠
20741,20741,20741,鼶,⿰⿱臼&CDP-8D46;⿸𠂆⿸⿸⿱⺊&CDP-88E2;⿻㇀乚几,鼠
20742,20742,20742,鼸,⿰⿱臼&CDP-8D46;⿱⿱丷一&CDP-8CDE;,鼠
20743,20743,20743,鼷,⿰⿱臼&CDP-8D46;⿱⿱丿𭕄⿱⿰&CDP-895C;丶⿻一人,鼠
20744,20744,20744,鼹,⿰⿱臼&CDP-8D46;⿱日⿱宀女,鼠
20745,20745,20745,鼺,⿰⿱臼&CDP-8D46;⿱田⿰田田,鼠
20746,20746,20746,鼻,⿱自⿱田⿱一&CDP-8BF5;,鼻
20747,20747,20747,鼽,⿰⿱自⿱田⿱一&CDP-8BF5;九,鼻
20748,20748,20748,鼼,⿰⿱自⿱田⿱一&CDP-8BF5;丩,鼻
20749,20749,20749,鼾,⿰⿱自⿱田⿱一&CDP-8BF5;干,鼻
20750,20750,20750,鼿,⿰⿱自⿱田⿱一&CDP-8BF5;⿱一⿰丿乚,鼻
20751,20751,20751,齀,⿰⿱自⿱田⿱一&CDP-8BF5;瓦,鼻
20752,20752,20752,齁,⿰⿱自⿱田⿱一&CDP-8BF5;⿹勹口,鼻
20753,20753,20753,齂,⿰⿱自⿱田⿱一&CDP-8BF5;隶,鼻
20754,20754,20754,齄,⿰⿱自⿱田⿱一&CDP-8BF5;⿱木⿱日一,鼻
20755,20755,20755,齃,⿰⿱自⿱田⿱一&CDP-8BF5;⿱日⿹勹⿺𠃊人,鼻
20756,20756,20756,齆,⿰⿱自⿱田⿱一&CDP-8BF5;⿱⿲𡿨𡿨𡿨⿱口巴,鼻
20757,20757,20757,齅,⿰⿱自⿱田⿱一&CDP-8BF5;⿱自犬,鼻
20758,20758,20758,齇,⿰⿱自⿱田⿱一&CDP-8BF5;⿸⿸⿱⺊&CDP-88E2;⿻㇀乚且,鼻
20759,20759,20759,齈,⿰⿱自⿱田⿱一&CDP-8BF5;⿱曲⿸厂⿱⿱一一&CDP-8CC6;,鼻
20760,20760,20760,齉,⿰⿱自⿱田⿱一&CDP-8BF5;⿳&CDP-8DDD;冖⿱&CDP-8CA3;𧘇,鼻
20761,20761,20761,齊,⿱&CDP-8DEB;&CDP-89C6;,齊
20762,20762,20762,齋,⿵⿱&CDP-8DEB;&CDP-89C6;小,齊
20763,20763,20763,齌,⿵⿱&CDP-8DEB;&CDP-89C6;⿱八人,齊
20764,20764,20764,齍,⿱⿱&CDP-8DEB;&CDP-89C6;皿,齊
20765,20765,20765,齎,⿵⿱&CDP-8DEB;&CDP-89C6;⿱目八,齊
20766,20766,20766,齏,⿵⿱&CDP-8DEB;&CDP-89C6;⿱非一,齊
20767,20767,20767,齒,⿱止⿶凵⿳⿰人人一⿰人人,齒
20768,20768,20768,齓,⿰⿱止⿶凵⿳⿰人人一⿰人人乚,齒
20769,20769,20769,齔,⿰⿱止⿶凵⿳⿰人人一⿰人人⿺乚丿,齒
20770,20770,20770,齢,⿰⿱止⿶凵米⿱⿱人丶龴,齒
20771,20771,20771,齕,⿰⿱止⿶凵⿳⿰人人一⿰人人⿱𠂉乙,齒
20772,20772,20772,齘,⿰⿱止⿶凵⿳⿰人人一⿰人人⿱人&CDP-8BF5;,齒
20773,20773,20773,齖,⿰⿱止⿶凵⿳⿰人人一⿰人人牙,齒
20774,20774,20774,齗,⿰⿱止⿶凵⿳⿰人人一⿰人人⿸𠂆⿱一丨,齒
20775,20775,20775,齙,⿰⿱止⿶凵⿳⿰人人一⿰人人⿹勹巳,齒
20776,20776,20776,齝,⿰⿱止⿶凵⿳⿰人人一⿰人人⿱厶口,齒
20777,20777,20777,齣,⿰⿱止⿶凵⿳⿰人人一⿰人人⿹勹口,齒
20778,20778,20778,齞,⿰⿱止⿶凵⿳⿰人人一⿰人人⿱口八,齒
20779,20779,20779,齜,⿰⿱止⿶凵⿳⿰人人一⿰人人⿰止⿺乚丿,齒
20780,20780,20780,齟,⿰⿱止⿶凵⿳⿰人人一⿰人人且,齒
20781,20781,20781,齡,⿰⿱止⿶凵⿳⿰人人一⿰人人⿱⿱人丶龴,齒
20782,20782,20782,齠,⿰⿱止⿶凵⿳⿰人人一⿰人人⿱⿹𠃌丿口,齒
20783,20783,20783,齛,⿰⿱止⿶凵⿳⿰人人一⿰人人世,齒
20784,20784,20784,齚,⿰⿱止⿶凵⿳⿰人人一⿰人人乍,齒
20785,20785,20785,齨,⿰⿱止⿶凵⿳⿰人人一⿰人人臼,齒
20786,20786,20786,齧,⿱⿰⿻⿱一⿱一一丨⿹𠃌丿⿱止⿶凵⿳⿰人人一⿰人人,齒
20787,20787,20787,齤,⿱⿱丷⿻⿱一一人⿱止⿶凵⿳⿰人人一⿰人人,齒
20788,20788,20788,齥,⿰⿱止⿶凵⿳⿰人人一⿰人人曳,齒
20789,20789,20789,齦,⿰⿱止⿶凵⿳⿰人人一⿰人人艮,齒
20790,20790,20790,齩,⿰⿱止⿶凵⿳⿰人人一⿰人人⿱⿱丶一⿱八⿻丿乀,齒
20791,20791,20791,齪,⿰⿱止⿶凵⿳⿰人人一⿰人人⿱口龰,齒
20792,20792,20792,齬,⿰⿱止⿶凵⿳⿰人人一⿰人人⿱⿱一𫝀口,齒
20793,20793,20793,齫,⿰⿱止⿶凵⿳⿰人人一⿰人人⿴囗木,齒
20794,20794,20794,齭,⿰⿱止⿶凵⿳⿰人人一⿰人人⿰⿱丿尸⿸𠂆⿱一丨,齒
20795,20795,20795,齯,⿰⿱止⿶凵⿳⿰人人一⿰人人⿱臼⿰丿乚,齒
20796,20796,20796,齮,⿰⿱止⿶凵⿳⿰人人一⿰人人⿱⿻一人⿹⿱一亅口,齒
20797,20797,20797,齰,⿰⿱止⿶凵⿳⿰人人一⿰人人⿱⿱⿻十丨一日,齒
20798,20798,20798,齱,⿰⿱止⿶凵⿳⿰人人一⿰人人⿰耳又,齒
20799,20799,20799,齹,⿱⿸⿱⿱丷一&CDP-8BF1;工⿱止⿶凵⿳⿰人人一⿰人人,齒
20800,20800,20800,齲,⿰⿱止⿶凵⿳⿰人人一⿰人人禹,齒
20801,20801,20801,齷,⿰⿱止⿶凵⿳⿰人人一⿰人人⿸尸⿱⿱一厶⿱十一,齒
20802,20802,20802,齵,⿰⿱止⿶凵⿳⿰人人一⿰人人禺,齒
20803,20803,20803,齴,⿰⿱止⿶凵⿳⿰人人一⿰人人⿸⿱&CDP-8BAE;厂彡,齒
20804,20804,20804,齳,⿰⿱止⿶凵⿳⿰人人一⿰人人⿱冖車,齒
20805,20805,20805,齶,⿰⿱止⿶凵⿳⿰人人一⿰人人⿱⿰口口⿱一⿱一㇉,齒
20806,20806,20806,齻,⿰⿱止⿶凵⿳⿰人人一⿰人人⿱十⿱&CDP-8BA5;八,齒
20807,20807,20807,齸,⿰⿱止⿶凵⿳⿰人人一⿰人人⿱&CDP-8CF0;皿,齒
20808,20808,20808,齺,⿰⿱止⿶凵⿳⿰人人一⿰人人⿱&CDP-8D65;&CDP-8D65;,齒
20809,20809,20809,齼,⿰⿱止⿶凵⿳⿰人人一⿰人人⿱⿰木木疋,齒
20810,20810,20810,齽,⿰⿱止⿶凵⿳⿰人人一⿰人人⿱⿰木木示,齒
20811,20811,20811,齾,⿱⿰⿸⿸⿱⺊&CDP-88E2;⿻㇀乚⿳一口⿵⿵冂⿰丿乚⿱一丨犬⿱止⿶凵⿳⿰人人一⿰人人,齒
20812,20812,20812,龍,⿰⿱⿱&CDP-8BAE;一月&CDP-89B0;,龍
20813,20813,20813,龎,⿸厂⿰⿱⿱&CDP-8BAE;一月&CDP-89B0;,龍
20814,20814,20814,龏,⿱⿰⿱⿱&CDP-8BAE;一月&CDP-89B0;⿻一&CDP-8BF5;,龍
20815,20815,20815,龐,⿸广⿰⿱⿱&CDP-8BAE;一月&CDP-89B0;,龍
20816,20816,20816,龑,⿱⿰⿱⿱&CDP-8BAE;一月&CDP-89B0;⿱一⿻一人,龍
20817,20817,20817,龒,⿱⿰⿱⿱&CDP-8BAE;一月&CDP-89B0;示,龍
20818,20818,20818,龔,⿱⿰⿱⿱&CDP-8BAE;一月&CDP-89B0;⿱⿱⿻十丨一八,龍
20819,20819,20819,龕,⿱⿱⿱人一口⿰⿱⿱&CDP-8BAE;一月&CDP-89B0;,龍
20820,20820,20820,龓,⿰⿸𠂇月⿰⿱⿱&CDP-8BAE;一月&CDP-89B0;,龍
20821,20821,20821,龖,⿰⿰⿱⿱&CDP-8BAE;一月&CDP-89B0;⿰⿱⿱&CDP-8BAE;一月&CDP-89B0;,龍
20822,20822,20822,龗,⿱⿱⿱一⿻冂&CDP-8C41;⿲口口口⿰⿱⿱&CDP-8BAE;一月&CDP-89B0;,龍
20823,20823,20823,龘,⿱⿰⿱⿱&CDP-8BAE;一月&CDP-89B0;⿰⿰⿱⿱&CDP-8BAE;一月&CDP-89B0;⿰⿱⿱&CDP-8BAE;一月&CDP-89B0;,龍
20824,20824,20824,龠,⿳⿱人一⿲口口口⿵冂⿻十丨,龠
20825,20825,20825,龡,⿰⿳⿱人一⿲口口口⿵冂⿻十丨欠,龠
20826,20826,20826,龢,⿰⿳⿱人一⿲口口口⿵冂⿻十丨⿱丿木,龠
20827,20827,20827,龣,⿰⿳⿱人一⿲口口口⿵冂⿻十丨⿱彐⿻亅&CDP-89AE;,龠
20828,20828,20828,龤,⿰⿳⿱人一⿲口口口⿵冂⿻十丨⿱比白,龠
20829,20829,20829,龥,⿰⿳⿱人一⿲口口口⿵冂⿻十丨頁,龠
